indent_id,dish_set
1000,包菜粉丝|大白菜|干菜长江豆|油豆腐烧肉|米饭|花椒排骨|鸡米花/辣子鸡
10000,培红菜蘑菇毛豆肉丝|米饭|肉沫茄子/西葫芦炒蛋|葱油鸡|酱肉
10001,米饭|肉沫茄子/西葫芦炒蛋|葱油鸡
10002,木耳花菜|米饭|肉末粉条|肉沫茄子/西葫芦炒蛋|酥鱼|酱肉|酸辣土豆丝|青椒水面筋
10003,白菜|米饭|肉末粉条|肉沫茄子/西葫芦炒蛋|酱肉|酸辣土豆丝|青椒水面筋|青椒藕片
10004,米饭|肉末粉条|酸辣土豆丝|鱼香肉丝
10005,培红菜蘑菇毛豆肉丝|木耳莴笋片|白菜|米饭|青椒藕片
10006,培红菜蘑菇毛豆肉丝|木耳花菜|木耳莴笋片|白菜|盐水虾|米饭|酱肉
10007,酱肉|青椒藕片|鱼香肉丝
10008,付皮包|木耳花菜|油豆腐烧肉|米饭|酥鱼
10009,米饭|肉末粉条|肉沫茄子/西葫芦炒蛋|葱油鸡|酸辣土豆丝|青椒水面筋
1001,包菜粉丝|大白菜|米饭|青椒水面筋/木耳西兰|鱼香杏鲍菇炒肉|鸡米花/辣子鸡
10010,付皮包|培红菜蘑菇毛豆肉丝|米饭|肉沫茄子/西葫芦炒蛋|酥鱼|酸辣土豆丝
10011,培红菜蘑菇毛豆肉丝|木耳花菜|油豆腐烧肉|米饭|红烧排骨|肉沫茄子/西葫芦炒蛋|葱油娃娃菜
10012,付皮包|米饭|肉末粉条|肉沫茄子/西葫芦炒蛋|酥鱼|青椒水面筋
10013,米饭|葱油娃娃菜|葱油鸡|酥鱼|酸辣土豆丝|鱼香肉丝
10014,油豆腐烧肉|米饭|肉末粉条|肉沫茄子/西葫芦炒蛋
10015,付皮包|木耳花菜|油豆腐烧肉|米饭|红烧排骨|肉末粉条|肉沫茄子/西葫芦炒蛋|葱油娃娃菜|酸辣土豆丝|青椒水面筋|青椒藕片|鱼香肉丝
10016,培红菜蘑菇毛豆肉丝|盐水虾|米饭|肉沫茄子/西葫芦炒蛋|酥鱼|酱肉|青椒藕片|鱼香肉丝
10017,培红菜蘑菇毛豆肉丝|木耳莴笋片|白菜|米饭|肉沫茄子/西葫芦炒蛋|葱油娃娃菜|葱油鸡|酥鱼|酱肉|青椒水面筋|青椒藕片|鱼香肉丝
10018,培红菜蘑菇毛豆肉丝|木耳莴笋片|白菜|米饭|红烧排骨|酱肉
10019,木耳莴笋片|油豆腐烧肉|白菜|盐水虾|米饭|红烧排骨
1002,大白菜|油豆腐烧肉|米饭|花椒排骨|青瓜花生米/青椒炒蛋
10020,米饭|酱肉|青椒水面筋|鱼香肉丝
10021,白菜|盐水虾|米饭|肉末粉条|葱油鸡|酥鱼|酱肉
10022,付皮包|米饭|葱油鸡|酥鱼|酸辣土豆丝|青椒水面筋
10023,付皮包|培红菜蘑菇毛豆肉丝|米饭|肉沫茄子/西葫芦炒蛋
10024,油豆腐烧肉|米饭|青椒水面筋|鱼香肉丝
10025,付皮包|木耳花菜|米饭|葱油娃娃菜|酱肉|鱼香肉丝
10026,付皮包|培红菜蘑菇毛豆肉丝|米饭|肉沫茄子/西葫芦炒蛋|葱油娃娃菜|酱肉
10027,培红菜蘑菇毛豆肉丝|白菜|米饭|肉沫茄子/西葫芦炒蛋|葱油鸡|酱肉
10028,白菜|米饭|肉沫茄子/西葫芦炒蛋|酱肉
10029,培红菜蘑菇毛豆肉丝|木耳莴笋片|白菜|米饭|葱油娃娃菜|青椒藕片
1003,包菜粉丝|米饭|花椒排骨|醋溜鱼/宫保鸡丁|鱼香杏鲍菇炒肉|鸡米花/辣子鸡
10030,培红菜蘑菇毛豆肉丝|木耳花菜|米饭|肉末粉条|肉沫茄子/西葫芦炒蛋|葱油娃娃菜|酥鱼|酱肉|酸辣土豆丝|青椒藕片|鱼香肉丝
10031,培红菜蘑菇毛豆肉丝|白菜|米饭|葱油娃娃菜|酱肉|青椒藕片
10032,木耳花菜|油豆腐烧肉|米饭|酥鱼
10033,米饭|肉沫茄子/西葫芦炒蛋|酱肉|酸辣土豆丝|青椒藕片|鱼香肉丝
10034,付皮包|木耳花菜|葱油鸡|青椒水面筋
10035,木耳花菜|米饭|肉末粉条|肉沫茄子/西葫芦炒蛋|葱油鸡
10036,付皮包|米饭|酥鱼|酸辣土豆丝|青椒水面筋
10037,盐水虾|葱油娃娃菜|葱油鸡
10038,付皮包|米饭|肉末粉条|肉沫茄子/西葫芦炒蛋|酱肉
10039,付皮包|木耳花菜|米饭|肉末粉条|肉沫茄子/西葫芦炒蛋|酥鱼
1004,包菜粉丝|油豆腐烧肉|米饭|花椒排骨
10040,白菜|米饭|糖醋里脊|葱油娃娃菜|葱油鸡|酱肉
10041,付皮包|米饭|肉沫茄子/西葫芦炒蛋|葱油鸡|青椒水面筋
10042,木耳花菜|米饭|肉沫茄子/西葫芦炒蛋|葱油鸡|酸辣土豆丝|鱼香肉丝
10043,油豆腐烧肉|米饭|葱油鸡|酸辣土豆丝|青椒水面筋
10044,付皮包|木耳花菜|油豆腐烧肉|米饭|肉沫茄子/西葫芦炒蛋|鱼香肉丝
10045,白菜|盐水虾|米饭|糖醋里脊|肉沫茄子/西葫芦炒蛋|酥鱼|青椒藕片
10046,付皮包|米饭|肉末粉条|肉沫茄子/西葫芦炒蛋|酥鱼|酸辣土豆丝|鱼香肉丝
10047,白菜|米饭|糖醋里脊|肉沫茄子/西葫芦炒蛋|葱油娃娃菜|葱油鸡|青椒藕片
10048,白菜|米饭|糖醋里脊|肉沫茄子/西葫芦炒蛋|葱油鸡|酥鱼|酸辣土豆丝
10049,油豆腐烧肉|盐水虾|米饭|糖醋里脊|葱油娃娃菜|青椒水面筋
1005,米饭|花椒排骨|醋溜鱼/宫保鸡丁|青椒水面筋/木耳西兰
10050,肉末粉条|肉沫茄子/西葫芦炒蛋|葱油鸡|酥鱼|鱼香肉丝
10051,米饭|糖醋里脊|肉沫茄子/西葫芦炒蛋|葱油娃娃菜
10052,培红菜蘑菇毛豆肉丝|白菜|米饭|糖醋里脊|肉沫茄子/西葫芦炒蛋|葱油娃娃菜|酱肉
10053,木耳花菜|米饭|糖醋里脊|红烧排骨|葱油娃娃菜|青椒水面筋|鱼香肉丝
10054,培红菜蘑菇毛豆肉丝|白菜|米饭|糖醋里脊|葱油鸡
10055,白菜|米饭|酱肉|青椒水面筋|青椒藕片|鱼香肉丝
10056,培红菜蘑菇毛豆肉丝|油豆腐烧肉|盐水虾|米饭|糖醋里脊|肉沫茄子/西葫芦炒蛋|葱油鸡|酱肉|鱼香肉丝
10057,木耳花菜|盐水虾|米饭|糖醋里脊|红烧排骨|葱油鸡|酸辣土豆丝
10058,木耳花菜|油豆腐烧肉|米饭|葱油鸡|酥鱼|酸辣土豆丝
10059,培红菜蘑菇毛豆肉丝|米饭|肉末粉条|青椒水面筋
1006,大白菜|油豆腐烧肉|米饭|青椒水面筋/木耳西兰|青瓜花生米/青椒炒蛋|鸡米花/辣子鸡
10060,白菜|米饭|葱油娃娃菜|葱油鸡|酸辣土豆丝
10061,油豆腐烧肉|米饭|葱油娃娃菜|酥鱼
10062,付皮包|培红菜蘑菇毛豆肉丝|米饭|糖醋里脊|葱油娃娃菜|酸辣土豆丝|青椒水面筋|青椒藕片
10063,油麦菜|米饭|葱油鸡|酥鱼
10064,培红菜蘑菇毛豆肉丝|木耳花菜|油麦菜|米饭|葱油娃娃菜|酥鱼|酸辣土豆丝|鱼香肉丝
10065,付皮包|油麦菜|米饭|糖醋里脊|葱油娃娃菜|酱肉
10066,白菜|盐水虾|米饭|葱油娃娃菜|葱油鸡|酱肉
10067,培红菜蘑菇毛豆肉丝|米饭|肉沫茄子/西葫芦炒蛋|酥鱼|酱肉|鱼香肉丝
10068,付皮包|油麦菜|盐水虾|米饭|葱油娃娃菜|酱肉|青椒水面筋|鱼香肉丝
10069,培红菜蘑菇毛豆肉丝|白菜|米饭|肉沫茄子/西葫芦炒蛋|葱油鸡|酥鱼
1007,大白菜|米饭|青椒水面筋/木耳西兰|鱼香杏鲍菇炒肉
10070,付皮包|油麦菜|米饭|肉末粉条|酸辣土豆丝
10071,付皮包|油麦菜|米饭|葱油鸡|青椒水面筋
10072,米饭|肉沫茄子/西葫芦炒蛋|酱肉|青椒藕片
10073,木耳花菜|油麦菜|米饭|肉沫茄子/西葫芦炒蛋|葱油鸡|酥鱼|青椒水面筋|青椒藕片
10074,盐水虾|米饭|糖醋里脊|肉末粉条|肉沫茄子/西葫芦炒蛋
10075,油麦菜|米饭|糖醋里脊|葱油鸡|青椒水面筋
10076,付皮包
10077,付皮包|油豆腐烧肉|油麦菜|米饭|糖醋里脊|葱油鸡|鱼香肉丝
10078,培红菜蘑菇毛豆肉丝|油麦菜|米饭|红烧排骨|酥鱼|酱肉|鱼香肉丝
10079,米饭|糖醋里脊|酸辣土豆丝|鱼香肉丝
1008,米饭|花椒排骨|青椒水面筋/木耳西兰|青瓜花生米/青椒炒蛋
10080,培红菜蘑菇毛豆肉丝|油豆腐烧肉|油麦菜|盐水虾|米饭|肉末粉条|酥鱼|青椒藕片
10081,米饭|红烧排骨|肉末粉条|酱肉|酸辣土豆丝|青椒水面筋
10082,培红菜蘑菇毛豆肉丝|米饭|肉沫茄子/西葫芦炒蛋|葱油鸡|青椒藕片
10083,油麦菜|米饭|红烧排骨|肉末粉条
10084,油麦菜|盐水虾|米饭|红烧排骨|肉沫茄子/西葫芦炒蛋|葱油娃娃菜|葱油鸡|酥鱼|鱼香肉丝
10085,付皮包|培红菜蘑菇毛豆肉丝|盐水虾|米饭|肉沫茄子/西葫芦炒蛋|葱油鸡|酥鱼
10086,付皮包|木耳花菜|油麦菜|米饭|糖醋里脊
10087,付皮包|培红菜蘑菇毛豆肉丝|油豆腐烧肉|米饭|肉沫茄子/西葫芦炒蛋|酱肉
10088,付皮包|木耳花菜|米饭|葱油鸡|青椒水面筋|鱼香肉丝
10089,培红菜蘑菇毛豆肉丝|油麦菜|米饭|红烧排骨|肉沫茄子/西葫芦炒蛋|酥鱼|酱肉|酸辣土豆丝
1009,大白菜|米饭|鱼香杏鲍菇炒肉|鸡米花/辣子鸡
10090,油豆腐烧肉|白菜|盐水虾|米饭|青椒水面筋
10091,白菜|盐水虾|米饭|酱肉
10092,付皮包|油麦菜|米饭|酱肉
10093,油豆腐烧肉|米饭|糖醋里脊|肉沫茄子/西葫芦炒蛋|酥鱼|酱肉|酸辣土豆丝
10094,油麦菜|米饭|糖醋里脊|葱油鸡
10095,米饭|糖醋里脊|肉末粉条|葱油娃娃菜|葱油鸡|鱼香肉丝
10096,油麦菜|米饭|肉末粉条|葱油鸡|酸辣土豆丝
10097,白菜|盐水虾|米饭|肉沫茄子/西葫芦炒蛋|葱油娃娃菜|酥鱼|酱肉|青椒藕片
10098,木耳花菜|油麦菜|糖醋里脊|肉沫茄子/西葫芦炒蛋|葱油鸡|青椒水面筋
10099,油麦菜|白菜|米饭|肉沫茄子/西葫芦炒蛋|酱肉
1010,大白菜|花椒排骨|醋溜鱼/宫保鸡丁|鸡米花/辣子鸡
10100,木耳花菜|油豆腐烧肉|油麦菜|米饭|肉末粉条|葱油鸡|酱肉|鱼香肉丝
10101,油豆腐烧肉|盐水虾|米饭|肉沫茄子/西葫芦炒蛋|葱油娃娃菜|酥鱼|鱼香肉丝
10102,米饭|糖醋里脊|葱油鸡|酸辣土豆丝
10103,白菜|米饭|红烧排骨|肉沫茄子/西葫芦炒蛋|葱油鸡|酱肉|青椒水面筋
10104,米饭|酸辣土豆丝|青椒水面筋|鱼香肉丝
10105,油豆腐烧肉|米饭|肉末粉条|肉沫茄子/西葫芦炒蛋|葱油娃娃菜|青椒水面筋
10106,付皮包|木耳花菜|米饭|糖醋里脊|鱼香肉丝
10107,付皮包|油豆腐烧肉|盐水虾|米饭|肉沫茄子/西葫芦炒蛋|葱油娃娃菜|酱肉
10108,付皮包|油豆腐烧肉|白菜|米饭|肉沫茄子/西葫芦炒蛋|葱油鸡|酥鱼|青椒藕片
10109,米饭|糖醋里脊|红烧排骨|葱油娃娃菜|葱油鸡|酥鱼|酱肉
1011,包菜粉丝|大白菜|油豆腐烧肉|米饭|青瓜花生米/青椒炒蛋
10110,培红菜蘑菇毛豆肉丝|米饭|糖醋里脊|葱油娃娃菜|酥鱼|酱肉|青椒水面筋
10111,油麦菜|盐水虾|米饭|糖醋里脊|葱油娃娃菜|酥鱼|酸辣土豆丝|青椒藕片
10112,付皮包|油豆腐烧肉|白菜|米饭|红烧排骨|肉沫茄子/西葫芦炒蛋|葱油娃娃菜|葱油鸡
10113,木耳花菜|油豆腐烧肉|白菜|盐水虾|米饭|葱油鸡
10114,油麦菜|葱油娃娃菜|葱油鸡|鱼香肉丝
10115,米饭
10116,培红菜蘑菇毛豆肉丝|油麦菜|米饭|糖醋里脊|葱油娃娃菜|葱油鸡
10117,培红菜蘑菇毛豆肉丝|木耳花菜|油麦菜|米饭|葱油娃娃菜|酱肉|青椒水面筋|青椒藕片
10118,油麦菜|米饭|肉沫茄子/西葫芦炒蛋|葱油鸡|青椒藕片
10119,油豆腐烧肉|米饭|肉沫茄子/西葫芦炒蛋|葱油娃娃菜|葱油鸡|鱼香肉丝
1012,包菜粉丝|油豆腐烧肉|米饭|青瓜花生米/青椒炒蛋|鸡米花/辣子鸡
10120,培红菜蘑菇毛豆肉丝|米饭|红烧排骨|肉沫茄子/西葫芦炒蛋|葱油娃娃菜|酱肉|鱼香肉丝
10121,培红菜蘑菇毛豆肉丝|米饭|酱肉|青椒水面筋|鱼香肉丝
10122,白菜|米饭|糖醋里脊|肉沫茄子/西葫芦炒蛋
10123,包菜粉丝|千叶豆腐肉丝|大排|木耳莴笋|油豆腐烧肉|油麦菜|盐焗鸡|茄子长江豆|茭白肉丝小炒|青椒素鸡
10124,山药卷|盐焗鸡|米饭|茄子长江豆|茭白肉丝小炒
10125,油豆腐烧肉|盐焗鸡|米饭|花椒排骨|茄子长江豆|茭白肉丝小炒|青椒素鸡|香菇鸡块
10126,卤鸭|木耳莴笋|番茄炒蛋/红烧萝卜|盐水虾|米饭|花椒排骨|葱油娃娃菜|香菇鸡块
10127,包菜粉丝|大排|木耳娃娃菜|木耳莴笋|番茄炒蛋/红烧萝卜|盐水虾|米饭|葱油娃娃菜|香菇鸡块
10128,包菜粉丝|卤鸭|山药卷|木耳娃娃菜|木耳莴笋|番茄炒蛋/红烧萝卜|盐水虾|米饭|芹菜香干|茄子长江豆|香菇鸡块
10129,卤鸭|木耳娃娃菜|木耳莴笋|番茄炒蛋/红烧萝卜|盐水虾|米饭|花椒排骨|茭白肉丝小炒
1013,大白菜|干菜长江豆|米饭|醋溜鱼/宫保鸡丁
10130,包菜粉丝|番茄炒蛋/红烧萝卜|盐水虾|米饭|葱油娃娃菜|香菇鸡块
10131,包菜粉丝|卤鸭|山药卷|木耳娃娃菜|番茄炒蛋/红烧萝卜|米饭|葱油娃娃菜
10132,油豆腐烧肉|米饭|茄子长江豆|葱油娃娃菜
10133,大排|山药卷|米饭|芹菜香干
10134,木耳娃娃菜|木耳莴笋|番茄炒蛋/红烧萝卜|盐水虾|米饭|芹菜香干|茄子长江豆|青椒素鸡
10135,木耳娃娃菜|木耳莴笋|油豆腐烧肉|米饭|茄子长江豆|茭白肉丝小炒
10136,包菜粉丝|卤鸭|番茄炒蛋/红烧萝卜|米饭|芹菜香干|茄子长江豆|青椒素鸡|青菜
10137,卤鸭|大排|米饭|芹菜香干|茭白肉丝小炒|葱油娃娃菜|香菇鸡块
10138,卤鸭|米饭|茭白肉丝小炒|葱油娃娃菜|青菜
10139,包菜粉丝|卤鸭|米饭|芹菜香干|青椒素鸡
1014,包菜粉丝|干菜长江豆|米饭|花椒排骨|青椒水面筋/木耳西兰|鸡米花/辣子鸡
10140,山药卷|木耳娃娃菜|番茄炒蛋/红烧萝卜|盐焗鸡|米饭|茄子长江豆|茭白肉丝小炒
10141,卤鸭|米饭|青椒素鸡|青菜
10142,包菜粉丝|卤鸭|番茄炒蛋/红烧萝卜|盐水虾|米饭|茄子长江豆|鱼香杏鲍菇炒肉
10143,番茄炒蛋/红烧萝卜|盐水虾|盐焗鸡|米饭|青菜
10144,木耳莴笋|番茄炒蛋/红烧萝卜|米饭|花椒排骨
10145,木耳娃娃菜|木耳莴笋|番茄炒蛋/红烧萝卜|盐焗鸡|米饭|茄子长江豆
10146,木耳莴笋|米饭|花椒排骨|芹菜香干|青菜
10147,三色绿豆芽|木耳娃娃菜|番茄炒蛋/红烧萝卜|盐水虾|盐焗鸡|米饭|茄子长江豆|鱼香杏鲍菇炒肉
10148,大排|木耳娃娃菜|番茄炒蛋/红烧萝卜|米饭|茭白肉丝小炒|青菜
10149,大排|番茄炒蛋/红烧萝卜|盐水虾|盐焗鸡|米饭|芹菜香干|青菜
1015,干菜长江豆|米饭|花椒排骨|青椒水面筋/木耳西兰
10150,卤鸭|山药卷|油豆腐烧肉|番茄炒蛋/红烧萝卜|盐水虾|米饭|芹菜香干
10151,包菜粉丝|卤鸭|山药卷|木耳娃娃菜|米饭
10152,油豆腐烧肉|番茄炒蛋/红烧萝卜|盐水虾|米饭|芹菜香干|茄子长江豆
10153,大排|米饭|芹菜香干|茄子长江豆|青椒素鸡|鱼香杏鲍菇炒肉
10154,包菜粉丝|卤鸭|山药卷|番茄炒蛋/红烧萝卜|米饭
10155,三色绿豆芽|卤鸭|木耳娃娃菜|木耳莴笋|油豆腐烧肉|番茄炒蛋/红烧萝卜|米饭
10156,包菜粉丝|油豆腐烧肉|米饭|茄子长江豆|青椒素鸡
10157,花椒排骨|芹菜香干|茄子长江豆|香菇鸡块
10158,大排|山药卷|油豆腐烧肉|盐水虾|米饭|青椒素鸡|青菜
10159,木耳莴笋|米饭|茄子长江豆|香菇鸡块
1016,大白菜|米饭|花椒排骨|青椒水面筋/木耳西兰|鸡米花/辣子鸡
10160,三色绿豆芽|大排|木耳娃娃菜|木耳莴笋|米饭|茄子长江豆|鱼香杏鲍菇炒肉
10161,包菜粉丝|大排|番茄炒蛋/红烧萝卜|盐水虾|米饭|芹菜香干|青菜
10162,木耳娃娃菜|木耳莴笋|油豆腐烧肉|番茄炒蛋/红烧萝卜|米饭|茄子长江豆|茭白肉丝小炒
10163,三色绿豆芽|卤鸭|木耳娃娃菜|木耳莴笋|盐水虾|米饭|茭白肉丝小炒
10164,包菜粉丝|盐焗鸡|米饭|花椒排骨|芹菜香干|茄子长江豆|青椒素鸡
10165,三色绿豆芽|大排|木耳娃娃菜|木耳莴笋|油豆腐烧肉|番茄炒蛋/红烧萝卜|米饭|花椒排骨
10166,大排|山药卷|木耳莴笋|番茄炒蛋/红烧萝卜|盐焗鸡|米饭|芹菜香干|茄子长江豆|青菜
10167,番茄炒蛋/红烧萝卜|盐焗鸡|米饭|芹菜香干|茭白肉丝小炒
10168,包菜粉丝|米饭|芹菜香干
10169,卤鸭|大排|木耳莴笋|米饭|茄子长江豆
1017,大白菜|米饭|醋溜鱼/宫保鸡丁|青椒水面筋/木耳西兰|鸡米花/辣子鸡
10170,三色绿豆芽|番茄炒蛋/红烧萝卜|米饭|芹菜香干
10171,盐焗鸡|米饭|青菜|鱼香杏鲍菇炒肉
10172,山药卷|米饭|花椒排骨|茄子长江豆|鱼香杏鲍菇炒肉
10173,山药卷|番茄炒蛋/红烧萝卜|米饭|茄子长江豆|鱼香杏鲍菇炒肉
10174,包菜粉丝|番茄炒蛋/红烧萝卜|米饭|芹菜香干|青菜|鱼香杏鲍菇炒肉
10175,大排|米饭|香菇鸡块
10176,大排|木耳莴笋|油豆腐烧肉|番茄炒蛋/红烧萝卜|米饭
10177,大排|番茄炒蛋/红烧萝卜|盐水虾|米饭|茭白肉丝小炒|鱼香杏鲍菇炒肉
10178,卤鸭|木耳娃娃菜|木耳莴笋|米饭|茄子长江豆|茭白肉丝小炒
10179,三色绿豆芽|大排|木耳娃娃菜|番茄炒蛋/红烧萝卜|米饭|鱼香杏鲍菇炒肉
1018,大白菜|米饭|花椒排骨|鸡米花/辣子鸡
10180,山药卷|番茄炒蛋/红烧萝卜|盐水虾|盐焗鸡|米饭
10181,卤鸭|山药卷|番茄炒蛋/红烧萝卜|盐焗鸡|米饭|芹菜香干|青椒素鸡|香菇鸡块
10182,油豆腐烧肉|米饭|茄子长江豆|茭白肉丝小炒
10183,卤鸭|山药卷|盐水虾|米饭|青椒素鸡|青菜
10184,大排|木耳娃娃菜|米饭|茭白肉丝小炒
10185,三色绿豆芽|米饭|花椒排骨
10186,包菜粉丝|山药卷|番茄炒蛋/红烧萝卜|米饭|青椒素鸡|青菜
10187,包菜粉丝|大排|番茄炒蛋/红烧萝卜|盐焗鸡|米饭|茄子长江豆|青菜
10188,三色绿豆芽|米饭|茄子长江豆|青菜|鱼香杏鲍菇炒肉
10189,三色绿豆芽|卤鸭|木耳娃娃菜|油豆腐烧肉|米饭
1019,米饭|花椒排骨|醋溜鱼/宫保鸡丁|青瓜花生米/青椒炒蛋
10190,三色绿豆芽|大排|油豆腐烧肉|番茄炒蛋/红烧萝卜|米饭
10191,山药卷|番茄炒蛋/红烧萝卜|盐水虾|盐焗鸡|米饭|芹菜香干|青菜
10192,大排|番茄炒蛋/红烧萝卜|米饭|青菜
10193,番茄炒蛋/红烧萝卜|盐水虾|盐焗鸡|米饭|芹菜香干
10194,木耳莴笋|油豆腐烧肉|米饭|花椒排骨
10195,包菜粉丝|卤鸭|米饭|芹菜香干|青菜
10196,卤鸭|番茄炒蛋/红烧萝卜|盐水虾|米饭|青椒素鸡|青菜
10197,三色绿豆芽|大排|木耳娃娃菜|油豆腐烧肉|米饭|茄子长江豆
10198,包菜粉丝|大排|茭白肉丝小炒|鱼香杏鲍菇炒肉
10199,三色绿豆芽|大排|番茄炒蛋/红烧萝卜|盐水虾|米饭|青椒素鸡
1020,大白菜|米饭|青椒水面筋/木耳西兰|鸡米花/辣子鸡
10200,大排|木耳娃娃菜|油豆腐烧肉|米饭|茄子长江豆
10201,包菜粉丝|大排|山药卷|番茄炒蛋/红烧萝卜|米饭|青菜
10202,卤鸭|木耳莴笋|盐水虾|米饭|芹菜香干|茄子长江豆|青椒素鸡|鱼香杏鲍菇炒肉
10203,大排|番茄炒蛋/红烧萝卜|米饭|青椒素鸡
10204,包菜粉丝|山药卷|油豆腐烧肉|番茄炒蛋/红烧萝卜|盐水虾|米饭|芹菜香干
10205,山药卷|番茄炒蛋/红烧萝卜|盐焗鸡|米饭|芹菜香干|青椒素鸡|青菜|香菇鸡块
10206,卤鸭|木耳莴笋|番茄炒蛋/红烧萝卜|米饭|青椒素鸡
10207,包菜粉丝|大排|番茄炒蛋/红烧萝卜|米饭|茄子长江豆
10208,木耳娃娃菜|番茄炒蛋/红烧萝卜|米饭|茭白肉丝小炒
10209,山药卷|木耳莴笋|盐焗鸡|米饭|茄子长江豆
1021,包菜粉丝|大白菜|油豆腐烧肉|米饭|青瓜花生米/青椒炒蛋|鸡米花/辣子鸡
10210,三色绿豆芽|木耳莴笋|油豆腐烧肉|番茄炒蛋/红烧萝卜|米饭|芹菜香干|青椒素鸡
10211,油豆腐烧肉|番茄炒蛋/红烧萝卜|米饭|芹菜香干|青椒素鸡|鱼香杏鲍菇炒肉
10212,卤鸭|山药卷|米饭|青菜
10213,大排|木耳娃娃菜|木耳莴笋|油豆腐烧肉|番茄炒蛋/红烧萝卜|米饭|茭白肉丝小炒
10214,木耳娃娃菜|木耳莴笋|米饭|花椒排骨|茄子长江豆|茭白肉丝小炒|鱼香杏鲍菇炒肉
10215,木耳娃娃菜|番茄炒蛋/红烧萝卜|米饭|茄子长江豆|茭白肉丝小炒
10216,木耳莴笋|番茄炒蛋/红烧萝卜|盐水虾|盐焗鸡|米饭|芹菜香干|青椒素鸡|青菜|香菇鸡块
10217,包菜粉丝|山药卷|番茄炒蛋/红烧萝卜|盐水虾|米饭
10218,大排|木耳莴笋|米饭|茄子长江豆
10219,大排|木耳娃娃菜|米饭|茭白肉丝小炒|鱼香杏鲍菇炒肉
1022,大白菜|米饭|醋溜鱼/宫保鸡丁|青瓜花生米/青椒炒蛋|鱼香杏鲍菇炒肉
10220,包菜粉丝|番茄炒蛋/红烧萝卜|米饭|青菜
10221,卤鸭|山药卷|番茄炒蛋/红烧萝卜|米饭|芹菜香干|青椒素鸡
10222,大排|番茄炒蛋/红烧萝卜|盐焗鸡|米饭|茄子长江豆
10223,大排|山药卷|油豆腐烧肉|番茄炒蛋/红烧萝卜|盐水虾|米饭|芹菜香干|青菜
10224,山药卷|番茄炒蛋/红烧萝卜|盐水虾|盐焗鸡|米饭|芹菜香干|青菜|香菇鸡块
10225,三色绿豆芽|卤鸭|木耳莴笋|番茄炒蛋/红烧萝卜|米饭|花椒排骨|茄子长江豆|鱼香杏鲍菇炒肉
10226,大排|木耳娃娃菜|盐焗鸡|米饭|芹菜香干|青菜|香菇鸡块
10227,三色绿豆芽|卤鸭|山药卷|木耳娃娃菜|番茄炒蛋/红烧萝卜|盐焗鸡|米饭|香菇鸡块
10228,三色绿豆芽|大排|木耳莴笋|番茄炒蛋/红烧萝卜|米饭|花椒排骨|茄子长江豆
10229,大排|番茄炒蛋/红烧萝卜|盐水虾|米饭|芹菜香干|茄子长江豆
1023,包菜粉丝|米饭|青椒水面筋/木耳西兰|鸡米花/辣子鸡
10230,三色绿豆芽|大排|木耳娃娃菜|木耳莴笋|米饭|茄子长江豆
10231,大排|木耳娃娃菜|木耳莴笋|番茄炒蛋/红烧萝卜|米饭
10232,包菜粉丝|大排|木耳娃娃菜|番茄炒蛋/红烧萝卜|米饭
10233,番茄炒蛋/红烧萝卜|盐焗鸡|米饭|香菇鸡块
10234,木耳娃娃菜|米饭|茄子长江豆|茭白肉丝小炒
10235,三色绿豆芽|木耳娃娃菜|木耳莴笋|番茄炒蛋/红烧萝卜|米饭|茭白肉丝小炒
10236,包菜粉丝|山药卷|番茄炒蛋/红烧萝卜|盐水虾|盐焗鸡|米饭|茭白肉丝小炒|香菇鸡块
10237,三色绿豆芽|卤鸭|木耳娃娃菜|盐水虾|盐焗鸡|米饭|茄子长江豆|鱼香杏鲍菇炒肉
10238,卤鸭|木耳娃娃菜|盐水虾|米饭
10239,包菜粉丝|大排|米饭|茄子长江豆|香菇鸡块
1024,大白菜|米饭|醋溜鱼/宫保鸡丁|青椒水面筋/木耳西兰|鸡米花/辣子鸡
10240,三色绿豆芽|卤鸭|番茄炒蛋/红烧萝卜|米饭|香菇鸡块
10241,三色绿豆芽|米饭|茄子长江豆|茭白肉丝小炒
10242,包菜粉丝|卤鸭|番茄炒蛋/红烧萝卜|盐水虾|盐焗鸡|米饭|青椒素鸡|香菇鸡块
10243,大排|木耳莴笋|油豆腐烧肉|番茄炒蛋/红烧萝卜|米饭|茄子长江豆
10244,三色绿豆芽|卤鸭|木耳娃娃菜|木耳莴笋|油豆腐烧肉|番茄炒蛋/红烧萝卜
10245,三色绿豆芽|大排|木耳娃娃菜|木耳莴笋|番茄炒蛋/红烧萝卜|盐水虾|米饭|花椒排骨|鱼香杏鲍菇炒肉
10246,三色绿豆芽|大排|番茄炒蛋/红烧萝卜|盐水虾|米饭
10247,木耳莴笋|油豆腐烧肉|米饭|花椒排骨|茄子长江豆|茭白肉丝小炒
10248,山药卷|盐水虾|盐焗鸡|米饭|芹菜香干|青椒素鸡|青菜
10249,包菜粉丝|大排|山药卷|木耳莴笋|油豆腐烧肉|番茄炒蛋/红烧萝卜|米饭|花椒排骨|茄子长江豆|茭白肉丝小炒|青椒素鸡|青菜
1025,大白菜|干菜长江豆|油豆腐烧肉|米饭|鱼香杏鲍菇炒肉|鸡米花/辣子鸡
10250,米饭|青椒素鸡|青菜|香菇鸡块
10251,三色绿豆芽|大排|木耳娃娃菜|木耳莴笋|油豆腐烧肉|番茄炒蛋/红烧萝卜|米饭|茄子长江豆|鱼香杏鲍菇炒肉
10252,卤鸭|大排|木耳娃娃菜|木耳莴笋|油豆腐烧肉|番茄炒蛋/红烧萝卜|盐水虾|米饭|芹菜香干|茭白肉丝小炒
10253,包菜粉丝|卤鸭|木耳娃娃菜|油豆腐烧肉|盐焗鸡|茄子长江豆|青椒素鸡
10254,包菜粉丝|大排|盐焗鸡|米饭|青菜|香菇鸡块
10255,三色绿豆芽|番茄炒蛋/红烧萝卜|米饭|茄子长江豆|茭白肉丝小炒|鱼香杏鲍菇炒肉
10256,卤鸭|番茄炒蛋/红烧萝卜|盐水虾|米饭|芹菜香干|青菜
10257,包菜粉丝|大排|山药卷|米饭|芹菜香干|青菜|鱼香杏鲍菇炒肉
10258,包菜粉丝|山药卷|番茄炒蛋/红烧萝卜|盐水虾|盐焗鸡|米饭|芹菜香干|青椒素鸡|青菜
10259,大排|油豆腐烧肉|番茄炒蛋/红烧萝卜|米饭|花椒排骨|茄子长江豆|茭白肉丝小炒
1026,大白菜|油豆腐烧肉|醋溜鱼/宫保鸡丁|青瓜花生米/青椒炒蛋|鱼香杏鲍菇炒肉
10260,三色绿豆芽|木耳莴笋|番茄炒蛋/红烧萝卜|盐水虾|米饭|茭白肉丝小炒
10261,卤鸭|山药卷|米饭|青菜
10262,木耳娃娃菜|油豆腐烧肉|番茄炒蛋/红烧萝卜|盐焗鸡|米饭
10263,木耳娃娃菜|盐水虾|盐焗鸡|芹菜香干|茄子长江豆|茭白肉丝小炒
10264,木耳娃娃菜|番茄炒蛋/红烧萝卜|米饭|花椒排骨|鱼香杏鲍菇炒肉
10265,大排|番茄炒蛋/红烧萝卜|盐水虾|米饭|芹菜香干|茭白肉丝小炒
10266,卤鸭|米饭|芹菜香干|青菜
10267,大排|油豆腐烧肉|番茄炒蛋/红烧萝卜|米饭|茄子长江豆|茭白肉丝小炒|鱼香杏鲍菇炒肉
10268,包菜粉丝|卤鸭|木耳莴笋|番茄炒蛋/红烧萝卜|盐水虾|米饭|芹菜香干|青椒素鸡|青菜
10269,三色绿豆芽|大排|木耳娃娃菜|油豆腐烧肉|米饭|茭白肉丝小炒|鱼香杏鲍菇炒肉
1027,大白菜|油豆腐烧肉|米饭|花椒排骨|鸡米花/辣子鸡
10270,三色绿豆芽|大排|木耳娃娃菜|番茄炒蛋/红烧萝卜|米饭|茭白肉丝小炒
10271,卤鸭|番茄炒蛋/红烧萝卜|米饭|青椒素鸡
10272,三色绿豆芽|包菜粉丝|卤鸭|山药卷|米饭|芹菜香干
10273,三色绿豆芽|大排|木耳莴笋|油豆腐烧肉|米饭|茄子长江豆|鱼香杏鲍菇炒肉
10274,三色绿豆芽|米饭|茄子长江豆
10275,大排|山药卷|油麦菜|番茄炒蛋/红烧萝卜|米饭|青菜|鱼香杏鲍菇炒肉
10276,大排|米饭|茄子长江豆
10277,卤鸭|山药卷|油麦菜|米饭
10278,三色绿豆芽|大排|木耳娃娃菜|木耳莴笋|油麦菜|米饭
10279,米饭|花椒排骨|茄子长江豆|青菜
1028,包菜粉丝|油豆腐烧肉|米饭|青椒水面筋/木耳西兰|青瓜花生米/青椒炒蛋
10280,油麦菜|米饭
10281,三色绿豆芽|油豆腐烧肉|盐水虾|米饭|茄子长江豆
10282,大排|木耳娃娃菜|木耳莴笋|油麦菜|番茄炒蛋/红烧萝卜|米饭
10283,山药卷|番茄炒蛋/红烧萝卜|米饭|青椒素鸡|青菜
10284,盐水虾|米饭|花椒排骨|青椒素鸡|青菜
10285,大排|木耳娃娃菜|木耳莴笋|油豆腐烧肉|油麦菜|米饭|花椒排骨|青菜
10286,大排|木耳莴笋|番茄炒蛋/红烧萝卜|米饭
10287,卤鸭|山药卷|木耳娃娃菜|油麦菜|米饭|鱼香杏鲍菇炒肉
10288,包菜粉丝|山药卷|木耳娃娃菜|木耳莴笋|油麦菜|青椒素鸡|青瓜付竹肉片|鱼香杏鲍菇炒肉
10289,三色绿豆芽|油豆腐烧肉|米饭|花椒排骨|茭白肉丝小炒|鱼香杏鲍菇炒肉
1029,米饭|花椒排骨|青椒水面筋/木耳西兰|青瓜花生米/青椒炒蛋
10290,米饭|花椒排骨|茄子长江豆|茭白肉丝小炒|鱼香杏鲍菇炒肉
10291,油豆腐烧肉|米饭|花椒排骨|香菇鸡块|鱼香杏鲍菇炒肉
10292,大排|木耳娃娃菜|番茄炒蛋/红烧萝卜|米饭|茄子长江豆
10293,三色绿豆芽|山药卷|盐水虾|米饭|花椒排骨|青菜
10294,三色绿豆芽|木耳莴笋|番茄炒蛋/红烧萝卜|米饭|花椒排骨
10295,包菜粉丝|大排|番茄炒蛋/红烧萝卜|盐水虾|米饭|茄子长江豆|茭白肉丝小炒
10296,卤鸭|油麦菜|米饭|青椒素鸡
10297,包菜粉丝|卤鸭|大排|山药卷|油麦菜|番茄炒蛋/红烧萝卜|米饭|青椒素鸡
10298,山药卷|木耳娃娃菜|番茄炒蛋/红烧萝卜|米饭|花椒排骨
10299,大排|山药卷|油麦菜|番茄炒蛋/红烧萝卜|米饭|青椒素鸡|青瓜付竹肉片|青菜
1030,包菜粉丝|大白菜|米饭|花椒排骨
10300,卤鸭|番茄炒蛋/红烧萝卜|米饭|青椒素鸡|青瓜付竹肉片|青菜
10301,山药卷|番茄炒蛋/红烧萝卜|米饭|青瓜付竹肉片
10302,卤鸭|大排|山药卷|油麦菜|番茄炒蛋/红烧萝卜|米饭|青椒素鸡|青瓜付竹肉片
10303,三色绿豆芽|包菜粉丝|卤鸭|山药卷|米饭
10304,三色绿豆芽|包菜粉丝|木耳莴笋|番茄炒蛋/红烧萝卜|米饭|青椒素鸡|香菇鸡块
10305,山药卷|米饭|青椒素鸡|青菜|香菇鸡块
10306,大排|木耳莴笋|米饭|茄子长江豆
10307,大排|油豆腐烧肉|番茄炒蛋/红烧萝卜|米饭|茄子长江豆|青菜|鱼香杏鲍菇炒肉
10308,大排|木耳娃娃菜|米饭|青瓜付竹肉片
10309,番茄炒蛋/红烧萝卜|米饭|茭白肉丝小炒
1031,大白菜|油豆腐烧肉|米饭|青瓜花生米/青椒炒蛋
10310,包菜粉丝|番茄炒蛋/红烧萝卜|米饭|青菜
10311,大排|木耳莴笋|番茄炒蛋/红烧萝卜|米饭
10312,三色绿豆芽|大排|油麦菜|番茄炒蛋/红烧萝卜|米饭
10313,大排|山药卷|番茄炒蛋/红烧萝卜|盐水虾|米饭|青瓜付竹肉片|青菜
10314,大排|木耳娃娃菜|米饭|茄子长江豆
10315,包菜粉丝|油麦菜|米饭|青瓜付竹肉片
10316,卤鸭|木耳娃娃菜|木耳莴笋|番茄炒蛋/红烧萝卜|米饭|鱼香杏鲍菇炒肉
10317,三色绿豆芽|大排|木耳莴笋|米饭|茄子长江豆|鱼香杏鲍菇炒肉
10318,卤鸭|油麦菜|番茄炒蛋/红烧萝卜|盐水虾|米饭|茭白肉丝小炒|青瓜付竹肉片
10319,三色绿豆芽|包菜粉丝|大排|木耳娃娃菜|木耳莴笋|番茄炒蛋/红烧萝卜|米饭|茄子长江豆|青菜
1032,包菜粉丝|干菜长江豆|米饭|花椒排骨
10320,卤鸭|木耳娃娃菜|油豆腐烧肉|米饭|花椒排骨
10321,山药卷|木耳莴笋|番茄炒蛋/红烧萝卜|米饭|花椒排骨|茭白肉丝小炒|青瓜付竹肉片
10322,包菜粉丝|卤鸭|米饭|青椒素鸡|青瓜付竹肉片|青菜|香菇鸡块
10323,三色绿豆芽|大排|木耳娃娃菜|木耳莴笋|米饭|茄子长江豆|茭白肉丝小炒|鱼香杏鲍菇炒肉
10324,三色绿豆芽|卤鸭|油麦菜|番茄炒蛋/红烧萝卜|盐水虾|米饭|茭白肉丝小炒|青椒素鸡
10325,大排|木耳娃娃菜|米饭|茭白肉丝小炒|青瓜付竹肉片
10326,大排|木耳娃娃菜|米饭|茄子长江豆|鱼香杏鲍菇炒肉
10327,包菜粉丝|大排|番茄炒蛋/红烧萝卜|米饭|茄子长江豆|青椒素鸡|青瓜付竹肉片|香菇鸡块|鱼香杏鲍菇炒肉
10328,木耳娃娃菜|油豆腐烧肉|油麦菜|米饭|茄子长江豆|茭白肉丝小炒|鱼香杏鲍菇炒肉
10329,大排|番茄炒蛋/红烧萝卜|米饭|青瓜付竹肉片|青菜
1033,包菜粉丝|大白菜|米饭|鸡米花/辣子鸡
10330,包菜粉丝|卤鸭|油麦菜|番茄炒蛋/红烧萝卜|米饭|鱼香杏鲍菇炒肉
10331,大排|木耳娃娃菜|木耳莴笋|油豆腐烧肉|番茄炒蛋/红烧萝卜|米饭|茄子长江豆
10332,卤鸭|米饭|青菜
10333,米饭|茄子长江豆|茭白肉丝小炒|青椒素鸡
10334,三色绿豆芽|大排|盐水虾|米饭|茭白肉丝小炒
10335,包菜粉丝|卤鸭|米饭|青瓜付竹肉片
10336,木耳莴笋|油豆腐烧肉|米饭|茄子长江豆|茭白肉丝小炒
103362,家常豆腐|小青菜|木耳娃娃菜|油豆腐烧肉|米饭|红烧猪蹄|茭白肉丝小炒|葱油金针菇|香酥鸭
103363,五香牛肉|木耳娃娃菜|木耳西兰花|番茄炒蛋|米饭
103364,五香牛肉|小青菜|米饭|茭白肉丝小炒|长豆香干肉丝
103365,五香牛肉|小青菜|木耳娃娃菜|番茄炒蛋|米饭|茭白肉丝小炒|长豆香干肉丝
103366,五香牛肉|木耳娃娃菜|木耳西兰花|米饭|红烧猪蹄|葱油金针菇
103367,口水鸡|小青菜|油豆腐烧肉|番茄丝瓜|米饭|雪菜蛋饺
103368,口水鸡|木耳娃娃菜|米饭|长豆香干肉丝|香酥鸭
103369,米饭|脆骨鸡|茭白肉丝小炒|葱油金针菇|雪菜蛋饺|香酥鸭
10337,木耳娃娃菜|米饭|茄子长江豆
103370,小青菜|木耳冬瓜|红烧猪蹄|脆骨鸡
103371,五香牛肉|口水鸡|家常豆腐|木耳冬瓜|木耳莴笋|油豆腐烧肉|番茄炒蛋|米饭|红烧猪蹄|芹菜千张丝|茭白肉丝小炒|葱油金针菇|香酥鸭
103372,番茄炒蛋|米饭|脆骨鸡|长豆香干肉丝
103373,五花肉炒茶树菇|木耳冬瓜|木耳娃娃菜|木耳西兰花|番茄炒蛋|米饭
103374,五花肉炒茶树菇|小青菜|米饭|茭白肉丝小炒|雪菜蛋饺|香酥鸭
103375,五香牛肉|木耳娃娃菜|木耳西兰花|番茄炒蛋|米饭
103376,五花肉炒茶树菇|木耳西兰花|油豆腐烧肉|番茄炒蛋|米饭|茭白肉丝小炒
103377,包菜粉丝|小青菜|木耳冬瓜|米饭|红烧猪蹄|香酥鸭
103378,五香牛肉|小青菜|木耳娃娃菜|油豆腐烧肉|米饭|红烧猪蹄|雪菜蛋饺
103379,口水鸡|米饭|脆骨鸡|茭白肉丝小炒|长豆香干肉丝
10338,三色绿豆芽|番茄炒蛋/红烧萝卜|米饭|花椒排骨|茄子长江豆|香菇鸡块
103380,五花肉炒茶树菇|口水鸡|木耳娃娃菜|木耳西兰花|番茄炒蛋|米饭|红烧猪蹄|香酥鸭
103381,五花肉炒茶树菇|口水鸡|木耳娃娃菜|木耳莴笋|木耳西兰花|番茄炒蛋|米饭|脆骨鸡
103382,家常豆腐|小青菜|米饭|雪菜蛋饺
103383,五花肉炒茶树菇|五香牛肉|小青菜|番茄丝瓜|米饭|红烧猪蹄
103384,五香牛肉|木耳冬瓜|米饭|红烧猪蹄|脆骨鸡|葱油金针菇
103385,五花肉炒茶树菇|五香牛肉|包菜粉丝|小青菜|米饭|脆骨鸡|葱油金针菇
103386,五香牛肉|木耳冬瓜|木耳莴笋|木耳西兰花|油豆腐烧肉|米饭|香酥鸭
103387,五花肉炒茶树菇|五香牛肉|包菜粉丝|家常豆腐|小青菜|米饭|芹菜千张丝|葱油金针菇
103388,包菜粉丝|口水鸡|小青菜|木耳娃娃菜|番茄炒蛋|米饭|脆骨鸡|香酥鸭
103389,口水鸡|小青菜|木耳莴笋|米饭|茭白肉丝小炒
10339,卤鸭|山药卷|番茄炒蛋/红烧萝卜|米饭|青椒素鸡|青瓜付竹肉片
103390,五香牛肉|包菜粉丝|家常豆腐|米饭|红烧猪蹄|茭白肉丝小炒
103391,五香牛肉|家常豆腐|小青菜|米饭|红烧猪蹄|芹菜千张丝|葱油金针菇
103392,家常豆腐|番茄炒蛋|米饭|红烧猪蹄|脆骨鸡|茭白肉丝小炒|香酥鸭
103393,五香牛肉|小青菜|米饭|红烧猪蹄|芹菜千张丝
103394,五花肉炒茶树菇|口水鸡|米饭|芹菜千张丝|长豆香干肉丝
103395,米饭
103396,木耳冬瓜|木耳娃娃菜|油豆腐烧肉|米饭|红烧猪蹄|脆骨鸡|芹菜千张丝|香酥鸭
103397,五花肉炒茶树菇|五香牛肉|米饭|芹菜千张丝|长豆香干肉丝
103398,五香牛肉|家常豆腐|米饭|芹菜千张丝
103399,五香牛肉|口水鸡|小青菜|番茄炒蛋|米饭|芹菜千张丝|茭白肉丝小炒|葱油金针菇|香酥鸭
1034,米饭|花椒排骨|醋溜鱼/宫保鸡丁
10340,卤鸭|山药卷|番茄炒蛋/红烧萝卜|米饭|青椒素鸡|青瓜付竹肉片|青菜|香菇鸡块
103400,五香牛肉|小青菜|米饭|芹菜千张丝|茭白肉丝小炒|雪菜蛋饺
103401,木耳冬瓜|木耳西兰花|油豆腐烧肉|番茄炒蛋|米饭|芹菜千张丝|茭白肉丝小炒|香酥鸭
103402,五香牛肉|木耳娃娃菜|米饭|葱油金针菇
103403,五花肉炒茶树菇|木耳娃娃菜|番茄炒蛋|米饭|芹菜千张丝|葱油金针菇
103404,油豆腐烧肉|米饭
103405,木耳冬瓜|木耳莴笋|油豆腐烧肉|番茄炒蛋|米饭|脆骨鸡|茭白肉丝小炒|香酥鸭
103406,五花肉炒茶树菇|五香牛肉|口水鸡|木耳娃娃菜|油豆腐烧肉|番茄炒蛋|米饭|茭白肉丝小炒|雪菜蛋饺
103407,五香牛肉|包菜粉丝|小青菜|木耳冬瓜|木耳娃娃菜|木耳西兰花|油豆腐烧肉|番茄炒蛋|米饭|红烧猪蹄|香酥鸭
103408,口水鸡|木耳娃娃菜|木耳莴笋|米饭|红烧猪蹄
103409,五香牛肉|木耳冬瓜|木耳莴笋|米饭|香酥鸭
10341,油麦菜|番茄炒蛋/红烧萝卜|米饭|花椒排骨|香菇鸡块
103410,木耳西兰花|油豆腐烧肉|番茄炒蛋|米饭|芹菜千张丝|葱油金针菇
103411,小青菜|米饭|红烧猪蹄|脆骨鸡|芹菜千张丝|葱油金针菇
103412,五花肉炒茶树菇|包菜粉丝|口水鸡|木耳莴笋|木耳西兰花|番茄炒蛋|红烧猪蹄|芹菜千张丝|葱油金针菇
103413,包菜粉丝|口水鸡|小青菜|番茄炒蛋|米饭|红烧子排|茭白肉丝小炒|蒜泥生菜
103414,番茄炒蛋|米饭|红烧子排|蒜泥生菜
103415,包菜粉丝|番茄炒蛋|米饭|红烧子排|红烧猪蹄|芹菜千张丝|蒜泥生菜|香酥鸭
103416,口水鸡|家常豆腐|木耳莴笋|米饭|茭白肉丝小炒|蒜泥生菜
103417,口水鸡|小青菜|米饭|红烧猪蹄|芹菜千张丝
103418,五香牛肉|小青菜|番茄炒蛋|米饭|脆骨鸡|芹菜千张丝|葱油金针菇
103419,米饭|红烧子排|芹菜千张丝
10342,三色绿豆芽|卤鸭|木耳娃娃菜|番茄炒蛋/红烧萝卜|米饭|花椒排骨|香菇鸡块
103420,五香牛肉|口水鸡|米饭|红烧子排|芹菜千张丝|茭白肉丝小炒|葱油金针菇|蒜泥生菜
103421,五香牛肉|木耳莴笋|红烧子排|脆骨鸡|葱油金针菇
103422,五香牛肉|包菜粉丝|番茄炒蛋|米饭|红烧子排|芹菜千张丝|葱油金针菇|蒜泥生菜
103423,油豆腐烧肉|米饭|红烧子排|蒜泥生菜
103424,红烧子排
103425,木耳冬瓜|米饭|茭白肉丝小炒|香酥鸭
103426,五香牛肉|包菜粉丝|家常豆腐|木耳娃娃菜|番茄炒蛋|米饭|芹菜千张丝|蒜泥生菜|雪菜蛋饺|香酥鸭
103427,五香牛肉|包菜粉丝|油豆腐烧肉|米饭|红烧猪蹄|脆骨鸡
103428,口水鸡|木耳娃娃菜|番茄炒蛋|米饭|红烧子排|葱油金针菇|蒜泥生菜
103429,小青菜|米饭|红烧子排|红烧猪蹄|葱油金针菇|蒜泥生菜
10343,包菜粉丝|卤鸭|油麦菜|番茄炒蛋/红烧萝卜|米饭|青椒素鸡|青瓜付竹肉片
103430,红烧猪蹄|脆骨鸡
103431,五香牛肉|口水鸡|小青菜|木耳冬瓜|油豆腐烧肉|米饭|脆骨鸡|茭白肉丝小炒|葱油金针菇|蒜泥生菜
103432,包菜粉丝|口水鸡|小青菜|油豆腐烧肉|番茄炒蛋|米饭|红烧子排|红烧猪蹄|茭白肉丝小炒|蒜泥生菜|香酥鸭
103433,包菜粉丝|口水鸡|小青菜|米饭|芹菜千张丝|蒜泥生菜|长豆香干肉丝|香酥鸭
103434,小青菜|米饭|红烧子排|红烧猪蹄|脆骨鸡
103435,木耳冬瓜|米饭|红烧子排|脆骨鸡|蒜泥生菜|香酥鸭
103436,五香牛肉|包菜粉丝|口水鸡|家常豆腐|米饭|脆骨鸡|芹菜千张丝|蒜泥生菜|雪菜蛋饺|香酥鸭
103437,五香牛肉|小青菜|米饭|脆骨鸡|雪菜蛋饺
103438,米饭|蒜泥生菜|长豆香干肉丝|雪菜蛋饺
103439,五香牛肉|包菜粉丝|家常豆腐|小青菜|油豆腐烧肉|米饭|脆骨鸡|芹菜千张丝|葱油金针菇|蒜泥生菜
10344,山药卷|油豆腐烧肉|番茄炒蛋/红烧萝卜|米饭|鱼香杏鲍菇炒肉
103440,五香牛肉|包菜粉丝|口水鸡|家常豆腐|小青菜|木耳冬瓜|木耳娃娃菜|木耳莴笋|芹菜千张丝|葱油金针菇|蒜泥生菜|香酥鸭
103441,口水鸡|木耳娃娃菜|番茄炒蛋|米饭|茭白肉丝小炒|蒜泥生菜|香酥鸭
103442,木耳冬瓜|油豆腐烧肉|番茄炒蛋|红烧子排|茭白肉丝小炒|香酥鸭
103443,五香牛肉|包菜粉丝|小青菜|木耳莴笋|番茄炒蛋|米饭|红烧子排|芹菜千张丝|蒜泥生菜|长豆香干肉丝
103444,五香牛肉|包菜粉丝|小青菜|米饭|雪菜蛋饺
103445,五香牛肉|小青菜|米饭|芹菜千张丝|蒜泥生菜|长豆香干肉丝
103446,米饭|葱油金针菇|蒜泥生菜
103447,五香牛肉|包菜粉丝|口水鸡|小青菜|木耳莴笋|米饭|红烧子排
103448,木耳冬瓜|木耳娃娃菜|米饭|茭白肉丝小炒|蒜泥生菜|香酥鸭
103449,米饭|红烧子排|红烧猪蹄|芹菜千张丝
10345,大排|山药卷|木耳娃娃菜|米饭|茄子长江豆|鱼香杏鲍菇炒肉
103450,小青菜|米饭|红烧子排|脆骨鸡
103451,家常豆腐|油豆腐烧肉|番茄炒蛋|米饭|蒜泥生菜
103452,口水鸡|家常豆腐|木耳娃娃菜|红烧子排|脆骨鸡|茭白肉丝小炒|葱油金针菇|蒜泥生菜
103453,木耳莴笋|番茄炒蛋|米饭|红烧子排|脆骨鸡|芹菜千张丝|茭白肉丝小炒
103454,小青菜|米饭|红烧子排|脆骨鸡|芹菜千张丝|茭白肉丝小炒|雪菜蛋饺
103455,小青菜|米饭|红烧子排|芹菜千张丝|葱油金针菇|黄鱼
103456,木耳莴笋|米饭|红烧猪蹄|芹菜千张丝|茭白肉丝小炒|雪菜蛋饺|黄鱼
103457,油豆腐烧肉|米饭|红烧猪蹄|脆骨鸡|芹菜千张丝
103458,小青菜|番茄炒蛋|米饭|红烧子排|芹菜千张丝
103459,油豆腐烧肉|米饭|红烧子排|红烧猪蹄|芹菜千张丝|蒜泥生菜
10346,卤鸭|木耳莴笋|油豆腐烧肉|番茄炒蛋/红烧萝卜|米饭|茭白肉丝小炒|鱼香杏鲍菇炒肉
103460,木耳莴笋|米饭|红烧子排|长豆香干肉丝
103461,木耳冬瓜|番茄炒蛋|米饭|茭白肉丝小炒|香酥鸭
10347,三色绿豆芽|卤鸭|大排|木耳娃娃菜|油豆腐烧肉|米饭|花椒排骨|茭白肉丝小炒|鱼香杏鲍菇炒肉
10348,木耳娃娃菜|油豆腐烧肉|番茄炒蛋/红烧萝卜|米饭|茭白肉丝小炒
10349,三色绿豆芽|大排|木耳娃娃菜|米饭|青椒素鸡
1035,油豆腐烧肉|米饭|醋溜鱼/宫保鸡丁|青椒水面筋/木耳西兰
10350,木耳娃娃菜|油豆腐烧肉|米饭|花椒排骨|茭白肉丝小炒|青瓜付竹肉片
10351,卤鸭|番茄炒蛋/红烧萝卜|米饭|花椒排骨
10352,卤鸭|番茄炒蛋/红烧萝卜|米饭|香菇鸡块
10353,油豆腐烧肉|番茄炒蛋/红烧萝卜|米饭|茄子长江豆
10354,包菜粉丝|米饭|青瓜付竹肉片|青菜|香菇鸡块
10355,卤鸭|油豆腐烧肉|米饭|花椒排骨|香菇鸡块
10356,包菜粉丝|番茄炒蛋/红烧萝卜|米饭|青瓜付竹肉片|鱼香杏鲍菇炒肉
10357,山药卷|油豆腐烧肉|米饭|青椒素鸡|青瓜付竹肉片
10358,卤鸭|木耳莴笋|番茄炒蛋/红烧萝卜|米饭|茄子长江豆|青椒素鸡
10359,包菜粉丝|番茄炒蛋/红烧萝卜|米饭|花椒排骨|青椒素鸡|青菜
1036,大白菜|米饭|青瓜花生米/青椒炒蛋|鱼香杏鲍菇炒肉
10360,三色绿豆芽|卤鸭|米饭|青椒素鸡
10361,包菜粉丝|山药卷|米饭|茭白肉丝小炒|青椒素鸡|青瓜付竹肉片
10362,盐水虾|米饭|花椒排骨|茄子长江豆
10363,包菜粉丝|油豆腐烧肉|番茄炒蛋/红烧萝卜|米饭|茭白肉丝小炒
10364,包菜粉丝|山药卷|米饭|青椒素鸡|青瓜付竹肉片
10365,三色绿豆芽|油豆腐烧肉|番茄炒蛋/红烧萝卜|米饭|茄子长江豆
10366,番茄炒蛋/红烧萝卜|米饭|花椒排骨|茄子长江豆|鱼香杏鲍菇炒肉
10367,木耳莴笋|油豆腐烧肉|番茄炒蛋/红烧萝卜|米饭|茄子长江豆
10368,卤鸭|油豆腐烧肉|番茄炒蛋/红烧萝卜|米饭|茄子长江豆|鱼香杏鲍菇炒肉
10369,卤鸭|山药卷|木耳娃娃菜|木耳莴笋|盐水虾|米饭|茄子长江豆|青椒素鸡|香菇鸡块|鱼香杏鲍菇炒肉
1037,包菜粉丝|大白菜|油豆腐烧肉|米饭|青椒水面筋/木耳西兰
10370,包菜粉丝|米饭|青瓜付竹肉片
10371,番茄炒蛋/红烧萝卜|米饭|花椒排骨|青菜
10372,包菜粉丝|油豆腐烧肉|米饭|茭白肉丝小炒|青椒素鸡
10373,卤鸭|番茄炒蛋/红烧萝卜|米饭|青瓜付竹肉片|香菇鸡块
10374,包菜粉丝|卤鸭|番茄炒蛋/红烧萝卜|米饭|青椒素鸡|青瓜付竹肉片|青菜
10375,油豆腐烧肉|番茄炒蛋/红烧萝卜|米饭|花椒排骨|茄子长江豆|茭白肉丝小炒|青椒素鸡|青瓜付竹肉片
10376,山药卷|番茄炒蛋/红烧萝卜|米饭|鱼香杏鲍菇炒肉
10377,三色绿豆芽|卤鸭|木耳娃娃菜|油豆腐烧肉|米饭|茭白肉丝小炒
10378,三色绿豆芽|包菜粉丝|米饭|青瓜付竹肉片|香菇鸡块
10379,包菜粉丝|油豆腐烧肉|米饭|青椒素鸡|鱼香杏鲍菇炒肉
1038,包菜粉丝|米饭|醋溜鱼/宫保鸡丁|青椒水面筋/木耳西兰|鸡米花/辣子鸡
10380,卤鸭|番茄炒蛋/红烧萝卜|米饭|青瓜付竹肉片|香菇鸡块
10381,油豆腐烧肉|米饭|花椒排骨|茭白肉丝小炒
10382,卤鸭|小青菜|木耳娃娃菜|米饭|茄子长江豆|鱼香杏鲍菇炒肉
10383,大排|小青菜|油豆腐烧肉|米饭|茄子长江豆|鱼香杏鲍菇炒肉
10384,小青菜|油豆腐烧肉|番茄炒蛋/红烧萝卜|米饭|茭白肉丝小炒
10385,小青菜|米饭|韭黄肉丝小炒
10386,包菜粉丝|小青菜|韭黄肉丝小炒|鱼香杏鲍菇炒肉
10387,米饭|韭黄肉丝小炒|鱼香杏鲍菇炒肉
10388,包菜粉丝|小青菜|番茄炒蛋/红烧萝卜|米饭|韭黄肉丝小炒
10389,包菜粉丝|小青菜|木耳娃娃菜|米饭
1039,大白菜|油豆腐烧肉|米饭|醋溜鱼/宫保鸡丁|青瓜花生米/青椒炒蛋|鸡米花/辣子鸡
10390,米饭|韭黄肉丝小炒|鱼香杏鲍菇炒肉
10391,包菜粉丝|木耳娃娃菜|油豆腐烧肉|米饭|韭黄肉丝小炒
10392,包菜粉丝|小青菜|木耳娃娃菜|油豆腐烧肉|米饭|韭黄肉丝小炒
10393,油豆腐烧肉|番茄炒蛋/红烧萝卜|米饭|花椒排骨
10394,包菜粉丝|番茄炒蛋/红烧萝卜|米饭|韭黄肉丝小炒
10395,小青菜|油豆腐烧肉|米饭|青瓜付竹肉片|韭黄肉丝小炒
10396,小青菜|油豆腐烧肉|番茄炒蛋/红烧萝卜|米饭|韭黄肉丝小炒
10397,三色绿豆芽|包菜粉丝|木耳娃娃菜|油豆腐烧肉|番茄炒蛋/红烧萝卜|米饭|韭黄肉丝小炒
10398,小青菜|米饭|青瓜付竹肉片|鱼香杏鲍菇炒肉
10399,三色绿豆芽|小青菜|油豆腐烧肉|米饭|花椒排骨|青瓜付竹肉片|韭黄肉丝小炒|鱼香杏鲍菇炒肉
1040,米饭|醋溜鱼/宫保鸡丁|青椒水面筋/木耳西兰
10400,包菜粉丝|小青菜|米饭|韭黄肉丝小炒|鱼香杏鲍菇炒肉
10401,小青菜|油豆腐烧肉|番茄炒蛋/红烧萝卜|米饭
10402,小青菜|油豆腐烧肉|米饭|青瓜付竹肉片|韭黄肉丝小炒|鱼香杏鲍菇炒肉
10403,小青菜|油豆腐烧肉|番茄炒蛋/红烧萝卜|米饭|韭黄肉丝小炒
10404,小青菜|油豆腐烧肉|番茄炒蛋/红烧萝卜|米饭|青瓜付竹肉片|韭黄肉丝小炒
10405,三色绿豆芽|木耳娃娃菜|油豆腐烧肉|米饭|韭黄肉丝小炒
10406,小青菜|木耳娃娃菜|番茄炒蛋/红烧萝卜|米饭|韭黄肉丝小炒
10407,小青菜|米饭|青瓜付竹肉片|韭黄肉丝小炒
10408,木耳娃娃菜|番茄炒蛋/红烧萝卜|米饭|青瓜付竹肉片|韭黄肉丝小炒|鱼香杏鲍菇炒肉
10409,三色绿豆芽|油豆腐烧肉|番茄炒蛋/红烧萝卜|米饭
1041,包菜粉丝|米饭|青椒水面筋/木耳西兰|鸡米花/辣子鸡
10410,包菜粉丝|木耳娃娃菜|油豆腐烧肉|番茄炒蛋/红烧萝卜|米饭|鱼香杏鲍菇炒肉
10411,培红菜蘑菇毛豆肉丝|扎肉|米饭
10412,包菜油付|扎肉|茭白肉丝小炒|葱油鸡
10413,扎肉|盐菜黄豆芽|米饭|葱油芋头/红烧萝卜
10414,千张结烧肉|培红菜蘑菇毛豆肉丝|家常豆腐|扎肉|米饭|葱油芋头/红烧萝卜
10415,千张结烧肉|培红菜蘑菇毛豆肉丝|扎肉|米饭|葱油芋头/红烧萝卜|葱油鸡|酸辣土豆丝
10416,木耳花菜|米饭|花椒鸭|茭白肉丝小炒
10417,包菜油付|培红菜蘑菇毛豆肉丝|米饭|花椒鸭|葱油芋头/红烧萝卜|青韭南瓜丝
10418,千张结烧肉|家常豆腐|椒盐带鱼|油爆虾|米饭|葱油芋头/红烧萝卜|葱油鸡|酸辣土豆丝
10419,扎肉|椒盐带鱼|油爆虾|米饭|葱油芋头/红烧萝卜|酸辣土豆丝
1042,大白菜|油豆腐烧肉|米饭|青椒水面筋/木耳西兰
10420,包菜油付|扎肉|盐菜黄豆芽|米饭|茭白肉丝小炒|葱油芋头/红烧萝卜|葱油鸡
10421,米饭|花椒鸭|茭白肉丝小炒|酸辣土豆丝
10422,包菜油付|家常豆腐|木耳花菜|米饭|葱油芋头/红烧萝卜
10423,千张结烧肉|培红菜蘑菇毛豆肉丝|椒盐带鱼|米饭|葱油芋头/红烧萝卜
10424,家常豆腐|扎肉|椒盐带鱼|油爆虾|米饭|茭白肉丝小炒|葱油芋头/红烧萝卜
10425,家常豆腐|水波蛋|米饭|花椒鸭|茭白肉丝小炒|葱油鸡|酸辣土豆丝
10426,千张结烧肉|家常豆腐|水波蛋|油爆虾|米饭|葱油芋头/红烧萝卜
10427,米饭|茭白肉丝小炒|葱油芋头/红烧萝卜|葱油鸡
10428,培红菜蘑菇毛豆肉丝|家常豆腐|椒盐带鱼|米饭|葱油鸡
10429,木耳花菜|椒盐带鱼|水波蛋|油爆虾|米饭|茭白肉丝小炒|葱油芋头/红烧萝卜|葱油鸡
1043,包菜粉丝|米饭|醋溜鱼/宫保鸡丁|青椒水面筋/木耳西兰|青瓜花生米/青椒炒蛋
10430,千张结烧肉|培红菜蘑菇毛豆肉丝|米饭
10431,包菜油付|家常豆腐|木耳花菜|盐菜黄豆芽|米饭|葱油鸡|青韭南瓜丝
10432,包菜油付|扎肉|椒盐带鱼|米饭|茭白肉丝小炒
10433,包菜油付|家常豆腐|木耳花菜|椒盐带鱼|水波蛋|油爆虾|米饭|花椒鸭|葱油芋头/红烧萝卜|酸辣土豆丝
10434,家常豆腐|椒盐带鱼|米饭|酸辣土豆丝
10435,培红菜蘑菇毛豆肉丝|水波蛋|米饭|葱油鸡
10436,培红菜蘑菇毛豆肉丝|扎肉|木耳花菜|米饭
10437,千张结烧肉|木耳花菜|米饭|酸辣土豆丝
10438,家常豆腐|盐菜黄豆芽|米饭|花椒鸭|茭白肉丝小炒|葱油芋头/红烧萝卜
10439,家常豆腐|米饭|花椒鸭|酸辣土豆丝
1044,大白菜|米饭|花椒排骨|醋溜鱼/宫保鸡丁|青椒水面筋/木耳西兰|青瓜花生米/青椒炒蛋
10440,包菜油付|千张结烧肉|家常豆腐|椒盐带鱼|水波蛋|盐菜黄豆芽|米饭|葱油芋头/红烧萝卜
10441,包菜油付|木耳花菜|盐菜黄豆芽|米饭|葱油芋头/红烧萝卜|葱油鸡|酸辣土豆丝|青韭南瓜丝
10442,培红菜蘑菇毛豆肉丝|水波蛋|油爆虾|米饭|葱油鸡|酸辣土豆丝
10443,培红菜蘑菇毛豆肉丝|家常豆腐|椒盐带鱼|水波蛋|米饭|葱油芋头/红烧萝卜|葱油鸡|酸辣土豆丝|青韭南瓜丝
10444,扎肉|米饭|葱油芋头/红烧萝卜
10445,包菜油付|培红菜蘑菇毛豆肉丝|木耳花菜|米饭|葱油芋头/红烧萝卜
10446,包菜油付|培红菜蘑菇毛豆肉丝|家常豆腐|木耳花菜|椒盐带鱼|油爆虾|米饭|茭白肉丝小炒
10447,家常豆腐|扎肉|椒盐带鱼|水波蛋|米饭
10448,千张结烧肉|培红菜蘑菇毛豆肉丝|家常豆腐|水波蛋|米饭|葱油鸡|青韭南瓜丝
10449,千张结烧肉|培红菜蘑菇毛豆肉丝|水波蛋|米饭
1045,大白菜|干菜长江豆|米饭|青椒水面筋/木耳西兰|青瓜花生米/青椒炒蛋|鱼香杏鲍菇炒肉|鸡米花/辣子鸡
10450,培红菜蘑菇毛豆肉丝|水波蛋|米饭|葱油芋头/红烧萝卜
10451,千张结烧肉|培红菜蘑菇毛豆肉丝|家常豆腐|水波蛋|米饭|葱油鸡
10452,包菜油付|米饭|花椒鸭|茭白肉丝小炒|葱油芋头/红烧萝卜
10453,家常豆腐|水波蛋|油爆虾|米饭|茭白肉丝小炒|葱油芋头/红烧萝卜|葱油鸡
10454,培红菜蘑菇毛豆肉丝|家常豆腐|水波蛋|米饭|葱油芋头/红烧萝卜|酸辣土豆丝
10455,培红菜蘑菇毛豆肉丝|木耳花菜|油爆虾|盐菜黄豆芽|米饭|茭白肉丝小炒|葱油芋头/红烧萝卜|葱油鸡
10456,扎肉|木耳花菜|米饭|茭白肉丝小炒|葱油芋头/红烧萝卜
10457,千张结烧肉|椒盐带鱼|水波蛋|米饭|酸辣土豆丝
10458,木耳花菜|米饭|葱油芋头/红烧萝卜|葱油鸡
10459,培红菜蘑菇毛豆肉丝|家常豆腐|水波蛋|米饭|葱油芋头/红烧萝卜
1046,干菜长江豆|油豆腐烧肉|米饭|花椒排骨|醋溜鱼/宫保鸡丁|青瓜花生米/青椒炒蛋|鸡米花/辣子鸡
10460,木耳花菜|米饭|葱油芋头/红烧萝卜|葱油鸡
10461,家常豆腐|米饭|茭白肉丝小炒|葱油芋头/红烧萝卜|酸辣土豆丝
10462,千张结烧肉|盐菜黄豆芽|米饭|葱油芋头/红烧萝卜
10463,包菜油付|家常豆腐|扎肉|油爆虾|米饭|茭白肉丝小炒
10464,家常豆腐|椒盐带鱼|水波蛋|米饭|茭白肉丝小炒|葱油芋头/红烧萝卜|葱油鸡
10465,包菜油付|扎肉|木耳花菜|米饭|茭白肉丝小炒|葱油芋头/红烧萝卜
10466,培红菜蘑菇毛豆肉丝|米饭|茭白肉丝小炒|葱油芋头/红烧萝卜
10467,包菜油付|扎肉|水波蛋|油爆虾|米饭|茭白肉丝小炒
10468,油爆虾|盐菜黄豆芽|米饭|茭白肉丝小炒
10469,家常豆腐|米饭|茭白肉丝小炒|葱油芋头/红烧萝卜
1047,包菜粉丝|大白菜|米饭|醋溜鱼/宫保鸡丁|青椒水面筋/木耳西兰|青瓜花生米/青椒炒蛋|鸡米花/辣子鸡
10470,扎肉|木耳花菜|米饭|茭白肉丝小炒|葱油芋头/红烧萝卜|酸辣土豆丝
10471,千张结烧肉|家常豆腐|盐菜黄豆芽|米饭|茭白肉丝小炒|酸辣土豆丝
10472,水波蛋|米饭|茭白肉丝小炒|葱油鸡
10473,包菜油付|椒盐带鱼|米饭|葱油芋头/红烧萝卜
10474,培红菜蘑菇毛豆肉丝|家常豆腐|椒盐带鱼|米饭|葱油鸡
10475,家常豆腐|油爆虾|米饭|茭白肉丝小炒
10476,千张结烧肉|培红菜蘑菇毛豆肉丝|家常豆腐|扎肉|青韭南瓜丝
10477,家常豆腐|盐菜黄豆芽|米饭|葱油芋头/红烧萝卜
10478,家常豆腐|水波蛋|盐菜黄豆芽|米饭|青韭南瓜丝
10479,包菜油付|水波蛋|米饭|葱油芋头/红烧萝卜|葱油鸡
1048,大白菜|油豆腐烧肉|青瓜花生米/青椒炒蛋|鸡米花/辣子鸡
10480,家常豆腐|木耳花菜|盐菜黄豆芽|米饭|花椒鸭|葱油芋头/红烧萝卜|葱油鸡
10481,培红菜蘑菇毛豆肉丝|家常豆腐|米饭|葱油芋头/红烧萝卜|葱油鸡|青韭南瓜丝
10482,家常豆腐|盐菜黄豆芽|米饭|葱油芋头/红烧萝卜|青韭南瓜丝
10483,家常豆腐|木耳花菜|盐菜黄豆芽|米饭|茭白肉丝小炒|葱油芋头/红烧萝卜|葱油鸡
10484,培红菜蘑菇毛豆肉丝|家常豆腐|木耳花菜|米饭|茭白肉丝小炒|葱油芋头/红烧萝卜
10485,千张结烧肉|家常豆腐|扎肉|米饭|葱油芋头/红烧萝卜
10486,千张结烧肉|培红菜蘑菇毛豆肉丝|家常豆腐|椒盐带鱼|水波蛋|油爆虾|盐菜黄豆芽|米饭|花椒鸭|葱油鸡
10487,培红菜蘑菇毛豆肉丝|油爆虾|盐菜黄豆芽|米饭|花椒鸭
10488,椒盐带鱼|米饭|葱油芋头/红烧萝卜|葱油鸡|青韭南瓜丝
10489,木耳花菜|米饭|花椒鸭|茭白肉丝小炒|葱油鸡|酸辣土豆丝
1049,包菜粉丝|大白菜|米饭|醋溜鱼/宫保鸡丁
10490,家常豆腐|米饭|葱油芋头/红烧萝卜|葱油鸡
10491,千张结烧肉|家常豆腐|油爆虾|米饭
10492,包菜油付|扎肉|木耳花菜|油爆虾|盐菜黄豆芽|米饭|葱油芋头/红烧萝卜|葱油鸡
10493,包菜油付|家常豆腐|木耳花菜|油爆虾|盐菜黄豆芽|葱油鸡
10494,培红菜蘑菇毛豆肉丝|扎肉|水波蛋|米饭|茭白肉丝小炒|葱油芋头/红烧萝卜
10495,木耳花菜|米饭|葱油芋头/红烧萝卜|葱油鸡|青韭南瓜丝
10496,扎肉|盐菜黄豆芽|米饭|花椒鸭
10497,千张结烧肉|培红菜蘑菇毛豆肉丝|椒盐带鱼|水波蛋|米饭
10498,千张结烧肉|扎肉|酸辣土豆丝
10499,千张结烧肉|培红菜蘑菇毛豆肉丝|家常豆腐|椒盐带鱼|水波蛋|米饭|葱油鸡
1050,大白菜|干菜长江豆|油豆腐烧肉|青瓜花生米/青椒炒蛋
10500,包菜油付|家常豆腐|扎肉|盐菜黄豆芽|米饭|葱油芋头/红烧萝卜
10501,千张结烧肉|培红菜蘑菇毛豆肉丝|椒盐带鱼|米饭|葱油鸡|青韭南瓜丝
10502,千张结烧肉|木耳花菜|水波蛋|油爆虾|米饭|茭白肉丝小炒|葱油芋头/红烧萝卜|葱油鸡|酸辣土豆丝
10503,培红菜蘑菇毛豆肉丝|椒盐带鱼|米饭|青韭南瓜丝
10504,包菜油付|盐菜黄豆芽|米饭|花椒鸭|葱油鸡
10505,千张结烧肉|培红菜蘑菇毛豆肉丝|家常豆腐|米饭|茭白肉丝小炒
10506,扎肉|椒盐带鱼|米饭|葱油芋头/红烧萝卜
10507,包菜油付|千张结烧肉|椒盐带鱼|米饭|花椒鸭|茭白肉丝小炒|葱油芋头/红烧萝卜
10508,家常豆腐|油爆虾|盐菜黄豆芽|米饭|葱油芋头/红烧萝卜
10509,包菜油付|木耳花菜|水波蛋|米饭|葱油芋头/红烧萝卜|葱油鸡
1051,包菜粉丝|大白菜|油豆腐烧肉|米饭
10510,包菜油付|千张结烧肉|家常豆腐|米饭|茭白肉丝小炒|葱油鸡|酸辣土豆丝
10511,包菜油付|油爆虾|米饭|花椒鸭|葱油芋头/红烧萝卜
10512,扎肉|木耳花菜|水波蛋|米饭|茭白肉丝小炒|葱油芋头/红烧萝卜
10513,千张结烧肉|家常豆腐|木耳花菜|米饭|葱油芋头/红烧萝卜
10514,千张结烧肉|家常豆腐|扎肉|木耳花菜|水波蛋|米饭|茭白肉丝小炒|葱油鸡
10515,扎肉|水波蛋|米饭|葱油芋头/红烧萝卜|酸辣土豆丝
10516,家常豆腐|木耳花菜|盐菜黄豆芽|米饭|花椒鸭|葱油芋头/红烧萝卜
10517,培红菜蘑菇毛豆肉丝|水波蛋|米饭|葱油芋头/红烧萝卜|葱油鸡|酸辣土豆丝
10518,扎肉|米饭|茭白肉丝小炒|葱油芋头/红烧萝卜|葱油鸡
10519,包菜油付|千张结烧肉|家常豆腐|米饭|花椒鸭|茭白肉丝小炒
1052,大白菜|油豆腐烧肉|花椒排骨|青椒水面筋/木耳西兰|鱼香杏鲍菇炒肉
10520,培红菜蘑菇毛豆肉丝|木耳花菜|水波蛋|葱油鸡|酸辣土豆丝
10521,千张结烧肉|培红菜蘑菇毛豆肉丝|椒盐带鱼|水波蛋|米饭|葱油鸡
10522,包菜油付|扎肉|水波蛋|米饭
10523,扎肉|米饭|花椒鸭|茭白肉丝小炒|葱油芋头/红烧萝卜
10524,培红菜蘑菇毛豆肉丝|木耳花菜|米饭|茭白肉丝小炒
10525,千张结烧肉|家常豆腐|水波蛋|油爆虾|米饭|茭白肉丝小炒|葱油芋头/红烧萝卜|葱油鸡
10526,培红菜蘑菇毛豆肉丝|木耳花菜|米饭|花椒鸭|茭白肉丝小炒
10527,木耳花菜|油爆虾|米饭|葱油芋头/红烧萝卜|葱油鸡
10528,包菜油付|培红菜蘑菇毛豆肉丝|木耳花菜|花椒鸭|茭白肉丝小炒|葱油芋头/红烧萝卜
10529,培红菜蘑菇毛豆肉丝|木耳花菜|水波蛋|油爆虾|葱油芋头/红烧萝卜|酸辣土豆丝
1053,包菜粉丝|干菜长江豆|米饭|花椒排骨|青椒水面筋/木耳西兰|青瓜花生米/青椒炒蛋|鸡米花/辣子鸡
10530,包菜油付|扎肉|油爆虾|米饭|花椒鸭|茭白肉丝小炒
10531,包菜油付|木耳花菜|油爆虾|米饭|花椒鸭
10532,培红菜蘑菇毛豆肉丝|扎肉|葱油芋头/红烧萝卜|酸辣土豆丝|青韭南瓜丝
10533,家常豆腐|盐菜黄豆芽|米饭|茭白肉丝小炒
10534,包菜油付|家常豆腐|米饭|葱油芋头/红烧萝卜
10535,培红菜蘑菇毛豆肉丝|家常豆腐|扎肉|椒盐带鱼|米饭
10536,水波蛋|米饭|葱油芋头/红烧萝卜|青韭南瓜丝
10537,包菜油付|千张结烧肉|培红菜蘑菇毛豆肉丝|水波蛋|米饭|葱油芋头/红烧萝卜|葱油鸡
10538,包菜油付|木耳花菜|米饭|茭白肉丝小炒
10539,椒盐带鱼|水波蛋|米饭|葱油芋头/红烧萝卜|葱油鸡|酸辣土豆丝
1054,大白菜|米饭|醋溜鱼/宫保鸡丁|青瓜花生米/青椒炒蛋|鱼香杏鲍菇炒肉|鸡米花/辣子鸡
10540,包菜油付|米饭|茭白肉丝小炒
10541,培红菜蘑菇毛豆肉丝|扎肉|米饭|葱油芋头/红烧萝卜|葱油鸡
10542,家常豆腐|米饭|葱油鸡
10543,千张结烧肉|家常豆腐|扎肉|椒盐带鱼|水波蛋|米饭|酸辣土豆丝
10544,家常豆腐|椒盐带鱼|米饭|花椒鸭|茭白肉丝小炒|葱油鸡|酸辣土豆丝
10545,水波蛋|盐菜黄豆芽|米饭|花椒鸭|茭白肉丝小炒|葱油芋头/红烧萝卜|青韭南瓜丝
10546,油爆虾|盐菜黄豆芽|米饭|茭白肉丝小炒|葱油鸡
10547,椒盐带鱼|水波蛋|葱油芋头/红烧萝卜|葱油鸡|青韭南瓜丝
10548,培红菜蘑菇毛豆肉丝|水波蛋|米饭|葱油芋头/红烧萝卜|酸辣土豆丝
10549,包菜油付|千张结烧肉|培红菜蘑菇毛豆肉丝|木耳花菜|盐菜黄豆芽|米饭|茭白肉丝小炒|葱油芋头/红烧萝卜
1055,干菜长江豆|米饭|花椒排骨|醋溜鱼/宫保鸡丁|青椒水面筋/木耳西兰|青瓜花生米/青椒炒蛋
10550,千张结烧肉|椒盐带鱼|水波蛋|米饭|葱油芋头/红烧萝卜
10551,包菜油付|木耳花菜|水波蛋|葱油芋头/红烧萝卜
10552,水波蛋|米饭|葱油芋头/红烧萝卜|葱油鸡|酸辣土豆丝|青韭南瓜丝
10553,培红菜蘑菇毛豆肉丝|家常豆腐|扎肉|米饭|葱油芋头/红烧萝卜
10554,包菜油付|千张结烧肉|家常豆腐|木耳花菜|米饭|花椒鸭|茭白肉丝小炒|葱油芋头/红烧萝卜|酸辣土豆丝
10555,米饭|葱油芋头/红烧萝卜|酸辣土豆丝
10556,千张结烧肉|培红菜蘑菇毛豆肉丝|油爆虾|米饭|葱油鸡
10557,家常豆腐|椒盐带鱼|水波蛋|油爆虾|米饭|葱油鸡|酸辣土豆丝
10558,包菜油付|千张结烧肉|椒盐带鱼|米饭
10559,家常豆腐|米饭|茭白肉丝小炒
1056,大白菜|油豆腐烧肉|米饭|鸡米花/辣子鸡
10560,包菜油付|木耳花菜|油爆虾|米饭|花椒鸭|葱油芋头/红烧萝卜
10561,培红菜蘑菇毛豆肉丝|家常豆腐|扎肉|盐菜黄豆芽|米饭|茭白肉丝小炒|葱油芋头/红烧萝卜
10562,盐菜黄豆芽|米饭|葱油芋头/红烧萝卜
10563,家常豆腐|水波蛋|葱油芋头/红烧萝卜|葱油鸡
10564,扎肉|米饭|茭白肉丝小炒|葱油芋头/红烧萝卜|酸辣土豆丝
10565,包菜油付|木耳花菜|米饭|茭白肉丝小炒|青韭南瓜丝
10566,培红菜蘑菇毛豆肉丝|扎肉|椒盐带鱼|水波蛋|米饭|葱油芋头/红烧萝卜|酸辣土豆丝
10567,包菜油付|水波蛋|油爆虾|米饭|茭白肉丝小炒
10568,家常豆腐|木耳花菜|油爆虾|米饭|茭白肉丝小炒|葱油芋头/红烧萝卜
10569,培红菜蘑菇毛豆肉丝|家常豆腐|扎肉|葱油鸡
1057,包菜粉丝|米饭|花椒排骨|青椒水面筋/木耳西兰|鸡米花/辣子鸡
10570,油爆虾
10571,千张结烧肉|培红菜蘑菇毛豆肉丝|扎肉|水波蛋|酸辣土豆丝|青韭南瓜丝
10572,木耳花菜|油爆虾|茭白肉丝小炒|葱油芋头/红烧萝卜|葱油鸡
10573,包菜油付|木耳花菜|米饭|葱油芋头/红烧萝卜|葱油鸡|雪菜蛋饺
10574,千张结烧肉|家常豆腐|扎肉|水波蛋|酸辣土豆丝
10575,家常豆腐|油麦菜|米饭|酸辣土豆丝
10576,椒盐带鱼|水波蛋|油爆虾|油麦菜|米饭|葱油芋头/红烧萝卜|葱油鸡|酸辣土豆丝|青韭南瓜丝
10577,包菜油付|家常豆腐|米饭|葱油芋头/红烧萝卜
10578,包菜油付|家常豆腐|油爆虾|油麦菜|米饭|茭白肉丝小炒|葱油芋头/红烧萝卜
10579,包菜油付|油爆虾|米饭|葱油芋头/红烧萝卜
1058,大白菜|米饭|花椒排骨
10580,培红菜蘑菇毛豆肉丝|扎肉|水波蛋|米饭|葱油芋头/红烧萝卜|青韭南瓜丝
10581,包菜油付|油麦菜|米饭|茭白肉丝小炒|葱油芋头/红烧萝卜
10582,千张结烧肉|培红菜蘑菇毛豆肉丝|家常豆腐|椒盐带鱼|米饭|茭白肉丝小炒|葱油鸡|酸辣土豆丝|雪菜蛋饺
10583,木耳花菜|油麦菜|米饭|葱油芋头/红烧萝卜
10584,培红菜蘑菇毛豆肉丝|家常豆腐|椒盐带鱼|水波蛋|米饭|葱油鸡|酸辣土豆丝
10585,培红菜蘑菇毛豆肉丝|椒盐带鱼|水波蛋|米饭|葱油芋头/红烧萝卜|葱油鸡
10586,千张结烧肉|家常豆腐|米饭|酸辣土豆丝|青韭南瓜丝
10587,千张结烧肉|家常豆腐|椒盐带鱼|水波蛋|米饭|酸辣土豆丝
10588,千张结烧肉|家常豆腐|扎肉|椒盐带鱼|水波蛋|米饭|葱油芋头/红烧萝卜|酸辣土豆丝|青韭南瓜丝
10589,培红菜蘑菇毛豆肉丝|家常豆腐|米饭|葱油芋头/红烧萝卜|青韭南瓜丝
1059,大白菜|干菜长江豆|油豆腐烧肉|米饭|花椒排骨|醋溜鱼/宫保鸡丁|青椒水面筋/木耳西兰|鸡米花/辣子鸡
10590,家常豆腐|油爆虾|米饭|葱油芋头/红烧萝卜|葱油鸡
10591,培红菜蘑菇毛豆肉丝|家常豆腐|水波蛋|油爆虾|米饭|青韭南瓜丝
10592,包菜油付|家常豆腐|油麦菜|米饭|葱油鸡
10593,扎肉|米饭|葱油芋头/红烧萝卜|雪菜蛋饺
10594,培红菜蘑菇毛豆肉丝|油麦菜|米饭|葱油鸡|青韭南瓜丝
10595,家常豆腐|椒盐带鱼|油爆虾|油麦菜|盐菜黄豆芽|米饭|葱油芋头/红烧萝卜
10596,千张结烧肉|培红菜蘑菇毛豆肉丝|椒盐带鱼|油爆虾|米饭|酸辣土豆丝|雪菜蛋饺
10597,油爆虾|油麦菜|米饭|茭白肉丝小炒|葱油鸡|雪菜蛋饺
10598,家常豆腐|椒盐带鱼|油爆虾|油麦菜|米饭|葱油芋头/红烧萝卜
10599,千张结烧肉|米饭|葱油芋头/红烧萝卜|雪菜蛋饺
1060,包菜粉丝|米饭|青椒水面筋/木耳西兰|青瓜花生米/青椒炒蛋
10600,家常豆腐|油麦菜|米饭|葱油芋头/红烧萝卜|雪菜蛋饺
10601,包菜油付|家常豆腐|椒盐带鱼|米饭|雪菜蛋饺
10602,家常豆腐|油爆虾|油麦菜|米饭|茭白肉丝小炒|葱油芋头/红烧萝卜
10603,培红菜蘑菇毛豆肉丝|家常豆腐|油麦菜|米饭|葱油芋头/红烧萝卜|葱油鸡
10604,千张结烧肉|培红菜蘑菇毛豆肉丝|木耳莴笋|油麦菜|米饭
10605,木耳莴笋|米饭|茭白肉丝小炒|葱油芋头/红烧萝卜|葱油鸡|酸辣土豆丝
10606,包菜油付|油爆虾|葱油芋头/红烧萝卜|葱油鸡
10607,培红菜蘑菇毛豆肉丝|家常豆腐|木耳莴笋|椒盐带鱼|米饭|葱油鸡
10608,扎肉|油爆虾|盐菜黄豆芽|米饭|葱油芋头/红烧萝卜
10609,木耳莴笋|盐菜黄豆芽|米饭|葱油芋头/红烧萝卜|葱油鸡|雪菜蛋饺
1061,干菜长江豆|米饭|花椒排骨|青椒水面筋/木耳西兰|青瓜花生米/青椒炒蛋
10610,家常豆腐|油麦菜|米饭|茭白肉丝小炒|葱油芋头/红烧萝卜
10611,家常豆腐|木耳莴笋|椒盐带鱼|米饭|葱油芋头/红烧萝卜
10612,包菜油付|米饭|葱油芋头/红烧萝卜|雪菜蛋饺
10613,油麦菜|米饭|茭白肉丝小炒|葱油鸡
10614,千张结烧肉|培红菜蘑菇毛豆肉丝|家常豆腐|米饭|葱油鸡|酸辣土豆丝
10615,培红菜蘑菇毛豆肉丝|木耳莴笋|油爆虾|米饭|茭白肉丝小炒|葱油芋头/红烧萝卜|葱油鸡
10616,千张结烧肉|培红菜蘑菇毛豆肉丝|木耳莴笋|米饭|葱油芋头/红烧萝卜|葱油鸡|青韭南瓜丝
10617,千张结烧肉|家常豆腐|木耳莴笋|米饭|葱油鸡|酸辣土豆丝
10618,包菜油付|米饭|茭白肉丝小炒|葱油芋头/红烧萝卜
10619,米饭|葱油芋头/红烧萝卜|葱油鸡|青韭南瓜丝
1062,包菜粉丝|大白菜|油豆腐烧肉|米饭|醋溜鱼/宫保鸡丁|青椒水面筋/木耳西兰|鸡米花/辣子鸡
10620,家常豆腐|油爆虾|油麦菜|米饭|茭白肉丝小炒|葱油鸡
10621,培红菜蘑菇毛豆肉丝|木耳莴笋|盐菜黄豆芽|米饭|茭白肉丝小炒
10622,木耳莴笋|椒盐带鱼|盐菜黄豆芽|米饭|葱油鸡
10623,培红菜蘑菇毛豆肉丝|木耳莴笋|椒盐带鱼|米饭|茭白肉丝小炒
10624,扎肉|油麦菜|米饭|葱油芋头/红烧萝卜|雪菜蛋饺
10625,培红菜蘑菇毛豆肉丝|家常豆腐|扎肉|木耳莴笋|米饭
10626,培红菜蘑菇毛豆肉丝|米饭|葱油芋头/红烧萝卜|酸辣土豆丝|雪菜蛋饺
10627,千张结烧肉|油麦菜|米饭|茭白肉丝小炒
10628,包菜油付|扎肉|油爆虾|盐菜黄豆芽|米饭|茭白肉丝小炒
10629,包菜油付|扎肉|油麦菜|盐菜黄豆芽|米饭|茭白肉丝小炒|葱油芋头/红烧萝卜
1063,干菜长江豆|油豆腐烧肉|米饭|花椒排骨|醋溜鱼/宫保鸡丁|青椒水面筋/木耳西兰
10630,培红菜蘑菇毛豆肉丝|木耳莴笋|椒盐带鱼|油麦菜|米饭|雪菜蛋饺
10631,家常豆腐|扎肉|米饭|葱油鸡|青韭南瓜丝
10632,木耳莴笋|油麦菜|米饭|茭白肉丝小炒|酸辣土豆丝
10633,油爆虾|油麦菜|盐菜黄豆芽|米饭|葱油芋头/红烧萝卜
10634,培红菜蘑菇毛豆肉丝|家常豆腐|椒盐带鱼|米饭|葱油芋头/红烧萝卜|酸辣土豆丝
10635,包菜油付|家常豆腐|米饭|葱油鸡
10636,培红菜蘑菇毛豆肉丝|家常豆腐|椒盐带鱼|米饭
10637,培红菜蘑菇毛豆肉丝|油爆虾|米饭|茭白肉丝小炒|青韭南瓜丝
10638,培红菜蘑菇毛豆肉丝|扎肉|椒盐带鱼|米饭|青韭南瓜丝
10639,扎肉|米饭|雪菜蛋饺
1064,包菜粉丝|米饭|花椒排骨|青椒水面筋/木耳西兰|青瓜花生米/青椒炒蛋
10640,家常豆腐|扎肉|油爆虾|米饭|茭白肉丝小炒
10641,千张结烧肉|米饭|葱油鸡|酸辣土豆丝
10642,千张结烧肉|木耳莴笋|油爆虾|油麦菜|米饭|葱油芋头/红烧萝卜|葱油鸡|青韭南瓜丝
10643,培红菜蘑菇毛豆肉丝|椒盐带鱼|盐菜黄豆芽|米饭|葱油鸡|酸辣土豆丝|青韭南瓜丝
10644,家常豆腐|木耳莴笋|油麦菜|盐菜黄豆芽|米饭|葱油芋头/红烧萝卜|葱油鸡|酸辣土豆丝
10645,木耳莴笋|米饭|青韭南瓜丝
10646,千张结烧肉|木耳莴笋|油爆虾|盐菜黄豆芽|米饭|葱油鸡|青韭南瓜丝
10647,包菜油付|培红菜蘑菇毛豆肉丝|油爆虾|油麦菜|米饭|葱油鸡|酸辣土豆丝|青韭南瓜丝
10648,扎肉|椒盐带鱼|米饭|葱油鸡
10649,千张结烧肉|家常豆腐|木耳莴笋|椒盐带鱼|米饭|葱油芋头/红烧萝卜|酸辣土豆丝
1065,包菜粉丝|干菜长江豆|油豆腐烧肉|米饭|醋溜鱼/宫保鸡丁|鱼香杏鲍菇炒肉|鸡米花/辣子鸡
10650,油爆虾|盐菜黄豆芽|米饭|葱油鸡
10651,培红菜蘑菇毛豆肉丝|木耳莴笋|米饭|葱油芋头/红烧萝卜|葱油鸡
10652,培红菜蘑菇毛豆肉丝|油麦菜|米饭|茭白肉丝小炒|葱油芋头/红烧萝卜|葱油鸡
10653,千张结烧肉|培红菜蘑菇毛豆肉丝|家常豆腐|木耳莴笋|椒盐带鱼|米饭|葱油芋头/红烧萝卜|葱油鸡
10654,培红菜蘑菇毛豆肉丝|木耳莴笋|米饭|葱油鸡|雪菜蛋饺
10655,木耳莴笋|椒盐带鱼|米饭|葱油鸡
10656,千张结烧肉|培红菜蘑菇毛豆肉丝|家常豆腐|米饭|酸辣土豆丝|青韭南瓜丝
10657,家常豆腐|木耳莴笋|椒盐带鱼|油爆虾|米饭|雪菜蛋饺
10658,家常豆腐|油麦菜|盐菜黄豆芽|米饭|葱油鸡|雪菜蛋饺
10659,培红菜蘑菇毛豆肉丝|家常豆腐|木耳莴笋|椒盐带鱼|米饭|酸辣土豆丝
1066,大白菜|油豆腐烧肉|米饭|青椒水面筋/木耳西兰
10660,家常豆腐|木耳莴笋|米饭|葱油芋头/红烧萝卜|葱油鸡
10661,培红菜蘑菇毛豆肉丝|扎肉|油爆虾|油麦菜|米饭|葱油芋头/红烧萝卜|青韭南瓜丝
10662,家常豆腐|扎肉|油麦菜|盐菜黄豆芽|米饭
10663,千张结烧肉|家常豆腐|木耳莴笋|米饭|葱油鸡
10664,木耳莴笋|米饭|葱油芋头/红烧萝卜|葱油鸡|青韭南瓜丝
10665,培红菜蘑菇毛豆肉丝|家常豆腐|木耳莴笋|米饭|青韭南瓜丝
10666,培红菜蘑菇毛豆肉丝|木耳莴笋|油麦菜|米饭|葱油鸡
10667,米饭|酸辣土豆丝|青韭南瓜丝
10668,千张结烧肉|培红菜蘑菇毛豆肉丝|木耳莴笋|油麦菜|米饭|葱油芋头/红烧萝卜|青韭南瓜丝
10669,培红菜蘑菇毛豆肉丝|木耳莴笋|米饭|葱油芋头/红烧萝卜|葱油鸡|青韭南瓜丝
1067,大白菜|青椒水面筋/木耳西兰
10670,培红菜蘑菇毛豆肉丝|家常豆腐|木耳莴笋|椒盐带鱼|油爆虾|盐菜黄豆芽|米饭|葱油鸡|青韭南瓜丝
10671,千张结烧肉|木耳莴笋|油麦菜|盐菜黄豆芽|米饭|葱油鸡|雪菜蛋饺
10672,盐菜黄豆芽|米饭|茭白肉丝小炒
10673,培红菜蘑菇毛豆肉丝|家常豆腐|米饭|葱油鸡|雪菜蛋饺
10674,扎肉
10675,扎肉
10676,培红菜蘑菇毛豆肉丝|油麦菜|米饭|葱油鸡|酸辣土豆丝
10677,米饭
10678,培红菜蘑菇毛豆肉丝|扎肉|木耳莴笋|米饭|葱油芋头/红烧萝卜|酸辣土豆丝|雪菜蛋饺
10679,千张结烧肉|油爆虾|油麦菜|米饭|葱油鸡
1068,包菜粉丝|米饭|醋溜鱼/宫保鸡丁|鸡米花/辣子鸡
10680,家常豆腐|木耳莴笋|盐菜黄豆芽|米饭|葱油鸡|雪菜蛋饺
10681,千张结烧肉|培红菜蘑菇毛豆肉丝|扎肉|米饭|葱油芋头/红烧萝卜|雪菜蛋饺|青韭南瓜丝
10682,家常豆腐|米饭|茭白肉丝小炒|酸辣土豆丝|青韭南瓜丝
10683,千张结烧肉|木耳莴笋|米饭|酸辣土豆丝|雪菜蛋饺
10684,千张结烧肉|培红菜蘑菇毛豆肉丝|家常豆腐|木耳莴笋|米饭|葱油芋头/红烧萝卜|雪菜蛋饺|青韭南瓜丝
10685,米饭|雪菜蛋饺
10686,扎肉
10687,卤鸭|青椒水面筋
10688,付皮包|大排|木耳莴笋|米饭|虎皮尖椒/西葫芦炒蛋
10689,木耳莴笋|米饭|肉末粉条|虎皮蛋烧肉|香菇肉丝
1069,包菜粉丝|大白菜|米饭|花椒排骨|醋溜鱼/宫保鸡丁|青椒水面筋/木耳西兰|鸡米花/辣子鸡
10690,三色绿豆芽|卤鸭|大排|木耳莴笋|盐水虾|盐焗鸡|葱油娃娃菜|虎皮尖椒/西葫芦炒蛋|虎皮蛋烧肉|长豆香干肉丝|香菇肉丝
10691,付皮包|米饭|肉末粉条|葱油娃娃菜|虎皮蛋烧肉|青椒水面筋|香菇肉丝
10692,卤鸭|米饭|葱油娃娃菜|虎皮尖椒/西葫芦炒蛋|虎皮蛋烧肉|青菜
10693,付皮包|卤鸭|米饭|葱油娃娃菜|虎皮尖椒/西葫芦炒蛋|虎皮蛋烧肉|青椒藕片|青菜
10694,付皮包|木耳莴笋|米饭|香菇肉丝
10695,付皮包|米饭|虎皮尖椒/西葫芦炒蛋|长豆香干肉丝|青椒藕片
10696,三色绿豆芽|付皮包|木耳莴笋|盐水虾|盐焗鸡|米饭|虎皮尖椒/西葫芦炒蛋|青椒藕片
10697,卤鸭|大排|木耳莴笋|米饭|葱油娃娃菜|虎皮尖椒/西葫芦炒蛋|香菇肉丝
10698,大排|米饭|虎皮尖椒/西葫芦炒蛋|青椒水面筋|香菇肉丝
10699,大排|盐水虾|米饭|葱油娃娃菜|虎皮尖椒/西葫芦炒蛋|青菜
1070,大白菜|米饭|花椒排骨|青椒水面筋/木耳西兰
10700,付皮包|卤鸭|米饭|香菇肉丝
10701,付皮包|盐水虾|盐焗鸡|米饭|葱油娃娃菜
10702,付皮包|木耳莴笋|盐水虾|米饭|肉末粉条|葱油娃娃菜|葱油扇贝|虎皮尖椒/西葫芦炒蛋|青菜
10703,三色绿豆芽|付皮包|卤鸭|米饭|葱油娃娃菜|虎皮尖椒/西葫芦炒蛋|香菇肉丝
10704,付皮包|卤鸭|木耳莴笋|米饭|虎皮尖椒/西葫芦炒蛋|长豆香干肉丝|青椒藕片
10705,盐水虾|米饭|肉末粉条|虎皮尖椒/西葫芦炒蛋|虎皮蛋烧肉
10706,大排|米饭|长豆香干肉丝
10707,卤鸭|大排|盐水虾|盐焗鸡|虎皮尖椒/西葫芦炒蛋|虎皮蛋烧肉
10708,卤鸭|米饭|肉末粉条|葱油扇贝|青椒水面筋
10709,木耳莴笋|盐水虾|米饭|肉末粉条|虎皮尖椒/西葫芦炒蛋|青椒水面筋
1071,大白菜|油豆腐烧肉|米饭|花椒排骨|青椒水面筋/木耳西兰|青瓜花生米/青椒炒蛋|鸡米花/辣子鸡
10710,大排|米饭|葱油娃娃菜|青椒水面筋
10711,卤鸭|米饭|葱油娃娃菜|虎皮蛋烧肉|青椒藕片
10712,卤鸭|盐焗鸡|米饭|虎皮蛋烧肉|长豆香干肉丝|青菜
10713,三色绿豆芽|大排|盐焗鸡|米饭|葱油娃娃菜
10714,付皮包|米饭|肉末粉条|长豆香干肉丝
10715,盐水虾|盐焗鸡|米饭|葱油娃娃菜|青菜
10716,卤鸭|米饭|长豆香干肉丝
10717,付皮包|大排|米饭|肉末粉条|虎皮尖椒/西葫芦炒蛋|青椒水面筋
10718,三色绿豆芽|卤鸭|盐水虾|米饭|葱油娃娃菜|虎皮尖椒/西葫芦炒蛋|香菇肉丝
10719,付皮包|米饭|虎皮尖椒/西葫芦炒蛋|虎皮蛋烧肉|青椒藕片|青菜
1072,包菜粉丝|米饭|醋溜鱼/宫保鸡丁|青椒水面筋/木耳西兰|青瓜花生米/青椒炒蛋
10720,卤鸭|米饭|葱油娃娃菜|香菇肉丝
10721,三色绿豆芽|米饭|葱油娃娃菜|虎皮蛋烧肉|青椒藕片
10722,付皮包|米饭|葱油娃娃菜|虎皮尖椒/西葫芦炒蛋|青椒水面筋
10723,大排|米饭|葱油娃娃菜|虎皮尖椒/西葫芦炒蛋|青椒藕片
10724,付皮包|卤鸭|米饭|葱油娃娃菜|虎皮蛋烧肉
10725,付皮包|米饭|葱油娃娃菜|长豆香干肉丝
10726,三色绿豆芽|盐水虾|米饭|肉末粉条|葱油娃娃菜|虎皮尖椒/西葫芦炒蛋|青椒藕片
10727,付皮包|卤鸭|木耳莴笋|盐焗鸡|米饭|青菜|香菇肉丝
10728,卤鸭|盐水虾|米饭|葱油扇贝|青菜
10729,卤鸭|大排|米饭|虎皮尖椒/西葫芦炒蛋|青椒水面筋
1073,干菜长江豆|米饭|花椒排骨|醋溜鱼/宫保鸡丁|青椒水面筋/木耳西兰|青瓜花生米/青椒炒蛋|鸡米花/辣子鸡
10730,盐水虾|盐焗鸡|米饭|肉末粉条|葱油娃娃菜|虎皮尖椒/西葫芦炒蛋|青椒水面筋|香菇肉丝
10731,米饭|葱油娃娃菜
10732,米饭|虎皮尖椒/西葫芦炒蛋|青菜
10733,付皮包|卤鸭|盐焗鸡|米饭|虎皮尖椒/西葫芦炒蛋|虎皮蛋烧肉|香菇肉丝
10734,付皮包|米饭|肉末粉条|葱油娃娃菜|虎皮尖椒/西葫芦炒蛋|虎皮蛋烧肉|青菜
10735,木耳莴笋|盐水虾|米饭|虎皮蛋烧肉
10736,卤鸭|木耳莴笋|米饭|葱油娃娃菜|虎皮尖椒/西葫芦炒蛋|长豆香干肉丝|青椒藕片|香菇肉丝
10737,付皮包|米饭|葱油娃娃菜|长豆香干肉丝
10738,卤鸭|盐水虾|米饭|葱油娃娃菜|虎皮尖椒/西葫芦炒蛋|香菇肉丝
10739,三色绿豆芽|木耳莴笋|盐焗鸡|米饭|肉末粉条|葱油娃娃菜
1074,油豆腐烧肉|米饭|醋溜鱼/宫保鸡丁|青瓜花生米/青椒炒蛋
10740,盐水虾|米饭|葱油娃娃菜|虎皮尖椒/西葫芦炒蛋
10741,木耳莴笋|米饭|葱油娃娃菜|青椒水面筋|青菜|香菇肉丝
10742,付皮包|米饭|虎皮尖椒/西葫芦炒蛋|青菜|香菇肉丝
10743,三色绿豆芽|米饭|肉末粉条|葱油娃娃菜|长豆香干肉丝|青椒水面筋|青椒藕片
10744,付皮包|卤鸭|米饭|葱油娃娃菜|葱油扇贝|虎皮尖椒/西葫芦炒蛋|虎皮蛋烧肉|青椒藕片
10745,卤鸭|米饭|肉末粉条|葱油娃娃菜|葱油扇贝|虎皮尖椒/西葫芦炒蛋|长豆香干肉丝
10746,付皮包|米饭|肉末粉条|虎皮尖椒/西葫芦炒蛋|虎皮蛋烧肉|香菇肉丝
10747,三色绿豆芽|卤鸭|盐焗鸡|米饭|葱油娃娃菜|虎皮尖椒/西葫芦炒蛋
10748,三色绿豆芽|卤鸭|木耳莴笋|盐焗鸡|米饭|虎皮蛋烧肉
10749,卤鸭|木耳莴笋|盐水虾|米饭|虎皮尖椒/西葫芦炒蛋
1075,包菜粉丝|油豆腐烧肉|米饭|鸡米花/辣子鸡
10750,盐水虾|盐焗鸡|米饭|葱油娃娃菜|青椒水面筋|香菇肉丝
10751,付皮包|大排|米饭|肉末粉条|葱油娃娃菜|青椒藕片|香菇肉丝
10752,木耳莴笋|米饭|虎皮尖椒/西葫芦炒蛋|青椒藕片|香菇肉丝
10753,米饭|葱油扇贝|虎皮尖椒/西葫芦炒蛋|虎皮蛋烧肉|香菇肉丝
10754,大排|米饭|虎皮尖椒/西葫芦炒蛋
10755,大排|米饭|葱油娃娃菜|长豆香干肉丝|香菇肉丝
10756,米饭|肉末粉条|虎皮蛋烧肉|青椒水面筋|香菇肉丝
10757,卤鸭|米饭|葱油娃娃菜
10758,三色绿豆芽|卤鸭|大排|米饭|葱油娃娃菜|葱油扇贝
10759,卤鸭|盐水虾|米饭|虎皮尖椒/西葫芦炒蛋|香菇肉丝
1076,包菜粉丝|大白菜|油豆腐烧肉|米饭|花椒排骨|青瓜花生米/青椒炒蛋
10760,三色绿豆芽|米饭|葱油娃娃菜|葱油扇贝|虎皮蛋烧肉
10761,大排|木耳莴笋|盐焗鸡|米饭|葱油娃娃菜|虎皮尖椒/西葫芦炒蛋|香菇肉丝
10762,米饭|葱油娃娃菜|葱油扇贝|虎皮尖椒/西葫芦炒蛋|青椒藕片
10763,三色绿豆芽|卤鸭|米饭|葱油娃娃菜|虎皮尖椒/西葫芦炒蛋|青椒藕片
10764,盐水虾|米饭|虎皮尖椒/西葫芦炒蛋|长豆香干肉丝|香菇肉丝
10765,付皮包|大排|木耳莴笋|盐水虾|米饭|葱油娃娃菜|虎皮尖椒/西葫芦炒蛋|虎皮蛋烧肉|青菜
10766,卤鸭|木耳莴笋|盐焗鸡|葱油娃娃菜|虎皮蛋烧肉|长豆香干肉丝|青椒藕片|香菇肉丝
10767,卤鸭|大排|木耳莴笋|米饭|青椒藕片
10768,卤鸭|米饭|葱油娃娃菜|虎皮尖椒/西葫芦炒蛋|虎皮蛋烧肉|青椒水面筋
10769,卤鸭|大排|木耳莴笋|米饭|葱油扇贝|虎皮尖椒/西葫芦炒蛋
1077,油豆腐烧肉|米饭|醋溜鱼/宫保鸡丁|青瓜花生米/青椒炒蛋
10770,三色绿豆芽|付皮包|盐焗鸡|米饭|葱油娃娃菜|青椒水面筋|香菇肉丝
10771,卤鸭|大排|米饭|葱油扇贝|虎皮尖椒/西葫芦炒蛋|虎皮蛋烧肉|青菜|香菇肉丝
10772,卤鸭|盐水虾|米饭|虎皮尖椒/西葫芦炒蛋
10773,卤鸭|米饭|葱油娃娃菜|虎皮蛋烧肉|青椒水面筋
10774,卤鸭|盐水虾|米饭|葱油娃娃菜|青椒藕片
10775,卤鸭|米饭|葱油娃娃菜|葱油扇贝|虎皮尖椒/西葫芦炒蛋|虎皮蛋烧肉|青椒藕片|青菜
10776,三色绿豆芽|卤鸭|大排|米饭|虎皮尖椒/西葫芦炒蛋
10777,米饭|虎皮尖椒/西葫芦炒蛋|长豆香干肉丝|青椒藕片
10778,付皮包|木耳莴笋|盐水虾|盐焗鸡|米饭|肉末粉条|葱油娃娃菜|虎皮尖椒/西葫芦炒蛋|虎皮蛋烧肉
10779,三色绿豆芽|卤鸭|盐水虾|米饭|肉末粉条|葱油娃娃菜|虎皮尖椒/西葫芦炒蛋
1078,干菜长江豆|油豆腐烧肉|米饭|鸡米花/辣子鸡
10780,三色绿豆芽|卤鸭|木耳莴笋|盐水虾|米饭|虎皮尖椒/西葫芦炒蛋
10781,付皮包|卤鸭|米饭|虎皮尖椒/西葫芦炒蛋|青椒藕片
10782,卤鸭|木耳莴笋|盐水虾|米饭|肉末粉条|葱油娃娃菜|虎皮尖椒/西葫芦炒蛋
10783,米饭|虎皮尖椒/西葫芦炒蛋|长豆香干肉丝|青菜
10784,木耳莴笋|米饭|虎皮尖椒/西葫芦炒蛋
10785,盐水虾|米饭|葱油娃娃菜|虎皮尖椒/西葫芦炒蛋
10786,三色绿豆芽|付皮包|米饭|虎皮尖椒/西葫芦炒蛋|长豆香干肉丝|青椒藕片
10787,付皮包|大排|木耳莴笋|盐水虾|盐焗鸡|米饭|肉末粉条|葱油娃娃菜|虎皮尖椒/西葫芦炒蛋|青椒藕片|青菜
10788,卤鸭|大排|木耳莴笋|盐水虾|盐焗鸡|米饭|虎皮尖椒/西葫芦炒蛋|香菇肉丝
10789,卤鸭|米饭|葱油娃娃菜|虎皮尖椒/西葫芦炒蛋|青菜
1079,大白菜|米饭|花椒排骨|青椒水面筋/木耳西兰
10790,卤鸭|米饭|肉末粉条|虎皮尖椒/西葫芦炒蛋|青椒水面筋|青椒藕片|青菜
10791,卤鸭|大排|盐水虾|盐焗鸡|米饭|虎皮尖椒/西葫芦炒蛋
10792,大排|木耳莴笋|米饭|肉末粉条|葱油娃娃菜
10793,付皮包|卤鸭|大排|盐水虾|米饭|虎皮尖椒/西葫芦炒蛋|虎皮蛋烧肉|青椒水面筋|青菜
10794,卤鸭|盐水虾|肉末粉条|虎皮尖椒/西葫芦炒蛋|虎皮蛋烧肉|青椒水面筋|香菇肉丝
10795,盐水虾|米饭|葱油娃娃菜|葱油扇贝|青椒水面筋|青菜
10796,大排|米饭|虎皮尖椒/西葫芦炒蛋|香菇肉丝
10797,卤鸭|米饭|青椒水面筋|青椒藕片
10798,大排|米饭|葱油娃娃菜|葱油扇贝|青椒水面筋
10799,付皮包|卤鸭|木耳莴笋|盐水虾|米饭|虎皮蛋烧肉|青菜
1080,大白菜|米饭|花椒排骨|醋溜鱼/宫保鸡丁|青椒水面筋/木耳西兰|青瓜花生米/青椒炒蛋
10800,卤鸭|盐水虾|米饭|葱油娃娃菜|虎皮蛋烧肉|青椒藕片
10801,三色绿豆芽|付皮包|卤鸭|大排|米饭|青椒水面筋|香菇肉丝
10802,盐水虾|米饭|葱油娃娃菜|青椒水面筋
10803,大排|葱油娃娃菜
10804,米饭|虎皮尖椒/西葫芦炒蛋|青椒藕片|青菜
10805,卤鸭|盐水虾|米饭|葱油娃娃菜
10806,卤鸭|米饭|葱油娃娃菜|葱油扇贝|虎皮蛋烧肉|青椒藕片
10807,卤鸭|盐水虾|米饭|肉末粉条|葱油娃娃菜|虎皮尖椒/西葫芦炒蛋|香菇肉丝
10808,三色绿豆芽|卤鸭|大排|肉末粉条|葱油娃娃菜|虎皮尖椒/西葫芦炒蛋|香菇肉丝
10809,盐水虾|米饭|葱油娃娃菜|虎皮蛋烧肉|香菇肉丝
1081,包菜粉丝|大白菜|米饭|花椒排骨|醋溜鱼/宫保鸡丁|青椒水面筋/木耳西兰|青瓜花生米/青椒炒蛋|鸡米花/辣子鸡
10810,盐焗鸡|葱油娃娃菜|青椒水面筋
10811,三色绿豆芽|大排|盐水虾|米饭|肉末粉条|虎皮尖椒/西葫芦炒蛋|香菇肉丝
10812,卤鸭|米饭|虎皮尖椒/西葫芦炒蛋|青椒水面筋
10813,大排|盐水虾|米饭|葱油娃娃菜|香菇肉丝
10814,三色绿豆芽|大排|木耳莴笋|盐水虾|米饭|香菇肉丝
10815,卤鸭|米饭|葱油娃娃菜|虎皮尖椒/西葫芦炒蛋|长豆香干肉丝|青椒水面筋|青椒藕片
10816,三色绿豆芽|大排|木耳莴笋|盐焗鸡|米饭|虎皮尖椒/西葫芦炒蛋|香菇肉丝
10817,米饭|葱油娃娃菜|虎皮蛋烧肉|青椒水面筋
10818,三色绿豆芽|盐水虾|盐焗鸡|米饭|蒜苗香干肉丝|香菇肉丝
10819,三色绿豆芽|大排|盐水虾|盐焗鸡|米饭|虎皮尖椒/西葫芦炒蛋|虎皮蛋烧肉
1082,包菜粉丝|干菜长江豆|米饭|醋溜鱼/宫保鸡丁|青瓜花生米/青椒炒蛋
10820,卤鸭|米饭|葱油娃娃菜|虎皮尖椒/西葫芦炒蛋|青椒水面筋|青椒藕片
10821,卤鸭|木耳莴笋|盐水虾|米饭
10822,三色绿豆芽|大排|盐焗鸡|米饭|虎皮尖椒/西葫芦炒蛋|香菇肉丝
10823,盐焗鸡|米饭|虎皮尖椒/西葫芦炒蛋|长豆香干肉丝|青椒水面筋|青椒藕片|青菜
10824,卤鸭|盐焗鸡|米饭|蒜苗香干肉丝|虎皮尖椒/西葫芦炒蛋|虎皮蛋烧肉
10825,大排|木耳莴笋|盐水虾|米饭|葱油扇贝|青椒藕片|青菜|香菇肉丝
10826,三色绿豆芽|大排|木耳莴笋|米饭|蒜苗香干肉丝
10827,米饭|葱油娃娃菜|蒜苗香干肉丝|虎皮尖椒/西葫芦炒蛋|长豆香干肉丝|青菜
10828,三色绿豆芽|大排|盐水虾|米饭|葱油娃娃菜|青椒水面筋
10829,卤鸭|米饭|葱油娃娃菜|虎皮蛋烧肉|青菜
1083,花椒排骨|醋溜鱼/宫保鸡丁|青椒水面筋/木耳西兰
10830,盐水虾|葱油娃娃菜|虎皮尖椒/西葫芦炒蛋|青椒水面筋|青椒藕片
10831,卤鸭|大排|木耳莴笋|盐水虾|米饭|葱油娃娃菜|虎皮尖椒/西葫芦炒蛋|青椒藕片
10832,三色绿豆芽|卤鸭|盐焗鸡|米饭|葱油娃娃菜
10833,卤鸭|米饭|虎皮尖椒/西葫芦炒蛋|虎皮蛋烧肉|长豆香干肉丝|青菜
10834,三色绿豆芽|木耳莴笋|盐焗鸡|米饭|葱油娃娃菜|虎皮尖椒/西葫芦炒蛋
10835,卤鸭|大排|盐水虾|盐焗鸡|米饭|葱油娃娃菜|葱油扇贝|青椒水面筋|青菜
10836,盐水虾|葱油娃娃菜|葱油扇贝|蒜苗香干肉丝
10837,油麦菜|米饭|肉末粉条|虎皮尖椒/西葫芦炒蛋|虎皮蛋烧肉|长豆香干肉丝|青椒藕片|青菜
10838,三色绿豆芽|卤鸭|木耳莴笋|米饭|葱油扇贝
10839,三色绿豆芽|油麦菜|米饭|蒜苗香干肉丝|虎皮尖椒/西葫芦炒蛋|虎皮蛋烧肉|香菇肉丝
1084,米饭|青椒水面筋/木耳西兰|鸡米花/辣子鸡
10840,盐水虾|米饭|葱油娃娃菜|葱油扇贝|虎皮尖椒/西葫芦炒蛋|长豆香干肉丝
10841,卤鸭|油麦菜|盐水虾|米饭|长豆香干肉丝|青椒藕片
10842,卤鸭|盐焗鸡|米饭|虎皮尖椒/西葫芦炒蛋
10843,大排|木耳莴笋|盐水虾|盐焗鸡|米饭|葱油娃娃菜|虎皮蛋烧肉
10844,木耳莴笋|油麦菜|盐水虾|盐焗鸡|米饭|蒜苗香干肉丝|青椒藕片
10845,卤鸭|油麦菜|盐水虾|虎皮尖椒/西葫芦炒蛋|香菇肉丝
10846,卤鸭|油麦菜|盐水虾|米饭|葱油娃娃菜|蒜苗香干肉丝|虎皮蛋烧肉|青椒藕片|香菇肉丝
10847,大排|盐水虾|米饭|葱油娃娃菜|葱油扇贝|虎皮尖椒/西葫芦炒蛋|长豆香干肉丝|青椒藕片|青菜|香菇肉丝
10848,大排|米饭|蒜苗香干肉丝|青椒藕片|香菇肉丝
10849,三色绿豆芽|卤鸭|木耳莴笋|肉末粉条|葱油扇贝|青椒藕片
1085,大白菜|米饭|花椒排骨|青瓜花生米/青椒炒蛋|鱼香杏鲍菇炒肉
10850,三色绿豆芽|大排|油麦菜|米饭|虎皮尖椒/西葫芦炒蛋|虎皮蛋烧肉|香菇肉丝
10851,卤鸭|大排|油麦菜|盐水虾|米饭|葱油娃娃菜|青菜
10852,盐水虾|米饭|蒜苗香干肉丝|虎皮尖椒/西葫芦炒蛋|虎皮蛋烧肉
10853,卤鸭|大排|盐水虾|米饭|葱油娃娃菜|虎皮蛋烧肉|香菇肉丝
10854,油麦菜|盐水虾|米饭|虎皮尖椒/西葫芦炒蛋|虎皮蛋烧肉
10855,盐水虾|米饭|虎皮尖椒/西葫芦炒蛋|虎皮蛋烧肉|青椒水面筋|青椒藕片|香菇肉丝
10856,油麦菜|盐水虾|米饭|葱油扇贝|青椒水面筋
10857,木耳莴笋|米饭|蒜苗香干肉丝|虎皮蛋烧肉|长豆香干肉丝
10858,卤鸭|虎皮蛋烧肉
10859,大排|油麦菜|米饭|葱油扇贝|虎皮尖椒/西葫芦炒蛋
1086,包菜粉丝|油豆腐烧肉|米饭|花椒排骨|青椒水面筋/木耳西兰|青瓜花生米/青椒炒蛋|鸡米花/辣子鸡
10860,三色绿豆芽|大排|木耳莴笋|油麦菜|米饭|虎皮尖椒/西葫芦炒蛋|青椒水面筋
10861,大排|油麦菜|盐水虾|米饭|香菇肉丝
10862,大排|木耳莴笋|米饭|肉末粉条|虎皮尖椒/西葫芦炒蛋
10863,盐水虾|米饭|蒜苗香干肉丝|虎皮尖椒/西葫芦炒蛋|虎皮蛋烧肉|香菇肉丝
10864,米饭|葱油娃娃菜|蒜苗香干肉丝|青椒水面筋
10865,三色绿豆芽|大排|米饭|肉末粉条|虎皮尖椒/西葫芦炒蛋|青椒水面筋
10866,米饭|肉末粉条|虎皮蛋烧肉|青菜|香菇肉丝
10867,三色绿豆芽|盐水虾|米饭|蒜苗香干肉丝|虎皮尖椒/西葫芦炒蛋
10868,卤鸭|米饭|虎皮蛋烧肉|青椒水面筋|香菇肉丝
10869,三色绿豆芽|卤鸭|米饭|虎皮尖椒/西葫芦炒蛋|虎皮蛋烧肉|长豆香干肉丝|青椒水面筋
1087,干菜长江豆|油豆腐烧肉|米饭|醋溜鱼/宫保鸡丁|青椒水面筋/木耳西兰|青瓜花生米/青椒炒蛋|鸡米花/辣子鸡
10870,大排|木耳莴笋|米饭|葱油娃娃菜|青椒藕片|青菜|香菇肉丝
10871,大排|米饭|蒜苗香干肉丝|虎皮蛋烧肉|长豆香干肉丝|青椒藕片
10872,木耳莴笋|油麦菜|米饭|肉末粉条
10873,大排|油麦菜|米饭|虎皮尖椒/西葫芦炒蛋
10874,大排|木耳莴笋|油麦菜|盐水虾|米饭|虎皮尖椒/西葫芦炒蛋|香菇肉丝
10875,米饭|葱油扇贝|虎皮蛋烧肉|长豆香干肉丝|青菜
10876,三色绿豆芽|大排|木耳莴笋|油麦菜|米饭|蒜苗香干肉丝
10877,木耳莴笋|油麦菜|盐水虾|米饭|虎皮尖椒/西葫芦炒蛋
10878,大排|油麦菜|米饭|葱油扇贝|青菜|香菇肉丝
10879,大排|木耳莴笋|盐水虾|米饭|虎皮尖椒/西葫芦炒蛋|香菇肉丝
1088,包菜粉丝|米饭|花椒排骨|青椒水面筋/木耳西兰|青瓜花生米/青椒炒蛋|鸡米花/辣子鸡
10880,米饭|长豆香干肉丝|青椒藕片
10881,三色绿豆芽|大排|油麦菜|盐水虾|米饭|蒜苗香干肉丝|虎皮尖椒/西葫芦炒蛋
10882,木耳莴笋|油麦菜|米饭|肉末粉条|虎皮蛋烧肉
10883,油麦菜|盐水虾|米饭|长豆香干肉丝
10884,三色绿豆芽|油麦菜|米饭|肉末粉条|虎皮蛋烧肉
10885,三色绿豆芽|木耳莴笋|米饭|蒜苗香干肉丝|香菇肉丝
10886,盐水虾|米饭|蒜苗香干肉丝|虎皮蛋烧肉|青椒水面筋|青椒藕片
10887,三色绿豆芽|米饭|长豆香干肉丝
10888,米饭|虎皮蛋烧肉|青菜
10889,木耳莴笋|米饭|虎皮蛋烧肉|青椒水面筋
1089,大白菜|油豆腐烧肉|米饭|花椒排骨|醋溜鱼/宫保鸡丁|青椒水面筋/木耳西兰|青瓜花生米/青椒炒蛋|鸡米花/辣子鸡
10890,盐水虾|米饭|葱油扇贝|青椒水面筋
10891,油麦菜|盐水虾|米饭|蒜苗香干肉丝
10892,盐水虾|米饭|虎皮蛋烧肉
10893,大排|木耳莴笋|米饭|青椒藕片|香菇肉丝
10894,三色绿豆芽|米饭|青菜|香菇肉丝
10895,大排|油麦菜|米饭|青椒水面筋
10896,三色绿豆芽|米饭|虎皮蛋烧肉|青椒水面筋
10897,木耳莴笋|米饭|葱油扇贝|蒜苗香干肉丝|青椒藕片
10898,三色绿豆芽|米饭|肉末粉条|蒜苗香干肉丝|虎皮蛋烧肉
10899,米饭|葱油娃娃菜|虎皮蛋烧肉|青椒藕片
1090,大白菜|米饭|醋溜鱼/宫保鸡丁|青椒水面筋/木耳西兰|鸡米花/辣子鸡
10900,三色绿豆芽|大排|木耳莴笋|盐水虾|米饭|肉末粉条|蒜苗香干肉丝|虎皮蛋烧肉|青椒藕片|青菜
10901,三色绿豆芽|盐水虾|米饭|葱油娃娃菜|虎皮蛋烧肉|青椒水面筋
10902,米饭|葱油娃娃菜|蒜苗香干肉丝|虎皮蛋烧肉|青椒水面筋|青菜
10903,油麦菜|盐水虾|米饭|虎皮蛋烧肉|长豆香干肉丝
10904,三色绿豆芽|木耳莴笋|盐水虾|米饭|香菇肉丝
10905,三色绿豆芽|米饭|葱油娃娃菜|虎皮蛋烧肉
10906,木耳莴笋|盐水虾|米饭|蒜苗香干肉丝|虎皮蛋烧肉|青椒藕片|香菇肉丝
10907,三色绿豆芽|木耳莴笋|米饭|蒜苗香干肉丝
10908,三色绿豆芽|油麦菜|盐水虾|米饭|虎皮蛋烧肉|青椒水面筋|青椒藕片
10909,三色绿豆芽|油麦菜|米饭|蒜苗香干肉丝|虎皮蛋烧肉|青椒水面筋
1091,包菜粉丝|油豆腐烧肉|米饭|醋溜鱼/宫保鸡丁|青椒水面筋/木耳西兰|鱼香杏鲍菇炒肉|鸡米花/辣子鸡
10910,油麦菜|米饭|虎皮蛋烧肉|青椒水面筋|香菇肉丝
10911,三色绿豆芽|大排|油麦菜|米饭|蒜苗香干肉丝|虎皮蛋烧肉|香菇肉丝
10912,三色绿豆芽|木耳莴笋|米饭|蒜苗香干肉丝|虎皮蛋烧肉|青椒水面筋|香菇肉丝
10913,米饭|长豆香干肉丝|青菜
10914,油麦菜|米饭|蒜苗香干肉丝|虎皮蛋烧肉|青椒水面筋|香菇肉丝
10915,葱油娃娃菜|虎皮蛋烧肉
10916,三色绿豆芽|大排|盐水虾|米饭|青椒水面筋|青椒藕片
10917,米饭
10918,大排|盐水虾|米饭|葱油娃娃菜|虎皮蛋烧肉|长豆香干肉丝|青菜
10919,米饭|葱油娃娃菜|虎皮蛋烧肉|长豆香干肉丝|青菜
1092,米饭|花椒排骨|青椒水面筋/木耳西兰|青瓜花生米/青椒炒蛋|鱼香杏鲍菇炒肉
10920,三色绿豆芽|木耳莴笋|米饭|长豆香干肉丝|青椒藕片
10921,盐水虾|米饭|蒜苗香干肉丝|青椒水面筋|香菇肉丝
10922,木耳莴笋|米饭|蒜苗香干肉丝|虎皮蛋烧肉|青椒水面筋|青椒藕片
10923,米饭|葱油扇贝|蒜苗香干肉丝|青椒水面筋
10924,米饭|长豆香干肉丝|青椒藕片
10925,米饭|蒜苗香干肉丝|虎皮蛋烧肉|青椒藕片
10926,葱油扇贝|虎皮蛋烧肉|青椒水面筋|青椒藕片
10927,米饭
10928,米饭
10929,米饭|蒜苗香干肉丝|虎皮蛋烧肉|青菜
1093,包菜粉丝|米饭|花椒排骨|青椒水面筋/木耳西兰
10930,米饭|青椒藕片|青菜
10931,培红菜蘑菇毛豆肉丝|木耳花菜|红烧排骨|花菜|茄子长江豆|雪菜蛋饺|青椒水面筋
10932,三色绿豆芽|千张结烧肉|米饭|红烧排骨|茄子长江豆|葱油芋头/红烧萝卜|葱油金针菇|西葫芦炒蛋|雪菜蛋饺
10933,宫保鸡丁|米饭|茄子长江豆|葱油芋头/红烧萝卜|香酥鸡排
10934,扎肉|木耳花菜|米饭|葱油芋头/红烧萝卜
10935,千张结烧肉|宫保鸡丁|米饭|红烧排骨|葱油金针菇
10936,宫保鸡丁|米饭|葱油金针菇
10937,宫保鸡丁|米饭|红烧排骨|青菜
10938,培红菜蘑菇毛豆肉丝|米饭|西葫芦炒蛋
10939,三色绿豆芽|千张结烧肉|宫保鸡丁|米饭|花椒鸭|芹菜香干|西葫芦炒蛋
1094,包菜粉丝|大白菜|油豆腐烧肉|米饭|花椒排骨|醋溜鱼/宫保鸡丁|青椒水面筋/木耳西兰|青瓜花生米/青椒炒蛋
10940,三色绿豆芽|宫保鸡丁|盐水虾|米饭|红烧排骨|西葫芦炒蛋|香酥鸡排
10941,宫保鸡丁|木耳花菜|盐水虾|米饭|红烧排骨|葱油金针菇|青菜
10942,盐水虾|米饭|茄子长江豆|葱油芋头/红烧萝卜|葱油金针菇|葱油鸡|青椒水面筋|香酥鸡排
10943,扎肉|米饭|葱油芋头/红烧萝卜|香酥鸡排
10944,米饭|花椒鸭|茄子长江豆|西葫芦炒蛋
10945,三色绿豆芽|千张结烧肉|宫保鸡丁|米饭|红烧排骨|茄子长江豆|葱油金针菇|西葫芦炒蛋|雪菜蛋饺
10946,米饭|花椒鸭|芹菜香干|茄子长江豆|葱油芋头/红烧萝卜|青菜
10947,培红菜蘑菇毛豆肉丝|宫保鸡丁|米饭|红烧排骨|花椒鸭|青菜
10948,米饭|芹菜香干|葱油芋头/红烧萝卜|葱油鸡|西葫芦炒蛋
10949,木耳花菜|米饭|花椒鸭|葱油芋头/红烧萝卜
1095,包菜粉丝|大白菜|米饭|花椒排骨|醋溜鱼/宫保鸡丁|青瓜花生米/青椒炒蛋|鸡米花/辣子鸡
10950,培红菜蘑菇毛豆肉丝|米饭|红烧排骨|芹菜香干|青菜
10951,三色绿豆芽|扎肉|米饭|花椒鸭|茄子长江豆|葱油芋头/红烧萝卜|葱油鸡|青菜|香酥鸡排
10952,三色绿豆芽|培红菜蘑菇毛豆肉丝|木耳花菜|米饭
10953,三色绿豆芽|米饭|茄子长江豆|葱油金针菇|葱油鸡
10954,盐水虾|米饭|茄子长江豆|葱油芋头/红烧萝卜|西葫芦炒蛋|香酥鸡排
10955,三色绿豆芽|培红菜蘑菇毛豆肉丝|宫保鸡丁|木耳花菜|盐水虾|米饭|花椒鸭|茄子长江豆|葱油芋头/红烧萝卜|葱油金针菇|香酥鸡排
10956,米饭|花椒鸭|葱油芋头/红烧萝卜|葱油金针菇
10957,培红菜蘑菇毛豆肉丝|米饭|茄子长江豆|葱油芋头/红烧萝卜|葱油金针菇
10958,千张结烧肉|宫保鸡丁|米饭|葱油芋头/红烧萝卜
10959,培红菜蘑菇毛豆肉丝|米饭|红烧排骨|芹菜香干|葱油芋头/红烧萝卜|青椒水面筋
1096,花椒排骨|醋溜鱼/宫保鸡丁|青椒水面筋/木耳西兰|鱼香杏鲍菇炒肉
10960,培红菜蘑菇毛豆肉丝|扎肉|盐水虾|葱油鸡|西葫芦炒蛋|香酥鸡排
10961,千张结烧肉|培红菜蘑菇毛豆肉丝|米饭|芹菜香干|葱油芋头/红烧萝卜|雪菜蛋饺|青椒水面筋
10962,木耳花菜|米饭|葱油芋头/红烧萝卜|西葫芦炒蛋|雪菜蛋饺|青椒水面筋|青菜
10963,木耳花菜|米饭|葱油鸡|西葫芦炒蛋
10964,宫保鸡丁|盐水虾|米饭|芹菜香干|茄子长江豆|葱油芋头/红烧萝卜|雪菜蛋饺|青菜
10965,米饭|茄子长江豆|葱油芋头/红烧萝卜|西葫芦炒蛋
10966,三色绿豆芽|宫保鸡丁|米饭|红烧排骨|花椒鸭|葱油金针菇|香酥鸡排
10967,三色绿豆芽|千张结烧肉|宫保鸡丁|米饭|西葫芦炒蛋|香酥鸡排
10968,扎肉|盐水虾|米饭|葱油芋头/红烧萝卜|青菜
10969,培红菜蘑菇毛豆肉丝|米饭|红烧排骨|西葫芦炒蛋
1097,油豆腐烧肉|米饭|花椒排骨|青椒水面筋/木耳西兰
10970,培红菜蘑菇毛豆肉丝|米饭|红烧排骨|花椒鸭|芹菜香干|葱油芋头/红烧萝卜
10971,三色绿豆芽|千张结烧肉|培红菜蘑菇毛豆肉丝|木耳花菜|盐水虾|米饭|茄子长江豆|葱油芋头/红烧萝卜|葱油金针菇|葱油鸡|西葫芦炒蛋|青椒水面筋|青菜|香酥鸡排
10972,三色绿豆芽|木耳花菜|米饭|花椒鸭|葱油芋头/红烧萝卜|葱油金针菇|葱油鸡
10973,扎肉|米饭|葱油芋头/红烧萝卜|葱油金针菇|青菜
10974,三色绿豆芽|培红菜蘑菇毛豆肉丝|宫保鸡丁|盐水虾|米饭|红烧排骨|花椒鸭|芹菜香干|茄子长江豆|香酥鸡排
10975,米饭|茄子长江豆|葱油芋头/红烧萝卜|葱油金针菇|西葫芦炒蛋|青菜
10976,三色绿豆芽|米饭|茄子长江豆|葱油芋头/红烧萝卜|西葫芦炒蛋
10977,米饭|葱油芋头/红烧萝卜|葱油鸡|雪菜蛋饺
10978,培红菜蘑菇毛豆肉丝|米饭|葱油芋头/红烧萝卜|青菜
10979,三色绿豆芽|千张结烧肉|米饭|葱油芋头/红烧萝卜|葱油金针菇|西葫芦炒蛋|雪菜蛋饺
1098,米饭|青椒水面筋/木耳西兰|青瓜花生米/青椒炒蛋|鸡米花/辣子鸡
10980,红烧排骨|芹菜香干|青椒水面筋|香酥鸡排
10981,培红菜蘑菇毛豆肉丝|木耳花菜|米饭|花椒鸭|葱油鸡
10982,培红菜蘑菇毛豆肉丝|扎肉|米饭
10983,培红菜蘑菇毛豆肉丝|盐水虾|米饭|花椒鸭|芹菜香干|葱油芋头/红烧萝卜
10984,三色绿豆芽|千张结烧肉|宫保鸡丁|米饭|西葫芦炒蛋|雪菜蛋饺|香酥鸡排
10985,扎肉|盐水虾|米饭|葱油芋头/红烧萝卜|青菜
10986,扎肉|木耳花菜|米饭|芹菜香干|葱油芋头/红烧萝卜|青椒水面筋|青菜
10987,盐水虾|米饭|芹菜香干|葱油芋头/红烧萝卜|青菜
10988,扎肉|葱油鸡
10989,培红菜蘑菇毛豆肉丝|宫保鸡丁|米饭|香酥鸡排
1099,油豆腐烧肉|米饭|青椒水面筋/木耳西兰|青瓜花生米/青椒炒蛋|鱼香杏鲍菇炒肉|鸡米花/辣子鸡
10990,培红菜蘑菇毛豆肉丝|米饭|芹菜香干|葱油芋头/红烧萝卜|葱油金针菇|青椒水面筋|青菜
10991,千张结烧肉|米饭|葱油芋头/红烧萝卜|葱油金针菇|雪菜蛋饺
10992,培红菜蘑菇毛豆肉丝|米饭|花椒鸭|芹菜香干|青菜
10993,宫保鸡丁|米饭|葱油金针菇|西葫芦炒蛋|雪菜蛋饺|香酥鸡排
10994,扎肉|米饭|葱油芋头/红烧萝卜|青椒水面筋
10995,三色绿豆芽|培红菜蘑菇毛豆肉丝|宫保鸡丁|盐水虾|米饭|茄子长江豆
10996,千张结烧肉|米饭|花椒鸭|芹菜香干|茄子长江豆
10997,培红菜蘑菇毛豆肉丝|盐水虾|米饭|芹菜香干|葱油芋头/红烧萝卜|葱油金针菇
10998,宫保鸡丁|扎肉|盐水虾|米饭|茄子长江豆|西葫芦炒蛋|香酥鸡排
10999,三色绿豆芽|千张结烧肉|米饭|茄子长江豆|葱油芋头/红烧萝卜|葱油金针菇
1100,大白菜|米饭|青椒水面筋/木耳西兰|鱼香杏鲍菇炒肉
11000,扎肉|木耳花菜|盐水虾|米饭|芹菜香干|青椒水面筋|青菜
11001,培红菜蘑菇毛豆肉丝|木耳花菜|米饭|花椒鸭|芹菜香干|葱油芋头/红烧萝卜|青菜
11002,宫保鸡丁|米饭|芹菜香干|葱油芋头/红烧萝卜|葱油鸡|雪菜蛋饺|青椒水面筋|青菜
11003,木耳花菜|盐水虾|米饭|红烧排骨|葱油芋头/红烧萝卜|青菜
11004,培红菜蘑菇毛豆肉丝|宫保鸡丁|米饭|红烧排骨|芹菜香干|茄子长江豆|葱油芋头/红烧萝卜|香酥鸡排
11005,木耳花菜|米饭|西葫芦炒蛋|青菜
11006,扎肉|盐水虾|米饭|红烧排骨|芹菜香干|葱油芋头/红烧萝卜|青菜
11007,培红菜蘑菇毛豆肉丝|宫保鸡丁|米饭|芹菜香干|葱油芋头/红烧萝卜|青椒水面筋
11008,盐水虾|米饭|花椒鸭|芹菜香干|青菜
11009,宫保鸡丁|米饭|葱油芋头/红烧萝卜|葱油鸡|香酥鸡排
1101,大白菜|干菜长江豆|油豆腐烧肉|米饭|花椒排骨|醋溜鱼/宫保鸡丁|青椒水面筋/木耳西兰|青瓜花生米/青椒炒蛋
11010,宫保鸡丁|米饭|葱油芋头/红烧萝卜|葱油鸡|雪菜蛋饺|青菜
11011,培红菜蘑菇毛豆肉丝|扎肉|盐水虾|米饭|红烧排骨|芹菜香干|青菜
11012,扎肉|木耳花菜|盐水虾|米饭|葱油芋头/红烧萝卜|西葫芦炒蛋
11013,扎肉|米饭|茄子长江豆|葱油金针菇|香酥鸡排
11014,培红菜蘑菇毛豆肉丝|木耳花菜|盐水虾|米饭|芹菜香干|葱油芋头/红烧萝卜|青椒水面筋|青菜
11015,培红菜蘑菇毛豆肉丝|木耳花菜|米饭|花椒鸭|葱油芋头/红烧萝卜|青菜
11016,千张结烧肉|宫保鸡丁|米饭|葱油芋头/红烧萝卜|葱油金针菇|雪菜蛋饺|青菜|香酥鸡排
11017,盐水虾|米饭|红烧排骨|芹菜香干|葱油芋头/红烧萝卜
11018,三色绿豆芽|宫保鸡丁|米饭|西葫芦炒蛋|香酥鸡排
11019,千张结烧肉|米饭|茄子长江豆|葱油金针菇|葱油鸡|西葫芦炒蛋|雪菜蛋饺
1102,干菜长江豆|油豆腐烧肉|米饭|花椒排骨|醋溜鱼/宫保鸡丁|青椒水面筋/木耳西兰|青瓜花生米/青椒炒蛋|鱼香杏鲍菇炒肉
11020,三色绿豆芽|千张结烧肉|培红菜蘑菇毛豆肉丝|盐水虾|米饭|茄子长江豆|葱油芋头/红烧萝卜
11021,培红菜蘑菇毛豆肉丝|米饭|花椒鸭|葱油芋头/红烧萝卜
11022,宫保鸡丁|米饭|茄子长江豆|葱油金针菇|葱油鸡|西葫芦炒蛋
11023,扎肉|盐水虾|米饭|红烧排骨|茄子长江豆|青椒水面筋
11024,宫保鸡丁|木耳花菜|盐水虾|米饭|红烧排骨|雪菜蛋饺|香酥鸡排
11025,三色绿豆芽|米饭|芹菜香干|葱油金针菇|青椒水面筋|青菜|香酥鸡排
11026,宫保鸡丁|米饭|花椒鸭|茄子长江豆|葱油金针菇|西葫芦炒蛋|雪菜蛋饺|香酥鸡排
11027,三色绿豆芽|米饭|芹菜香干|茄子长江豆|葱油鸡|西葫芦炒蛋
11028,千张结烧肉|宫保鸡丁|米饭|葱油芋头/红烧萝卜|葱油金针菇|香酥鸡排
11029,米饭|茄子长江豆|葱油芋头/红烧萝卜|葱油金针菇|葱油鸡|西葫芦炒蛋|青椒水面筋|香酥鸡排
1103,米饭|花椒排骨|青椒水面筋/木耳西兰|青瓜花生米/青椒炒蛋|鱼香杏鲍菇炒肉|鸡米花/辣子鸡
11030,宫保鸡丁|木耳花菜|米饭|香酥鸡排
11031,米饭|花椒鸭|芹菜香干|青椒水面筋|香酥鸡排
11032,扎肉|米饭|花椒鸭|芹菜香干|葱油芋头/红烧萝卜|青椒水面筋
11033,三色绿豆芽|千张结烧肉|宫保鸡丁|米饭|茄子长江豆|葱油鸡|西葫芦炒蛋|雪菜蛋饺
11034,三色绿豆芽|千张结烧肉|米饭|花椒鸭|葱油鸡|雪菜蛋饺|香酥鸡排
11035,三色绿豆芽|米饭|葱油金针菇|葱油鸡|西葫芦炒蛋|香酥鸡排
11036,三色绿豆芽|千张结烧肉|米饭|茄子长江豆|雪菜蛋饺|香酥鸡排
11037,培红菜蘑菇毛豆肉丝|木耳花菜|盐水虾|米饭|花椒鸭|葱油芋头/红烧萝卜|雪菜蛋饺
11038,千张结烧肉|宫保鸡丁|米饭|茄子长江豆|葱油金针菇|西葫芦炒蛋|香酥鸡排
11039,培红菜蘑菇毛豆肉丝|米饭|花椒鸭|葱油芋头/红烧萝卜|青椒水面筋
1104,花椒排骨|青椒水面筋/木耳西兰|鱼香杏鲍菇炒肉
11040,三色绿豆芽|千张结烧肉|宫保鸡丁|米饭|茄子长江豆|香酥鸡排
11041,包菜油付|培红菜蘑菇毛豆肉丝|宫保鸡丁|米饭|红烧排骨|葱油芋头/红烧萝卜|葱油金针菇|西葫芦炒蛋|雪菜蛋饺|香酥鸡排
11042,宫保鸡丁|米饭|葱油芋头/红烧萝卜|葱油金针菇|葱油鸡
11043,千张结烧肉|米饭|茄子长江豆|葱油金针菇|葱油鸡
11044,培红菜蘑菇毛豆肉丝|扎肉|米饭|茄子长江豆|葱油金针菇
11045,培红菜蘑菇毛豆肉丝|木耳花菜|盐水虾|米饭
11046,千张结烧肉|宫保鸡丁|米饭|葱油芋头/红烧萝卜|香酥鸡排
11047,三色绿豆芽|宫保鸡丁|米饭|茄子长江豆|葱油芋头/红烧萝卜|雪菜蛋饺|香酥鸡排
11048,包菜油付|培红菜蘑菇毛豆肉丝|米饭|青菜
11049,包菜油付|培红菜蘑菇毛豆肉丝|米饭|红烧排骨|青椒水面筋
1105,大白菜|油豆腐烧肉|米饭|青瓜花生米/青椒炒蛋|鸡米花/辣子鸡
11050,木耳花菜|米饭|红烧排骨|青菜
11051,包菜油付|扎肉|米饭|花椒鸭
11052,盐水虾|米饭|芹菜香干|葱油芋头/红烧萝卜|葱油金针菇|香酥鸡排
11053,木耳花菜|盐水虾|米饭|葱油芋头/红烧萝卜
11054,米饭|葱油芋头/红烧萝卜|葱油鸡|青菜
11055,宫保鸡丁|米饭|茄子长江豆|雪菜蛋饺|香酥鸡排
11056,包菜油付|培红菜蘑菇毛豆肉丝|宫保鸡丁|扎肉|米饭|茄子长江豆|葱油芋头/红烧萝卜|葱油金针菇|西葫芦炒蛋
11057,米饭|花椒鸭|葱油芋头/红烧萝卜|西葫芦炒蛋
11058,三色绿豆芽|培红菜蘑菇毛豆肉丝|宫保鸡丁|木耳花菜|盐水虾|米饭|茄子长江豆|葱油鸡
11059,三色绿豆芽|包菜油付|宫保鸡丁|米饭|红烧排骨|茄子长江豆
1106,包菜粉丝|油豆腐烧肉|米饭|花椒排骨|青椒水面筋/木耳西兰|鸡米花/辣子鸡
11060,盐水虾|米饭|葱油芋头/红烧萝卜|雪菜蛋饺
11061,米饭|茄子长江豆|葱油芋头/红烧萝卜|葱油鸡
11062,包菜油付|木耳花菜|盐水虾|花椒鸭|葱油芋头/红烧萝卜|葱油鸡|青菜
11063,宫保鸡丁|米饭|茄子长江豆|葱油芋头/红烧萝卜|西葫芦炒蛋|雪菜蛋饺
11064,包菜油付|千张结烧肉|宫保鸡丁|米饭|茄子长江豆|葱油鸡
11065,包菜油付|米饭|红烧排骨|青椒水面筋
11066,千张结烧肉|米饭|葱油芋头/红烧萝卜|葱油金针菇|香酥鸡排
11067,三色绿豆芽|米饭|茄子长江豆|葱油芋头/红烧萝卜|葱油金针菇|西葫芦炒蛋
11068,三色绿豆芽|米饭|葱油芋头/红烧萝卜|香酥鸡排
11069,包菜油付|培红菜蘑菇毛豆肉丝|米饭|茄子长江豆|葱油鸡|青椒水面筋
1107,包菜粉丝|米饭|花椒排骨|醋溜鱼/宫保鸡丁|青椒水面筋/木耳西兰|青瓜花生米/青椒炒蛋|鸡米花/辣子鸡
11070,花椒鸭
11071,包菜油付|木耳花菜|米饭|葱油鸡|青椒水面筋
11072,包菜油付|培红菜蘑菇毛豆肉丝|盐水虾|米饭|葱油芋头/红烧萝卜
11073,三色绿豆芽|木耳花菜|米饭|花椒鸭
11074,米饭|葱油芋头/红烧萝卜|葱油金针菇|雪菜蛋饺|香酥鸡排
11075,包菜油付|培红菜蘑菇毛豆肉丝|米饭|葱油鸡
11076,三色绿豆芽|木耳娃娃菜|盐水虾|米饭|葱油芋头/红烧萝卜
11077,宫保鸡丁|米饭|茄子长江豆|葱油芋头/红烧萝卜|葱油金针菇
11078,三色绿豆芽|包菜油付|宫保鸡丁|木耳娃娃菜|木耳花菜|米饭|葱油芋头/红烧萝卜|葱油鸡|青椒水面筋|香酥鸡排
11079,三色绿豆芽|木耳娃娃菜|米饭|葱油金针菇
1108,油豆腐烧肉|米饭|青椒水面筋/木耳西兰|青瓜花生米/青椒炒蛋|鸡米花/辣子鸡
11080,包菜油付|米饭|茄子长江豆|雪菜蛋饺|青椒水面筋
11081,宫保鸡丁|木耳娃娃菜|米饭|香酥鸡排
11082,培红菜蘑菇毛豆肉丝|木耳娃娃菜|木耳花菜|米饭|雪菜蛋饺
11083,三色绿豆芽|千张结烧肉|盐水虾|米饭|红烧排骨|茄子长江豆|葱油鸡|雪菜蛋饺|香酥鸡排
11084,米饭|葱油鸡
11085,培红菜蘑菇毛豆肉丝|宫保鸡丁|木耳娃娃菜|盐水虾|米饭|茄子长江豆|葱油金针菇|葱油鸡|香酥鸡排
11086,木耳娃娃菜|米饭|葱油芋头/红烧萝卜|葱油鸡
11087,宫保鸡丁|木耳娃娃菜|米饭|葱油鸡|雪菜蛋饺
11088,木耳娃娃菜|盐水虾|米饭|葱油芋头/红烧萝卜|葱油鸡
11089,包菜油付|培红菜蘑菇毛豆肉丝|米饭|葱油芋头/红烧萝卜|葱油鸡
1109,包菜粉丝|油豆腐烧肉|米饭|花椒排骨|青椒水面筋/木耳西兰|青瓜花生米/青椒炒蛋
11090,三色绿豆芽|木耳娃娃菜|葱油芋头/红烧萝卜|葱油金针菇|香酥鸡排
11091,木耳娃娃菜|米饭|茄子长江豆|葱油芋头/红烧萝卜|雪菜蛋饺
11092,包菜油付|盐水虾|米饭|红烧排骨|葱油芋头/红烧萝卜|青椒水面筋
11093,米饭|红烧排骨|花椒鸭|茄子长江豆|葱油金针菇
11094,三色绿豆芽|宫保鸡丁|木耳娃娃菜|米饭|红烧排骨|茄子长江豆|葱油金针菇|香酥鸡排
11095,包菜油付|木耳花菜|盐水虾|米饭|红烧排骨|葱油芋头/红烧萝卜|青椒水面筋
11096,三色绿豆芽|包菜油付|米饭|葱油鸡
11097,包菜油付|木耳花菜|盐水虾|米饭|葱油芋头/红烧萝卜|葱油鸡|青椒水面筋
11098,木耳娃娃菜|米饭|茄子长江豆|葱油芋头/红烧萝卜|葱油金针菇|雪菜蛋饺
11099,包菜油付|木耳花菜|盐水虾|米饭|葱油芋头/红烧萝卜|葱油鸡|青椒水面筋
1110,干菜长江豆|米饭|花椒排骨|青椒水面筋/木耳西兰|青瓜花生米/青椒炒蛋|鸡米花/辣子鸡
11100,三色绿豆芽|木耳花菜|盐水虾|花椒鸭|葱油芋头/红烧萝卜|葱油金针菇
11101,包菜油付|木耳娃娃菜|盐水虾|米饭|红烧排骨|香酥鸡排
11102,木耳娃娃菜|米饭|葱油金针菇|香酥鸡排
11103,木耳娃娃菜|米饭|葱油鸡|雪菜蛋饺
11104,包菜油付|培红菜蘑菇毛豆肉丝|米饭|红烧排骨|葱油芋头/红烧萝卜|葱油鸡|青椒水面筋
11105,包菜油付|宫保鸡丁|盐水虾|米饭|红烧排骨|香酥鸡排
11106,千张结烧肉|培红菜蘑菇毛豆肉丝|木耳娃娃菜|盐水虾|米饭|红烧排骨|茄子长江豆|葱油芋头/红烧萝卜|雪菜蛋饺|香酥鸡排
11107,三色绿豆芽|木耳娃娃菜|米饭|葱油芋头/红烧萝卜|雪菜蛋饺
11108,宫保鸡丁|木耳娃娃菜|米饭|糖醋里脊|葱油金针菇
11109,盐水虾|米饭|红烧排骨|葱油芋头/红烧萝卜|葱油金针菇|葱油鸡
1111,大白菜|干菜长江豆|油豆腐烧肉|米饭|花椒排骨|青椒水面筋/木耳西兰|青瓜花生米/青椒炒蛋|鱼香杏鲍菇炒肉|鸡米花/辣子鸡
11110,包菜油付|培红菜蘑菇毛豆肉丝|木耳花菜|盐水虾|米饭|红烧排骨|花椒鸭|葱油鸡|青椒水面筋
11111,木耳花菜|米饭|糖醋里脊|葱油芋头/红烧萝卜|葱油鸡
11112,培红菜蘑菇毛豆肉丝|盐水虾|米饭|糖醋里脊|葱油芋头/红烧萝卜
11113,三色绿豆芽|培红菜蘑菇毛豆肉丝|米饭|糖醋里脊|花椒鸭|茄子长江豆|葱油芋头/红烧萝卜|雪菜蛋饺|香酥鸡排
11114,盐水虾|米饭|糖醋里脊|葱油芋头/红烧萝卜|葱油鸡
11115,培红菜蘑菇毛豆肉丝|木耳花菜|米饭|花椒鸭|青椒水面筋
11116,木耳娃娃菜|米饭|糖醋里脊|花椒鸭|葱油芋头/红烧萝卜|葱油金针菇
11117,包菜油付|木耳花菜|糖醋里脊|葱油鸡
11118,包菜油付|盐水虾|米饭|红烧排骨|葱油芋头/红烧萝卜|葱油鸡|青椒水面筋
11119,包菜油付|木耳花菜|盐水虾|米饭|红烧排骨|葱油鸡|青菜
1112,米饭|花椒排骨|青椒水面筋/木耳西兰|青瓜花生米/青椒炒蛋|鸡米花/辣子鸡
11120,包菜油付|培红菜蘑菇毛豆肉丝|木耳花菜|米饭|糖醋里脊|红烧排骨|葱油芋头/红烧萝卜
11121,培红菜蘑菇毛豆肉丝|木耳花菜|盐水虾|米饭|葱油鸡|青菜
11122,木耳娃娃菜|米饭|糖醋里脊|葱油芋头/红烧萝卜|葱油金针菇|雪菜蛋饺
11123,木耳娃娃菜|米饭|葱油芋头/红烧萝卜|葱油金针菇|雪菜蛋饺|香酥鸡排
11124,米饭|糖醋里脊|茄子长江豆|葱油金针菇
11125,培红菜蘑菇毛豆肉丝|木耳花菜|米饭|葱油芋头/红烧萝卜
11126,三色绿豆芽|木耳娃娃菜|米饭|糖醋里脊|红烧排骨|茄子长江豆|葱油鸡|香酥鸡排
11127,木耳娃娃菜|米饭|糖醋里脊|茄子长江豆
11128,包菜油付|培红菜蘑菇毛豆肉丝|木耳花菜|米饭
11129,包菜油付|米饭|红烧排骨|青椒水面筋
1113,包菜粉丝|米饭|花椒排骨|青瓜花生米/青椒炒蛋|鱼香杏鲍菇炒肉
11130,包菜油付|培红菜蘑菇毛豆肉丝|米饭|花椒鸭
11131,盐水虾|米饭|糖醋里脊|红烧排骨|青菜|香酥鸡排
11132,宫保鸡丁|木耳娃娃菜|盐水虾|糖醋里脊|葱油芋头/红烧萝卜|葱油金针菇
11133,三色绿豆芽|千张结烧肉|米饭|茄子长江豆|雪菜蛋饺|香酥鸡排
11134,木耳娃娃菜|米饭|葱油芋头/红烧萝卜|葱油金针菇|香酥鸡排
11135,培红菜蘑菇毛豆肉丝|木耳娃娃菜|盐水虾|米饭|花椒鸭|葱油鸡
11136,宫保鸡丁|木耳娃娃菜|米饭|糖醋里脊|雪菜蛋饺
11137,培红菜蘑菇毛豆肉丝|盐水虾|米饭|红烧排骨|葱油芋头/红烧萝卜|葱油鸡|青椒水面筋
11138,宫保鸡丁|木耳娃娃菜|米饭|糖醋里脊|香酥鸡排
11139,盐水虾|米饭|葱油芋头/红烧萝卜|葱油鸡|雪菜蛋饺|香酥鸡排
1114,包菜粉丝|米饭|花椒排骨|醋溜鱼/宫保鸡丁|青瓜花生米/青椒炒蛋
11140,木耳娃娃菜|米饭|糖醋里脊|葱油金针菇|雪菜蛋饺|香酥鸡排
11141,包菜油付|培红菜蘑菇毛豆肉丝|米饭|葱油鸡|青椒水面筋
11142,盐水虾|米饭
11143,宫保鸡丁|木耳娃娃菜|米饭|糖醋里脊|香酥鸡排
11144,木耳娃娃菜|米饭|红烧排骨|雪菜蛋饺
11145,木耳娃娃菜|米饭|雪菜蛋饺
11146,包菜油付|盐水虾|米饭|青椒水面筋
11147,三色绿豆芽|木耳娃娃菜|米饭|糖醋里脊|茄子长江豆|葱油芋头/红烧萝卜
11148,包菜油付|培红菜蘑菇毛豆肉丝|米饭|葱油芋头/红烧萝卜|雪菜蛋饺
11149,宫保鸡丁|木耳娃娃菜|糖醋里脊|雪菜蛋饺
1115,包菜粉丝|米饭|花椒排骨|青椒水面筋/木耳西兰|鱼香杏鲍菇炒肉|鸡米花/辣子鸡
11150,包菜油付|培红菜蘑菇毛豆肉丝|木耳花菜|盐水虾|米饭|葱油鸡
11151,培红菜蘑菇毛豆肉丝|米饭|红烧排骨|葱油鸡
11152,宫保鸡丁|米饭|糖醋里脊|茄子长江豆|茭白肉丝小炒|葱油金针菇
11153,木耳娃娃菜|米饭|糖醋里脊|红烧排骨|花椒鸭|葱油芋头/红烧萝卜
11154,培红菜蘑菇毛豆肉丝|米饭|红烧排骨|葱油鸡
11155,包菜油付|千张结烧肉|木耳花菜|米饭|茭白肉丝小炒
11156,三色绿豆芽|米饭
11157,三色绿豆芽|宫保鸡丁|米饭|雪菜蛋饺
11158,千张结烧肉|米饭|糖醋里脊|茭白肉丝小炒
11159,包菜油付|木耳花菜|盐水虾|米饭|红烧排骨
1116,油豆腐烧肉|米饭|花椒排骨|青椒水面筋/木耳西兰|鱼香杏鲍菇炒肉
11160,培红菜蘑菇毛豆肉丝|木耳娃娃菜|木耳花菜|米饭|葱油鸡|青椒水面筋
11161,米饭|糖醋里脊|红烧排骨|茭白肉丝小炒|葱油金针菇|雪菜蛋饺
11162,木耳娃娃菜|木耳花菜|米饭|茭白肉丝小炒|葱油芋头/红烧萝卜|葱油鸡
11163,木耳娃娃菜|盐水虾|米饭|葱油鸡
11164,米饭|葱油芋头/红烧萝卜|葱油鸡|青椒水面筋
11165,包菜油付|培红菜蘑菇毛豆肉丝|木耳娃娃菜|米饭|花椒鸭|茭白肉丝小炒
11166,三色绿豆芽|千张结烧肉|宫保鸡丁|米饭|茄子长江豆|茭白肉丝小炒|葱油芋头/红烧萝卜
11167,三色绿豆芽|米饭|糖醋里脊|茭白肉丝小炒|葱油芋头/红烧萝卜
11168,三色绿豆芽|千张结烧肉|宫保鸡丁|木耳娃娃菜|米饭|糖醋里脊|茄子长江豆|茭白肉丝小炒
11169,木耳花菜|米饭|红烧排骨|葱油鸡|青椒水面筋
1117,米饭|花椒排骨|醋溜鱼/宫保鸡丁|青瓜花生米/青椒炒蛋
11170,包菜油付|培红菜蘑菇毛豆肉丝|米饭|糖醋里脊|葱油鸡
11171,木耳娃娃菜|盐水虾|米饭|糖醋里脊|茭白肉丝小炒
11172,木耳娃娃菜|米饭|糖醋里脊|茄子长江豆|茭白肉丝小炒|葱油金针菇
11173,三色绿豆芽|包菜油付|千张结烧肉|盐水虾|米饭|茄子长江豆|茭白肉丝小炒|青椒水面筋
11174,木耳娃娃菜|米饭|茭白肉丝小炒|葱油金针菇
11175,木耳花菜|盐水虾|米饭|糖醋里脊|花椒鸭|茭白肉丝小炒
11176,培红菜蘑菇毛豆肉丝|盐水虾|米饭|糖醋里脊|茭白肉丝小炒
11177,宫保鸡丁|木耳娃娃菜|米饭|茄子长江豆|茭白肉丝小炒
11178,培红菜蘑菇毛豆肉丝|米饭|葱油鸡|雪菜蛋饺
11179,培红菜蘑菇毛豆肉丝|盐水虾|米饭|糖醋里脊|花椒鸭|茄子长江豆|茭白肉丝小炒|葱油芋头/红烧萝卜|葱油金针菇
1118,包菜粉丝|米饭|花椒排骨|醋溜鱼/宫保鸡丁|青椒水面筋/木耳西兰|青瓜花生米/青椒炒蛋|鱼香杏鲍菇炒肉|鸡米花/辣子鸡
11180,三色绿豆芽|木耳娃娃菜|盐水虾|米饭|红烧排骨|葱油鸡
11181,三色绿豆芽|宫保鸡丁|木耳娃娃菜|盐水虾|米饭|糖醋里脊|茭白肉丝小炒
11182,千张结烧肉|木耳娃娃菜|盐水虾|米饭|糖醋里脊|葱油金针菇
11183,米饭|花椒鸭
11184,千张结烧肉|木耳娃娃菜|米饭|糖醋里脊|茭白肉丝小炒|西葫芦炒蛋
11185,茭白肉丝小炒
11186,米饭|茭白肉丝小炒|西葫芦炒蛋
11187,培红菜蘑菇毛豆肉丝|米饭|红烧排骨|茭白肉丝小炒|西葫芦炒蛋
11188,包菜油付|千张结烧肉|米饭|西葫芦炒蛋
11189,米饭|糖醋里脊|红烧排骨|茭白肉丝小炒|西葫芦炒蛋
1119,干菜长江豆|米饭|花椒排骨
11190,包菜油付|米饭|花椒鸭
11191,培红菜蘑菇毛豆肉丝|宫保鸡丁|木耳娃娃菜|木耳花菜|盐水虾|米饭|花椒鸭|西葫芦炒蛋
11192,盐水虾|茭白肉丝小炒
11193,木耳娃娃菜|米饭|糖醋里脊|茭白肉丝小炒|西葫芦炒蛋
11194,红烧排骨|茭白肉丝小炒
11195,盐水虾|米饭|红烧排骨|茭白肉丝小炒|青椒水面筋
11196,三色绿豆芽|千张结烧肉|木耳娃娃菜|米饭|红烧排骨|花椒鸭|茭白肉丝小炒|西葫芦炒蛋
11197,培红菜蘑菇毛豆肉丝|盐水虾|米饭|糖醋里脊|茄子长江豆|葱油金针菇|青椒水面筋
11198,培红菜蘑菇毛豆肉丝|米饭|红烧排骨|青椒水面筋
11199,三色绿豆芽|红烧排骨|西葫芦炒蛋|青椒水面筋|香菇菜芯
1120,包菜粉丝|大白菜|米饭|醋溜鱼/宫保鸡丁
11200,三色绿豆芽|米饭|茭白肉丝小炒|西葫芦炒蛋|香菇菜芯
11201,木耳娃娃菜|米饭|红烧排骨|茭白肉丝小炒|西葫芦炒蛋|香菇菜芯
11202,千张结烧肉|西葫芦炒蛋|香菇菜芯
11203,木耳娃娃菜|米饭|茭白肉丝小炒|西葫芦炒蛋
11204,三色绿豆芽|千张结烧肉|木耳娃娃菜|米饭|茄子长江豆|西葫芦炒蛋|青椒水面筋|香菇菜芯
11205,培红菜蘑菇毛豆肉丝|宫保鸡丁|米饭|糖醋里脊|红烧排骨|茭白肉丝小炒|香菇菜芯
11206,千张结烧肉|宫保鸡丁|米饭|茭白肉丝小炒|西葫芦炒蛋
11207,米饭|红烧排骨|西葫芦炒蛋|香菇菜芯
11208,千张结烧肉|木耳娃娃菜|米饭|茭白肉丝小炒|香菇菜芯
11209,宫保鸡丁|米饭|糖醋里脊|茄子长江豆|茭白肉丝小炒|青椒水面筋
1121,油豆腐烧肉|米饭|花椒排骨|醋溜鱼/宫保鸡丁|青瓜花生米/青椒炒蛋|鸡米花/辣子鸡
11210,番茄炒蛋/红烧萝卜|米饭|红烧带鱼|红烧油片|花椒排骨
11211,包菜油付|大排|盐菜黄豆芽|红烧带鱼|红烧油片|胖干烧肉|花椒排骨|酱鸭|雪菜毛豆子|青椒土豆丝|青瓜付竹肉片|青韭南瓜丝|香菇鸡块
11212,大排|木耳莴笋|番茄炒蛋/红烧萝卜|盐水虾|红烧带鱼|茭白肉丝小炒|青韭南瓜丝
11213,包菜油付|包菜粉丝|青瓜付竹肉片|青韭南瓜丝|香菇鸡块
11214,番茄炒蛋/红烧萝卜|盐菜黄豆芽|米饭|酱鸭
11215,包菜粉丝|盐水虾|米饭|胖干烧肉|花椒排骨|酱鸭|青瓜付竹肉片|香菇鸡块
11216,木耳莴笋|米饭|花椒排骨|茭白肉丝小炒|酱鸭|青韭南瓜丝
11217,大排|米饭|酱鸭|雪菜毛豆子
11218,包菜油付|米饭|红烧油片|胖干烧肉|青椒土豆丝|香菇鸡块|鸡米花
11219,包菜油付|番茄炒蛋/红烧萝卜|盐水虾|盐菜黄豆芽|米饭|茭白肉丝小炒|雪菜毛豆子|香菇鸡块
1122,包菜粉丝|油豆腐烧肉|米饭|花椒排骨|青椒水面筋/木耳西兰|鸡米花/辣子鸡
11220,包菜油付|包菜粉丝|米饭|茭白肉丝小炒|雪菜毛豆子|鸡米花
11221,包菜油付|盐菜黄豆芽|米饭|红烧油片|胖干烧肉|酱鸭|青瓜付竹肉片|鸡米花
11222,木耳莴笋|盐水虾|盐菜黄豆芽|米饭|红烧带鱼|花椒排骨|茭白肉丝小炒
11223,木耳莴笋|番茄炒蛋/红烧萝卜|盐水虾|米饭|红烧油片|花椒排骨|酱鸭
11224,包菜油付|包菜粉丝|番茄炒蛋/红烧萝卜|盐水虾|米饭|花椒排骨|酱鸭|雪菜毛豆子|青瓜付竹肉片
11225,大排|木耳莴笋|米饭|鸡米花
11226,番茄炒蛋/红烧萝卜|米饭|红烧带鱼|红烧油片
11227,包菜粉丝|番茄炒蛋/红烧萝卜|盐水虾|米饭|花椒排骨|茭白肉丝小炒|青椒土豆丝|青韭南瓜丝
11228,番茄炒蛋/红烧萝卜|米饭|红烧带鱼|红烧油片|茭白肉丝小炒
11229,包菜油付|番茄炒蛋/红烧萝卜|盐菜黄豆芽|米饭|青瓜付竹肉片
1123,大白菜|干菜长江豆|米饭|鸡米花/辣子鸡
11230,番茄炒蛋/红烧萝卜|米饭|茭白肉丝小炒|青椒土豆丝|香菇鸡块
11231,包菜粉丝|盐菜黄豆芽|米饭|红烧油片
11232,包菜油付|番茄炒蛋/红烧萝卜|米饭|红烧带鱼|青椒土豆丝|香菇鸡块
11233,包菜油付|番茄炒蛋/红烧萝卜|米饭|红烧油片|花椒排骨|酱鸭|青瓜付竹肉片
11234,盐菜黄豆芽|米饭|红烧油片|酱鸭|青韭南瓜丝|鸡米花
11235,番茄炒蛋/红烧萝卜|米饭|红烧带鱼|茭白肉丝小炒|雪菜毛豆子|香菇鸡块
11236,包菜粉丝|番茄炒蛋/红烧萝卜|米饭|胖干烧肉|青椒土豆丝|青瓜付竹肉片
11237,包菜油付|大排|木耳莴笋|盐水虾|米饭|青椒土豆丝
11238,番茄炒蛋/红烧萝卜|米饭|青椒土豆丝|香菇鸡块|鸡米花
11239,大排|番茄炒蛋/红烧萝卜|盐水虾|花椒排骨|酱鸭|香菇鸡块
1124,干菜长江豆|米饭|青瓜花生米/青椒炒蛋|鸡米花/辣子鸡
11240,木耳莴笋|番茄炒蛋/红烧萝卜|红烧油片|酱鸭
11241,番茄炒蛋/红烧萝卜|米饭|茭白肉丝小炒|香菇鸡块
11242,包菜油付|大排|木耳莴笋|番茄炒蛋/红烧萝卜|盐水虾|米饭|红烧油片
11243,大排|花椒排骨|茭白肉丝小炒
11244,番茄炒蛋/红烧萝卜|米饭|红烧带鱼|胖干烧肉|青椒土豆丝|鸡米花
11245,包菜粉丝|大排|米饭|茭白肉丝小炒|雪菜毛豆子|青椒土豆丝|香菇鸡块|鸡米花
11246,包菜粉丝|米饭|酱鸭|鸡米花
11247,番茄炒蛋/红烧萝卜|米饭|茭白肉丝小炒|青韭南瓜丝|鸡米花
11248,大排|木耳莴笋|番茄炒蛋/红烧萝卜|盐水虾|米饭|酱鸭
11249,米饭|红烧油片|青椒土豆丝|青瓜付竹肉片
1125,包菜粉丝|大白菜|米饭|花椒排骨|醋溜鱼/宫保鸡丁|青瓜花生米/青椒炒蛋|鱼香杏鲍菇炒肉
11250,包菜油付|番茄炒蛋/红烧萝卜|米饭|胖干烧肉|茭白肉丝小炒|青韭南瓜丝|香菇鸡块|鸡米花
11251,包菜粉丝|番茄炒蛋/红烧萝卜|米饭|红烧油片|胖干烧肉|雪菜毛豆子|鸡米花
11252,米饭|胖干烧肉|茭白肉丝小炒|雪菜毛豆子|青椒土豆丝|青韭南瓜丝|香菇鸡块|鸡米花
11253,番茄炒蛋/红烧萝卜|米饭|茭白肉丝小炒
11254,大排|盐水虾|盐菜黄豆芽|米饭|红烧油片
11255,盐水虾|米饭|茭白肉丝小炒
11256,大排|木耳莴笋|番茄炒蛋/红烧萝卜|盐水虾|米饭
11257,包菜粉丝|大排|盐菜黄豆芽|米饭|红烧油片|青韭南瓜丝|鸡米花
11258,包菜油付|米饭|红烧带鱼|胖干烧肉|花椒排骨|酱鸭|青椒土豆丝
11259,包菜油付|大排|米饭|酱鸭
1126,包菜粉丝|大白菜|米饭|鱼香杏鲍菇炒肉
11260,包菜粉丝|大排|米饭|胖干烧肉|青韭南瓜丝
11261,包菜油付|大排|米饭|红烧油片
11262,木耳莴笋|盐菜黄豆芽|米饭|花椒排骨
11263,番茄炒蛋/红烧萝卜|米饭|青椒土豆丝
11264,包菜粉丝|米饭|酱鸭|青瓜付竹肉片|鸡米花
11265,包菜粉丝|大排|米饭|胖干烧肉|茭白肉丝小炒|鸡米花
11266,包菜油付|番茄炒蛋/红烧萝卜|盐水虾|米饭|红烧油片|花椒排骨|酱鸭
11267,米饭|茭白肉丝小炒|青瓜付竹肉片
11268,包菜油付|盐菜黄豆芽|米饭|红烧油片|青瓜付竹肉片|鸡米花
11269,包菜粉丝|大排|米饭|青椒土豆丝|鸡米花
1127,米饭|青椒水面筋/木耳西兰|青瓜花生米/青椒炒蛋|鸡米花/辣子鸡
11270,番茄炒蛋/红烧萝卜|米饭|青韭南瓜丝|鸡米花
11271,包菜油付|木耳莴笋|番茄炒蛋/红烧萝卜|盐水虾|盐菜黄豆芽|米饭
11272,包菜粉丝|番茄炒蛋/红烧萝卜|米饭|茭白肉丝小炒|雪菜毛豆子
11273,包菜油付|米饭|红烧油片|鸡米花
11274,大排|番茄炒蛋/红烧萝卜|米饭|花椒排骨|香菇鸡块|鸡米花
11275,米饭|红烧带鱼|红烧油片|茭白肉丝小炒|雪菜毛豆子
11276,包菜油付|大排|番茄炒蛋/红烧萝卜|盐水虾|米饭|酱鸭|青瓜付竹肉片
11277,木耳莴笋|米饭|茭白肉丝小炒
11278,番茄炒蛋/红烧萝卜|米饭|红烧带鱼|茭白肉丝小炒|雪菜毛豆子|青椒土豆丝|香菇鸡块|鸡米花
11279,包菜粉丝|木耳莴笋|番茄炒蛋/红烧萝卜|米饭|青椒土豆丝|青韭南瓜丝
1128,油豆腐烧肉|醋溜鱼/宫保鸡丁|青椒水面筋/木耳西兰|鸡米花/辣子鸡
11280,包菜油付|包菜粉丝|米饭|雪菜毛豆子|青椒土豆丝|青瓜付竹肉片
11281,包菜粉丝|番茄炒蛋/红烧萝卜|米饭|青椒土豆丝|香菇鸡块|鸡米花
11282,包菜油付|番茄炒蛋/红烧萝卜|盐菜黄豆芽|米饭|酱鸭
11283,米饭|香菇鸡块|鸡米花
11284,大排|盐菜黄豆芽|米饭|青瓜付竹肉片
11285,包菜粉丝|盐水虾|米饭|红烧带鱼|茭白肉丝小炒|酱鸭|雪菜毛豆子|青椒土豆丝|香菇鸡块
11286,包菜油付|大排|番茄炒蛋/红烧萝卜|米饭|红烧油片|茭白肉丝小炒|酱鸭|雪菜毛豆子|青瓜付竹肉片
11287,番茄炒蛋/红烧萝卜|盐水虾|米饭|青韭南瓜丝|香菇鸡块
11288,米饭|红烧带鱼|红烧油片|花椒排骨|酱鸭|雪菜毛豆子|青韭南瓜丝
11289,包菜油付|大排|木耳莴笋|番茄炒蛋/红烧萝卜|米饭|红烧带鱼|红烧油片|雪菜毛豆子|青椒土豆丝|鸡米花
1129,包菜粉丝|大白菜|米饭|醋溜鱼/宫保鸡丁
11290,包菜粉丝|米饭|红烧带鱼|青椒土豆丝
11291,木耳莴笋|番茄炒蛋/红烧萝卜|米饭|酱鸭
11292,包菜油付|木耳莴笋|盐水虾|米饭|酱鸭|青瓜付竹肉片
11293,包菜油付|大排|米饭|茭白肉丝小炒|酱鸭|雪菜毛豆子
11294,包菜油付|米饭|花椒排骨|酱鸭
11295,包菜粉丝|米饭|红烧带鱼|红烧油片|茭白肉丝小炒|青韭南瓜丝
11296,包菜粉丝|盐水虾
11297,米饭|红烧带鱼|胖干烧肉|青椒土豆丝|鸡米花
11298,木耳莴笋|盐菜黄豆芽|米饭|雪菜毛豆子
11299,包菜油付|木耳莴笋|番茄炒蛋/红烧萝卜|米饭|红烧油片|酱鸭|青瓜付竹肉片
1130,大白菜|干菜长江豆|油豆腐烧肉|米饭|醋溜鱼/宫保鸡丁
11300,番茄炒蛋/红烧萝卜|米饭|茭白肉丝小炒
11301,番茄炒蛋/红烧萝卜|米饭|红烧带鱼|胖干烧肉|雪菜毛豆子|鸡米花
11302,番茄炒蛋/红烧萝卜|米饭|红烧带鱼|酱鸭|青韭南瓜丝|香菇鸡块
11303,木耳莴笋|米饭|红烧油片|茭白肉丝小炒|香菇鸡块
11304,包菜油付|大排|木耳莴笋|酱鸭|青瓜付竹肉片
11305,番茄炒蛋/红烧萝卜|米饭|胖干烧肉|茭白肉丝小炒|雪菜毛豆子|青椒土豆丝|青韭南瓜丝|香菇鸡块
11306,包菜油付|大排|木耳莴笋|米饭
11307,包菜油付|木耳莴笋|番茄炒蛋/红烧萝卜|米饭|红烧带鱼|胖干烧肉|青椒土豆丝
11308,木耳莴笋|盐水虾|米饭|青椒土豆丝|青韭南瓜丝|鸡米花
11309,番茄炒蛋/红烧萝卜|盐水虾|米饭|雪菜毛豆子
1131,大白菜|米饭|醋溜鱼/宫保鸡丁|青椒水面筋/木耳西兰|鸡米花/辣子鸡
11310,木耳莴笋|番茄炒蛋/红烧萝卜|米饭|红烧带鱼|胖干烧肉|酱鸭
11311,包菜油付|大排|番茄炒蛋/红烧萝卜|米饭|红烧带鱼|红烧油片|胖干烧肉|青韭南瓜丝
11312,大排|番茄炒蛋/红烧萝卜|米饭|红烧带鱼|青韭南瓜丝
11313,包菜粉丝|大排|番茄炒蛋/红烧萝卜|米饭
11314,大排|番茄炒蛋/红烧萝卜|盐水虾|米饭|青瓜付竹肉片
11315,番茄炒蛋/红烧萝卜|盐水虾|米饭|茭白肉丝小炒|青椒土豆丝|青韭南瓜丝|香菇鸡块|鸡米花
11316,米饭|红烧带鱼|红烧油片|酱鸭|青韭南瓜丝|香菇鸡块|鸡米花
11317,包菜粉丝|木耳莴笋|米饭|花椒排骨|鸡米花
11318,番茄炒蛋/红烧萝卜|盐水虾|米饭|红烧油片|茭白肉丝小炒|青瓜付竹肉片|青韭南瓜丝
11319,大排|盐水虾|米饭|茭白肉丝小炒|香菇鸡块
1132,包菜粉丝|油豆腐烧肉|米饭|花椒排骨|醋溜鱼/宫保鸡丁|青椒水面筋/木耳西兰
11320,大排|盐水虾|米饭|雪菜毛豆子|青韭南瓜丝|鸡米花
11321,大排|木耳莴笋|番茄炒蛋/红烧萝卜|米饭|酱鸭|青瓜付竹肉片
11322,木耳莴笋|米饭|红烧油片|花椒排骨|青椒土豆丝|鸡米花
11323,包菜粉丝|米饭|红烧带鱼|胖干烧肉|雪菜毛豆子|青椒土豆丝|香菇鸡块
11324,木耳莴笋|盐水虾|米饭|花椒排骨|雪菜毛豆子|青瓜付竹肉片
11325,包菜粉丝|米饭|胖干烧肉|鸡米花
11326,包菜粉丝|米饭|红烧带鱼|胖干烧肉|青瓜付竹肉片|鸡米花
11327,番茄炒蛋/红烧萝卜|米饭|茭白肉丝小炒|鸡米花
11328,包菜粉丝|米饭|胖干烧肉|青椒土豆丝|青瓜付竹肉片
11329,番茄炒蛋/红烧萝卜|胖干烧肉|茭白肉丝小炒
1133,包菜粉丝|大白菜|米饭|花椒排骨|青椒水面筋/木耳西兰|鱼香杏鲍菇炒肉
11330,包菜油付|木耳莴笋|番茄炒蛋/红烧萝卜|盐菜黄豆芽|米饭|红烧油片|胖干烧肉
11331,包菜粉丝|番茄炒蛋/红烧萝卜|花椒排骨
11332,番茄炒蛋/红烧萝卜|米饭|花椒排骨|酱鸭|青瓜付竹肉片
11333,大排|木耳莴笋|番茄炒蛋/红烧萝卜|米饭|胖干烧肉|茭白肉丝小炒|青瓜付竹肉片|青韭南瓜丝
11334,木耳莴笋|番茄炒蛋/红烧萝卜|米饭|红烧油片|花椒排骨|酱鸭
11335,米饭|酱鸭|青瓜付竹肉片
11336,米饭|茭白肉丝小炒|青椒土豆丝
11337,包菜粉丝|大排|米饭|茭白肉丝小炒|鸡米花
11338,包菜粉丝|米饭|雪菜毛豆子|鸡米花
11339,木耳莴笋|番茄炒蛋/红烧萝卜|盐水虾|米饭|胖干烧肉|酱鸭|雪菜毛豆子|香菇鸡块
1134,包菜粉丝|油豆腐烧肉|米饭|青瓜花生米/青椒炒蛋|鸡米花/辣子鸡
11340,大排|番茄炒蛋/红烧萝卜|米饭|红烧油片|雪菜毛豆子|青椒土豆丝|青瓜付竹肉片|鸡米花
11341,大排|木耳莴笋|番茄炒蛋/红烧萝卜|米饭|红烧油片|酱鸭
11342,包菜粉丝|番茄炒蛋/红烧萝卜|红烧油片|青椒土豆丝
11343,米饭|雪菜毛豆子|青韭南瓜丝|香菇鸡块|鸡米花
11344,番茄炒蛋/红烧萝卜|盐水虾|盐菜黄豆芽|米饭|茭白肉丝小炒|青瓜付竹肉片|香菇鸡块|鸡米花
11345,包菜粉丝|番茄炒蛋/红烧萝卜|盐水虾|米饭
11346,包菜粉丝|米饭|青椒土豆丝|青韭南瓜丝
11347,油麦菜|番茄炒蛋/红烧萝卜|盐菜黄豆芽|米饭
11348,番茄炒蛋/红烧萝卜|米饭|胖干烧肉|茭白肉丝小炒
11349,包菜粉丝|番茄炒蛋/红烧萝卜|米饭|红烧油片|胖干烧肉|茭白肉丝小炒|青椒土豆丝|青瓜付竹肉片|香菇鸡块|鸡米花
1135,大白菜|米饭|花椒排骨|青瓜花生米/青椒炒蛋
11350,米饭|红烧带鱼|胖干烧肉|茭白肉丝小炒|雪菜毛豆子|青韭南瓜丝
11351,油麦菜|盐菜黄豆芽|米饭|青瓜付竹肉片
11352,包菜粉丝|番茄炒蛋/红烧萝卜|米饭|胖干烧肉|青椒土豆丝|香菇鸡块
11353,大排|油麦菜|番茄炒蛋/红烧萝卜|盐水虾|米饭|红烧油片
11354,包菜粉丝|大排|木耳莴笋|番茄炒蛋/红烧萝卜|盐水虾|米饭|青椒土豆丝|青韭南瓜丝|鸡米花
11355,大排|油麦菜|盐水虾|红烧带鱼|红烧油片|花椒排骨|青椒土豆丝|香菇鸡块|鸡米花
11356,大排|木耳莴笋|油麦菜|盐水虾|米饭|红烧油片
11357,番茄炒蛋/红烧萝卜|米饭|青韭南瓜丝
11358,油麦菜|番茄炒蛋/红烧萝卜|盐水虾|米饭|红烧带鱼|红烧油片
11359,盐水虾|米饭|茭白肉丝小炒|雪菜毛豆子
1136,包菜粉丝|花椒排骨|青椒水面筋/木耳西兰|青瓜花生米/青椒炒蛋|鱼香杏鲍菇炒肉
11360,包菜粉丝|米饭|茭白肉丝小炒|鸡米花
11361,大排|木耳莴笋|油麦菜|番茄炒蛋/红烧萝卜|盐菜黄豆芽|米饭|红烧油片|酱鸭
11362,大排|油麦菜|番茄炒蛋/红烧萝卜|盐菜黄豆芽|米饭|红烧油片
11363,米饭|红烧带鱼|胖干烧肉|青椒土豆丝|鸡米花
11364,木耳莴笋|油麦菜|番茄炒蛋/红烧萝卜|盐水虾|米饭
11365,大排|番茄炒蛋/红烧萝卜|米饭|茭白肉丝小炒|酱鸭|青瓜付竹肉片
11366,番茄炒蛋/红烧萝卜|米饭|红烧带鱼|雪菜毛豆子|青椒土豆丝|香菇鸡块|鸡米花
11367,大排|油麦菜|米饭|酱鸭
11368,番茄炒蛋/红烧萝卜|米饭|茭白肉丝小炒|青椒土豆丝|青韭南瓜丝
11369,油麦菜|番茄炒蛋/红烧萝卜|盐水虾|米饭|红烧带鱼|红烧油片|酱鸭|青韭南瓜丝|鸡米花
1137,大白菜|油豆腐烧肉|青瓜花生米/青椒炒蛋
11370,大排|番茄炒蛋/红烧萝卜|米饭|红烧油片
11371,番茄炒蛋/红烧萝卜|盐水虾|红烧油片
11372,包菜粉丝|米饭|雪菜毛豆子|青韭南瓜丝|香菇鸡块|鸡米花
11373,大排|油麦菜|米饭|酱鸭|青瓜付竹肉片
11374,包菜粉丝|番茄炒蛋/红烧萝卜|米饭|红烧带鱼|青椒土豆丝|青韭南瓜丝|香菇鸡块|鸡米花
11375,大排|米饭|红烧油片
11376,包菜粉丝|大排|米饭|鸡米花
11377,大排|油麦菜|番茄炒蛋/红烧萝卜|盐水虾|米饭|红烧油片|胖干烧肉|茭白肉丝小炒|雪菜毛豆子|青椒土豆丝|鸡米花
11378,包菜粉丝|番茄炒蛋/红烧萝卜|米饭|胖干烧肉|雪菜毛豆子|青椒土豆丝|青韭南瓜丝|香菇鸡块|鸡米花
11379,包菜粉丝|米饭|茭白肉丝小炒|雪菜毛豆子|鸡米花
1138,大白菜|青椒水面筋/木耳西兰|青瓜花生米/青椒炒蛋|鸡米花/辣子鸡
11380,盐水虾|米饭|胖干烧肉|青韭南瓜丝|鸡米花
11381,大排|油麦菜|番茄炒蛋/红烧萝卜|盐菜黄豆芽|米饭|花椒排骨|雪菜毛豆子
11382,大排|番茄炒蛋/红烧萝卜|米饭|青瓜付竹肉片
11383,木耳莴笋|油麦菜|番茄炒蛋/红烧萝卜|盐水虾|花椒排骨|酱鸭|青瓜付竹肉片
11384,付皮包|大排|番茄炒蛋/红烧萝卜|米饭|茭白肉丝小炒|雪菜毛豆子|青椒土豆丝|青韭南瓜丝
11385,付皮包|大排|油麦菜|盐菜黄豆芽|米饭
11386,大排|油麦菜|盐水虾|盐菜黄豆芽|米饭|红烧油片|胖干烧肉|花椒排骨|酱鸭|青瓜付竹肉片
11387,付皮包|大排|茭白肉丝小炒|雪菜毛豆子|青椒土豆丝
11388,大排|木耳莴笋|油麦菜|米饭|酱鸭|青瓜付竹肉片
11389,包菜粉丝|油麦菜|番茄炒蛋/红烧萝卜|米饭|青椒土豆丝|香菇鸡块
1139,包菜粉丝|米饭|青瓜花生米/青椒炒蛋|鱼香杏鲍菇炒肉|鸡米花/辣子鸡
11390,油麦菜|盐水虾|米饭|红烧带鱼|红烧油片|茭白肉丝小炒|青椒土豆丝
11391,付皮包|包菜粉丝|番茄炒蛋/红烧萝卜|米饭|茭白肉丝小炒
11392,大排|番茄炒蛋/红烧萝卜|盐菜黄豆芽|米饭|青韭南瓜丝
11393,大排|油麦菜|盐菜黄豆芽|米饭|芹菜香干
11394,油麦菜|米饭|红烧油片|芹菜香干|酱鸭
11395,番茄炒蛋/红烧萝卜|米饭|红烧带鱼|青韭南瓜丝|香菇鸡块
11396,付皮包|包菜粉丝|番茄炒蛋/红烧萝卜|米饭|花椒排骨|青韭南瓜丝|香菇鸡块
11397,油麦菜|米饭|红烧带鱼|芹菜香干|雪菜毛豆子|青椒土豆丝
11398,付皮包|番茄炒蛋/红烧萝卜|米饭|胖干烧肉|茭白肉丝小炒|雪菜毛豆子|青韭南瓜丝
11399,大排
1140,包菜粉丝|米饭|青椒水面筋/木耳西兰|青瓜花生米/青椒炒蛋|鱼香杏鲍菇炒肉
11400,大排|油麦菜|番茄炒蛋/红烧萝卜|盐水虾|盐菜黄豆芽|红烧带鱼|红烧油片|青韭南瓜丝
11401,付皮包|包菜粉丝|米饭|茭白肉丝小炒
11402,油麦菜|番茄炒蛋/红烧萝卜|盐水虾|米饭
11403,大排|油麦菜|红烧油片|芹菜香干|酱鸭
11404,包菜粉丝|米饭|胖干烧肉|茭白肉丝小炒|青椒土豆丝|香菇鸡块
11405,大排|油麦菜|盐水虾|盐菜黄豆芽|米饭
11406,付皮包|大排|番茄炒蛋/红烧萝卜|米饭|芹菜香干
11407,付皮包|大排|盐水虾|米饭
11408,油麦菜|米饭|红烧带鱼|酱鸭|雪菜毛豆子|青椒土豆丝|青韭南瓜丝
11409,包菜粉丝|番茄炒蛋/红烧萝卜|盐水虾|香菇鸡块
1141,包菜粉丝|大白菜|油豆腐烧肉|米饭|青椒水面筋/木耳西兰|青瓜花生米/青椒炒蛋|鸡米花/辣子鸡
11410,油麦菜|米饭|红烧带鱼|胖干烧肉|芹菜香干|青韭南瓜丝|香菇鸡块
11411,付皮包|盐菜黄豆芽|米饭|茭白肉丝小炒|雪菜毛豆子|青椒土豆丝|香菇鸡块
11412,番茄炒蛋/红烧萝卜|盐菜黄豆芽|米饭|花椒排骨|芹菜香干
11413,大排|番茄炒蛋/红烧萝卜|米饭|红烧带鱼|芹菜香干|雪菜毛豆子
11414,付皮包|大排|盐水虾|米饭|红烧油片|芹菜香干|青瓜付竹肉片
11415,大排|番茄炒蛋/红烧萝卜|米饭|茭白肉丝小炒|青椒土豆丝
11416,大排|盐水虾|盐菜黄豆芽|米饭|花椒排骨|酱鸭
11417,包菜粉丝|油麦菜|番茄炒蛋/红烧萝卜|米饭|芹菜香干
11418,大排|米饭|红烧油片|花椒排骨|芹菜香干|茭白肉丝小炒|青椒土豆丝|香菇鸡块
11419,大排|油麦菜|番茄炒蛋/红烧萝卜|盐水虾|米饭|花椒排骨|芹菜香干|酱鸭|雪菜毛豆子|青瓜付竹肉片
1142,大白菜|油豆腐烧肉|米饭|鸡米花/辣子鸡
11420,包菜粉丝|大排|米饭|胖干烧肉|茭白肉丝小炒|青椒土豆丝|青韭南瓜丝
11421,付皮包|米饭|胖干烧肉|香菇鸡块
11422,包菜粉丝|米饭|胖干烧肉|茭白肉丝小炒|青韭南瓜丝
11423,付皮包|大排|米饭|花椒排骨|茭白肉丝小炒
11424,付皮包|番茄炒蛋/红烧萝卜|米饭|红烧油片|芹菜香干|酱鸭
11425,大排|油麦菜|盐菜黄豆芽|米饭
11426,大排|番茄炒蛋/红烧萝卜|米饭|红烧带鱼|花椒排骨|芹菜香干|茭白肉丝小炒|雪菜毛豆子
11427,油麦菜|米饭|红烧油片|芹菜香干|茭白肉丝小炒|酱鸭
11428,付皮包|大排|米饭|茭白肉丝小炒|青椒土豆丝
11429,大排|油麦菜|番茄炒蛋/红烧萝卜|米饭|红烧油片|芹菜香干
1143,包菜粉丝|大白菜|干菜长江豆|油豆腐烧肉|米饭|花椒排骨|醋溜鱼/宫保鸡丁|青椒水面筋/木耳西兰|青瓜花生米/青椒炒蛋|鱼香杏鲍菇炒肉
11430,大排|油麦菜|米饭|芹菜香干|茭白肉丝小炒
11431,付皮包|大排|油麦菜|米饭|胖干烧肉|茭白肉丝小炒
11432,付皮包|米饭|红烧油片|胖干烧肉|茭白肉丝小炒
11433,番茄炒蛋/红烧萝卜|盐水虾|米饭|红烧油片|花椒排骨|茭白肉丝小炒
11434,番茄炒蛋/红烧萝卜|盐水虾|芹菜香干|酱鸭
11435,付皮包|番茄炒蛋/红烧萝卜|盐水虾|米饭|胖干烧肉|茭白肉丝小炒|青椒土豆丝|青韭南瓜丝
11436,付皮包|米饭|酱鸭|雪菜毛豆子|青椒土豆丝|青韭南瓜丝
11437,番茄炒蛋/红烧萝卜|米饭|红烧油片|芹菜香干|茭白肉丝小炒
11438,番茄炒蛋/红烧萝卜|盐水虾|米饭|红烧油片|茭白肉丝小炒
11439,油麦菜|米饭|红烧油片|芹菜香干
1144,包菜粉丝|大白菜|鸡米花/辣子鸡
11440,米饭|红烧油片|茭白肉丝小炒|酱鸭|雪菜毛豆子
11441,番茄炒蛋/红烧萝卜|米饭|芹菜香干|酱鸭|韭黄肉丝小炒
11442,大排|米饭|红烧油片|青椒土豆丝
11443,米饭|茭白肉丝小炒|酱鸭|青椒土豆丝|青韭南瓜丝
11444,大排|油麦菜|米饭|红烧油片|芹菜香干|韭黄肉丝小炒
114448,木耳南瓜
114449,炒榨面|红烧油片|花椒鸡腿|葱油金针菇|酿豆腐
11445,番茄炒蛋/红烧萝卜|米饭|雪菜毛豆子|青韭南瓜丝
114450,快胶菜|洋葱土豆条|米饭|茄子长豆双拼|酿豆腐
114451,快胶菜|木耳南瓜|木耳莴笋|炒榨面|米饭|红烧排骨|茄子长豆双拼|虎皮蛋烧肉|酿豆腐|香酥鸭
114452,快胶菜|洋葱土豆条|米饭|素烧鹅|红烧排骨|红烧油片|花椒鸡腿
114453,快胶菜|洋葱土豆条|炒榨面|米饭|酿豆腐|青椒炒鸡蛋|香酥鸭
114454,米饭|素烧鹅|红烧油片|茄子长豆双拼|香酥鸭
114455,咖喱土豆鸡块|木耳莴笋|洋葱土豆条|米饭|红烧油片|葱油金针菇|虎皮蛋烧肉|酿豆腐
114456,快胶菜|杏鲍菇牛肉粒|炒榨面|米饭|红烧排骨|红烧油片|肉末酸豆角|花椒鸡腿|虎皮蛋烧肉
114457,咖喱土豆鸡块|快胶菜|杏鲍菇牛肉粒|米饭|素烧鹅|肉末酸豆角
114458,木耳莴笋|米饭|肉末酸豆角|花椒鸡腿|青椒炒鸡蛋
114459,快胶菜|木耳南瓜|木耳莴笋|米饭|素烧鹅|红烧排骨
11446,付皮包|番茄炒蛋/红烧萝卜|盐水虾|米饭|茭白肉丝小炒|青韭南瓜丝|香菇鸡块
114460,咖喱土豆鸡块|炒榨面|米饭|红烧油片|青椒炒鸡蛋|香酥鸭
114461,咖喱土豆鸡块|快胶菜|木耳南瓜|炒榨面|米饭|茄子长豆双拼|虎皮蛋烧肉|香酥鸭
114462,快胶菜|把子肉|木耳莴笋|米饭|肉末酸豆角|茄子长豆双拼|鱼香日本豆腐
11447,番茄炒蛋/红烧萝卜|盐水虾|米饭|胖干烧肉|芹菜香干
11448,包菜粉丝|大排|番茄炒蛋/红烧萝卜|盐水虾|米饭|胖干烧肉|酱鸭|韭黄肉丝小炒
11449,付皮包|盐水虾|米饭|红烧带鱼|胖干烧肉|花椒排骨|茭白肉丝小炒|雪菜毛豆子|青椒土豆丝
1145,干菜长江豆|油豆腐烧肉|青椒水面筋/木耳西兰
11450,盐水虾|米饭|花椒排骨|酱鸭
11451,付皮包|大排|米饭|芹菜香干|酱鸭
11452,付皮包|米饭|胖干烧肉|芹菜香干|酱鸭
11453,番茄炒蛋/红烧萝卜|盐菜黄豆芽|米饭|酱鸭
11454,盐菜黄豆芽|米饭|红烧带鱼|胖干烧肉|酱鸭|韭黄肉丝小炒
11455,番茄炒蛋/红烧萝卜|米饭|红烧油片|芹菜香干|韭黄肉丝小炒
11456,盐水虾|米饭|红烧油片|花椒排骨|酱鸭|雪菜毛豆子|香菇鸡块
11457,付皮包|番茄炒蛋/红烧萝卜|盐水虾|米饭|胖干烧肉|芹菜香干|酱鸭
11458,大排|油麦菜|番茄炒蛋/红烧萝卜|盐菜黄豆芽|米饭|青椒土豆丝|青韭南瓜丝
11459,包菜粉丝|盐菜黄豆芽|米饭|花椒排骨|酱鸭
1146,大白菜|米饭|青椒水面筋/木耳西兰|鸡米花/辣子鸡
11460,付皮包|番茄炒蛋/红烧萝卜|米饭|芹菜香干|韭黄肉丝小炒
11461,大排|油麦菜|番茄炒蛋/红烧萝卜|盐菜黄豆芽|米饭|芹菜香干|青椒土豆丝
11462,付皮包|米饭|红烧油片|酱鸭|青韭南瓜丝|韭黄肉丝小炒
11463,米饭|红烧带鱼|酱鸭|青椒土豆丝
11464,包菜粉丝|米饭|红烧油片|花椒排骨|芹菜香干|韭黄肉丝小炒
11465,盐菜黄豆芽|米饭|花椒排骨|芹菜香干|茭白肉丝小炒|酱鸭
11466,番茄炒蛋/红烧萝卜|米饭|红烧带鱼|红烧油片|韭黄肉丝小炒
11467,付皮包|油麦菜|胖干烧肉|芹菜香干|酱鸭|青椒土豆丝
11468,番茄炒蛋/红烧萝卜|米饭|红烧油片|韭黄肉丝小炒
11469,盐菜黄豆芽|米饭|酱鸭|韭黄肉丝小炒
1147,包菜粉丝|米饭|醋溜鱼/宫保鸡丁|青椒水面筋/木耳西兰
11470,付皮包|大排|盐菜黄豆芽|米饭|红烧油片|酱鸭|韭黄肉丝小炒
11471,米饭|红烧带鱼|红烧油片|芹菜香干
11472,大排
11473,付皮包|米饭|韭黄肉丝小炒
11474,木耳娃娃菜|椒盐虾|番茄炒蛋/红烧萝卜|米饭|红烧排骨|茭白肉丝小炒|雪菜蛋饺
11475,木耳娃娃菜|椒盐虾|番茄炒蛋/红烧萝卜|米饭|红烧排骨|虎皮尖椒/茄子长江豆|雪菜蛋饺
11476,培红菜蘑菇毛豆肉丝|扎肉|木耳娃娃菜|椒盐虾|米饭|虎皮尖椒/茄子长江豆|雪菜蛋饺
11477,培红菜蘑菇毛豆肉丝|椒盐虾|番茄炒蛋/红烧萝卜|米饭|红烧油片|虎皮尖椒/茄子长江豆|雪菜蛋饺
11478,椒盐虾|油豆腐烧肉|番茄炒蛋/红烧萝卜|米饭|红烧排骨|茭白肉丝小炒|虎皮尖椒/茄子长江豆
11479,培红菜蘑菇毛豆肉丝|木耳娃娃菜|椒盐虾|番茄炒蛋/红烧萝卜|米饭|红烧排骨|虎皮尖椒/茄子长江豆
1148,包菜粉丝|大白菜|米饭|鱼香杏鲍菇炒肉
11480,培红菜蘑菇毛豆肉丝|红烧排骨|雪菜蛋饺|青椒土豆丝
11481,培红菜蘑菇毛豆肉丝|木耳娃娃菜|红烧排骨|虎皮尖椒/茄子长江豆
11482,扎肉|番茄炒蛋/红烧萝卜|米饭|虎皮尖椒/茄子长江豆|雪菜蛋饺
11483,白菜千张丝|米饭|茭白肉丝小炒
11484,油豆腐烧肉|米饭|莴笋山药|虎皮尖椒/茄子长江豆
11485,扎肉|番茄炒蛋/红烧萝卜|白菜千张丝|米饭|茭白肉丝小炒|莴笋山药|青椒土豆丝
11486,木耳娃娃菜|番茄炒蛋/红烧萝卜|米饭|虎皮尖椒/茄子长江豆|雪菜蛋饺
11487,扎肉|油豆腐烧肉|番茄炒蛋/红烧萝卜|白菜千张丝|米饭|青椒土豆丝
11488,椒盐虾|油豆腐烧肉|番茄炒蛋/红烧萝卜|米饭|红烧排骨|茭白肉丝小炒|虎皮尖椒/茄子长江豆
11489,培红菜蘑菇毛豆肉丝|米饭|茭白肉丝小炒|莴笋山药|虎皮尖椒/茄子长江豆
1149,干菜长江豆|油豆腐烧肉|米饭|花椒排骨|鱼香杏鲍菇炒肉
11490,培红菜蘑菇毛豆肉丝|米饭|茭白肉丝小炒|虎皮尖椒/茄子长江豆
11491,培红菜蘑菇毛豆肉丝|木耳娃娃菜|椒盐虾|番茄炒蛋/红烧萝卜|米饭|茭白肉丝小炒|虎皮尖椒/茄子长江豆
11492,培红菜蘑菇毛豆肉丝|番茄炒蛋/红烧萝卜|米饭|红烧排骨|莴笋山药
11493,木耳娃娃菜|椒盐虾|米饭|莴笋山药|葱油鸡|虎皮尖椒/茄子长江豆|雪菜蛋饺
11494,扎肉|番茄炒蛋/红烧萝卜|米饭|虎皮尖椒/茄子长江豆
11495,椒盐虾|番茄炒蛋/红烧萝卜|米饭|红烧排骨|莴笋山药
11496,椒盐虾|白菜千张丝|米饭|虎皮尖椒/茄子长江豆
11497,椒盐虾|番茄炒蛋/红烧萝卜|米饭|虎皮尖椒/茄子长江豆
11498,木耳娃娃菜|椒盐虾|米饭|葱油鸡|虎皮尖椒/茄子长江豆
11499,培红菜蘑菇毛豆肉丝|番茄炒蛋/红烧萝卜|米饭|虎皮尖椒/茄子长江豆|雪菜蛋饺
1150,干菜长江豆|油豆腐烧肉|米饭
11500,培红菜蘑菇毛豆肉丝|白菜千张丝|米饭|虎皮尖椒/茄子长江豆|雪菜蛋饺
11501,培红菜蘑菇毛豆肉丝|番茄炒蛋/红烧萝卜|米饭|红烧排骨|莴笋山药|虎皮尖椒/茄子长江豆|雪菜蛋饺
11502,培红菜蘑菇毛豆肉丝|米饭|茭白肉丝小炒|雪菜蛋饺
11503,培红菜蘑菇毛豆肉丝|小青菜|木耳娃娃菜|番茄炒蛋/红烧萝卜|米饭|葱油鸡|虎皮尖椒/茄子长江豆
11504,培红菜蘑菇毛豆肉丝|白菜千张丝|米饭
11505,培红菜蘑菇毛豆肉丝|油豆腐烧肉|白菜千张丝|茭白肉丝小炒|葱油鸡|雪菜蛋饺
11506,番茄炒蛋/红烧萝卜|米饭|虎皮尖椒/茄子长江豆
11507,扎肉|番茄炒蛋/红烧萝卜|米饭|红烧排骨|青椒土豆丝
11508,木耳娃娃菜|椒盐虾|番茄炒蛋/红烧萝卜|米饭|红烧排骨|茭白肉丝小炒|葱油鸡|虎皮尖椒/茄子长江豆|青椒土豆丝
11509,培红菜蘑菇毛豆肉丝|油豆腐烧肉|番茄炒蛋/红烧萝卜|白菜千张丝|米饭|虎皮尖椒/茄子长江豆|雪菜蛋饺
1151,大白菜|油豆腐烧肉|米饭|花椒排骨|醋溜鱼/宫保鸡丁
11510,培红菜蘑菇毛豆肉丝|小青菜|番茄炒蛋/红烧萝卜|米饭|莴笋山药
11511,培红菜蘑菇毛豆肉丝|木耳娃娃菜|米饭|莴笋山药|葱油鸡
11512,油豆腐烧肉|番茄炒蛋/红烧萝卜|米饭|莴笋山药|葱油鸡|虎皮尖椒/茄子长江豆|雪菜蛋饺
11513,木耳娃娃菜|白菜千张丝|米饭|葱油鸡|虎皮尖椒/茄子长江豆|青椒土豆丝
11514,椒盐虾|米饭|虎皮尖椒/茄子长江豆
11515,油豆腐烧肉|番茄炒蛋/红烧萝卜|米饭|虎皮尖椒/茄子长江豆
11516,木耳娃娃菜|米饭|红烧排骨|茭白肉丝小炒|葱油鸡|虎皮尖椒/茄子长江豆|青椒土豆丝
11517,包菜粉丝|番茄炒蛋/红烧萝卜|白菜千张丝|米饭|红烧排骨|葱油鸡|虎皮尖椒/茄子长江豆|青椒土豆丝
11518,小青菜|扎肉|木耳娃娃菜|米饭|虎皮尖椒/茄子长江豆
11519,番茄炒蛋/红烧萝卜|白菜千张丝|米饭|红烧排骨|青椒土豆丝
1152,大白菜|油豆腐烧肉|米饭|醋溜鱼/宫保鸡丁|青椒水面筋/木耳西兰|鱼香杏鲍菇炒肉
11520,油豆腐烧肉|番茄炒蛋/红烧萝卜|米饭|雪菜蛋饺
11521,扎肉|白菜千张丝|米饭|茭白肉丝小炒|虎皮尖椒/茄子长江豆
11522,番茄炒蛋/红烧萝卜|白菜千张丝|米饭|茭白肉丝小炒|虎皮尖椒/茄子长江豆|青椒土豆丝
11523,培红菜蘑菇毛豆肉丝|米饭|莴笋山药|虎皮尖椒/茄子长江豆
11524,木耳娃娃菜|番茄炒蛋/红烧萝卜|米饭|虎皮尖椒/茄子长江豆|雪菜蛋饺
11525,小青菜|椒盐虾|番茄炒蛋/红烧萝卜|白菜千张丝|米饭|莴笋山药|虎皮尖椒/茄子长江豆
11526,培红菜蘑菇毛豆肉丝|小青菜|椒盐虾|番茄炒蛋/红烧萝卜|白菜千张丝|米饭|莴笋山药|虎皮尖椒/茄子长江豆|青椒土豆丝
11527,扎肉|椒盐虾|番茄炒蛋/红烧萝卜|米饭|茭白肉丝小炒|青椒土豆丝
11528,番茄炒蛋/红烧萝卜|米饭|红烧排骨|茭白肉丝小炒
11529,白菜千张丝|米饭|红烧排骨|茭白肉丝小炒|虎皮尖椒/茄子长江豆
1153,大白菜|油豆腐烧肉|花椒排骨|青椒水面筋/木耳西兰|青瓜花生米/青椒炒蛋|鸡米花/辣子鸡
11530,培红菜蘑菇毛豆肉丝|木耳娃娃菜|番茄炒蛋/红烧萝卜|米饭|葱油鸡|虎皮尖椒/茄子长江豆
11531,培红菜蘑菇毛豆肉丝|油豆腐烧肉|米饭|茭白肉丝小炒|莴笋山药|虎皮尖椒/茄子长江豆
11532,木耳娃娃菜|番茄炒蛋/红烧萝卜|米饭|红烧排骨
11533,培红菜蘑菇毛豆肉丝|番茄炒蛋/红烧萝卜|米饭|茭白肉丝小炒|虎皮尖椒/茄子长江豆
11534,培红菜蘑菇毛豆肉丝|小青菜|椒盐虾|米饭|茭白肉丝小炒
11535,木耳娃娃菜|白菜千张丝|米饭|葱油鸡|虎皮尖椒/茄子长江豆|青椒土豆丝
11536,白菜千张丝|青椒土豆丝
11537,小青菜|木耳娃娃菜|椒盐虾|番茄炒蛋/红烧萝卜|白菜千张丝|米饭|红烧排骨|茭白肉丝小炒|葱油鸡|虎皮尖椒/茄子长江豆|青椒土豆丝
11538,培红菜蘑菇毛豆肉丝|扎肉|番茄炒蛋/红烧萝卜|米饭|莴笋山药
11539,扎肉|椒盐虾|番茄炒蛋/红烧萝卜|米饭|茭白肉丝小炒|虎皮尖椒/茄子长江豆
1154,包菜粉丝|米饭|花椒排骨|醋溜鱼/宫保鸡丁|青瓜花生米/青椒炒蛋
11540,培红菜蘑菇毛豆肉丝|木耳娃娃菜|油豆腐烧肉|番茄炒蛋/红烧萝卜|米饭|莴笋山药|葱油鸡|虎皮尖椒/茄子长江豆
11541,培红菜蘑菇毛豆肉丝|小青菜|番茄炒蛋/红烧萝卜|米饭|葱油鸡
11542,培红菜蘑菇毛豆肉丝|小青菜|番茄炒蛋/红烧萝卜|米饭|葱油鸡
11543,扎肉|木耳娃娃菜|椒盐虾|番茄炒蛋/红烧萝卜|米饭|茭白肉丝小炒|葱油鸡|虎皮尖椒/茄子长江豆|青椒土豆丝
11544,木耳娃娃菜|米饭|葱油鸡
11545,培红菜蘑菇毛豆肉丝|椒盐虾|米饭|茭白肉丝小炒|莴笋山药|葱油鸡|雪菜蛋饺
11546,扎肉|白菜千张丝|米饭|红烧排骨|青椒土豆丝
11547,扎肉|番茄炒蛋/红烧萝卜|白菜千张丝|米饭|茭白肉丝小炒|葱油鸡|青椒土豆丝
11548,木耳娃娃菜|椒盐虾|白菜千张丝|米饭|葱油鸡|虎皮尖椒/茄子长江豆
11549,小青菜|木耳娃娃菜|番茄炒蛋/红烧萝卜|米饭|葱油鸡
1155,大白菜|油豆腐烧肉|米饭|花椒排骨|醋溜鱼/宫保鸡丁|青瓜花生米/青椒炒蛋
11550,扎肉|椒盐虾|番茄炒蛋/红烧萝卜|米饭|莴笋山药|葱油鸡|虎皮尖椒/茄子长江豆
11551,培红菜蘑菇毛豆肉丝|椒盐虾|番茄炒蛋/红烧萝卜|白菜千张丝|米饭|红烧排骨|虎皮尖椒/茄子长江豆
11552,白菜千张丝|米饭|葱油鸡|青椒土豆丝
11553,扎肉|椒盐虾|油豆腐烧肉|番茄炒蛋/红烧萝卜|白菜千张丝|米饭|红烧排骨|茭白肉丝小炒
11554,培红菜蘑菇毛豆肉丝|米饭|莴笋山药|葱油鸡|虎皮尖椒/茄子长江豆
11555,培红菜蘑菇毛豆肉丝|油豆腐烧肉|番茄炒蛋/红烧萝卜|米饭|葱油鸡
11556,培红菜蘑菇毛豆肉丝|小青菜|椒盐虾|油豆腐烧肉|番茄炒蛋/红烧萝卜|米饭|茭白肉丝小炒|葱油鸡|虎皮尖椒/茄子长江豆
11557,番茄炒蛋/红烧萝卜|米饭|莴笋山药|葱油鸡|虎皮尖椒/茄子长江豆
11558,米饭|茭白肉丝小炒|虎皮尖椒/茄子长江豆
11559,培红菜蘑菇毛豆肉丝|白菜千张丝|米饭|红烧排骨|茭白肉丝小炒|莴笋山药|葱油鸡|青椒土豆丝
1156,包菜粉丝|干菜长江豆|油豆腐烧肉|米饭|醋溜鱼/宫保鸡丁|青瓜花生米/青椒炒蛋|鸡米花/辣子鸡
11560,白菜千张丝|米饭|红烧排骨|茭白肉丝小炒|葱油鸡|青椒土豆丝
11561,木耳娃娃菜|番茄炒蛋/红烧萝卜|米饭|红烧排骨|葱油鸡|虎皮尖椒/茄子长江豆|青椒土豆丝
11562,培红菜蘑菇毛豆肉丝|小青菜|木耳娃娃菜|油豆腐烧肉|番茄炒蛋/红烧萝卜|米饭|莴笋山药|雪菜蛋饺
11563,培红菜蘑菇毛豆肉丝|椒盐虾|米饭|莴笋山药|虎皮尖椒/茄子长江豆
11564,培红菜蘑菇毛豆肉丝|木耳娃娃菜|椒盐虾|油豆腐烧肉|番茄炒蛋/红烧萝卜|白菜千张丝|米饭|莴笋山药
11565,椒盐虾|米饭|茭白肉丝小炒|葱油鸡|青椒土豆丝
11566,木耳娃娃菜|番茄炒蛋/红烧萝卜|米饭|红烧排骨
11567,小青菜|番茄炒蛋/红烧萝卜|米饭|葱油鸡|青椒土豆丝
11568,木耳娃娃菜|米饭|红烧排骨|莴笋山药|葱油鸡
11569,番茄炒蛋/红烧萝卜|米饭|葱油鸡
1157,包菜粉丝|大白菜|春卷/辣子鸡|油豆腐烧肉|米饭|醋溜鱼/宫保鸡丁|鱼香杏鲍菇炒肉
11570,培红菜蘑菇毛豆肉丝|木耳娃娃菜|番茄炒蛋/红烧萝卜|茭白肉丝小炒
11571,培红菜蘑菇毛豆肉丝|番茄炒蛋/红烧萝卜|米饭|虎皮尖椒/茄子长江豆|雪菜蛋饺
11572,扎肉|木耳娃娃菜|番茄炒蛋/红烧萝卜|米饭|莴笋山药|虎皮尖椒/茄子长江豆|雪菜蛋饺
11573,椒盐虾|米饭|红烧排骨|茭白肉丝小炒|虎皮尖椒/茄子长江豆
11574,培红菜蘑菇毛豆肉丝|木耳娃娃菜|米饭|雪菜蛋饺
11575,扎肉|木耳娃娃菜|番茄炒蛋/红烧萝卜|米饭|莴笋山药|虎皮尖椒/茄子长江豆|雪菜蛋饺
11576,油豆腐烧肉|番茄炒蛋/红烧萝卜|米饭|虎皮尖椒/茄子长江豆
11577,木耳娃娃菜|米饭|虎皮尖椒/茄子长江豆
11578,椒盐虾|白菜千张丝|米饭|茭白肉丝小炒
11579,番茄炒蛋/红烧萝卜|白菜千张丝|米饭|茭白肉丝小炒
1158,大白菜|米饭|花椒排骨|醋溜鱼/宫保鸡丁|青瓜花生米/青椒炒蛋|鸡米花/辣子鸡
11580,木耳娃娃菜|米饭|红烧排骨|葱油鸡|虎皮尖椒/茄子长江豆
11581,番茄炒蛋/红烧萝卜|米饭|葱油鸡|虎皮尖椒/茄子长江豆
11582,米饭|茭白肉丝小炒|葱油鸡|虎皮尖椒/茄子长江豆|青椒土豆丝
11583,扎肉|木耳娃娃菜|米饭|葱油鸡|雪菜蛋饺|青椒土豆丝
11584,培红菜蘑菇毛豆肉丝|油豆腐烧肉|米饭|莴笋山药|虎皮尖椒/茄子长江豆|雪菜蛋饺
11585,椒盐虾|番茄炒蛋/红烧萝卜|米饭|青椒土豆丝
11586,小青菜|扎肉|木耳娃娃菜|番茄炒蛋/红烧萝卜|米饭|虎皮尖椒/茄子长江豆
11587,木耳娃娃菜|番茄炒蛋/红烧萝卜|米饭|红烧排骨|葱油鸡
11588,小青菜|番茄炒蛋/红烧萝卜|米饭|虎皮尖椒/茄子长江豆|雪菜蛋饺
11589,扎肉|椒盐虾|米饭|茭白肉丝小炒|葱油鸡|虎皮尖椒/茄子长江豆
1159,油豆腐烧肉|米饭|醋溜鱼/宫保鸡丁|青瓜花生米/青椒炒蛋
11590,小青菜|扎肉|番茄炒蛋/红烧萝卜|白菜千张丝|米饭|葱油鸡
11591,小青菜|椒盐虾|番茄炒蛋/红烧萝卜|白菜千张丝|米饭|虎皮尖椒/茄子长江豆|青椒土豆丝
11592,油豆腐烧肉|番茄炒蛋/红烧萝卜|白菜千张丝|米饭|茭白肉丝小炒|虎皮尖椒/茄子长江豆|青椒土豆丝
11593,培红菜蘑菇毛豆肉丝|木耳娃娃菜|椒盐虾|番茄炒蛋/红烧萝卜|米饭|红烧排骨|茭白肉丝小炒|莴笋山药|葱油鸡|青椒土豆丝
11594,小青菜|扎肉|木耳娃娃菜|米饭|葱油鸡
11595,椒盐虾|番茄炒蛋/红烧萝卜|米饭|茭白肉丝小炒|葱油鸡|虎皮尖椒/茄子长江豆
11596,木耳娃娃菜|椒盐虾|番茄炒蛋/红烧萝卜|葱油鸡|虎皮尖椒/茄子长江豆
11597,培红菜蘑菇毛豆肉丝|扎肉|米饭|虎皮尖椒/茄子长江豆
11598,小青菜|木耳娃娃菜|椒盐虾|油豆腐烧肉|米饭|虎皮尖椒/茄子长江豆
11599,扎肉|木耳娃娃菜|番茄炒蛋/红烧萝卜|葱油鸡|青椒土豆丝
1160,包菜粉丝|大白菜|春卷/辣子鸡|油豆腐烧肉|米饭|花椒排骨|鸡米花/辣子鸡
11600,木耳娃娃菜|番茄炒蛋/红烧萝卜|米饭|红烧排骨|茭白肉丝小炒|葱油鸡|虎皮尖椒/茄子长江豆|青椒土豆丝
11601,培红菜蘑菇毛豆肉丝|小青菜|扎肉|米饭
11602,米饭|茭白肉丝小炒|葱油鸡|虎皮尖椒/茄子长江豆
11603,木耳娃娃菜|番茄炒蛋/红烧萝卜|米饭|红烧排骨|葱油鸡|虎皮尖椒/茄子长江豆
11604,小青菜|椒盐虾|番茄炒蛋/红烧萝卜|米饭|红烧排骨
11605,付皮包|培红菜蘑菇毛豆肉丝|扎肉|番茄炒蛋/红烧萝卜|米饭|葱油鸡|韭黄肉丝小炒
11606,椒盐虾|米饭|葱油鸡|虎皮尖椒/茄子长江豆|青椒土豆丝
11607,培红菜蘑菇毛豆肉丝|小青菜|油豆腐烧肉|番茄炒蛋/红烧萝卜|米饭|红烧排骨|莴笋山药
11608,番茄炒蛋/红烧萝卜|米饭|虎皮尖椒/茄子长江豆
11609,付皮包|包菜粉丝|小青菜|木耳娃娃菜|油豆腐烧肉|米饭|红烧带鱼|葱油鸡|雪菜蛋饺
1161,大白菜|干菜长江豆|春卷/辣子鸡|米饭|醋溜鱼/宫保鸡丁|青椒水面筋/木耳西兰|青瓜花生米/青椒炒蛋
11610,木耳娃娃菜|油豆腐烧肉|米饭|茭白肉丝小炒|莴笋山药|葱油鸡
11611,扎肉|白菜千张丝|米饭|茭白肉丝小炒|虎皮尖椒/茄子长江豆
11612,米饭|莴笋山药|虎皮尖椒/茄子长江豆
11613,培红菜蘑菇毛豆肉丝|木耳娃娃菜|椒盐虾|米饭|葱油鸡
11614,培红菜蘑菇毛豆肉丝|番茄炒蛋/红烧萝卜|米饭|葱油鸡|雪菜蛋饺
11615,培红菜蘑菇毛豆肉丝|小青菜|米饭|莴笋山药|葱油鸡|虎皮尖椒/茄子长江豆|雪菜蛋饺
11616,培红菜蘑菇毛豆肉丝|扎肉|番茄炒蛋/红烧萝卜|米饭
11617,小青菜|番茄炒蛋/红烧萝卜|米饭|莴笋山药|雪菜蛋饺
11618,小青菜|扎肉|木耳娃娃菜|米饭|葱油鸡
11619,培红菜蘑菇毛豆肉丝|椒盐虾|油豆腐烧肉|米饭|莴笋山药|雪菜蛋饺
1162,干菜长江豆|春卷/辣子鸡|米饭|醋溜鱼/宫保鸡丁|青椒水面筋/木耳西兰|鱼香杏鲍菇炒肉
11620,培红菜蘑菇毛豆肉丝|木耳娃娃菜|米饭|红烧排骨|茭白肉丝小炒
11621,油豆腐烧肉|番茄炒蛋/红烧萝卜|白菜千张丝|米饭|红烧排骨|茭白肉丝小炒|葱油鸡|虎皮尖椒/茄子长江豆|雪菜蛋饺|青椒土豆丝
11622,培红菜蘑菇毛豆肉丝|番茄炒蛋/红烧萝卜|米饭|红烧排骨|葱油鸡
11623,培红菜蘑菇毛豆肉丝|米饭|莴笋山药
11624,培红菜蘑菇毛豆肉丝|小青菜|油豆腐烧肉|番茄炒蛋/红烧萝卜|米饭|雪菜蛋饺
11625,椒盐虾|白菜千张丝|米饭|茭白肉丝小炒|葱油鸡|虎皮尖椒/茄子长江豆
11626,木耳娃娃菜|米饭|红烧排骨|葱油鸡|虎皮尖椒/茄子长江豆|青椒土豆丝
11627,培红菜蘑菇毛豆肉丝|椒盐虾|番茄炒蛋/红烧萝卜|米饭|茭白肉丝小炒|葱油鸡|虎皮尖椒/茄子长江豆|雪菜蛋饺|青椒土豆丝
11628,小青菜|木耳娃娃菜|葱油鸡
11629,番茄炒蛋/红烧萝卜|米饭|虎皮尖椒/茄子长江豆
1163,包菜粉丝|油豆腐烧肉|米饭|青椒水面筋/木耳西兰|青瓜花生米/青椒炒蛋|鱼香杏鲍菇炒肉
11630,培红菜蘑菇毛豆肉丝|椒盐虾|番茄炒蛋/红烧萝卜|米饭|茭白肉丝小炒|葱油鸡|虎皮尖椒/茄子长江豆
11631,木耳娃娃菜|米饭|葱油鸡|虎皮尖椒/茄子长江豆|雪菜蛋饺
11632,扎肉|木耳娃娃菜|椒盐虾|番茄炒蛋/红烧萝卜|米饭|茭白肉丝小炒
11633,木耳娃娃菜|椒盐虾|米饭|茭白肉丝小炒|葱油鸡
11634,油豆腐烧肉|番茄炒蛋/红烧萝卜|米饭|青椒土豆丝
11635,培红菜蘑菇毛豆肉丝|小青菜|米饭|莴笋山药
11636,椒盐虾|白菜千张丝|米饭|葱油鸡|青椒土豆丝
11637,木耳娃娃菜|米饭|葱油鸡|虎皮尖椒/茄子长江豆|雪菜蛋饺
11638,培红菜蘑菇毛豆肉丝|木耳娃娃菜|米饭|葱油鸡|雪菜蛋饺
11639,木耳娃娃菜|番茄炒蛋/红烧萝卜|米饭|葱油鸡|虎皮尖椒/茄子长江豆
1164,大白菜|米饭|花椒排骨|青椒水面筋/木耳西兰|青瓜花生米/青椒炒蛋
11640,木耳娃娃菜|油豆腐烧肉|番茄炒蛋/红烧萝卜|米饭|莴笋山药|葱油鸡|虎皮尖椒/茄子长江豆
11641,番茄炒蛋/红烧萝卜|白菜千张丝|米饭|红烧排骨|茭白肉丝小炒
11642,椒盐虾
11643,扎肉|木耳娃娃菜|椒盐虾|白菜千张丝|米饭|虎皮尖椒/茄子长江豆
11644,大排|木耳娃娃菜|椒盐虾|番茄炒蛋/红烧萝卜|米饭|虎皮尖椒/茄子长江豆
11645,培红菜蘑菇毛豆肉丝|大排|米饭|茭白肉丝小炒|虎皮尖椒/茄子长江豆
11646,大排|木耳娃娃菜|番茄炒蛋/红烧萝卜|米饭|红烧排骨|茭白肉丝小炒|虎皮尖椒/茄子长江豆
11647,培红菜蘑菇毛豆肉丝|木耳娃娃菜|油豆腐烧肉|米饭
11648,木耳娃娃菜|椒盐虾|番茄炒蛋/红烧萝卜|米饭|虎皮尖椒/茄子长江豆|青椒土豆丝
11649,扎肉|木耳娃娃菜|番茄炒蛋/红烧萝卜|青椒土豆丝
1165,包菜粉丝|大白菜|干菜长江豆|春卷/辣子鸡|油豆腐烧肉|米饭|花椒排骨|青椒水面筋/木耳西兰|青瓜花生米/青椒炒蛋
11650,大排|木耳娃娃菜|米饭|茭白肉丝小炒|青椒土豆丝
11651,培红菜蘑菇毛豆肉丝|油豆腐烧肉|白菜千张丝|米饭|红烧排骨|茭白肉丝小炒|虎皮尖椒/茄子长江豆|青椒土豆丝
11652,木耳娃娃菜|椒盐虾|米饭|莴笋山药|雪菜蛋饺
11653,大排|木耳娃娃菜|番茄炒蛋/红烧萝卜|米饭|青椒土豆丝
11654,培红菜蘑菇毛豆肉丝|小青菜|木耳娃娃菜|油豆腐烧肉|番茄炒蛋/红烧萝卜|白菜千张丝|米饭|红烧排骨|茭白肉丝小炒|莴笋山药|葱油鸡|虎皮尖椒/茄子长江豆
11655,培红菜蘑菇毛豆肉丝|大排|米饭|葱油鸡|虎皮尖椒/茄子长江豆|青椒土豆丝
11656,椒盐虾|番茄炒蛋/红烧萝卜|白菜千张丝|米饭|红烧排骨|莴笋山药|虎皮尖椒/茄子长江豆
11657,大排|小青菜|米饭|莴笋山药
11658,木耳娃娃菜|椒盐虾|番茄炒蛋/红烧萝卜|米饭|红烧排骨|茭白肉丝小炒|莴笋山药|青椒土豆丝
11659,大排|木耳娃娃菜|米饭
1166,油豆腐烧肉|花椒排骨|青椒水面筋/木耳西兰|青瓜花生米/青椒炒蛋
11660,小青菜|番茄炒蛋/红烧萝卜|米饭|虎皮尖椒/茄子长江豆
11661,木耳娃娃菜|油豆腐烧肉|白菜千张丝|米饭|茭白肉丝小炒|青椒土豆丝
11662,木耳娃娃菜|番茄炒蛋/红烧萝卜|米饭|葱油鸡|青椒土豆丝
11663,培红菜蘑菇毛豆肉丝|大排|小青菜|木耳娃娃菜|米饭|虎皮尖椒/茄子长江豆
11664,培红菜蘑菇毛豆肉丝|椒盐虾|番茄炒蛋/红烧萝卜|白菜千张丝|米饭|红烧排骨|茭白肉丝小炒|莴笋山药
11665,大排|木耳娃娃菜|番茄炒蛋/红烧萝卜|米饭|虎皮尖椒/茄子长江豆|青椒土豆丝
11666,大排|木耳娃娃菜|番茄炒蛋/红烧萝卜|米饭
11667,培红菜蘑菇毛豆肉丝|椒盐虾|虎皮尖椒/茄子长江豆
11668,扎肉
11669,扎肉|椒盐虾|米饭|芹菜香干
1167,包菜粉丝|干菜长江豆|春卷/辣子鸡|米饭|花椒排骨
11670,培红菜蘑菇毛豆肉丝|椒盐虾|油豆腐烧肉|番茄炒蛋/红烧萝卜|米饭|芹菜香干|葱油鸡
11671,培红菜蘑菇毛豆肉丝|大排|木耳娃娃菜|米饭|虎皮尖椒/茄子长江豆
11672,大排|小青菜|米饭|芹菜香干
11673,培红菜蘑菇毛豆肉丝|番茄炒蛋/红烧萝卜|米饭|蒜苗香干肉丝|青椒土豆丝
11674,扎肉|番茄炒蛋/红烧萝卜|米饭|红烧排骨|芹菜香干|虎皮尖椒/茄子长江豆
11675,木耳娃娃菜|米饭|红烧排骨|茭白肉丝小炒|青椒土豆丝
11676,椒盐虾|白菜千张丝|米饭|茭白肉丝小炒|蒜苗香干肉丝|青椒土豆丝
11677,扎肉|木耳娃娃菜|椒盐虾|米饭|蒜苗香干肉丝|虎皮尖椒/茄子长江豆|青椒土豆丝
11678,米饭|茭白肉丝小炒|葱油鸡|蒜苗香干肉丝|虎皮尖椒/茄子长江豆|青椒土豆丝
11679,培红菜蘑菇毛豆肉丝|扎肉|米饭|芹菜香干|茭白肉丝小炒|蒜苗香干肉丝|虎皮尖椒/茄子长江豆
1168,包菜粉丝|米饭|青椒水面筋/木耳西兰|鱼香杏鲍菇炒肉|鸡米花/辣子鸡
11680,小青菜|油豆腐烧肉|番茄炒蛋/红烧萝卜|米饭|虎皮尖椒/茄子长江豆
11681,大排|米饭|茭白肉丝小炒|青椒土豆丝
11682,培红菜蘑菇毛豆肉丝|木耳娃娃菜|番茄炒蛋/红烧萝卜|米饭|芹菜香干|葱油鸡|蒜苗香干肉丝|虎皮尖椒/茄子长江豆
11683,培红菜蘑菇毛豆肉丝|油豆腐烧肉|米饭|芹菜香干|葱油鸡|虎皮尖椒/茄子长江豆
11684,番茄炒蛋/红烧萝卜|米饭|茭白肉丝小炒|青椒土豆丝
11685,油豆腐烧肉|番茄炒蛋/红烧萝卜|白菜千张丝|米饭|茭白肉丝小炒|蒜苗香干肉丝|虎皮尖椒/茄子长江豆|青椒土豆丝
11686,米饭|芹菜香干|茭白肉丝小炒|蒜苗香干肉丝
11687,大排|木耳娃娃菜|油豆腐烧肉|米饭|葱油鸡
11688,白菜千张丝|米饭|芹菜香干|蒜苗香干肉丝|虎皮尖椒/茄子长江豆
11689,番茄炒蛋/红烧萝卜|米饭|蒜苗香干肉丝|虎皮尖椒/茄子长江豆
1169,包菜粉丝|大白菜|米饭|醋溜鱼/宫保鸡丁|青椒水面筋/木耳西兰
11690,培红菜蘑菇毛豆肉丝|大排|米饭|芹菜香干
11691,培红菜蘑菇毛豆肉丝|大排|木耳娃娃菜|油豆腐烧肉|番茄炒蛋/红烧萝卜|米饭|茭白肉丝小炒|虎皮尖椒/茄子长江豆
11692,米饭|茭白肉丝小炒|蒜苗香干肉丝|青椒土豆丝
11693,大排|小青菜|木耳娃娃菜|番茄炒蛋/红烧萝卜|米饭|芹菜香干|青椒土豆丝
11694,培红菜蘑菇毛豆肉丝|大排|番茄炒蛋/红烧萝卜|米饭|芹菜香干|茭白肉丝小炒
11695,番茄炒蛋/红烧萝卜|米饭|红烧排骨|蒜苗香干肉丝|青椒土豆丝
11696,培红菜蘑菇毛豆肉丝|小青菜|木耳娃娃菜|米饭
11697,大排|木耳娃娃菜|油豆腐烧肉|米饭|芹菜香干|葱油鸡|虎皮尖椒/茄子长江豆
11698,扎肉|番茄炒蛋/红烧萝卜|米饭|茭白肉丝小炒
11699,小青菜|油豆腐烧肉|番茄炒蛋/红烧萝卜|米饭|芹菜香干|茭白肉丝小炒
1170,大白菜|干菜长江豆|油豆腐烧肉|米饭|花椒排骨|青椒水面筋/木耳西兰
11700,培红菜蘑菇毛豆肉丝|大排|番茄炒蛋/红烧萝卜|芹菜香干|葱油鸡|青椒土豆丝
11701,培红菜蘑菇毛豆肉丝|大排|小青菜|番茄炒蛋/红烧萝卜|米饭|芹菜香干|葱油鸡
11702,木耳娃娃菜|番茄炒蛋/红烧萝卜|米饭|蒜苗香干肉丝|虎皮尖椒/茄子长江豆
11703,培红菜蘑菇毛豆肉丝|大排|油豆腐烧肉|番茄炒蛋/红烧萝卜|米饭|芹菜香干|茭白肉丝小炒|青椒土豆丝
11704,木耳娃娃菜|油豆腐烧肉|米饭|芹菜香干|葱油鸡
11705,大排|油豆腐烧肉|番茄炒蛋/红烧萝卜|米饭|芹菜香干|葱油鸡|青椒土豆丝
11706,番茄炒蛋/红烧萝卜|白菜千张丝|米饭|红烧排骨|蒜苗香干肉丝|青椒土豆丝
11707,扎肉|木耳娃娃菜|油豆腐烧肉|番茄炒蛋/红烧萝卜|米饭|芹菜香干|茭白肉丝小炒|蒜苗香干肉丝
11708,扎肉|米饭|红烧排骨|茭白肉丝小炒|青椒土豆丝
11709,培红菜蘑菇毛豆肉丝|大排|木耳娃娃菜|油豆腐烧肉|番茄炒蛋/红烧萝卜|米饭|蒜苗香干肉丝|虎皮尖椒/茄子长江豆
1171,干菜长江豆|米饭|花椒排骨|青椒水面筋/木耳西兰|青瓜花生米/青椒炒蛋|鱼香杏鲍菇炒肉
11710,大排|木耳娃娃菜|米饭
11711,扎肉|木耳娃娃菜|油豆腐烧肉|米饭|芹菜香干|茭白肉丝小炒|葱油鸡
11712,扎肉|木耳娃娃菜|米饭|芹菜香干
11713,小青菜|扎肉|米饭|蒜苗香干肉丝|虎皮尖椒/茄子长江豆
11714,培红菜蘑菇毛豆肉丝|木耳娃娃菜|米饭|虎皮尖椒/茄子长江豆
11715,培红菜蘑菇毛豆肉丝|番茄炒蛋/红烧萝卜|米饭|芹菜香干|葱油鸡
11716,扎肉|米饭|蒜苗香干肉丝
11717,培红菜蘑菇毛豆肉丝|木耳娃娃菜|米饭|芹菜香干
11718,小青菜|扎肉|白菜千张丝|米饭|虎皮尖椒/茄子长江豆
11719,培红菜蘑菇毛豆肉丝|大排|米饭|芹菜香干
1172,大白菜|米饭|花椒排骨|青椒水面筋/木耳西兰
11720,米饭
11721,付皮包|包菜粉丝|培红菜蘑菇毛豆肉丝|大排|小青菜|扎肉|木耳娃娃菜|油麦菜|番茄炒蛋/红烧萝卜|米饭|芹菜香干|酱鸭
11722,培红菜蘑菇毛豆肉丝|小青菜|木耳娃娃菜|白菜千张丝|米饭|葱油鸡
11723,培红菜蘑菇毛豆肉丝|大排|小青菜|油豆腐烧肉|米饭
11724,大排|木耳娃娃菜|米饭|蒜苗香干肉丝
11725,大排|木耳娃娃菜|米饭|葱油鸡|蒜苗香干肉丝
11726,大排|扎肉|木耳娃娃菜|番茄炒蛋/红烧萝卜|米饭|芹菜香干|葱油鸡|虎皮尖椒/茄子长江豆
11727,扎肉|白菜千张丝|米饭|红烧排骨|蒜苗香干肉丝
11728,培红菜蘑菇毛豆肉丝|番茄炒蛋/红烧萝卜|米饭|芹菜香干|虎皮尖椒/茄子长江豆
11729,大排|木耳娃娃菜|油豆腐烧肉|米饭|芹菜香干|蒜苗香干肉丝|青椒土豆丝
1173,大白菜|干菜长江豆|春卷/辣子鸡|米饭|花椒排骨|醋溜鱼/宫保鸡丁|青瓜花生米/青椒炒蛋
11730,培红菜蘑菇毛豆肉丝|大排|米饭|青椒土豆丝
11731,扎肉|米饭|青椒土豆丝
11732,大排|油豆腐烧肉|米饭|芹菜香干|虎皮尖椒/茄子长江豆
11733,培红菜蘑菇毛豆肉丝|木耳娃娃菜|米饭|葱油鸡
11734,大排|木耳娃娃菜|油豆腐烧肉|番茄炒蛋/红烧萝卜|米饭|芹菜香干
11735,木耳娃娃菜|番茄炒蛋/红烧萝卜|米饭|葱油鸡
11736,培红菜蘑菇毛豆肉丝|大排|木耳娃娃菜|油豆腐烧肉|米饭
11737,培红菜蘑菇毛豆肉丝|木耳娃娃菜|白菜千张丝|米饭
11738,培红菜蘑菇毛豆肉丝|小青菜|扎肉|木耳娃娃菜|米饭|虎皮尖椒/茄子长江豆
11739,三色绿豆芽|大排|宫保鸡丁|家常豆腐|木耳花菜|水波蛋|花椒鸭|葱油鸡|虎皮蛋烧肉|青椒田藕
1174,干菜长江豆|春卷/辣子鸡|米饭|花椒排骨|青椒水面筋/木耳西兰|青瓜花生米/青椒炒蛋|鱼香杏鲍菇炒肉
11740,大排|家常豆腐|米饭|葱油金针菇|葱油鸡|虎皮蛋烧肉|青瓜付竹肉片|青韭南瓜丝
11741,三色绿豆芽|宫保鸡丁|家常豆腐|米饭|虎皮蛋烧肉|雪菜毛豆子|青瓜付竹肉片
11742,椒盐带鱼|青瓜付竹肉片
11743,木耳娃娃菜|木耳花菜|椒盐带鱼|盐水虾|米饭|雪菜毛豆子|青椒田藕
11744,三色绿豆芽|家常豆腐|木耳娃娃菜|木耳花菜|米饭|青瓜付竹肉片
11745,木耳娃娃菜|椒盐带鱼|米饭|青瓜付竹肉片
11746,三色绿豆芽|宫保鸡丁|水波蛋|盐水虾|米饭|花椒鸭|青椒田藕
11747,水波蛋
11748,木耳娃娃菜|油豆腐烧肉|盐水虾|米饭|雪菜毛豆子|青椒田藕
11749,木耳花菜|椒盐带鱼|水波蛋|油豆腐烧肉|盐水虾|米饭|虎皮蛋烧肉|雪菜毛豆子|青椒田藕
1175,包菜粉丝|大白菜|醋溜鱼/宫保鸡丁|青椒水面筋/木耳西兰
11750,三色绿豆芽|家常豆腐|水波蛋|米饭|葱油鸡
11751,油豆腐烧肉|米饭|葱油金针菇|葱油鸡
11752,大排|宫保鸡丁|水波蛋|米饭|青瓜付竹肉片
11753,家常豆腐|木耳娃娃菜|木耳花菜|椒盐带鱼|米饭|虎皮蛋烧肉
11754,宫保鸡丁|家常豆腐|木耳娃娃菜|油豆腐烧肉|盐水虾|米饭|葱油鸡|青椒田藕
11755,宫保鸡丁|家常豆腐|木耳娃娃菜|米饭|花椒鸭|虎皮蛋烧肉|青椒田藕
11756,三色绿豆芽|米饭|雪菜毛豆子|青瓜付竹肉片
11757,三色绿豆芽|宫保鸡丁|家常豆腐|盐水虾|米饭|葱油鸡|青韭南瓜丝
11758,木耳娃娃菜|木耳花菜|椒盐带鱼|米饭|葱油鸡|青椒田藕
11759,三色绿豆芽|大排|宫保鸡丁|米饭|葱油鸡
1176,大白菜|米饭|青椒水面筋/木耳西兰|鱼香杏鲍菇炒肉
11760,三色绿豆芽|大排|米饭|葱油金针菇|青韭南瓜丝
11761,三色绿豆芽|宫保鸡丁|油豆腐烧肉|青瓜付竹肉片
11762,大排|宫保鸡丁|水波蛋|米饭|葱油金针菇
11763,三色绿豆芽|大排|宫保鸡丁|家常豆腐|木耳娃娃菜|米饭|花椒鸭|雪菜毛豆子
11764,木耳娃娃菜|盐水虾|米饭|雪菜毛豆子
11765,宫保鸡丁|盐水虾|米饭
11766,三色绿豆芽|米饭|花椒鸭|虎皮蛋烧肉
11767,宫保鸡丁|家常豆腐|木耳娃娃菜|椒盐带鱼|米饭|雪菜毛豆子|青韭南瓜丝
11768,大排|家常豆腐|米饭|虎皮蛋烧肉|雪菜毛豆子|青椒田藕
11769,三色绿豆芽|椒盐带鱼|米饭|花椒鸭|青瓜付竹肉片
1177,包菜粉丝|干菜长江豆|米饭|青瓜花生米/青椒炒蛋|鱼香杏鲍菇炒肉
11770,三色绿豆芽|大排|宫保鸡丁|家常豆腐|米饭
11771,木耳娃娃菜|米饭|虎皮蛋烧肉|雪菜毛豆子
11772,三色绿豆芽|木耳花菜|油豆腐烧肉|盐水虾|米饭|葱油金针菇|青韭南瓜丝
11773,家常豆腐|木耳娃娃菜|木耳花菜|米饭|葱油金针菇|雪菜毛豆子
11774,木耳娃娃菜|水波蛋|米饭|葱油鸡|青瓜付竹肉片
11775,大排|宫保鸡丁|米饭|雪菜毛豆子|青瓜付竹肉片
11776,水波蛋|盐水虾|米饭|雪菜毛豆子|青韭南瓜丝
11777,三色绿豆芽|大排|水波蛋|米饭|葱油鸡|虎皮蛋烧肉|青韭南瓜丝
11778,大排|木耳花菜|花椒鸭|葱油金针菇
11779,木耳娃娃菜|椒盐带鱼|水波蛋|盐水虾|米饭|葱油金针菇
1178,包菜粉丝|春卷/辣子鸡|青椒水面筋/木耳西兰|青瓜花生米/青椒炒蛋|鸡米花/辣子鸡
11780,宫保鸡丁|水波蛋|米饭
11781,家常豆腐|木耳花菜|油豆腐烧肉|盐水虾|米饭|雪菜毛豆子
11782,大排|宫保鸡丁|家常豆腐|木耳娃娃菜|米饭|雪菜毛豆子
11783,木耳娃娃菜|椒盐带鱼|米饭|雪菜毛豆子|青椒田藕|青瓜付竹肉片
11784,三色绿豆芽|家常豆腐|米饭|葱油金针菇|虎皮蛋烧肉|青椒田藕|青瓜付竹肉片
11785,三色绿豆芽|水波蛋|米饭|葱油鸡
11786,宫保鸡丁|水波蛋|盐水虾|米饭|葱油金针菇|虎皮蛋烧肉
11787,三色绿豆芽|虎皮蛋烧肉|青椒田藕|青韭南瓜丝
11788,三色绿豆芽|椒盐带鱼|水波蛋|油豆腐烧肉|米饭|虎皮蛋烧肉
11789,三色绿豆芽|椒盐带鱼|水波蛋|油豆腐烧肉|盐水虾|米饭|雪菜毛豆子
1179,春卷/辣子鸡|油豆腐烧肉|米饭|青椒水面筋/木耳西兰|鱼香杏鲍菇炒肉
11790,椒盐带鱼|米饭|虎皮蛋烧肉|雪菜毛豆子|青韭南瓜丝
11791,木耳娃娃菜|木耳花菜|米饭|葱油鸡|青椒田藕|青瓜付竹肉片
11792,家常豆腐|木耳花菜|椒盐带鱼|油豆腐烧肉|盐水虾|米饭|青椒田藕|青瓜付竹肉片
11793,大排|宫保鸡丁|家常豆腐|水波蛋|米饭|葱油鸡
11794,木耳娃娃菜|椒盐带鱼|油豆腐烧肉|米饭|虎皮蛋烧肉|雪菜毛豆子
11795,木耳花菜|椒盐带鱼|盐水虾|米饭|花椒鸭|葱油鸡
11796,三色绿豆芽|椒盐带鱼|米饭|葱油金针菇|青瓜付竹肉片
11797,椒盐带鱼|水波蛋|米饭|雪菜毛豆子
11798,椒盐带鱼|油豆腐烧肉|米饭|雪菜毛豆子
11799,木耳娃娃菜|水波蛋|米饭|青瓜付竹肉片
1180,包菜粉丝|大白菜|米饭|花椒排骨|青椒水面筋/木耳西兰
11800,家常豆腐|木耳娃娃菜|水波蛋|油豆腐烧肉|米饭|葱油鸡
11801,椒盐带鱼|米饭|青瓜付竹肉片
11802,三色绿豆芽|宫保鸡丁|木耳娃娃菜|米饭|葱油鸡|虎皮蛋烧肉
11803,家常豆腐|木耳娃娃菜|椒盐带鱼|油豆腐烧肉|米饭|虎皮蛋烧肉|青瓜付竹肉片
11804,三色绿豆芽|木耳娃娃菜|盐水虾|米饭|葱油鸡|虎皮蛋烧肉
11805,水波蛋|米饭|葱油金针菇|葱油鸡|虎皮蛋烧肉
11806,木耳娃娃菜|木耳花菜|米饭|花椒鸭|葱油鸡|雪菜毛豆子|青瓜付竹肉片
11807,木耳娃娃菜|木耳花菜|米饭|花椒鸭|葱油金针菇|雪菜毛豆子|青椒田藕|青韭南瓜丝
11808,木耳娃娃菜|盐水虾|米饭|雪菜毛豆子
11809,三色绿豆芽|木耳娃娃菜|米饭|葱油鸡|雪菜毛豆子
1181,包菜粉丝|大白菜|春卷/辣子鸡|米饭|青椒水面筋/木耳西兰|鸡米花/辣子鸡
11810,家常豆腐|椒盐带鱼|油豆腐烧肉|盐水虾|米饭|葱油金针菇|虎皮蛋烧肉|青椒田藕
11811,宫保鸡丁|椒盐带鱼|油豆腐烧肉|盐水虾|米饭|葱油金针菇|虎皮蛋烧肉
11812,椒盐带鱼|水波蛋|盐水虾|米饭|葱油金针菇|葱油鸡|虎皮蛋烧肉|青椒田藕|青韭南瓜丝
11813,大排|宫保鸡丁|木耳娃娃菜|米饭|青椒田藕|青瓜付竹肉片
11814,大排|葱油鸡|虎皮蛋烧肉
11815,家常豆腐|米饭|葱油金针菇|葱油鸡|虎皮蛋烧肉
11816,三色绿豆芽|大排|家常豆腐|水波蛋|米饭
11817,家常豆腐|水波蛋|米饭|花椒鸭|葱油金针菇|青韭南瓜丝
11818,宫保鸡丁|木耳娃娃菜|椒盐带鱼|油豆腐烧肉|米饭
11819,三色绿豆芽|家常豆腐|水波蛋|米饭|葱油金针菇|葱油鸡|虎皮蛋烧肉
1182,米饭|醋溜鱼/宫保鸡丁|青椒水面筋/木耳西兰|青瓜花生米/青椒炒蛋
11820,大排|木耳娃娃菜|盐水虾|米饭|虎皮蛋烧肉
11821,三色绿豆芽|米饭|花椒鸭|葱油金针菇|青韭南瓜丝
11822,大排|家常豆腐|木耳娃娃菜|盐水虾|米饭|雪菜毛豆子
11823,葱油鸡|虎皮蛋烧肉|雪菜毛豆子|青韭南瓜丝
11824,木耳娃娃菜|木耳花菜|油豆腐烧肉|米饭|虎皮蛋烧肉|青瓜付竹肉片
11825,宫保鸡丁|水波蛋|盐水虾|米饭|花椒鸭
11826,三色绿豆芽|木耳娃娃菜|木耳花菜|盐水虾|葱油鸡|青椒田藕
11827,木耳花菜|盐水虾|米饭|虎皮蛋烧肉|雪菜毛豆子|青椒田藕
11828,木耳花菜|米饭|虎皮蛋烧肉|青椒田藕
11829,木耳娃娃菜|木耳花菜|油豆腐烧肉|米饭|花椒鸭|雪菜毛豆子|青椒田藕|青瓜付竹肉片
1183,大白菜|米饭|花椒排骨|醋溜鱼/宫保鸡丁|青椒水面筋/木耳西兰|鱼香杏鲍菇炒肉
11830,家常豆腐|木耳娃娃菜|木耳花菜|油豆腐烧肉|米饭|花椒鸭|虎皮蛋烧肉
11831,三色绿豆芽|大排|家常豆腐|椒盐带鱼|米饭|虎皮蛋烧肉
11832,木耳花菜|米饭|青椒田藕
11833,大排|宫保鸡丁|水波蛋|米饭|葱油金针菇|青韭南瓜丝
11834,大排|宫保鸡丁|家常豆腐|米饭|葱油鸡|虎皮蛋烧肉|青韭南瓜丝
11835,木耳娃娃菜|椒盐带鱼|米饭|虎皮蛋烧肉|青瓜付竹肉片
11836,盐水虾|米饭|雪菜毛豆子|青瓜付竹肉片
11837,家常豆腐|木耳娃娃菜|椒盐带鱼|米饭|雪菜毛豆子
11838,水波蛋|米饭|花椒鸭|青韭南瓜丝
11839,家常豆腐|木耳花菜|米饭
1184,干菜长江豆|春卷/辣子鸡|米饭|青椒水面筋/木耳西兰|青瓜花生米/青椒炒蛋|鱼香杏鲍菇炒肉
11840,大排|宫保鸡丁|家常豆腐|木耳花菜|米饭|虎皮蛋烧肉|雪菜毛豆子
11841,油豆腐烧肉|米饭|雪菜毛豆子|青椒田藕
11842,家常豆腐|木耳花菜|椒盐带鱼|盐水虾|米饭|虎皮蛋烧肉|雪菜毛豆子|青瓜付竹肉片
11843,大排|米饭|葱油金针菇|葱油鸡|虎皮蛋烧肉
11844,三色绿豆芽|大排|家常豆腐|米饭|葱油金针菇|葱油鸡|虎皮蛋烧肉
11845,大排|水波蛋|米饭|花椒鸭|葱油鸡
11846,家常豆腐|木耳娃娃菜|椒盐带鱼|盐水虾|米饭|雪菜毛豆子|青瓜付竹肉片
11847,家常豆腐|木耳花菜|椒盐带鱼|米饭|葱油金针菇|葱油鸡|青椒田藕
11848,大排|宫保鸡丁|椒盐带鱼|水波蛋|盐水虾|米饭|葱油鸡|虎皮蛋烧肉|青椒田藕|青瓜付竹肉片
11849,家常豆腐|木耳花菜|油豆腐烧肉|盐水虾|米饭|虎皮蛋烧肉|雪菜毛豆子
1185,包菜粉丝|干菜长江豆|米饭|花椒排骨|青椒水面筋/木耳西兰|鸡米花/辣子鸡
11850,三色绿豆芽|家常豆腐|米饭|葱油金针菇|虎皮蛋烧肉
11851,宫保鸡丁|椒盐带鱼|米饭|虎皮蛋烧肉|青韭南瓜丝
11852,大排|宫保鸡丁|家常豆腐|木耳花菜|油豆腐烧肉|米饭|花椒鸭|虎皮蛋烧肉|雪菜毛豆子|青椒田藕|青瓜付竹肉片|青韭南瓜丝
11853,大排|家常豆腐|木耳花菜|油豆腐烧肉|米饭|花椒鸭|葱油金针菇|雪菜毛豆子|青椒田藕|青瓜付竹肉片
11854,宫保鸡丁|水波蛋|米饭|葱油金针菇|葱油鸡
11855,家常豆腐|木耳娃娃菜|椒盐带鱼|盐水虾|米饭|青椒田藕
11856,家常豆腐|木耳花菜|椒盐带鱼|油豆腐烧肉|米饭|虎皮蛋烧肉|雪菜毛豆子
11857,三色绿豆芽|大排|家常豆腐|米饭|葱油金针菇
11858,三色绿豆芽|宫保鸡丁|家常豆腐|椒盐带鱼|盐水虾|米饭|花椒鸭|葱油金针菇|青韭南瓜丝
11859,宫保鸡丁|木耳娃娃菜|木耳花菜|水波蛋|米饭|虎皮蛋烧肉
1186,大白菜|干菜长江豆|油豆腐烧肉|米饭|花椒排骨|青椒水面筋/木耳西兰|鱼香杏鲍菇炒肉
11860,宫保鸡丁|木耳娃娃菜|椒盐带鱼|米饭|花椒鸭
11861,三色绿豆芽|家常豆腐|椒盐带鱼|米饭|虎皮蛋烧肉|青椒田藕|青韭南瓜丝
11862,宫保鸡丁|家常豆腐|米饭|葱油金针菇|葱油鸡|虎皮蛋烧肉
11863,三色绿豆芽|宫保鸡丁|水波蛋|盐水虾|米饭|雪菜毛豆子
11864,三色绿豆芽|大排|宫保鸡丁|水波蛋|米饭|虎皮蛋烧肉|青瓜付竹肉片
11865,三色绿豆芽|大排|椒盐带鱼|葱油金针菇
11866,木耳娃娃菜|盐水虾|米饭|雪菜毛豆子
11867,三色绿豆芽|宫保鸡丁|家常豆腐|椒盐带鱼|米饭|葱油金针菇|虎皮蛋烧肉
11868,三色绿豆芽|椒盐带鱼|水波蛋|盐水虾|米饭|葱油金针菇
11869,三色绿豆芽|家常豆腐|水波蛋|盐水虾|花椒鸭|葱油金针菇|葱油鸡
1187,米饭|花椒排骨|醋溜鱼/宫保鸡丁|青瓜花生米/青椒炒蛋|鸡米花/辣子鸡
11870,家常豆腐|木耳花菜|盐水虾|米饭|虎皮蛋烧肉|青椒田藕|青瓜付竹肉片
11871,花椒鸭|葱油金针菇|葱油鸡|青瓜付竹肉片
11872,三色绿豆芽|大排|宫保鸡丁|家常豆腐|水波蛋|米饭|虎皮蛋烧肉
11873,家常豆腐|木耳娃娃菜|椒盐带鱼|盐水虾|米饭|虎皮蛋烧肉|雪菜毛豆子|青椒田藕
11874,小青菜|椒盐带鱼|米饭|花椒鸭|葱油金针菇
11875,家常豆腐|木耳娃娃菜|木耳花菜|水波蛋|米饭|葱油鸡|虎皮蛋烧肉|青椒田藕
11876,木耳娃娃菜|木耳花菜|椒盐带鱼|水波蛋|盐水虾|米饭|花椒鸭|虎皮蛋烧肉|雪菜毛豆子|青椒田藕|青瓜付竹肉片
11877,三色绿豆芽|家常豆腐|米饭|花椒鸭|葱油金针菇|葱油鸡|虎皮蛋烧肉
11878,家常豆腐|木耳娃娃菜|木耳花菜|油豆腐烧肉|盐水虾|米饭|虎皮蛋烧肉|青椒田藕|青瓜付竹肉片
11879,家常豆腐|油豆腐烧肉|盐水虾|米饭|雪菜毛豆子
1188,干菜长江豆|米饭|花椒排骨|醋溜鱼/宫保鸡丁|青椒水面筋/木耳西兰|青瓜花生米/青椒炒蛋|鱼香杏鲍菇炒肉|鸡米花/辣子鸡
11880,三色绿豆芽|宫保鸡丁|家常豆腐|米饭|葱油金针菇|青韭南瓜丝
11881,木耳娃娃菜|木耳花菜|盐水虾|米饭|虎皮蛋烧肉
11882,木耳娃娃菜|椒盐带鱼|米饭|虎皮蛋烧肉
11883,三色绿豆芽|米饭|花椒鸭|葱油金针菇|葱油鸡|虎皮蛋烧肉
11884,三色绿豆芽|宫保鸡丁|水波蛋|花椒鸭|葱油金针菇|葱油鸡|青韭南瓜丝
11885,家常豆腐|木耳花菜|盐水虾|米饭|虎皮蛋烧肉|雪菜毛豆子
11886,三色绿豆芽|大排|宫保鸡丁|家常豆腐|水波蛋|葱油金针菇|葱油鸡|虎皮蛋烧肉
11887,三色绿豆芽|大排|家常豆腐|米饭|葱油鸡|青韭南瓜丝
11888,小青菜|米饭|青韭南瓜丝
11889,家常豆腐|小青菜|米饭|虎皮蛋烧肉
1189,大白菜|米饭|花椒排骨|青椒水面筋/木耳西兰
11890,三色绿豆芽|宫保鸡丁|水波蛋|米饭|葱油金针菇|葱油鸡|虎皮蛋烧肉|青韭南瓜丝
11891,家常豆腐|水波蛋|米饭|葱油金针菇|葱油鸡|虎皮蛋烧肉
11892,宫保鸡丁|木耳娃娃菜|米饭|葱油金针菇|虎皮蛋烧肉|青椒田藕
11893,家常豆腐|木耳娃娃菜|椒盐带鱼|油豆腐烧肉|盐水虾|米饭|虎皮蛋烧肉|青椒田藕|青瓜付竹肉片
11894,小青菜|油豆腐烧肉|米饭|虎皮蛋烧肉
11895,三色绿豆芽|大排|水波蛋|米饭|葱油金针菇|虎皮蛋烧肉
11896,家常豆腐|米饭|葱油金针菇|雪菜毛豆子|青椒田藕
11897,三色绿豆芽|大排|宫保鸡丁|家常豆腐|椒盐带鱼|米饭|葱油金针菇
11898,家常豆腐|水波蛋|米饭|葱油金针菇|青椒田藕
11899,大排|宫保鸡丁|小青菜|盐水虾|米饭|葱油鸡|虎皮蛋烧肉
1190,包菜粉丝|大白菜|春卷/辣子鸡|油豆腐烧肉|米饭|醋溜鱼/宫保鸡丁|青椒水面筋/木耳西兰|鱼香杏鲍菇炒肉
11900,家常豆腐|小青菜|椒盐带鱼|米饭|虎皮蛋烧肉|雪菜毛豆子
11901,大排|家常豆腐|小青菜|水波蛋|米饭|葱油鸡|虎皮蛋烧肉
11902,小青菜|米饭|虎皮蛋烧肉|青椒田藕|青瓜付竹肉片
11903,三色绿豆芽|大排|水波蛋|米饭|花椒鸭|葱油金针菇|葱油鸡|虎皮蛋烧肉
11904,小青菜|椒盐带鱼|米饭|葱油金针菇|虎皮蛋烧肉|青椒田藕
11905,付皮包|小青菜|椒盐带鱼|米饭|虎皮蛋烧肉|青椒田藕|青瓜付竹肉片
11906,大排|宫保鸡丁|木耳娃娃菜|椒盐带鱼|米饭|虎皮蛋烧肉|青瓜付竹肉片
11907,付皮包|家常豆腐|小青菜|米饭|虎皮蛋烧肉|雪菜毛豆子|青瓜付竹肉片
11908,宫保鸡丁|木耳娃娃菜|椒盐带鱼|米饭|葱油鸡
11909,付皮包|木耳娃娃菜|水波蛋|米饭|虎皮蛋烧肉|青韭南瓜丝
1191,大白菜|油豆腐烧肉|米饭|花椒排骨|醋溜鱼/宫保鸡丁|青椒水面筋/木耳西兰|青瓜花生米/青椒炒蛋
11910,付皮包|家常豆腐|小青菜|米饭|青椒田藕
11911,宫保鸡丁|小青菜|水波蛋|米饭|虎皮蛋烧肉|青韭南瓜丝
11912,家常豆腐|小青菜|葱油金针菇|青椒田藕
11913,付皮包|小青菜|椒盐带鱼|米饭|雪菜毛豆子
11914,付皮包|小青菜|木耳娃娃菜|米饭|花椒鸭|雪菜毛豆子
11915,付皮包|小青菜|木耳娃娃菜|椒盐带鱼|油豆腐烧肉|米饭|雪菜毛豆子
11916,三色绿豆芽|大排|小青菜|米饭|葱油金针菇|葱油鸡|青瓜付竹肉片|青韭南瓜丝
11917,宫保鸡丁|米饭|花椒鸭|虎皮蛋烧肉|青椒田藕|青韭南瓜丝
11918,大排|宫保鸡丁|小青菜|椒盐带鱼|水波蛋|米饭|葱油鸡
11919,家常豆腐|椒盐带鱼|米饭|青韭南瓜丝
1192,干菜长江豆|油豆腐烧肉|米饭|青椒水面筋/木耳西兰|青瓜花生米/青椒炒蛋|鱼香杏鲍菇炒肉
11920,宫保鸡丁|小青菜|米饭|葱油鸡|青韭南瓜丝
11921,木耳娃娃菜|水波蛋|米饭|葱油鸡|虎皮蛋烧肉
11922,付皮包|家常豆腐|水波蛋|油豆腐烧肉|米饭|葱油金针菇|雪菜毛豆子|青韭南瓜丝
11923,三色绿豆芽|小青菜|木耳娃娃菜|米饭|雪菜毛豆子
11924,付皮包|家常豆腐|米饭|葱油金针菇|虎皮蛋烧肉
11925,三色绿豆芽|大排|家常豆腐|木耳娃娃菜|米饭
11926,大排|家常豆腐|小青菜|米饭|青椒田藕|青韭南瓜丝
11927,三色绿豆芽|大排|家常豆腐|水波蛋|米饭|葱油金针菇|葱油鸡|虎皮蛋烧肉
11928,三色绿豆芽|付皮包|宫保鸡丁|家常豆腐|米饭|花椒鸭|葱油金针菇|虎皮蛋烧肉|青椒田藕|青瓜付竹肉片
11929,三色绿豆芽|家常豆腐|米饭|虎皮蛋烧肉
1193,干菜长江豆|米饭|花椒排骨|醋溜鱼/宫保鸡丁|青椒水面筋/木耳西兰
11930,三色绿豆芽|小青菜|米饭|葱油鸡
11931,大排|宫保鸡丁|家常豆腐|木耳娃娃菜|椒盐带鱼|水波蛋|米饭|葱油金针菇|雪菜毛豆子
11932,宫保鸡丁|木耳娃娃菜|水波蛋|米饭|葱油金针菇|葱油鸡|青瓜付竹肉片
11933,家常豆腐|木耳娃娃菜|椒盐带鱼|米饭|虎皮蛋烧肉|青瓜付竹肉片
11934,家常豆腐|油豆腐烧肉|米饭|花椒鸭|葱油金针菇|葱油鸡|虎皮蛋烧肉
11935,家常豆腐|小青菜|米饭|虎皮蛋烧肉|青瓜付竹肉片
11936,家常豆腐|米饭|葱油金针菇|虎皮蛋烧肉|雪菜毛豆子
11937,付皮包|家常豆腐|木耳娃娃菜|米饭|葱油鸡|虎皮蛋烧肉
11938,三色绿豆芽|大排|椒盐带鱼|水波蛋|米饭
11939,三色绿豆芽|大排|宫保鸡丁|家常豆腐|米饭|虎皮蛋烧肉
1194,春卷/辣子鸡|米饭|花椒排骨|青瓜花生米/青椒炒蛋
11940,付皮包|大排|家常豆腐|木耳娃娃菜|米饭|葱油鸡|虎皮蛋烧肉|雪菜毛豆子
11941,付皮包|木耳娃娃菜|米饭|花椒鸭|葱油鸡|青椒田藕
11942,大排|宫保鸡丁|米饭|葱油金针菇|虎皮蛋烧肉
11943,三色绿豆芽|大排|小青菜|水波蛋|葱油金针菇
11944,米饭
11945,家常豆腐|小青菜|椒盐带鱼|米饭|花椒鸭|葱油金针菇|虎皮蛋烧肉
11946,家常豆腐|木耳娃娃菜|米饭|花椒鸭|葱油鸡|虎皮蛋烧肉|雪菜毛豆子|青椒田藕|青韭南瓜丝
11947,小青菜|木耳娃娃菜|米饭|花椒鸭|葱油鸡
11948,小青菜|水波蛋|米饭|花椒鸭|葱油金针菇|葱油鸡
11949,三色绿豆芽|家常豆腐|米饭|葱油鸡|青韭南瓜丝
1195,大白菜|干菜长江豆|米饭|花椒排骨|醋溜鱼/宫保鸡丁|青椒水面筋/木耳西兰|青瓜花生米/青椒炒蛋|鱼香杏鲍菇炒肉
11950,付皮包|小青菜|椒盐带鱼|油豆腐烧肉|米饭
11951,家常豆腐|小青菜|椒盐带鱼|米饭|青瓜付竹肉片
11952,宫保鸡丁|家常豆腐|小青菜|木耳娃娃菜|椒盐带鱼|米饭|花椒鸭|雪菜毛豆子|青椒田藕
11953,付皮包|木耳娃娃菜|米饭|葱油金针菇|葱油鸡
11954,大排|宫保鸡丁|家常豆腐|小青菜|米饭|葱油金针菇|青椒田藕|青瓜付竹肉片|青韭南瓜丝
11955,木耳娃娃菜|米饭|葱油鸡|青椒田藕
11956,三色绿豆芽|小青菜|椒盐带鱼|米饭|花椒鸭|葱油鸡|雪菜毛豆子
11957,三色绿豆芽|家常豆腐|米饭|葱油金针菇|虎皮蛋烧肉
11958,三色绿豆芽|米饭|葱油鸡
11959,付皮包|家常豆腐|小青菜|米饭|葱油鸡|虎皮蛋烧肉|青椒田藕|青韭南瓜丝
1196,干菜长江豆|油豆腐烧肉|米饭|花椒排骨|醋溜鱼/宫保鸡丁
11960,三色绿豆芽|大排|木耳娃娃菜|米饭|葱油金针菇|青韭南瓜丝
11961,三色绿豆芽|付皮包|大排|家常豆腐|小青菜|木耳娃娃菜|米饭|葱油金针菇|葱油鸡
11962,三色绿豆芽|付皮包|家常豆腐|木耳娃娃菜|米饭
11963,三色绿豆芽|大排|小青菜|木耳娃娃菜|米饭|葱油鸡
11964,三色绿豆芽|付皮包|家常豆腐|小青菜|米饭|葱油鸡|虎皮蛋烧肉
11965,付皮包|木耳娃娃菜|米饭|花椒鸭|葱油金针菇
11966,家常豆腐|木耳娃娃菜|米饭|青韭南瓜丝
11967,木耳娃娃菜|米饭|葱油金针菇
11968,家常豆腐|米饭|葱油鸡|虎皮蛋烧肉
11969,家常豆腐|木耳娃娃菜|米饭|葱油鸡
1197,油豆腐烧肉|米饭|花椒排骨|青椒水面筋/木耳西兰|青瓜花生米/青椒炒蛋|鸡米花/辣子鸡
11970,米饭
11971,米饭
11972,包菜粉丝|卤鸭|番茄炒蛋/红烧萝卜|盐水虾|米饭
11973,包菜粉丝|扎肉|木耳西兰花|番茄炒蛋/红烧萝卜|盐菜黄豆芽|茭白肉丝小炒|葱油芋头|酸辣土豆丝
11974,卤鸭|小青菜|木耳西兰花|番茄炒蛋/红烧萝卜|米饭|红烧排骨|葱油芋头
11975,卤鸭|扎肉|木耳西兰花|番茄炒蛋/红烧萝卜|米饭|葱油芋头|青椒素鸡
11976,付皮包|小青菜|盐水虾|米饭|茭白肉丝小炒|酸辣土豆丝
11977,包菜粉丝|番茄炒蛋/红烧萝卜|盐水虾|米饭|酸辣土豆丝|长豆香干肉丝|青椒素鸡
11978,付皮包|卤鸭|小青菜|扎肉|米饭
11979,小青菜|盐水虾|米饭|茭白肉丝小炒
1198,包菜粉丝|大白菜|干菜长江豆|油豆腐烧肉|米饭|醋溜鱼/宫保鸡丁|青椒水面筋/木耳西兰
11980,包菜粉丝|卤鸭|木耳西兰花|番茄炒蛋/红烧萝卜|盐水虾|胖干烧肉|长豆香干肉丝|青椒素鸡|香酥鸡排
11981,番茄炒蛋/红烧萝卜|米饭|长豆香干肉丝
11982,付皮包|木耳西兰花|番茄炒蛋/红烧萝卜|盐水虾|盐菜黄豆芽|长豆香干肉丝|青椒素鸡
11983,包菜粉丝|米饭|茭白肉丝小炒|葱油芋头|香酥鸡排
11984,包菜粉丝|卤鸭|小青菜|木耳西兰花|番茄炒蛋/红烧萝卜|米饭|红烧排骨|青椒素鸡
11985,包菜粉丝|卤鸭|木耳西兰花|番茄炒蛋/红烧萝卜|盐水虾|米饭|青椒素鸡|香酥鸡排
11986,米饭
11987,卤鸭|木耳西兰花|盐水虾|米饭|酸辣土豆丝|青椒素鸡
11988,扎肉|木耳西兰花|番茄炒蛋/红烧萝卜|米饭
11989,卤鸭|小青菜|盐水虾|盐菜黄豆芽|米饭|红烧排骨|香酥鸡排
1199,干菜长江豆|油豆腐烧肉|米饭|花椒排骨|青椒水面筋/木耳西兰
11990,扎肉|木耳西兰花|番茄炒蛋/红烧萝卜|米饭|香酥鸡排
11991,卤鸭|小青菜|木耳西兰花|番茄炒蛋/红烧萝卜|米饭|茭白肉丝小炒
11992,扎肉|番茄炒蛋/红烧萝卜|米饭|青椒素鸡
11993,包菜粉丝|小青菜|扎肉|番茄炒蛋/红烧萝卜|盐水虾|米饭|茭白肉丝小炒|长豆香干肉丝
11994,包菜粉丝|卤鸭|木耳西兰花|番茄炒蛋/红烧萝卜|米饭|酸辣土豆丝
11995,卤鸭|小青菜|木耳西兰花|番茄炒蛋/红烧萝卜|盐水虾|米饭|胖干烧肉|茭白肉丝小炒|葱油芋头
11996,小青菜|木耳西兰花|番茄炒蛋/红烧萝卜|盐水虾|盐菜黄豆芽|米饭|红烧排骨|胖干烧肉|葱油芋头|香酥鸡排
11997,付皮包|番茄炒蛋/红烧萝卜|米饭|茭白肉丝小炒
11998,包菜粉丝|木耳西兰花|米饭|红烧排骨|胖干烧肉|酸辣土豆丝|长豆香干肉丝|青椒素鸡
11999,付皮包|包菜粉丝|小青菜|木耳西兰花|番茄炒蛋/红烧萝卜|米饭|香酥鸡排
1200,大白菜|干菜长江豆|春卷/辣子鸡|米饭|青瓜花生米/青椒炒蛋
12000,卤鸭|番茄炒蛋/红烧萝卜|米饭|茭白肉丝小炒|葱油芋头|长豆香干肉丝|香酥鸡排
12001,包菜粉丝|番茄炒蛋/红烧萝卜|盐水虾|米饭|红烧排骨|酸辣土豆丝|长豆香干肉丝|青椒素鸡
12002,小青菜|木耳西兰花|米饭|红烧排骨
12003,卤鸭|小青菜|盐菜黄豆芽|米饭|茭白肉丝小炒|葱油芋头
12004,卤鸭|小青菜|木耳西兰花|盐菜黄豆芽|米饭|红烧排骨|茭白肉丝小炒|葱油芋头|香酥鸡排
12005,包菜粉丝|木耳西兰花|米饭|红烧排骨|胖干烧肉|茭白肉丝小炒|青椒素鸡
12006,付皮包|包菜粉丝|米饭|酸辣土豆丝|香酥鸡排
12007,付皮包|木耳西兰花|番茄炒蛋/红烧萝卜|盐水虾|米饭|茭白肉丝小炒|长豆香干肉丝|青椒素鸡
12008,小青菜|盐水虾|米饭|青椒素鸡|香酥鸡排
12009,番茄炒蛋/红烧萝卜|盐水虾|米饭|红烧排骨|长豆香干肉丝|香酥鸡排
1201,油豆腐烧肉|米饭|青椒水面筋/木耳西兰|青瓜花生米/青椒炒蛋|鱼香杏鲍菇炒肉
12010,付皮包|番茄炒蛋/红烧萝卜|米饭|胖干烧肉|茭白肉丝小炒|长豆香干肉丝|香酥鸡排
12011,卤鸭|木耳西兰花|米饭|香酥鸡排
12012,包菜粉丝|米饭|茭白肉丝小炒|长豆香干肉丝|香酥鸡排
12013,卤鸭|小青菜|番茄炒蛋/红烧萝卜|米饭|胖干烧肉|酸辣土豆丝|香酥鸡排
12014,付皮包|番茄炒蛋/红烧萝卜|米饭
12015,包菜粉丝|木耳西兰花|番茄炒蛋/红烧萝卜|盐水虾|米饭|红烧排骨
12016,付皮包|包菜粉丝|米饭|红烧排骨|长豆香干肉丝|青椒素鸡
12017,木耳西兰花|盐菜黄豆芽|米饭|红烧排骨|葱油芋头|长豆香干肉丝
12018,付皮包|番茄炒蛋/红烧萝卜|米饭|红烧排骨
12019,付皮包|番茄炒蛋/红烧萝卜|米饭|葱油芋头|青椒素鸡
1202,干菜长江豆|油豆腐烧肉|米饭|醋溜鱼/宫保鸡丁|青椒水面筋/木耳西兰|青瓜花生米/青椒炒蛋|鱼香杏鲍菇炒肉
12020,付皮包|番茄炒蛋/红烧萝卜|米饭|红烧排骨|茭白肉丝小炒|香酥鸡排
12021,扎肉|木耳西兰花|番茄炒蛋/红烧萝卜|盐水虾|米饭
12022,扎肉|盐菜黄豆芽|米饭|茭白肉丝小炒
12023,付皮包|包菜粉丝|卤鸭|小青菜|米饭|红烧排骨|酸辣土豆丝|青椒素鸡
12024,番茄炒蛋/红烧萝卜|盐水虾|米饭|青椒素鸡
12025,包菜粉丝|盐水虾|米饭|长豆香干肉丝
12026,付皮包|包菜粉丝|盐菜黄豆芽|米饭|酸辣土豆丝|青椒素鸡|香酥鸡排
12027,卤鸭|木耳西兰花|番茄炒蛋/红烧萝卜|米饭|香酥鸡排
12028,包菜粉丝|盐菜黄豆芽|米饭|红烧排骨|香酥鸡排
12029,付皮包|卤鸭|小青菜|木耳西兰花|番茄炒蛋/红烧萝卜|盐水虾|米饭|红烧排骨|茭白肉丝小炒|香酥鸡排
1203,干菜长江豆|米饭|花椒排骨|醋溜鱼/宫保鸡丁|青椒水面筋/木耳西兰|青瓜花生米/青椒炒蛋
12030,付皮包|米饭|长豆香干肉丝|青椒素鸡
12031,包菜粉丝|番茄炒蛋/红烧萝卜|盐水虾|酸辣土豆丝|香酥鸡排
12032,番茄炒蛋/红烧萝卜|盐水虾|米饭|长豆香干肉丝|香酥鸡排
12033,小青菜|扎肉|米饭|葱油芋头
12034,小青菜|扎肉|番茄炒蛋/红烧萝卜|米饭|茭白肉丝小炒
12035,付皮包|番茄炒蛋/红烧萝卜|米饭|茭白肉丝小炒|香酥鸡排
12036,付皮包|番茄炒蛋/红烧萝卜|米饭|胖干烧肉|葱油芋头
12037,付皮包|木耳西兰花|番茄炒蛋/红烧萝卜|盐菜黄豆芽|米饭|茭白肉丝小炒|香酥鸡排
12038,付皮包|扎肉|番茄炒蛋/红烧萝卜|米饭|酸辣土豆丝|长豆香干肉丝
12039,木耳西兰花|米饭|红烧排骨|酸辣土豆丝|青椒素鸡
1204,米饭|花椒排骨|醋溜鱼/宫保鸡丁|青椒水面筋/木耳西兰
12040,扎肉|木耳西兰花|番茄炒蛋/红烧萝卜|盐水虾|米饭|青椒素鸡
12041,卤鸭|木耳西兰花|番茄炒蛋/红烧萝卜|米饭|茭白肉丝小炒
12042,木耳西兰花|番茄炒蛋/红烧萝卜|米饭|红烧排骨|酸辣土豆丝
12043,付皮包|包菜粉丝|番茄炒蛋/红烧萝卜|米饭
12044,付皮包|包菜粉丝|米饭|长豆香干肉丝
12045,扎肉|木耳西兰花|盐水虾|米饭|酸辣土豆丝
12046,卤鸭|小青菜|木耳西兰花|番茄炒蛋/红烧萝卜|米饭|红烧排骨|酸辣土豆丝|青椒素鸡
12047,卤鸭|米饭|红烧排骨|胖干烧肉|葱油芋头|青椒素鸡
12048,米饭|红烧排骨|茭白肉丝小炒|长豆香干肉丝
12049,卤鸭|木耳西兰花|番茄炒蛋/红烧萝卜|米饭|茭白肉丝小炒|香酥鸡排
1205,干菜长江豆|春卷/辣子鸡|米饭|花椒排骨|醋溜鱼/宫保鸡丁|青瓜花生米/青椒炒蛋
12050,番茄炒蛋/红烧萝卜|米饭|红烧排骨|葱油芋头|香酥鸡排
12051,包菜粉丝|木耳西兰花|番茄炒蛋/红烧萝卜|米饭|酸辣土豆丝|长豆香干肉丝|香酥鸡排
12052,付皮包|卤鸭|番茄炒蛋/红烧萝卜|米饭|葱油芋头|长豆香干肉丝
12053,付皮包|木耳西兰花|青椒素鸡|香酥鸡排
12054,包菜粉丝|扎肉|盐水虾|盐菜黄豆芽|米饭|青椒素鸡
12055,小青菜|番茄炒蛋/红烧萝卜|米饭|葱油芋头
12056,卤鸭|盐菜黄豆芽|米饭|茭白肉丝小炒
12057,扎肉|米饭|茭白肉丝小炒|酸辣土豆丝|长豆香干肉丝
12058,包菜粉丝|扎肉|米饭
12059,木耳西兰花|米饭|葱油芋头|长豆香干肉丝
1206,干菜长江豆|米饭|花椒排骨|青椒水面筋/木耳西兰|青瓜花生米/青椒炒蛋
12060,包菜粉丝|扎肉|木耳西兰花|盐水虾|米饭
12061,付皮包|小青菜|扎肉|米饭|香酥鸡排
12062,米饭|红烧排骨|茭白肉丝小炒|酸辣土豆丝|长豆香干肉丝|青椒素鸡|香酥鸡排
12063,卤鸭|小青菜|盐水虾|米饭|红烧排骨|葱油芋头
12064,卤鸭|扎肉|木耳西兰花|番茄炒蛋/红烧萝卜|米饭|茭白肉丝小炒|长豆香干肉丝
12065,扎肉|木耳西兰花|番茄炒蛋/红烧萝卜|盐水虾|米饭|红烧排骨|酸辣土豆丝|青椒素鸡
12066,包菜粉丝|扎肉|番茄炒蛋/红烧萝卜|酸辣土豆丝
12067,付皮包|卤鸭|小青菜|米饭|茭白肉丝小炒|葱油芋头|香酥鸡排
12068,卤鸭|小青菜|扎肉|盐菜黄豆芽|米饭|香酥鸡排
12069,包菜粉丝|木耳西兰花|番茄炒蛋/红烧萝卜|盐水虾|红烧排骨|胖干烧肉|葱油芋头|长豆香干肉丝|青椒素鸡
1207,干菜长江豆|油豆腐烧肉|米饭|青椒水面筋/木耳西兰|青瓜花生米/青椒炒蛋|鱼香杏鲍菇炒肉
12070,木耳西兰花|番茄炒蛋/红烧萝卜|盐水虾|米饭|酸辣土豆丝|长豆香干肉丝|青椒素鸡
12071,包菜粉丝|木耳西兰花|番茄炒蛋/红烧萝卜|盐水虾|米饭|酸辣土豆丝|长豆香干肉丝|青椒素鸡
12072,木耳西兰花|盐水虾|米饭|胖干烧肉
12073,包菜粉丝|木耳西兰花|番茄炒蛋/红烧萝卜|盐水虾|米饭|红烧排骨|香酥鸡排
12074,包菜粉丝|木耳西兰花|番茄炒蛋/红烧萝卜|盐水虾|米饭|红烧排骨|胖干烧肉|酸辣土豆丝|长豆香干肉丝
12075,扎肉|木耳西兰花|番茄炒蛋/红烧萝卜|盐水虾|米饭|长豆香干肉丝
12076,卤鸭|木耳西兰花|米饭|青椒素鸡
12077,扎肉|木耳西兰花
12078,包菜粉丝|卤鸭|番茄炒蛋/红烧萝卜|盐菜黄豆芽|米饭|红烧排骨|葱油芋头|香酥鸡排
12079,包菜粉丝|扎肉|米饭|胖干烧肉|长豆香干肉丝|青椒素鸡
1208,干菜长江豆|米饭|青椒水面筋/木耳西兰|鱼香杏鲍菇炒肉
12080,卤鸭|木耳西兰花|番茄炒蛋/红烧萝卜|盐水虾|红烧排骨|葱油芋头|香酥鸡排
12081,木耳西兰花|番茄炒蛋/红烧萝卜|米饭|青椒素鸡|香酥鸡排
12082,卤鸭|小青菜|木耳西兰花|番茄炒蛋/红烧萝卜|茭白肉丝小炒|葱油芋头|香酥鸡排
12083,包菜粉丝|番茄炒蛋/红烧萝卜|米饭|红烧排骨|青椒素鸡|香酥鸡排
12084,盐水虾|胖干烧肉|长豆香干肉丝
12085,卤鸭|木耳西兰花|番茄炒蛋/红烧萝卜|盐水虾|米饭|胖干烧肉|香酥鸡排
12086,付皮包
12087,木耳西兰花|番茄炒蛋/红烧萝卜|盐水虾|米饭|酸辣土豆丝|青椒素鸡
12088,扎肉|番茄炒蛋/红烧萝卜|米饭|葱油芋头
12089,卤鸭|小青菜|盐菜黄豆芽|米饭|茭白肉丝小炒
1209,大白菜|干菜长江豆|春卷/辣子鸡|米饭|醋溜鱼/宫保鸡丁|青椒水面筋/木耳西兰
12090,小青菜|木耳西兰花|番茄炒蛋/红烧萝卜|盐菜黄豆芽|米饭|香酥鸡排
12091,付皮包|卤鸭|木耳西兰花|番茄炒蛋/红烧萝卜|米饭
12092,扎肉|木耳西兰花|米饭|长豆香干肉丝|青椒素鸡
12093,包菜粉丝|番茄炒蛋/红烧萝卜|盐水虾|米饭|红烧排骨|葱油芋头|长豆香干肉丝
12094,扎肉|木耳西兰花|盐菜黄豆芽|米饭
12095,付皮包|卤鸭|米饭|红烧排骨|茭白肉丝小炒|葱油芋头
12096,包菜粉丝|木耳西兰花|盐水虾|米饭|红烧排骨|胖干烧肉|青椒素鸡|香酥鸡排
12097,木耳西兰花|番茄炒蛋/红烧萝卜|米饭|青椒素鸡
12098,包菜粉丝|木耳西兰花|盐水虾|米饭|酸辣土豆丝|长豆香干肉丝|香酥鸡排
12099,小青菜|木耳西兰花|番茄炒蛋/红烧萝卜|盐水虾|葱油芋头|酸辣土豆丝
1210,米饭|醋溜鱼/宫保鸡丁|青椒水面筋/木耳西兰|青瓜花生米/青椒炒蛋|鱼香杏鲍菇炒肉
12100,米饭|红烧排骨|酸辣土豆丝|长豆香干肉丝|青椒素鸡
12101,小青菜|盐菜黄豆芽|米饭|香酥鸡排
12102,番茄炒蛋/红烧萝卜|盐水虾|米饭|红烧排骨
12103,付皮包|小青菜|木耳西兰花|番茄炒蛋/红烧萝卜|米饭|香酥鸡排
12104,卤鸭|木耳西兰花|番茄炒蛋/红烧萝卜|米饭|酸辣土豆丝|青椒素鸡|香酥鸡排
12105,番茄炒蛋/红烧萝卜|盐水虾|米饭|酸辣土豆丝
12106,付皮包|卤鸭|小青菜|米饭|茭白肉丝小炒
12107,包菜粉丝|扎肉|木耳西兰花|米饭|红烧排骨|青椒素鸡
12108,卤鸭|米饭|酸辣土豆丝|长豆香干肉丝|青椒素鸡|香酥鸡排
12109,扎肉|盐菜黄豆芽|米饭|茭白肉丝小炒|葱油芋头
1211,米饭|醋溜鱼/宫保鸡丁|青椒水面筋/木耳西兰|青瓜花生米/青椒炒蛋|鱼香杏鲍菇炒肉|鸡米花/辣子鸡
12110,木耳西兰花|米饭|红烧排骨|长豆香干肉丝
12111,付皮包|小青菜|番茄炒蛋/红烧萝卜|米饭
12112,木耳西兰花|米饭|长豆香干肉丝
12113,包菜粉丝|木耳西兰花|米饭|青椒素鸡|香酥鸡排
12114,包菜粉丝|木耳西兰花|番茄炒蛋/红烧萝卜|盐水虾|米饭|香酥鸡排
12115,卤鸭|小青菜|番茄炒蛋/红烧萝卜|盐菜黄豆芽|米饭|茭白肉丝小炒|葱油芋头|香酥鸡排
12116,扎肉|木耳西兰花|盐水虾|胖干烧肉|青椒素鸡
1212,大白菜|春卷/辣子鸡|米饭|花椒排骨|醋溜鱼/宫保鸡丁|青椒水面筋/木耳西兰|青瓜花生米/青椒炒蛋
1213,米饭|花椒排骨|青椒水面筋/木耳西兰|青瓜花生米/青椒炒蛋
1214,油豆腐烧肉|米饭|花椒排骨|青椒水面筋/木耳西兰|青瓜花生米/青椒炒蛋
1215,干菜长江豆|油豆腐烧肉|米饭|鸡米花/辣子鸡
1216,大白菜|春卷/辣子鸡|米饭|花椒排骨|青椒水面筋/木耳西兰|青瓜花生米/青椒炒蛋|鱼香杏鲍菇炒肉
1217,包菜粉丝|大白菜|米饭|花椒排骨|青椒水面筋/木耳西兰
1218,包菜粉丝|干菜长江豆|油豆腐烧肉|青椒水面筋/木耳西兰|青瓜花生米/青椒炒蛋|鱼香杏鲍菇炒肉|鸡米花/辣子鸡
1219,春卷/辣子鸡|油豆腐烧肉|米饭|花椒排骨|青瓜花生米/青椒炒蛋
1220,大白菜|米饭|花椒排骨|醋溜鱼/宫保鸡丁|青瓜花生米/青椒炒蛋|鱼香杏鲍菇炒肉
1221,包菜粉丝|米饭|花椒排骨|青椒水面筋/木耳西兰|鸡米花/辣子鸡
1222,大白菜|干菜长江豆|春卷/辣子鸡|油豆腐烧肉|米饭|青瓜花生米/青椒炒蛋
1223,干菜长江豆|米饭|花椒排骨|青椒水面筋/木耳西兰|鸡米花/辣子鸡
1224,包菜粉丝|米饭|花椒排骨|青椒水面筋/木耳西兰
1225,大白菜|米饭|青椒水面筋/木耳西兰|鱼香杏鲍菇炒肉
1226,包菜粉丝|大白菜|春卷/辣子鸡|米饭|花椒排骨|醋溜鱼/宫保鸡丁|青瓜花生米/青椒炒蛋
1227,米饭|醋溜鱼/宫保鸡丁|青椒水面筋/木耳西兰|鱼香杏鲍菇炒肉|鸡米花/辣子鸡
1228,包菜粉丝|干菜长江豆|春卷/辣子鸡|花椒排骨|醋溜鱼/宫保鸡丁|青椒水面筋/木耳西兰
1229,干菜长江豆|春卷/辣子鸡|米饭|花椒排骨|青椒水面筋/木耳西兰|青瓜花生米/青椒炒蛋
1230,包菜粉丝|干菜长江豆|米饭|花椒排骨
1231,米饭|醋溜鱼/宫保鸡丁|青椒水面筋/木耳西兰|青瓜花生米/青椒炒蛋
1232,春卷/辣子鸡|米饭|青椒水面筋/木耳西兰|青瓜花生米/青椒炒蛋
1233,春卷/辣子鸡|米饭|醋溜鱼/宫保鸡丁|青椒水面筋/木耳西兰
1234,干菜长江豆|春卷/辣子鸡|油豆腐烧肉|米饭|花椒排骨|青瓜花生米/青椒炒蛋
1235,大白菜|干菜长江豆|米饭|醋溜鱼/宫保鸡丁|青椒水面筋/木耳西兰|青瓜花生米/青椒炒蛋
1236,大白菜|干菜长江豆|春卷/辣子鸡|米饭|醋溜鱼/宫保鸡丁|青椒水面筋/木耳西兰|青瓜花生米/青椒炒蛋
1237,包菜粉丝|春卷/辣子鸡|米饭|青椒水面筋/木耳西兰
1238,春卷/辣子鸡|米饭|醋溜鱼/宫保鸡丁|青椒水面筋/木耳西兰
1239,包菜粉丝|油豆腐烧肉|米饭|花椒排骨|青椒水面筋/木耳西兰
1240,干菜长江豆|春卷/辣子鸡|油豆腐烧肉|米饭|花椒排骨|青椒水面筋/木耳西兰|鸡米花/辣子鸡
1241,包菜粉丝|米饭|花椒排骨|醋溜鱼/宫保鸡丁|青椒水面筋/木耳西兰|青瓜花生米/青椒炒蛋
1242,大白菜|干菜长江豆|春卷/辣子鸡|米饭|青椒水面筋/木耳西兰
1243,包菜粉丝|春卷/辣子鸡|油豆腐烧肉|米饭|花椒排骨|醋溜鱼/宫保鸡丁|青椒水面筋/木耳西兰|青瓜花生米/青椒炒蛋
1244,米饭|青椒水面筋/木耳西兰|鱼香杏鲍菇炒肉
1245,油豆腐烧肉|米饭|醋溜鱼/宫保鸡丁|青椒水面筋/木耳西兰|鸡米花/辣子鸡
1246,包菜粉丝|干菜长江豆|春卷/辣子鸡|油豆腐烧肉|米饭|青椒水面筋/木耳西兰|鱼香杏鲍菇炒肉
1247,干菜长江豆|油豆腐烧肉|米饭|花椒排骨|青椒水面筋/木耳西兰
1248,包菜粉丝|春卷/辣子鸡|油豆腐烧肉|青椒水面筋/木耳西兰|鱼香杏鲍菇炒肉|鸡米花/辣子鸡
1249,包菜粉丝|干菜长江豆|春卷/辣子鸡|油豆腐烧肉|米饭|花椒排骨|醋溜鱼/宫保鸡丁|青椒水面筋/木耳西兰|鱼香杏鲍菇炒肉
1250,包菜粉丝|大白菜|油豆腐烧肉|米饭|青瓜花生米/青椒炒蛋|鱼香杏鲍菇炒肉|鸡米花/辣子鸡
1251,春卷/辣子鸡|米饭|醋溜鱼/宫保鸡丁|青椒水面筋/木耳西兰
125126,千张结烧肉|雪菜目鱼花
125127,台湾酸菜猪肚|快胶菜|米饭|素烧鹅|红烧排骨|雪菜山药|香辣鸡翅根
125128,洋葱土豆条|米饭|素烧鹅|葱油娃娃菜|雪菜目鱼花|青椒炒蛋
125129,干菜肉|快胶菜|米饭|素烧鹅|雪菜目鱼花
125130,千张结烧肉|干锅花菜|杏鲍菇牛肉粒|清炒绿豆芽|米饭|红烧油片
125131,干锅花菜|快胶菜|清炒绿豆芽|米饭|葱油鲳鳊鱼
125132,台湾酸菜猪肚|米饭|红烧茄子|葱油娃娃菜
125133,干菜肉|清炒绿豆芽|米饭|红烧油片|红烧茄子|雪菜山药|青椒炒蛋
125134,干菜肉|快胶菜|杏鲍菇牛肉粒|米饭|红烧油片|红烧茄子
125135,洋葱土豆条|米饭|素烧鹅|葱油鲳鳊鱼|青椒炒蛋
125136,洋葱土豆条|米饭|素烧鹅|红烧茄子|葱油娃娃菜|葱油鲳鳊鱼
125137,千张结烧肉|干菜肉|干锅花菜|杏鲍菇牛肉粒|洋葱土豆条|米饭|红烧大排|红烧茄子|葱油娃娃菜|雪菜山药
125138,千张结烧肉|干菜肉|洋葱土豆条|米饭|雪菜目鱼花
125139,干锅花菜|洋葱土豆条|清炒绿豆芽|米饭|素烧鹅|红烧大排|红烧茄子|雪菜山药
125140,干菜肉|快胶菜|清炒绿豆芽|米饭|香辣鸡翅根
125141,素烧鹅|红烧茄子|葱油娃娃菜|雪菜目鱼花|青椒炒蛋|香辣鸡翅根
125142,付皮包|干锅花菜|杏鲍菇牛肉粒|清炒绿豆芽|红烧排骨|红烧油片|红烧茄子|青椒炒蛋
125143,台湾酸菜猪肚|快胶菜|米饭|雪菜山药|雪菜目鱼花
125144,台湾酸菜猪肚|杏鲍菇牛肉粒|米饭|红烧油片|雪菜山药|雪菜目鱼花|青椒炒蛋
125145,付皮包|台湾酸菜猪肚|干锅花菜|米饭|素烧鹅|红烧大排|葱油娃娃菜
125146,干菜肉|清炒绿豆芽|素烧鹅|红烧排骨|红烧茄子|葱油娃娃菜
125147,千张结烧肉|干锅花菜|快胶菜|清炒绿豆芽|米饭|红烧茄子|香辣鸡翅根
125148,千张结烧肉|洋葱土豆条|葱油娃娃菜|香辣鸡翅根
125149,干菜肉|干锅花菜|快胶菜|米饭|雪菜山药
125150,干锅花菜|杏鲍菇牛肉粒|洋葱土豆条|清炒绿豆芽|米饭|青椒炒蛋
125151,洋葱土豆条|米饭|素烧鹅|红烧油片|红烧茄子|雪菜山药|香辣鸡翅根
125152,洋葱土豆条|米饭|红烧排骨|葱油鲳鳊鱼
125153,付皮包|清炒绿豆芽|红烧茄子|雪菜山药|香辣鸡翅根
125154,干菜肉|干锅花菜|杏鲍菇牛肉粒|葱油娃娃菜|雪菜目鱼花|香辣鸡翅根
125155,付皮包|干锅花菜|杏鲍菇牛肉粒|素烧鹅|红烧茄子|青椒炒蛋
125156,干菜肉|干锅花菜|杏鲍菇牛肉粒|米饭|红烧茄子|葱油娃娃菜|青椒炒蛋
125157,干菜肉|快胶菜|米饭|红烧大排|红烧油片|雪菜山药
125158,千张结烧肉|干锅花菜|快胶菜|米饭|素烧鹅|红烧油片|雪菜山药|香辣鸡翅根
125159,干菜肉|干锅花菜|洋葱土豆条|米饭|红烧茄子|葱油娃娃菜
125160,干锅花菜|快胶菜|米饭|葱油鲳鳊鱼|雪菜山药|雪菜目鱼花
125161,千张结烧肉|快胶菜|杏鲍菇牛肉粒|洋葱土豆条|米饭|雪菜山药
125162,干菜肉|快胶菜|杏鲍菇牛肉粒|米饭|红烧油片|雪菜目鱼花|香辣鸡翅根
125163,干菜肉|干锅花菜|快胶菜|米饭|红烧油片|红烧茄子|葱油娃娃菜|葱油鲳鳊鱼
125164,米饭|红烧油片|葱油娃娃菜|雪菜山药|香辣鸡翅根
125165,干菜肉|快胶菜|米饭|红烧油片|红烧茄子|葱油娃娃菜|雪菜目鱼花
125166,付皮包|台湾酸菜猪肚|快胶菜|清炒绿豆芽|米饭|红烧排骨|雪菜山药
125167,付皮包|干菜肉|米饭|素烧鹅|红烧大排|红烧茄子|葱油娃娃菜
125168,葱油鲳鳊鱼|雪菜目鱼花|香辣鸡翅根
125169,付皮包|千张结烧肉|干菜肉|干锅花菜|杏鲍菇牛肉粒|米饭|葱油娃娃菜
125170,干锅花菜|快胶菜|米饭|素烧鹅|红烧茄子|葱油鲳鳊鱼|雪菜山药
125171,干菜肉|干锅花菜|杏鲍菇牛肉粒|洋葱土豆条|米饭|葱油娃娃菜
125172,干菜肉|干锅花菜|快胶菜|杏鲍菇牛肉粒|米饭|素烧鹅|红烧排骨|红烧油片|红烧茄子|葱油鲳鳊鱼|雪菜山药|青椒炒蛋
125173,付皮包|干菜肉|快胶菜|米饭|葱油鲳鳊鱼|雪菜山药
125174,干锅花菜|快胶菜|米饭|雪菜目鱼花
125175,干菜肉|快胶菜|米饭|红烧油片|葱油娃娃菜
125176,快胶菜|米饭|雪菜山药
125177,付皮包|清炒绿豆芽|米饭|雪菜山药|香辣鸡翅根
125178,台湾酸菜猪肚|洋葱土豆条|米饭|红烧茄子|葱油娃娃菜|雪菜目鱼花|香辣鸡翅根
125179,付皮包|快胶菜|米饭|红烧大排
125180,清炒绿豆芽|红烧排骨|红烧茄子|香辣鸡翅根
125181,付皮包|米饭|素烧鹅|雪菜山药|雪菜目鱼花
125182,杏鲍菇牛肉粒|米饭|红烧大排|红烧油片|葱油娃娃菜|雪菜山药|雪菜目鱼花
125183,干锅花菜|米饭|葱油娃娃菜|葱油鲳鳊鱼
125184,千张结烧肉|干菜肉|快胶菜|清炒绿豆芽|米饭|葱油鲳鳊鱼
125185,米饭|红烧茄子|葱油娃娃菜|雪菜目鱼花
125186,千张结烧肉|快胶菜|米饭|红烧大排|红烧排骨|红烧茄子|葱油娃娃菜
125187,付皮包|快胶菜|清炒绿豆芽|米饭|葱油鲳鳊鱼|雪菜山药
125188,付皮包|干菜肉|干锅花菜|清炒绿豆芽|米饭
125189,千张结烧肉|干锅花菜|杏鲍菇牛肉粒|洋葱土豆条|米饭|葱油娃娃菜|葱油鲳鳊鱼|雪菜山药
125190,干锅花菜|米饭|红烧油片
125191,干锅花菜|米饭|素烧鹅|红烧排骨
125192,干菜肉|快胶菜|米饭|素烧鹅|葱油娃娃菜
125193,千张结烧肉|清炒绿豆芽|米饭|红烧大排|雪菜山药|雪菜目鱼花
125194,干菜肉|快胶菜|米饭|雪菜山药|香辣鸡翅根
125195,付皮包|米饭|葱油鲳鳊鱼
125196,千张结烧肉|杏鲍菇牛肉粒|洋葱土豆条|清炒绿豆芽|米饭|葱油娃娃菜
125197,台湾酸菜猪肚|杏鲍菇牛肉粒|洋葱土豆条|米饭|葱油娃娃菜|葱油鲳鳊鱼
125198,干锅花菜|快胶菜|清炒绿豆芽|米饭|素烧鹅
125199,洋葱土豆条|清炒绿豆芽|米饭|葱油娃娃菜|葱油鲳鳊鱼
1252,包菜粉丝|干菜长江豆|米饭|青椒水面筋/木耳西兰
125200,台湾酸菜猪肚|快胶菜|杏鲍菇牛肉粒|米饭|素烧鹅|葱油娃娃菜
125201,快胶菜|米饭|红烧排骨|红烧油片|红烧茄子|葱油娃娃菜
125202,千张结烧肉|快胶菜|清炒绿豆芽|米饭|葱油鲳鳊鱼|香辣鸡翅根
125203,付皮包|干菜肉|干锅花菜|快胶菜|清炒绿豆芽|米饭|葱油娃娃菜|雪菜山药
125204,千张结烧肉|清炒绿豆芽|米饭|素烧鹅|红烧大排|红烧油片|葱油娃娃菜
125205,台湾酸菜猪肚|干菜肉|快胶菜|洋葱土豆条|清炒绿豆芽|米饭|葱油娃娃菜|葱油鲳鳊鱼|雪菜山药|雪菜目鱼花|青瓜付竹肉片
125206,干锅花菜|快胶菜|洋葱土豆条|米饭|雪菜目鱼花|青瓜付竹肉片
125207,台湾酸菜猪肚|干锅花菜|快胶菜|清炒绿豆芽|红烧排骨|雪菜目鱼花
125208,付皮包|干菜肉|快胶菜|清炒绿豆芽|米饭|红烧茄子
125209,付皮包|干菜肉|快胶菜|米饭|红烧油片|雪菜山药
125210,干菜肉|快胶菜|米饭|葱油娃娃菜|葱油鲳鳊鱼|青瓜付竹肉片
125211,千张结烧肉|杏鲍菇牛肉粒|洋葱土豆条|清炒绿豆芽|米饭|红烧油片|红烧茄子|葱油娃娃菜|青瓜付竹肉片|香辣鸡翅根
125212,千张结烧肉|干锅花菜|清炒绿豆芽|米饭|红烧排骨|红烧油片|雪菜山药|青瓜付竹肉片
125213,千张结烧肉|干锅花菜|米饭|素烧鹅
125214,素烧鹅
125215,干菜肉|干锅花菜|快胶菜|米饭|红烧油片|青瓜付竹肉片
125216,千张结烧肉|台湾酸菜猪肚|干菜肉|干锅花菜|米饭|葱油鲳鳊鱼|青瓜付竹肉片
125217,干菜肉|洋葱土豆条|米饭|雪菜目鱼花
125218,台湾酸菜猪肚|洋葱土豆条|米饭|素烧鹅|红烧排骨|葱油鲳鳊鱼
125219,杏鲍菇牛肉粒|清炒绿豆芽|米饭|素烧鹅|香辣鸡翅根
125220,千张结烧肉|米饭|雪菜目鱼花
1253,大白菜|油豆腐烧肉|米饭|醋溜鱼/宫保鸡丁|青瓜花生米/青椒炒蛋|鱼香杏鲍菇炒肉
1254,米饭|花椒排骨|醋溜鱼/宫保鸡丁|青椒水面筋/木耳西兰|青瓜花生米/青椒炒蛋|鸡米花/辣子鸡
1255,油豆腐烧肉|米饭|花椒排骨|青瓜花生米/青椒炒蛋
1256,干菜长江豆|米饭|醋溜鱼/宫保鸡丁|鸡米花/辣子鸡
1257,干菜长江豆|油豆腐烧肉|米饭|花椒排骨|鸡米花/辣子鸡
1258,大白菜|米饭|花椒排骨|鸡米花/辣子鸡
1259,包菜粉丝|米饭|醋溜鱼/宫保鸡丁|鱼香杏鲍菇炒肉
1260,米饭|醋溜鱼/宫保鸡丁|青椒水面筋/木耳西兰
1261,包菜粉丝|大白菜|油豆腐烧肉|米饭|鸡米花/辣子鸡
1262,花椒排骨
1263,包菜粉丝|干菜长江豆|米饭|花椒排骨|鱼香杏鲍菇炒肉|鸡米花/辣子鸡
1264,大白菜|米饭|花椒排骨|醋溜鱼/宫保鸡丁|鱼香杏鲍菇炒肉|鸡米花/辣子鸡
1265,卤肉|葱油炒鳊鱼
1266,木耳南瓜/青瓜炒蛋|米饭|茄子长江豆/素烧鹅|茭白榨菜肉丝/杏鲍菇|豆芽/木耳青菜
1267,米饭|茄子长江豆/素烧鹅|茭白榨菜肉丝/杏鲍菇
1268,卤肉|木耳南瓜/青瓜炒蛋|米饭|茄子长江豆/素烧鹅
1269,木耳南瓜/青瓜炒蛋
1270,卤肉
1271,卤肉|茭白榨菜肉丝/杏鲍菇
1272,木耳南瓜/青瓜炒蛋|木耳花菜|葱油鸡|酸辣土豆丝
1273,木耳南瓜/青瓜炒蛋|米饭|茄子长江豆/素烧鹅|葱油炒鳊鱼|葱油鸡|酸辣土豆丝
1274,木耳南瓜/青瓜炒蛋|木耳花菜|葱油鸡|豆芽/木耳青菜
1275,米饭|茄子长江豆/素烧鹅|葱油炒鳊鱼|葱油鸡|豆芽/木耳青菜
1276,米饭|茄子长江豆/素烧鹅|葱油鸡|豆芽/木耳青菜|鸡排/椒盐排骨
1277,卤肉|木耳南瓜/青瓜炒蛋|米饭|茄子长江豆/素烧鹅|酸辣土豆丝|鸡排/椒盐排骨
1278,木耳南瓜/青瓜炒蛋|米饭|茄子长江豆/素烧鹅|葱油炒鳊鱼|豆芽/木耳青菜
1279,卤肉|米饭|茄子长江豆/素烧鹅|茭白榨菜肉丝/杏鲍菇|葱油炒鳊鱼|豆芽/木耳青菜
1280,卤肉|米饭|茭白榨菜肉丝/杏鲍菇|豆芽/木耳青菜
1281,木耳南瓜/青瓜炒蛋|米饭|茄子长江豆/素烧鹅|鸡排/椒盐排骨
1282,卤肉|木耳南瓜/青瓜炒蛋|米饭|茄子长江豆/素烧鹅|豆芽/木耳青菜|酸辣土豆丝|鸡排/椒盐排骨
1283,木耳南瓜/青瓜炒蛋|木耳花菜|米饭|茄子长江豆/素烧鹅|葱油炒鳊鱼|鸡排/椒盐排骨
1284,木耳南瓜/青瓜炒蛋|木耳花菜|米饭|葱油鸡|豆芽/木耳青菜
1285,卤肉|米饭|茄子长江豆/素烧鹅|茭白榨菜肉丝/杏鲍菇|酸辣土豆丝
1286,卤肉|木耳南瓜/青瓜炒蛋|米饭|茄子长江豆/素烧鹅
1287,卤肉|米饭|茄子长江豆/素烧鹅|葱油鸡|豆芽/木耳青菜
1288,米饭|茄子长江豆/素烧鹅|豆芽/木耳青菜|鸡排/椒盐排骨
1289,卤肉|木耳花菜|米饭|葱油鸡|豆芽/木耳青菜
1290,卤肉|木耳南瓜/青瓜炒蛋|米饭|茄子长江豆/素烧鹅|豆芽/木耳青菜|酸辣土豆丝
1291,米饭|茄子长江豆/素烧鹅|茭白榨菜肉丝/杏鲍菇|豆芽/木耳青菜
1292,米饭|葱油鸡|豆芽/木耳青菜|酸辣土豆丝
1293,卤肉|木耳南瓜/青瓜炒蛋|木耳花菜|米饭|茄子长江豆/素烧鹅|葱油炒鳊鱼
1294,卤肉|米饭|茭白榨菜肉丝/杏鲍菇|葱油炒鳊鱼|豆芽/木耳青菜|酸辣土豆丝|鸡排/椒盐排骨
1295,卤肉|米饭|茄子长江豆/素烧鹅|葱油鸡|豆芽/木耳青菜|酸辣土豆丝
1296,木耳花菜|米饭|茄子长江豆/素烧鹅|葱油鸡
1297,卤肉|米饭|茄子长江豆/素烧鹅|酸辣土豆丝
1298,木耳花菜|米饭|茭白榨菜肉丝/杏鲍菇|豆芽/木耳青菜|鸡排/椒盐排骨
1299,卤肉|木耳南瓜/青瓜炒蛋|木耳花菜|米饭|茄子长江豆/素烧鹅|豆芽/木耳青菜
1300,木耳南瓜/青瓜炒蛋|米饭|茄子长江豆/素烧鹅|茭白榨菜肉丝/杏鲍菇|鸡排/椒盐排骨
1301,卤肉|木耳南瓜/青瓜炒蛋|米饭|豆芽/木耳青菜
1302,卤肉|木耳南瓜/青瓜炒蛋|米饭|葱油鸡|豆芽/木耳青菜
1303,卤肉|木耳南瓜/青瓜炒蛋|木耳花菜|米饭|茄子长江豆/素烧鹅|茭白榨菜肉丝/杏鲍菇|鸡排/椒盐排骨
1304,卤肉|木耳南瓜/青瓜炒蛋|木耳花菜|米饭|茄子长江豆/素烧鹅|酸辣土豆丝
1305,卤肉|木耳南瓜/青瓜炒蛋|米饭|茭白榨菜肉丝/杏鲍菇|葱油鸡|豆芽/木耳青菜|酸辣土豆丝
1306,木耳花菜|米饭|茄子长江豆/素烧鹅|葱油炒鳊鱼|豆芽/木耳青菜|酸辣土豆丝
1307,米饭|茄子长江豆/素烧鹅|葱油鸡|鸡排/椒盐排骨
1308,木耳南瓜/青瓜炒蛋|茄子长江豆/素烧鹅|茭白榨菜肉丝/杏鲍菇|豆芽/木耳青菜
1309,卤肉|木耳南瓜/青瓜炒蛋|木耳花菜|米饭|茄子长江豆/素烧鹅|葱油鸡|豆芽/木耳青菜
1310,木耳南瓜/青瓜炒蛋|木耳花菜|米饭|豆芽/木耳青菜
1311,卤肉|米饭|茄子长江豆/素烧鹅|葱油鸡|豆芽/木耳青菜|酸辣土豆丝|鸡排/椒盐排骨
1312,卤肉|木耳南瓜/青瓜炒蛋|米饭|葱油炒鳊鱼|豆芽/木耳青菜
1313,米饭
1314,木耳南瓜/青瓜炒蛋|米饭|葱油炒鳊鱼|豆芽/木耳青菜|鸡排/椒盐排骨
1315,卤肉|木耳南瓜/青瓜炒蛋|米饭|茭白榨菜肉丝/杏鲍菇|葱油鸡|豆芽/木耳青菜
1316,木耳花菜|米饭|茄子长江豆/素烧鹅|茭白榨菜肉丝/杏鲍菇|葱油鸡|豆芽/木耳青菜|鸡排/椒盐排骨
1317,木耳南瓜/青瓜炒蛋|木耳花菜|米饭|鸡排/椒盐排骨
1318,卤肉|木耳南瓜/青瓜炒蛋|木耳花菜|米饭|茄子长江豆/素烧鹅|葱油鸡|豆芽/木耳青菜|酸辣土豆丝|鸡排/椒盐排骨
1319,米饭|茭白榨菜肉丝/杏鲍菇|葱油鸡|鸡排/椒盐排骨
1320,卤肉|米饭|茄子长江豆/素烧鹅|豆芽/木耳青菜|酸辣土豆丝
1321,米饭|茭白榨菜肉丝/杏鲍菇|葱油鸡|鸡排/椒盐排骨
1322,木耳南瓜/青瓜炒蛋|木耳花菜|米饭|茭白榨菜肉丝/杏鲍菇|鸡排/椒盐排骨
1323,米饭|茄子长江豆/素烧鹅|葱油鸡|豆芽/木耳青菜
1324,木耳南瓜/青瓜炒蛋|木耳花菜|米饭|茄子长江豆/素烧鹅|葱油鸡
1325,木耳花菜|米饭|茄子长江豆/素烧鹅|葱油炒鳊鱼|酸辣土豆丝
1326,卤肉|木耳花菜|米饭|茄子长江豆/素烧鹅|鸡排/椒盐排骨
1327,葱油炒鳊鱼|豆芽/木耳青菜
1328,卤肉|木耳花菜|米饭|茄子长江豆/素烧鹅|茭白榨菜肉丝/杏鲍菇|葱油鸡
1329,卤肉|木耳南瓜/青瓜炒蛋|木耳花菜|米饭|葱油鸡|豆芽/木耳青菜
1330,木耳花菜|米饭|豆芽/木耳青菜|鸡排/椒盐排骨
1331,米饭|茄子长江豆/素烧鹅|葱油鸡|豆芽/木耳青菜|酸辣土豆丝|鸡排/椒盐排骨
1332,米饭|葱油炒鳊鱼|豆芽/木耳青菜
1333,米饭|茄子长江豆/素烧鹅|葱油炒鳊鱼|豆芽/木耳青菜|鸡排/椒盐排骨
1334,卤肉|木耳花菜|米饭|茄子长江豆/素烧鹅
1335,卤肉|米饭|茭白榨菜肉丝/杏鲍菇|豆芽/木耳青菜
1336,米饭|豆芽/木耳青菜|酸辣土豆丝|鸡排/椒盐排骨
1337,卤肉|木耳花菜|米饭|茄子长江豆/素烧鹅|豆芽/木耳青菜|酸辣土豆丝
1338,卤肉|木耳花菜|米饭|茄子长江豆/素烧鹅
1339,卤肉|米饭|茄子长江豆/素烧鹅|茭白榨菜肉丝/杏鲍菇|葱油炒鳊鱼
1340,米饭|茄子长江豆/素烧鹅|茭白榨菜肉丝/杏鲍菇|葱油鸡|豆芽/木耳青菜|酸辣土豆丝
1341,木耳南瓜/青瓜炒蛋|米饭|茄子长江豆/素烧鹅|葱油鸡|豆芽/木耳青菜
1342,木耳南瓜/青瓜炒蛋|木耳花菜|米饭|茄子长江豆/素烧鹅|茭白榨菜肉丝/杏鲍菇|葱油鸡
1343,卤肉|木耳花菜|米饭|茄子长江豆/素烧鹅|豆芽/木耳青菜|酸辣土豆丝|鸡排/椒盐排骨
1344,米饭|茄子长江豆/素烧鹅|茭白榨菜肉丝/杏鲍菇|葱油鸡|豆芽/木耳青菜|酸辣土豆丝|鸡排/椒盐排骨
1345,卤肉|木耳南瓜/青瓜炒蛋|米饭|茄子长江豆/素烧鹅|葱油鸡|豆芽/木耳青菜|酸辣土豆丝
1346,木耳南瓜/青瓜炒蛋|米饭|茄子长江豆/素烧鹅|豆芽/木耳青菜
1347,木耳南瓜/青瓜炒蛋|米饭|葱油鸡|豆芽/木耳青菜|鸡排/椒盐排骨
1348,卤肉|米饭|茄子长江豆/素烧鹅|茭白榨菜肉丝/杏鲍菇|豆芽/木耳青菜
1349,木耳南瓜/青瓜炒蛋|木耳花菜|米饭|茄子长江豆/素烧鹅|茭白榨菜肉丝/杏鲍菇|葱油鸡|豆芽/木耳青菜|酸辣土豆丝
1350,木耳花菜|米饭|茄子长江豆/素烧鹅|茭白榨菜肉丝/杏鲍菇|葱油鸡|鸡排/椒盐排骨
1351,木耳花菜|米饭|茄子长江豆/素烧鹅|酸辣土豆丝|鸡排/椒盐排骨
1352,木耳花菜|米饭|葱油炒鳊鱼|葱油鸡|豆芽/木耳青菜
1353,米饭
1354,米饭|茄子长江豆/素烧鹅|豆芽/木耳青菜|酸辣土豆丝|鸡排/椒盐排骨
1355,木耳花菜|米饭|茭白榨菜肉丝/杏鲍菇|豆芽/木耳青菜|酸辣土豆丝|鸡排/椒盐排骨
1356,米饭|茭白榨菜肉丝/杏鲍菇|葱油炒鳊鱼|豆芽/木耳青菜
1357,木耳花菜|米饭|茄子长江豆/素烧鹅|茭白榨菜肉丝/杏鲍菇|葱油鸡|鸡排/椒盐排骨
1358,木耳南瓜/青瓜炒蛋|米饭|葱油鸡|酸辣土豆丝|鸡排/椒盐排骨
135876,台湾酸菜猪肚|干菜肉|西芹千张肉丝
135877,包菜粉丝|干菜肉|木耳莴笋|米饭|葱油小黄鱼
135878,包菜粉丝|木耳莴笋|炒面|红烧肉|西芹千张肉丝|酱鸭
135879,包菜粉丝|米饭|素包子|红烧肉|葱油小黄鱼|西芹千张肉丝
135880,包菜粉丝|盐菜豆瓣肉|米饭
1359,卤肉|木耳花菜|米饭|茄子长江豆/素烧鹅|鸡排/椒盐排骨
1360,米饭|葱油鸡|豆芽/木耳青菜|鸡排/椒盐排骨
1361,木耳南瓜/青瓜炒蛋|木耳花菜|米饭|茄子长江豆/素烧鹅|茭白榨菜肉丝/杏鲍菇|豆芽/木耳青菜|酸辣土豆丝|鸡排/椒盐排骨
1362,木耳南瓜/青瓜炒蛋|木耳花菜|米饭|茄子长江豆/素烧鹅|葱油鸡|豆芽/木耳青菜|酸辣土豆丝|鸡排/椒盐排骨
1363,卤肉|木耳花菜|米饭|茄子长江豆/素烧鹅|茭白榨菜肉丝/杏鲍菇|鸡排/椒盐排骨
1364,卤肉|米饭|茭白榨菜肉丝/杏鲍菇
1365,卤肉|木耳南瓜/青瓜炒蛋|米饭|茄子长江豆/素烧鹅|葱油炒鳊鱼
1366,卤肉|木耳南瓜/青瓜炒蛋|木耳花菜|米饭|葱油鸡|酸辣土豆丝
1367,木耳花菜|米饭|茭白榨菜肉丝/杏鲍菇|酸辣土豆丝|鸡排/椒盐排骨
1368,木耳南瓜/青瓜炒蛋|木耳花菜|米饭|葱油鸡|鸡排/椒盐排骨
1369,卤肉|米饭|茄子长江豆/素烧鹅|葱油鸡
1370,木耳南瓜/青瓜炒蛋|木耳花菜|米饭|葱油炒鳊鱼|葱油鸡|豆芽/木耳青菜
1371,卤肉|木耳花菜|葱油炒鳊鱼|葱油鸡|豆芽/木耳青菜
1372,木耳南瓜/青瓜炒蛋|木耳花菜|米饭|葱油炒鳊鱼|葱油鸡
1373,木耳花菜|米饭|茄子长江豆/素烧鹅|茭白榨菜肉丝/杏鲍菇|葱油鸡
1374,木耳花菜|米饭|茄子长江豆/素烧鹅|葱油鸡|鸡排/椒盐排骨
1375,木耳南瓜/青瓜炒蛋|木耳花菜|米饭|茄子长江豆/素烧鹅|葱油鸡|鸡排/椒盐排骨
1376,木耳花菜|米饭|茄子长江豆/素烧鹅|葱油炒鳊鱼
1377,木耳花菜|米饭|酸辣土豆丝|鸡排/椒盐排骨
1378,木耳南瓜/青瓜炒蛋|木耳花菜|米饭|茭白榨菜肉丝/杏鲍菇|葱油鸡|酸辣土豆丝|鸡排/椒盐排骨
1379,米饭|茄子长江豆/素烧鹅|葱油鸡|豆芽/木耳青菜|酸辣土豆丝
1380,卤肉|米饭|葱油鸡|豆芽/木耳青菜
1381,卤肉|木耳南瓜/青瓜炒蛋|米饭|茄子长江豆/素烧鹅|茭白榨菜肉丝/杏鲍菇|酸辣土豆丝
1382,木耳花菜|米饭|茄子长江豆/素烧鹅|茭白榨菜肉丝/杏鲍菇|葱油鸡|豆芽/木耳青菜
1383,卤肉|木耳南瓜/青瓜炒蛋|木耳花菜|米饭|茄子长江豆/素烧鹅|葱油鸡|豆芽/木耳青菜|酸辣土豆丝|鸡排/椒盐排骨
1384,木耳花菜|米饭|茄子长江豆/素烧鹅|葱油鸡|豆芽/木耳青菜|酸辣土豆丝|鸡排/椒盐排骨
1385,卤肉|米饭|茄子长江豆/素烧鹅|茭白榨菜肉丝/杏鲍菇|豆芽/木耳青菜
1386,卤肉|米饭|茄子长江豆/素烧鹅|葱油鸡|豆芽/木耳青菜|酸辣土豆丝|鸡排/椒盐排骨
1387,卤肉|木耳花菜|米饭|茄子长江豆/素烧鹅|茭白榨菜肉丝/杏鲍菇|鸡排/椒盐排骨
1388,木耳花菜|米饭|茄子长江豆/素烧鹅|茭白榨菜肉丝/杏鲍菇|葱油炒鳊鱼
1389,木耳南瓜/青瓜炒蛋|米饭|茄子长江豆/素烧鹅|豆芽/木耳青菜|鸡排/椒盐排骨
1390,卤肉|米饭|茄子长江豆/素烧鹅|豆芽/木耳青菜|酸辣土豆丝
1391,卤肉|木耳花菜|米饭|茄子长江豆/素烧鹅|葱油炒鳊鱼|豆芽/木耳青菜
1392,卤肉|米饭|茄子长江豆/素烧鹅|葱油鸡|豆芽/木耳青菜|酸辣土豆丝|鸡排/椒盐排骨
1393,米饭|茄子长江豆/素烧鹅|葱油炒鳊鱼|豆芽/木耳青菜|酸辣土豆丝|鸡排/椒盐排骨
1394,米饭|茄子长江豆/素烧鹅|葱油鸡|豆芽/木耳青菜|酸辣土豆丝|鸡排/椒盐排骨
1395,卤肉|木耳花菜|米饭|茄子长江豆/素烧鹅|酸辣土豆丝
1396,米饭|茄子长江豆/素烧鹅|葱油鸡|豆芽/木耳青菜|酸辣土豆丝
1397,木耳南瓜/青瓜炒蛋|米饭|茄子长江豆/素烧鹅|葱油炒鳊鱼|豆芽/木耳青菜
1398,米饭|茄子长江豆/素烧鹅|豆芽/木耳青菜
1399,木耳南瓜/青瓜炒蛋|米饭|茄子长江豆/素烧鹅|鸡排/椒盐排骨
1400,卤肉|米饭|茄子长江豆/素烧鹅|豆芽/木耳青菜|酸辣土豆丝|鸡排/椒盐排骨
1401,米饭|葱油鸡|豆芽/木耳青菜|酸辣土豆丝
1402,卤肉|木耳南瓜/青瓜炒蛋|木耳花菜|米饭|茄子长江豆/素烧鹅|葱油炒鳊鱼|豆芽/木耳青菜
1403,茄子长江豆/素烧鹅|葱油鸡|豆芽/木耳青菜|鸡排/椒盐排骨
1404,木耳花菜|米饭|茄子长江豆/素烧鹅|葱油炒鳊鱼|葱油鸡|豆芽/木耳青菜
1405,卤肉|木耳花菜|米饭|茄子长江豆/素烧鹅
1406,卤肉|木耳花菜|米饭|茄子长江豆/素烧鹅|葱油鸡|豆芽/木耳青菜
1407,茄子长江豆/素烧鹅|茭白榨菜肉丝/杏鲍菇|葱油鸡|豆芽/木耳青菜
1408,米饭|茄子长江豆/素烧鹅|茭白榨菜肉丝/杏鲍菇|葱油炒鳊鱼|葱油鸡|豆芽/木耳青菜
1409,木耳南瓜/青瓜炒蛋|米饭|茭白榨菜肉丝/杏鲍菇|葱油鸡|酸辣土豆丝|鸡排/椒盐排骨
1410,米饭|葱油鸡|豆芽/木耳青菜|鸡排/椒盐排骨
1411,卤肉|米饭|豆芽/木耳青菜|鸡排/椒盐排骨
1412,木耳花菜|米饭|豆芽/木耳青菜|鸡排/椒盐排骨
1413,木耳南瓜/青瓜炒蛋|木耳花菜|米饭|葱油炒鳊鱼|葱油鸡|豆芽/木耳青菜|鸡排/椒盐排骨
1414,卤肉|米饭|茄子长江豆/素烧鹅|茭白榨菜肉丝/杏鲍菇|葱油鸡|酸辣土豆丝|鸡排/椒盐排骨
1415,米饭|茄子长江豆/素烧鹅|茭白榨菜肉丝/杏鲍菇|豆芽/木耳青菜
1416,木耳南瓜/青瓜炒蛋|茄子长江豆/素烧鹅|豆芽/木耳青菜
14166,米饭
14167,培红菜蘑菇毛豆肉丝|油豆腐烧肉|白菜油付|米饭|长豆香干肉丝
14168,大排|木耳西兰花|白菜千张丝|米饭|虎皮蛋烧肉
14169,花椒鸭
1417,卤肉|木耳花菜|米饭|葱油炒鳊鱼|鸡排/椒盐排骨
14170,培红菜蘑菇毛豆肉丝|大排|木耳西兰花|米饭|素烧鹅|花椒鸭|长豆香干肉丝
14171,椒盐带鱼|番茄炒蛋/红烧萝卜|米饭|虎皮蛋烧肉
14172,咖喱土豆鸡块|培红菜蘑菇毛豆肉丝|木耳西兰花|椒盐带鱼|番茄炒蛋/红烧萝卜|白菜油付|盐水虾|米饭|素烧鹅|虎皮蛋烧肉
14173,木耳西兰花|番茄炒蛋/红烧萝卜|白菜千张丝|虎皮蛋烧肉|青椒土豆丝
14174,大排|木耳西兰花|米饭|素烧鹅|虎皮蛋烧肉
14175,米饭
14176,咖喱土豆鸡块|木耳西兰花|白菜千张丝|盐水虾|米饭|长豆香干肉丝|青椒土豆丝
14177,咖喱土豆鸡块|大排|白菜油付|米饭|素烧鹅
14178,木耳西兰花|白菜油付|米饭
14179,培红菜蘑菇毛豆肉丝|番茄炒蛋/红烧萝卜|白菜千张丝|米饭|素烧鹅|虎皮蛋烧肉
1418,卤肉|米饭|茄子长江豆/素烧鹅|茭白榨菜肉丝/杏鲍菇|葱油鸡|鸡排/椒盐排骨
14180,培红菜蘑菇毛豆肉丝|大排|米饭|虎皮蛋烧肉|长豆香干肉丝
14181,木耳西兰花|番茄炒蛋/红烧萝卜|白菜千张丝|米饭|素烧鹅|虎皮蛋烧肉|青椒土豆丝
14182,培红菜蘑菇毛豆肉丝|木耳西兰花|白菜千张丝|盐水虾|米饭|花椒鸭
14183,大排|盐水虾|米饭|素烧鹅|花椒鸭|长豆香干肉丝
14184,大排|木耳西兰花|番茄炒蛋/红烧萝卜|米饭|素烧鹅|花椒鸭
14185,培红菜蘑菇毛豆肉丝|椒盐带鱼|番茄炒蛋/红烧萝卜|米饭|青椒土豆丝
14186,培红菜蘑菇毛豆肉丝|椒盐带鱼|番茄炒蛋/红烧萝卜|米饭|虎皮蛋烧肉|青椒土豆丝
14187,大排|木耳西兰花|番茄炒蛋/红烧萝卜|白菜千张丝|盐水虾|米饭|素烧鹅|虎皮蛋烧肉
14188,木耳西兰花|椒盐带鱼|番茄炒蛋/红烧萝卜|米饭|虎皮蛋烧肉
14189,油豆腐烧肉|白菜油付|盐水虾|米饭|长豆香干肉丝
1419,卤肉|木耳南瓜/青瓜炒蛋|米饭|茄子长江豆/素烧鹅|茭白榨菜肉丝/杏鲍菇|葱油鸡|豆芽/木耳青菜|鸡排/椒盐排骨
14190,培红菜蘑菇毛豆肉丝|木耳西兰花|番茄炒蛋/红烧萝卜|白菜千张丝|盐水虾|米饭|素烧鹅|青椒土豆丝
14191,家常豆腐|木耳西兰花|椒盐带鱼|油豆腐烧肉|番茄炒蛋/红烧萝卜|白菜油付|米饭|虎皮蛋烧肉|青椒土豆丝
14192,培红菜蘑菇毛豆肉丝|家常豆腐|椒盐带鱼|番茄炒蛋/红烧萝卜|白菜油付|米饭|虎皮蛋烧肉
14193,大排|木耳西兰花|椒盐带鱼|番茄炒蛋/红烧萝卜|米饭|长豆香干肉丝
14194,培红菜蘑菇毛豆肉丝|大排|番茄炒蛋/红烧萝卜|米饭
14195,家常豆腐|椒盐带鱼|白菜千张丝|米饭|素烧鹅|青椒土豆丝
14196,白菜油付|盐水虾|米饭|长豆香干肉丝
14197,白菜千张丝|盐水虾|米饭|素烧鹅|花椒鸭
14198,培红菜蘑菇毛豆肉丝|椒盐带鱼|白菜油付|盐水虾|米饭|青椒藕片
14199,大排
1420,木耳南瓜/青瓜炒蛋|木耳花菜|米饭|茄子长江豆/素烧鹅|葱油炒鳊鱼|葱油鸡|豆芽/木耳青菜|酸辣土豆丝|鸡排/椒盐排骨
14200,培红菜蘑菇毛豆肉丝|番茄炒蛋/红烧萝卜|白菜油付|米饭|虎皮蛋烧肉|长豆香干肉丝
14201,家常豆腐|木耳西兰花|白菜油付|米饭|虎皮蛋烧肉
14202,培红菜蘑菇毛豆肉丝|家常豆腐|米饭|虎皮蛋烧肉
14203,咖喱土豆鸡块|大排|家常豆腐|白菜油付|米饭|素烧鹅|虎皮蛋烧肉|青椒土豆丝
14204,木耳西兰花|椒盐带鱼|番茄炒蛋/红烧萝卜|白菜油付|米饭|长豆香干肉丝
14205,椒盐带鱼|白菜油付|米饭|虎皮蛋烧肉|长豆香干肉丝|青椒藕片
14206,培红菜蘑菇毛豆肉丝|大排|番茄炒蛋/红烧萝卜|白菜千张丝|米饭|素烧鹅|花椒鸭
14207,咖喱土豆鸡块|木耳西兰花|番茄炒蛋/红烧萝卜|白菜千张丝|米饭|素烧鹅|花椒鸭|虎皮蛋烧肉|青椒土豆丝
14208,咖喱土豆鸡块|家常豆腐|番茄炒蛋/红烧萝卜|白菜油付|米饭|青椒藕片
14209,家常豆腐|木耳西兰花|油豆腐烧肉|番茄炒蛋/红烧萝卜|白菜油付|米饭|虎皮蛋烧肉|长豆香干肉丝|青椒藕片
1421,卤肉|米饭|茄子长江豆/素烧鹅|豆芽/木耳青菜
14210,大排|番茄炒蛋/红烧萝卜|米饭|虎皮蛋烧肉|青椒土豆丝
14211,培红菜蘑菇毛豆肉丝|木耳西兰花|番茄炒蛋/红烧萝卜|米饭|素烧鹅|长豆香干肉丝
14212,大排|木耳西兰花|白菜千张丝|米饭|虎皮蛋烧肉
14213,培红菜蘑菇毛豆肉丝|番茄炒蛋/红烧萝卜|米饭|花椒鸭|虎皮蛋烧肉|青椒藕片
14214,咖喱土豆鸡块|家常豆腐|番茄炒蛋/红烧萝卜|白菜油付|米饭
14215,大排|木耳西兰花|油豆腐烧肉|盐水虾|米饭|素烧鹅|花椒鸭|虎皮蛋烧肉|青椒土豆丝
14216,木耳西兰花|番茄炒蛋/红烧萝卜|盐水虾|米饭|花椒鸭
14217,木耳西兰花|番茄炒蛋/红烧萝卜|白菜千张丝|米饭|素烧鹅|花椒鸭|虎皮蛋烧肉|青椒土豆丝
14218,家常豆腐|白菜油付|米饭|素烧鹅|虎皮蛋烧肉|长豆香干肉丝
14219,木耳西兰花|番茄炒蛋/红烧萝卜|白菜油付|米饭|花椒鸭|青椒土豆丝|青椒藕片
1422,卤肉|米饭|茄子长江豆/素烧鹅|茭白榨菜肉丝/杏鲍菇|葱油炒鳊鱼|葱油鸡|豆芽/木耳青菜|酸辣土豆丝
14220,培红菜蘑菇毛豆肉丝|米饭|青椒土豆丝
14221,木耳西兰花|米饭|素烧鹅|花椒鸭|长豆香干肉丝
14222,大排|木耳西兰花|番茄炒蛋/红烧萝卜|白菜千张丝|米饭|花椒鸭|虎皮蛋烧肉|青椒土豆丝
14223,家常豆腐|木耳西兰花|盐水虾|米饭|花椒鸭|虎皮蛋烧肉
14224,培红菜蘑菇毛豆肉丝|素烧鹅|花椒鸭|虎皮蛋烧肉
14225,油豆腐烧肉|白菜油付|盐水虾|米饭|长豆香干肉丝
14226,培红菜蘑菇毛豆肉丝|油豆腐烧肉|番茄炒蛋/红烧萝卜|盐水虾|虎皮蛋烧肉|长豆香干肉丝
14227,咖喱土豆鸡块|番茄炒蛋/红烧萝卜|米饭|长豆香干肉丝
14228,咖喱土豆鸡块|家常豆腐|椒盐带鱼|番茄炒蛋/红烧萝卜|米饭|素烧鹅
14229,咖喱土豆鸡块|家常豆腐|椒盐带鱼|油豆腐烧肉|番茄炒蛋/红烧萝卜|白菜油付|米饭
1423,木耳花菜|米饭|茄子长江豆/素烧鹅|茭白榨菜肉丝/杏鲍菇|葱油炒鳊鱼|豆芽/木耳青菜|酸辣土豆丝
14230,木耳西兰花|米饭|花椒鸭|长豆香干肉丝
14231,培红菜蘑菇毛豆肉丝|大排|番茄炒蛋/红烧萝卜|米饭|素烧鹅|虎皮蛋烧肉
14232,培红菜蘑菇毛豆肉丝|大排|椒盐带鱼|油豆腐烧肉|番茄炒蛋/红烧萝卜|盐水虾|米饭|素烧鹅|花椒鸭|青椒土豆丝
14233,咖喱土豆鸡块|家常豆腐|椒盐带鱼|番茄炒蛋/红烧萝卜|白菜油付|米饭
14234,番茄炒蛋/红烧萝卜|白菜油付|米饭|虎皮蛋烧肉
14235,番茄炒蛋/红烧萝卜|米饭|素烧鹅|花椒鸭
14236,大排|木耳西兰花|白菜千张丝|米饭|素烧鹅|青椒土豆丝
14237,培红菜蘑菇毛豆肉丝|木耳西兰花|番茄炒蛋/红烧萝卜|白菜千张丝|盐水虾|米饭
14238,咖喱土豆鸡块|木耳西兰花|椒盐带鱼|番茄炒蛋/红烧萝卜|白菜油付|米饭|虎皮蛋烧肉|青椒藕片
14239,番茄炒蛋/红烧萝卜|白菜油付|米饭
1424,木耳南瓜/青瓜炒蛋|木耳花菜|米饭|茭白榨菜肉丝/杏鲍菇|葱油炒鳊鱼|豆芽/木耳青菜|鸡排/椒盐排骨
14240,家常豆腐|木耳西兰花|番茄炒蛋/红烧萝卜|米饭|长豆香干肉丝|青椒藕片
14241,培红菜蘑菇毛豆肉丝|番茄炒蛋/红烧萝卜|盐水虾|米饭
14242,木耳西兰花|椒盐带鱼|油豆腐烧肉|番茄炒蛋/红烧萝卜|米饭|青椒土豆丝
14243,咖喱土豆鸡块|木耳西兰花|油豆腐烧肉|米饭|虎皮蛋烧肉|长豆香干肉丝
14244,培红菜蘑菇毛豆肉丝|大排|木耳西兰花|番茄炒蛋/红烧萝卜|白菜千张丝|米饭|虎皮蛋烧肉|青椒土豆丝
14245,培红菜蘑菇毛豆肉丝|木耳西兰花|番茄炒蛋/红烧萝卜|盐水虾|米饭|花椒鸭
14246,培红菜蘑菇毛豆肉丝|椒盐带鱼|油豆腐烧肉|番茄炒蛋/红烧萝卜|白菜千张丝|米饭|素烧鹅|青椒土豆丝
14247,大排|米饭|素烧鹅|花椒鸭|青椒土豆丝
14248,咖喱土豆鸡块|木耳西兰花|番茄炒蛋/红烧萝卜|米饭|虎皮蛋烧肉
14249,培红菜蘑菇毛豆肉丝|白菜千张丝|米饭|素烧鹅|青椒土豆丝
1425,卤肉|木耳南瓜/青瓜炒蛋|米饭|茭白榨菜肉丝/杏鲍菇|葱油炒鳊鱼|豆芽/木耳青菜
14250,咖喱土豆鸡块|木耳西兰花|番茄炒蛋/红烧萝卜|米饭|虎皮蛋烧肉
14251,盐水虾|米饭|素烧鹅|虎皮蛋烧肉|青椒土豆丝|青椒藕片
14252,家常豆腐|椒盐带鱼|番茄炒蛋/红烧萝卜|米饭|虎皮蛋烧肉
14253,大排|油豆腐烧肉|番茄炒蛋/红烧萝卜|米饭
14254,油豆腐烧肉|番茄炒蛋/红烧萝卜|米饭|素烧鹅|虎皮蛋烧肉
14255,大排|家常豆腐|油豆腐烧肉|番茄炒蛋/红烧萝卜|米饭|虎皮蛋烧肉|长豆香干肉丝|青椒藕片
14256,大排|番茄炒蛋/红烧萝卜|白菜千张丝|米饭|虎皮蛋烧肉|长豆香干肉丝
14257,大排|家常豆腐|椒盐带鱼|油豆腐烧肉|米饭
14258,培红菜蘑菇毛豆肉丝|大排|番茄炒蛋/红烧萝卜|米饭
14259,大排|木耳西兰花|椒盐带鱼|番茄炒蛋/红烧萝卜|白菜油付|米饭
1426,卤肉|米饭|茭白榨菜肉丝/杏鲍菇|葱油鸡|豆芽/木耳青菜|鸡排/椒盐排骨
14260,大排|番茄炒蛋/红烧萝卜|米饭|素烧鹅|青椒土豆丝
14261,家常豆腐|木耳西兰花|番茄炒蛋/红烧萝卜|盐水虾|米饭|素烧鹅
14262,咖喱土豆鸡块|家常豆腐|木耳西兰花|油豆腐烧肉|白菜油付
14263,椒盐带鱼|油豆腐烧肉|番茄炒蛋/红烧萝卜|米饭|青椒藕片
14264,培红菜蘑菇毛豆肉丝|木耳西兰花|番茄炒蛋/红烧萝卜|白菜千张丝|盐水虾|米饭|素烧鹅|花椒鸭|青椒土豆丝
14265,培红菜蘑菇毛豆肉丝|木耳西兰花|番茄炒蛋/红烧萝卜|米饭|花椒鸭
14266,木耳西兰花|白菜千张丝|米饭|虎皮蛋烧肉|青椒土豆丝
14267,椒盐带鱼|番茄炒蛋/红烧萝卜|盐水虾|米饭|虎皮蛋烧肉|青椒土豆丝
14268,番茄炒蛋/红烧萝卜|米饭|素烧鹅
14269,家常豆腐|椒盐带鱼|油豆腐烧肉|番茄炒蛋/红烧萝卜|白菜油付|米饭
1427,木耳南瓜/青瓜炒蛋|木耳花菜|米饭|茄子长江豆/素烧鹅|葱油炒鳊鱼|豆芽/木耳青菜|鸡排/椒盐排骨
14270,培红菜蘑菇毛豆肉丝|木耳西兰花|油豆腐烧肉|白菜油付|米饭|素烧鹅|花椒鸭|虎皮蛋烧肉|青椒藕片
14271,椒盐带鱼|番茄炒蛋/红烧萝卜|白菜千张丝|盐水虾|米饭|素烧鹅|虎皮蛋烧肉|青椒土豆丝
14272,木耳西兰花|番茄炒蛋/红烧萝卜|白菜油付|米饭|虎皮蛋烧肉
14273,大排|木耳西兰花|番茄炒蛋/红烧萝卜|米饭|虎皮蛋烧肉
14274,番茄炒蛋/红烧萝卜|白菜油付|米饭|虎皮蛋烧肉
14275,培红菜蘑菇毛豆肉丝|木耳西兰花|白菜千张丝|米饭|花椒鸭|青椒土豆丝
14276,培红菜蘑菇毛豆肉丝|大排|木耳西兰花|番茄炒蛋/红烧萝卜|盐水虾|米饭|虎皮蛋烧肉|青椒土豆丝
14277,培红菜蘑菇毛豆肉丝|木耳西兰花|番茄炒蛋/红烧萝卜|盐水虾|米饭|素烧鹅|虎皮蛋烧肉|青椒土豆丝
14278,培红菜蘑菇毛豆肉丝|白菜千张丝|米饭|花椒鸭|虎皮蛋烧肉|青椒土豆丝
14279,咖喱土豆鸡块|番茄炒蛋/红烧萝卜|白菜油付|米饭|虎皮蛋烧肉
1428,米饭|茭白榨菜肉丝/杏鲍菇|葱油鸡|豆芽/木耳青菜|鸡排/椒盐排骨
14280,家常豆腐|木耳西兰花|油豆腐烧肉|番茄炒蛋/红烧萝卜|白菜油付|米饭|虎皮蛋烧肉|长豆香干肉丝
14281,家常豆腐|木耳西兰花|油豆腐烧肉|番茄炒蛋/红烧萝卜|米饭|虎皮蛋烧肉|长豆香干肉丝
14282,培红菜蘑菇毛豆肉丝|番茄炒蛋/红烧萝卜|米饭|素烧鹅|花椒鸭|青椒土豆丝
14283,家常豆腐|番茄炒蛋/红烧萝卜
14284,培红菜蘑菇毛豆肉丝|木耳西兰花|番茄炒蛋/红烧萝卜|白菜千张丝|盐水虾|米饭|素烧鹅|花椒鸭|虎皮蛋烧肉
14285,大排|番茄炒蛋/红烧萝卜|白菜油付|盐水虾|米饭|虎皮蛋烧肉
14286,家常豆腐|椒盐带鱼|番茄炒蛋/红烧萝卜|白菜油付|虎皮蛋烧肉
14287,大排|米饭|素烧鹅|虎皮蛋烧肉|青椒土豆丝
14288,大排|家常豆腐|椒盐带鱼|番茄炒蛋/红烧萝卜|白菜油付|米饭|虎皮蛋烧肉
14289,家常豆腐|椒盐带鱼|番茄炒蛋/红烧萝卜|白菜油付|米饭|青椒藕片
1429,木耳南瓜/青瓜炒蛋|米饭|茄子长江豆/素烧鹅|葱油炒鳊鱼|葱油鸡|豆芽/木耳青菜
14290,培红菜蘑菇毛豆肉丝|大排|盐水虾|米饭|素烧鹅|花椒鸭|青椒土豆丝
14291,椒盐带鱼|番茄炒蛋/红烧萝卜|盐水虾|米饭|长豆香干肉丝
14292,培红菜蘑菇毛豆肉丝|番茄炒蛋/红烧萝卜|白菜千张丝|米饭|素烧鹅|虎皮蛋烧肉|青椒土豆丝
14293,咖喱土豆鸡块|木耳西兰花|油豆腐烧肉|番茄炒蛋/红烧萝卜|白菜油付|米饭|素烧鹅|虎皮蛋烧肉|青椒藕片|香菇菜心
14294,咖喱土豆鸡块|大排|家常豆腐|木耳西兰花|椒盐带鱼|油豆腐烧肉|番茄炒蛋/红烧萝卜|白菜油付|米饭|素烧鹅|花椒鸭|虎皮蛋烧肉|长豆香干肉丝|青椒藕片|香菇菜心
14295,培红菜蘑菇毛豆肉丝|大排|番茄炒蛋/红烧萝卜|白菜千张丝|米饭|素烧鹅|虎皮蛋烧肉|香菇菜心
14296,咖喱土豆鸡块|培红菜蘑菇毛豆肉丝|木耳西兰花|米饭|虎皮蛋烧肉|长豆香干肉丝
14297,家常豆腐|油豆腐烧肉|番茄炒蛋/红烧萝卜|白菜油付|米饭|虎皮蛋烧肉
14298,咖喱土豆鸡块|大排|椒盐带鱼|番茄炒蛋/红烧萝卜|米饭|虎皮蛋烧肉
14299,大排|家常豆腐|木耳西兰花|番茄炒蛋/红烧萝卜|米饭
1430,卤肉|米饭|茄子长江豆/素烧鹅|豆芽/木耳青菜
14300,大排|椒盐带鱼|盐水虾|米饭|素烧鹅|长豆香干肉丝
14301,培红菜蘑菇毛豆肉丝|大排|木耳西兰花|油豆腐烧肉|花椒鸭
14302,米饭|素烧鹅|虎皮蛋烧肉|香菇菜心
14303,培红菜蘑菇毛豆肉丝|大排|番茄炒蛋/红烧萝卜|白菜千张丝|米饭|素烧鹅|青椒土豆丝|香菇菜心
14304,米饭|花椒鸭|青椒土豆丝|香菇菜心
14305,木耳西兰花|椒盐带鱼|油豆腐烧肉|米饭|虎皮蛋烧肉|长豆香干肉丝|青椒藕片
14306,培红菜蘑菇毛豆肉丝|大排|番茄炒蛋/红烧萝卜|白菜油付|盐水虾|米饭|素烧鹅
14307,椒盐带鱼|番茄炒蛋/红烧萝卜|白菜油付|盐水虾|米饭
14308,培红菜蘑菇毛豆肉丝|木耳西兰花|番茄炒蛋/红烧萝卜|盐水虾|青椒藕片|香菇菜心
14309,咖喱土豆鸡块|木耳西兰花|番茄炒蛋/红烧萝卜|白菜千张丝|米饭|素烧鹅|虎皮蛋烧肉|青椒藕片
1431,米饭|茄子长江豆/素烧鹅|葱油鸡|鸡排/椒盐排骨
14310,大排|木耳西兰花|油豆腐烧肉|番茄炒蛋/红烧萝卜|米饭|素烧鹅|长豆香干肉丝
14311,大排|白菜千张丝|米饭|素烧鹅|青椒土豆丝
14312,咖喱土豆鸡块|培红菜蘑菇毛豆肉丝|家常豆腐|木耳西兰花|油豆腐烧肉|番茄炒蛋/红烧萝卜|白菜千张丝|米饭|虎皮蛋烧肉|长豆香干肉丝
14313,培红菜蘑菇毛豆肉丝|盐水虾|米饭|素烧鹅|花椒鸭|香菇菜心
14314,家常豆腐|椒盐带鱼|油麦菜|米饭|青椒目鱼花
14315,大排|油麦菜|素烧鹅|青椒目鱼花|香菇菜心
14316,培红菜蘑菇毛豆肉丝|家常豆腐|番茄炒蛋/红烧萝卜|米饭
14317,木耳西兰花|椒盐带鱼|油豆腐烧肉|白菜千张丝|米饭|虎皮蛋烧肉|雪菜蛋饺|青椒藕片
14318,咖喱土豆鸡块|家常豆腐|木耳西兰花|米饭|虎皮蛋烧肉
14319,培红菜蘑菇毛豆肉丝|盐水虾|米饭|素烧鹅|青椒土豆丝|青椒目鱼花|香菇菜心
1432,木耳南瓜/青瓜炒蛋|米饭|茭白榨菜肉丝/杏鲍菇|葱油炒鳊鱼|豆芽/木耳青菜|鸡排/椒盐排骨
14320,椒盐带鱼|花椒鸭|香菇菜心
1433,卤肉|木耳南瓜/青瓜炒蛋|米饭|茭白榨菜肉丝/杏鲍菇|葱油鸡
1434,卤肉|米饭|茄子长江豆/素烧鹅|茭白榨菜肉丝/杏鲍菇|豆芽/木耳青菜
1435,卤肉|米饭|茄子长江豆/素烧鹅|茭白榨菜肉丝/杏鲍菇|豆芽/木耳青菜|鸡排/椒盐排骨
1436,卤肉|米饭|茄子长江豆/素烧鹅|茭白榨菜肉丝/杏鲍菇|鸡排/椒盐排骨
1437,木耳南瓜/青瓜炒蛋|米饭|茄子长江豆/素烧鹅|葱油炒鳊鱼|葱油鸡|豆芽/木耳青菜
1438,木耳花菜|米饭|茭白榨菜肉丝/杏鲍菇|豆芽/木耳青菜
1439,木耳花菜|米饭|茄子长江豆/素烧鹅|葱油鸡|鸡排/椒盐排骨
1440,米饭|茄子长江豆/素烧鹅|葱油鸡|豆芽/木耳青菜
1441,米饭|茄子长江豆/素烧鹅|葱油鸡|豆芽/木耳青菜
1442,木耳花菜|葱油鸡|豆芽/木耳青菜|鸡排/椒盐排骨
1443,木耳花菜|米饭|茄子长江豆/素烧鹅|葱油炒鳊鱼|豆芽/木耳青菜|鸡排/椒盐排骨
1444,卤肉|木耳南瓜/青瓜炒蛋|米饭|豆芽/木耳青菜
1445,卤肉|木耳花菜|米饭|茄子长江豆/素烧鹅|茭白榨菜肉丝/杏鲍菇|鸡排/椒盐排骨
1446,米饭|茄子长江豆/素烧鹅|茭白榨菜肉丝/杏鲍菇|葱油鸡
1447,木耳花菜|米饭|茄子长江豆/素烧鹅|茭白榨菜肉丝/杏鲍菇|葱油鸡|豆芽/木耳青菜
1448,米饭|茭白榨菜肉丝/杏鲍菇|豆芽/木耳青菜|鸡排/椒盐排骨
1449,卤肉|木耳南瓜/青瓜炒蛋|木耳花菜|茄子长江豆/素烧鹅|茭白榨菜肉丝/杏鲍菇|葱油炒鳊鱼|葱油鸡|豆芽/木耳青菜|酸辣土豆丝|鸡排/椒盐排骨
1450,米饭
1451,卤肉|木耳南瓜/青瓜炒蛋|米饭|茄子长江豆/素烧鹅|豆芽/木耳青菜|酸辣土豆丝|鸡排/椒盐排骨
1452,米饭|茭白榨菜肉丝/杏鲍菇|豆芽/木耳青菜|鸡排/椒盐排骨
1453,米饭|茄子长江豆/素烧鹅|葱油鸡|豆芽/木耳青菜|酸辣土豆丝
1454,木耳南瓜/青瓜炒蛋|米饭|茄子长江豆/素烧鹅|茭白榨菜肉丝/杏鲍菇|葱油鸡|鸡排/椒盐排骨
1455,木耳花菜|米饭|茄子长江豆/素烧鹅|葱油鸡|豆芽/木耳青菜|鸡排/椒盐排骨
1456,木耳花菜|米饭|茄子长江豆/素烧鹅|葱油鸡|豆芽/木耳青菜
1457,米饭|茄子长江豆/素烧鹅|豆芽/木耳青菜|鸡排/椒盐排骨
1458,卤肉|木耳花菜|米饭|茄子长江豆/素烧鹅
1459,木耳南瓜/青瓜炒蛋|木耳花菜|米饭|茄子长江豆/素烧鹅|茭白榨菜肉丝/杏鲍菇|酸辣土豆丝
1460,卤肉|木耳花菜|米饭|茄子长江豆/素烧鹅|茭白榨菜肉丝/杏鲍菇|鸡排/椒盐排骨
1461,木耳南瓜/青瓜炒蛋|米饭|茄子长江豆/素烧鹅|茭白榨菜肉丝/杏鲍菇|豆芽/木耳青菜|酸辣土豆丝|鸡排/椒盐排骨
1462,米饭|茄子长江豆/素烧鹅|茭白榨菜肉丝/杏鲍菇|葱油鸡
1463,木耳花菜|米饭|茄子长江豆/素烧鹅|酸辣土豆丝|鸡排/椒盐排骨
1464,米饭|茄子长江豆/素烧鹅|茭白榨菜肉丝/杏鲍菇|葱油鸡|酸辣土豆丝
1465,卤肉|米饭|茄子长江豆/素烧鹅|葱油鸡|酸辣土豆丝|鸡排/椒盐排骨
1466,木耳南瓜/青瓜炒蛋|木耳花菜|米饭|茄子长江豆/素烧鹅|豆芽/木耳青菜|鸡排/椒盐排骨
146606,咸菜豆瓣肉丝小炒|粉蒸排骨|莴笋榨菜炒毛豆
146607,三色绿豆芽|付皮包|榨菜蒲子|炒河粉|番茄炒蛋|米饭|酸辣藕丝|青瓜付竹肉片
146608,三色绿豆芽|咸菜豆瓣肉丝小炒|米饭|红烧仔排|青瓜付竹肉片
146609,快胶菜|红烧仔排|酸辣藕丝
146610,千叶豆腐肉丝|春笋肉丝|番茄炒蛋|米饭
146611,快胶菜|窑鸡腿|米饭|葱油芋艿
146612,咸菜豆瓣肉丝小炒|粉蒸排骨|红烧仔排|葱油芋艿|青瓜付竹肉片
146613,付皮包|春笋肉丝|木耳花菜|榨菜蒲子|窑鸡腿|米饭
146614,木耳花菜|榨菜蒲子|窑鸡腿|米饭
146615,三色绿豆芽|付皮包|莴笋榨菜炒毛豆|青椒土豆丝
146616,付皮包|腐乳烧肉|莴笋榨菜炒毛豆
146617,付皮包|千叶豆腐肉丝|快胶菜|米饭|葱油芋艿
146618,三色绿豆芽|快胶菜|米饭|葱油芋艿|青椒土豆丝
146619,三色绿豆芽|快胶菜|木耳花菜|炒河粉|窑鸡腿|米饭|葱油芋艿|青椒土豆丝
146620,付皮包|春笋肉丝|木耳花菜|番茄炒蛋|窑鸡腿|米饭|粉蒸肉|酸辣藕丝|青瓜付竹肉片
146621,三色绿豆芽|付皮包|春笋肉丝|米饭|莴笋榨菜炒毛豆|酸辣藕丝|青瓜付竹肉片
146622,千叶豆腐肉丝|快胶菜|窑鸡腿|米饭|红烧仔排|腐乳烧肉
146623,三色绿豆芽|咸菜豆瓣肉丝小炒|番茄炒蛋|窑鸡腿|米饭
146624,三色绿豆芽|榨菜蒲子|米饭
146625,米饭|粉蒸肉|腐乳烧肉|酸辣藕丝|青椒土豆丝
146626,春笋肉丝|番茄炒蛋|米饭|腐乳烧肉|莴笋榨菜炒毛豆|葱油芋艿|酸辣藕丝|青椒土豆丝
146627,米饭|红烧仔排|莴笋榨菜炒毛豆|葱油芋艿
146628,千叶豆腐肉丝|快胶菜|炒河粉|番茄炒蛋|米饭|红烧仔排|腐乳烧肉
146629,三色绿豆芽|付皮包|咸菜豆瓣肉丝小炒|春笋肉丝|番茄炒蛋|窑鸡腿|米饭|红烧仔排|青椒土豆丝
146630,千叶豆腐肉丝|快胶菜|炒河粉|番茄炒蛋|米饭|腐乳烧肉|青椒土豆丝
146631,三色绿豆芽|快胶菜|炒河粉|窑鸡腿|葱油芋艿
146632,米饭|粉蒸排骨|莴笋榨菜炒毛豆
146633,春笋肉丝|窑鸡腿|葱油芋艿|青椒土豆丝
146634,快胶菜|青瓜付竹肉片
146635,快胶菜|木耳花菜|米饭|粉蒸肉|红烧仔排|葱油芋艿|酸辣藕丝|青椒土豆丝
146636,木耳花菜|榨菜蒲子|窑鸡腿|米饭|莴笋榨菜炒毛豆|酸辣藕丝|青椒土豆丝
146637,木耳花菜|番茄炒蛋|米饭|红烧仔排|酸辣藕丝|青椒土豆丝
146638,三色绿豆芽|千叶豆腐肉丝|炒河粉
146639,付皮包|春笋肉丝|米饭|红烧仔排
146640,炒河粉|窑鸡腿|米饭|酸辣藕丝|青椒土豆丝
146641,付皮包|春笋肉丝|米饭|粉蒸肉|青椒土豆丝
146642,快胶菜|窑鸡腿|米饭|红烧仔排
146643,咸菜豆瓣肉丝小炒|快胶菜|米饭|粉蒸排骨|红烧仔排|青椒土豆丝
146644,三色绿豆芽|千叶豆腐肉丝|炒河粉|米饭|粉蒸肉
146645,三色绿豆芽|番茄炒蛋|米饭|腐乳烧肉|青椒土豆丝
146646,咸菜豆瓣肉丝小炒|米饭|粉蒸肉|葱油芋艿
146647,付皮包|炒河粉|米饭|酸辣藕丝
146648,三色绿豆芽|付皮包|木耳花菜|米饭|腐乳烧肉|葱油芋艿
146649,快胶菜|米饭|葱油芋艿
146650,三色绿豆芽|炒河粉|番茄炒蛋|米饭|红烧仔排|青椒土豆丝
146651,付皮包|快胶菜|米饭|粉蒸排骨|粉蒸肉|红烧仔排|酸辣藕丝|青瓜付竹肉片
146652,快胶菜|木耳花菜|榨菜蒲子|炒河粉|米饭|粉蒸肉
146653,快胶菜|炒河粉|盐水虾|腐乳烧肉|葱油芋艿|青瓜付竹肉片
146654,快胶菜|炒河粉|米饭|粉蒸肉|葱油芋艿|青椒土豆丝|青瓜付竹肉片
146655,木耳花菜|番茄炒蛋|盐水虾|米饭|红烧仔排|酸辣藕丝
146656,米饭|粉蒸排骨|青椒土豆丝
146657,木耳花菜|榨菜蒲子|炒河粉|米饭|红烧仔排
146658,春笋肉丝|米饭|红烧仔排|葱油芋艿
146659,快胶菜|春笋肉丝|榨菜蒲子|米饭|红烧仔排|青椒土豆丝
146660,三色绿豆芽|米饭|粉蒸肉|腐乳烧肉|葱油芋艿|酸辣藕丝|青瓜付竹肉片
146661,春笋肉丝|木耳花菜|米饭|红烧仔排|葱油芋艿
146662,快胶菜|窑鸡腿|米饭|莴笋榨菜炒毛豆|葱油芋艿|青瓜付竹肉片
146663,榨菜蒲子|米饭|红烧仔排
146664,三色绿豆芽|窑鸡腿|米饭|腐乳烧肉|酸辣藕丝
146665,炒河粉|盐水虾|窑鸡腿|红烧仔排|莴笋榨菜炒毛豆
146666,炒河粉|米饭|粉蒸排骨|红烧仔排|葱油芋艿
146667,三色绿豆芽|米饭|粉蒸排骨|腐乳烧肉|酸辣藕丝
146668,三色绿豆芽|炒河粉|红烧仔排|葱油芋艿|酸辣藕丝
146669,千叶豆腐肉丝|快胶菜|番茄炒蛋|窑鸡腿|米饭
146670,快胶菜|木耳花菜|番茄炒蛋|米饭|红烧仔排|茭白肉丝小炒|酸辣藕丝
146671,快胶菜|春笋肉丝|番茄炒蛋|窑鸡腿|米饭|粉蒸肉|酸辣藕丝|青椒土豆丝
146672,快胶菜|榨菜蒲子|米饭|红烧仔排|青瓜付竹肉片
146673,千叶豆腐肉丝|快胶菜|米饭|红烧仔排
146674,米饭|红烧仔排|葱油芋艿|酸辣藕丝
146675,快胶菜|榨菜蒲子|番茄炒蛋|米饭|红烧仔排|腐乳烧肉
146676,三色绿豆芽|快胶菜|榨菜蒲子|米饭|红烧仔排|酸辣藕丝
146677,三色绿豆芽|番茄炒蛋|窑鸡腿|米饭
146678,三色绿豆芽|付皮包|快胶菜|窑鸡腿|米饭|茭白肉丝小炒|青椒土豆丝
146679,千叶豆腐肉丝|干锅包菜|炒河粉|番茄炒蛋|盐水虾|米饭|粉蒸排骨|腐乳烧肉|青瓜付竹肉片
146680,千叶豆腐肉丝|干锅包菜|快胶菜|木耳花菜|榨菜蒲子|粉蒸排骨|粉蒸肉|腐乳烧肉|茭白肉丝小炒
146681,干锅包菜|快胶菜|米饭|腐乳烧肉|青瓜付竹肉片|飘香臭豆腐
146682,五香牛肉|快胶菜|木耳花菜|番茄炒蛋|米饭|粉蒸肉|腐乳烧肉|葱油芋艿
146683,三色绿豆芽|五香牛肉|干锅包菜|木耳花菜|盐水虾|米饭|粉蒸肉|红烧仔排|莴笋榨菜炒毛豆|酸辣藕丝|飘香臭豆腐
146684,付皮包|千叶豆腐肉丝|快胶菜|米饭|红烧仔排|莴笋榨菜炒毛豆|葱油芋艿|青椒土豆丝|飘香臭豆腐
146685,木耳花菜|榨菜蒲子|米饭|青瓜付竹肉片
146686,快胶菜|榨菜蒲子|米饭|粉蒸排骨|茭白肉丝小炒|飘香臭豆腐
146687,干锅包菜|木耳花菜|芹菜香干肉丝
146688,千叶豆腐肉丝|快胶菜|木耳花菜|盐水虾|米饭|腐乳烧肉|莴笋榨菜炒毛豆|酸辣藕丝
146689,五香牛肉|干锅包菜|窑鸡腿|米饭|腐乳烧肉
146690,窑鸡腿|米饭|茭白肉丝小炒|莴笋榨菜炒毛豆|葱油芋艿|青椒土豆丝|飘香臭豆腐
146691,千叶豆腐肉丝|快胶菜|番茄炒蛋|盐水虾|米饭|粉蒸排骨|腐乳烧肉|芹菜香干肉丝|莴笋榨菜炒毛豆
146692,五香牛肉|盐水虾|米饭|粉蒸排骨|腐乳烧肉|茭白肉丝小炒
1467,卤肉|米饭|茄子长江豆/素烧鹅|茭白榨菜肉丝/杏鲍菇|豆芽/木耳青菜
1468,木耳南瓜/青瓜炒蛋|木耳花菜|米饭|茄子长江豆/素烧鹅
1469,米饭|茭白榨菜肉丝/杏鲍菇|葱油鸡|豆芽/木耳青菜|鸡排/椒盐排骨
1470,卤肉|木耳花菜|米饭|茄子长江豆/素烧鹅|茭白榨菜肉丝/杏鲍菇|葱油鸡|酸辣土豆丝
1471,木耳南瓜/青瓜炒蛋|木耳花菜|米饭|茭白榨菜肉丝/杏鲍菇|葱油鸡|豆芽/木耳青菜|鸡排/椒盐排骨
1472,米饭|茄子长江豆/素烧鹅|茭白榨菜肉丝/杏鲍菇|豆芽/木耳青菜
1473,木耳花菜|米饭|茄子长江豆/素烧鹅|茭白榨菜肉丝/杏鲍菇|葱油鸡|豆芽/木耳青菜
1474,卤肉|木耳南瓜/青瓜炒蛋|米饭|茭白榨菜肉丝/杏鲍菇|豆芽/木耳青菜|鸡排/椒盐排骨
1475,木耳南瓜/青瓜炒蛋|米饭|茄子长江豆/素烧鹅|葱油鸡|酸辣土豆丝
1476,卤肉|米饭|茄子长江豆/素烧鹅|豆芽/木耳青菜|酸辣土豆丝
1477,卤肉|木耳花菜|米饭|茭白榨菜肉丝/杏鲍菇|豆芽/木耳青菜
1478,木耳南瓜/青瓜炒蛋|米饭|茄子长江豆/素烧鹅|葱油鸡|酸辣土豆丝|鸡排/椒盐排骨
1479,米饭|茄子长江豆/素烧鹅|茭白榨菜肉丝/杏鲍菇|豆芽/木耳青菜|鸡排/椒盐排骨
1480,卤肉|米饭|茄子长江豆/素烧鹅|茭白榨菜肉丝/杏鲍菇|葱油鸡
1481,卤肉|木耳南瓜/青瓜炒蛋|米饭|茄子长江豆/素烧鹅|茭白榨菜肉丝/杏鲍菇|豆芽/木耳青菜|酸辣土豆丝|鸡排/椒盐排骨
1482,卤肉|木耳南瓜/青瓜炒蛋|米饭|茭白榨菜肉丝/杏鲍菇|鸡排/椒盐排骨
1483,米饭|茭白榨菜肉丝/杏鲍菇|葱油鸡|豆芽/木耳青菜|鸡排/椒盐排骨
1484,卤肉|木耳花菜|米饭|茭白榨菜肉丝/杏鲍菇|酸辣土豆丝|鸡排/椒盐排骨
1485,卤肉|木耳南瓜/青瓜炒蛋|米饭|茭白榨菜肉丝/杏鲍菇|豆芽/木耳青菜|鸡排/椒盐排骨
1486,木耳南瓜/青瓜炒蛋|木耳花菜|米饭|茭白榨菜肉丝/杏鲍菇|葱油鸡|豆芽/木耳青菜|鸡排/椒盐排骨
1487,木耳南瓜/青瓜炒蛋|米饭|葱油鸡
1488,米饭|茭白榨菜肉丝/杏鲍菇|鸡排/椒盐排骨
1489,米饭|茄子长江豆/素烧鹅|豆芽/木耳青菜|鸡排/椒盐排骨
1490,木耳南瓜/青瓜炒蛋|米饭|茭白榨菜肉丝/杏鲍菇|豆芽/木耳青菜|酸辣土豆丝|鸡排/椒盐排骨
1491,木耳南瓜/青瓜炒蛋|木耳花菜|米饭|茭白榨菜肉丝/杏鲍菇|葱油鸡|酸辣土豆丝|鸡排/椒盐排骨
1492,木耳南瓜/青瓜炒蛋|米饭|茄子长江豆/素烧鹅|酸辣土豆丝|鸡排/椒盐排骨
1493,卤肉|米饭|茄子长江豆/素烧鹅|茭白榨菜肉丝/杏鲍菇
1494,卤肉|木耳南瓜/青瓜炒蛋|米饭|茄子长江豆/素烧鹅
1495,卤肉|米饭|茄子长江豆/素烧鹅|葱油鸡|豆芽/木耳青菜|酸辣土豆丝
1496,木耳南瓜/青瓜炒蛋|米饭|茄子长江豆/素烧鹅|茭白榨菜肉丝/杏鲍菇|鸡排/椒盐排骨
1497,卤肉|米饭|茄子长江豆/素烧鹅|葱油鸡|酸辣土豆丝
1498,卤肉|木耳南瓜/青瓜炒蛋|茄子长江豆/素烧鹅|茭白榨菜肉丝/杏鲍菇|酸辣土豆丝|鸡排/椒盐排骨
1499,卤肉|米饭|茄子长江豆/素烧鹅|豆芽/木耳青菜|酸辣土豆丝|鸡排/椒盐排骨
1500,卤肉|木耳花菜|米饭|茄子长江豆/素烧鹅|鸡排/椒盐排骨
1501,卤肉|木耳花菜|米饭|茄子长江豆/素烧鹅|酸辣土豆丝|鸡排/椒盐排骨
1502,木耳花菜|米饭|茄子长江豆/素烧鹅|茭白榨菜肉丝/杏鲍菇
1503,卤肉|木耳南瓜/青瓜炒蛋|木耳花菜|米饭|茄子长江豆/素烧鹅|葱油鸡|豆芽/木耳青菜|酸辣土豆丝|鸡排/椒盐排骨
1504,卤肉|木耳花菜|米饭|茄子长江豆/素烧鹅|酸辣土豆丝
1505,米饭|茄子长江豆/素烧鹅|茭白榨菜肉丝/杏鲍菇|鸡排/椒盐排骨
1506,卤肉|木耳南瓜/青瓜炒蛋|米饭|葱油鸡|酸辣土豆丝
1507,木耳南瓜/青瓜炒蛋|米饭|茄子长江豆/素烧鹅|豆芽/木耳青菜|酸辣土豆丝
1508,卤肉|豆芽/木耳青菜|酸辣土豆丝
1509,米饭|茄子长江豆/素烧鹅|豆芽/木耳青菜|酸辣土豆丝|鸡排/椒盐排骨
1510,木耳花菜|米饭|酸辣土豆丝|鸡排/椒盐排骨
1511,卤肉|木耳南瓜/青瓜炒蛋|木耳花菜|米饭|茭白榨菜肉丝/杏鲍菇|葱油鸡|豆芽/木耳青菜|鸡排/椒盐排骨
1512,卤肉|木耳南瓜/青瓜炒蛋|木耳花菜|茭白榨菜肉丝/杏鲍菇|酸辣土豆丝|鸡排/椒盐排骨
1513,米饭|茄子长江豆/素烧鹅|酸辣土豆丝
1514,米饭|茄子长江豆/素烧鹅|茭白榨菜肉丝/杏鲍菇|鸡排/椒盐排骨
1515,卤肉|木耳南瓜/青瓜炒蛋|米饭|葱油鸡|酸辣土豆丝|韭黄炒西葫芦|鸡排/椒盐排骨
1516,木耳南瓜/青瓜炒蛋|米饭|茄子长江豆/素烧鹅|茭白榨菜肉丝/杏鲍菇|酸辣土豆丝|鸡排/椒盐排骨
1517,木耳花菜|茭白榨菜肉丝/杏鲍菇|酸辣土豆丝
1518,木耳南瓜/青瓜炒蛋|米饭|茄子长江豆/素烧鹅|葱油鸡|鸡排/椒盐排骨
1519,米饭|茄子长江豆/素烧鹅|茭白榨菜肉丝/杏鲍菇|酸辣土豆丝|鸡排/椒盐排骨
1520,茄子长江豆/素烧鹅|茭白榨菜肉丝/杏鲍菇|酸辣土豆丝|鸡排/椒盐排骨
1521,木耳南瓜/青瓜炒蛋|木耳花菜|豆芽/木耳青菜|韭黄炒西葫芦
1522,米饭|茄子长江豆/素烧鹅|茭白榨菜肉丝/杏鲍菇|韭黄炒西葫芦
1523,米饭|茄子长江豆/素烧鹅|茭白榨菜肉丝/杏鲍菇|鸡排/椒盐排骨
1524,米饭|茭白榨菜肉丝/杏鲍菇|韭黄炒西葫芦|鸡排/椒盐排骨
1525,米饭|茄子长江豆/素烧鹅|茭白榨菜肉丝/杏鲍菇|酸辣土豆丝|韭黄炒西葫芦
1526,卤肉|木耳南瓜/青瓜炒蛋|米饭|茄子长江豆/素烧鹅|豆芽/木耳青菜|鸡排/椒盐排骨
1527,卤肉|木耳南瓜/青瓜炒蛋|米饭|韭黄炒西葫芦|鸡排/椒盐排骨
1528,木耳花菜|米饭|茄子长江豆/素烧鹅|酸辣土豆丝|鸡排/椒盐排骨
1529,米饭|茭白榨菜肉丝/杏鲍菇|豆芽/木耳青菜|酸辣土豆丝|鸡排/椒盐排骨
1530,木耳南瓜/青瓜炒蛋|米饭|鸡排/椒盐排骨
1531,木耳花菜|米饭|茄子长江豆/素烧鹅
1532,卤肉|米饭|茄子长江豆/素烧鹅|豆芽/木耳青菜|韭黄炒西葫芦|鸡排/椒盐排骨
1533,木耳南瓜/青瓜炒蛋|木耳花菜|米饭|茄子长江豆/素烧鹅|葱油鸡
1534,米饭|茄子长江豆/素烧鹅|酸辣土豆丝
1535,木耳南瓜/青瓜炒蛋|米饭|西葫芦/花菜|豆芽/木耳青菜|鸡排/椒盐排骨
1536,卤肉|米饭|茄子长江豆/素烧鹅
1537,木耳花菜|米饭|茄子长江豆/素烧鹅|茭白榨菜肉丝/杏鲍菇|豆芽/木耳青菜|韭黄炒西葫芦|鸡排/椒盐排骨
1538,卤肉|米饭|酸辣土豆丝|鸡排/椒盐排骨
1539,木耳南瓜/青瓜炒蛋|葱油鸡|西葫芦/花菜|豆芽/木耳青菜|韭黄炒西葫芦
1540,米饭|茭白榨菜肉丝/杏鲍菇|豆芽/木耳青菜|酸辣土豆丝
1541,木耳花菜|米饭|茭白榨菜肉丝/杏鲍菇|豆芽/木耳青菜
1542,米饭
1543,木耳南瓜/青瓜炒蛋|米饭|酸辣土豆丝|鸡排/椒盐排骨
1544,木耳南瓜/青瓜炒蛋|米饭|西葫芦/花菜|豆芽/木耳青菜
1545,米饭|茄子长江豆/素烧鹅|茭白榨菜肉丝/杏鲍菇|西葫芦/花菜
1546,米饭|茭白榨菜肉丝/杏鲍菇|酸辣土豆丝
1547,卤肉|米饭|茭白榨菜肉丝/杏鲍菇|西葫芦/花菜|豆芽/木耳青菜
1548,卤肉|米饭|茭白榨菜肉丝/杏鲍菇|西葫芦/花菜|酸辣土豆丝
1549,木耳南瓜/青瓜炒蛋|米饭|茄子长江豆/素烧鹅|西葫芦/花菜
1550,米饭|红烧肉/香菇鸡肉|茄子长江豆/素烧鹅|茄子长豆/虎皮青椒|茭白榨菜肉丝/杏鲍菇|酸辣土豆丝|鸡排/椒盐排骨
1551,茄子长豆/虎皮青椒
1552,米饭|红烧肉/香菇鸡肉|芹菜香干/青瓜凉皮|豆芽/木耳青菜
1553,木耳莴笋|牛肉|米饭|芹菜香干/青瓜凉皮|虎皮包/油爆虾|青菜/白菜油腐
1554,米饭|芹菜香干/青瓜凉皮|虎皮包/油爆虾|韭黄肉丝/红烧大排
1555,木耳莴笋|牛肉|米饭|芹菜香干/青瓜凉皮|葱油扇贝|虎皮包/油爆虾
1556,木耳莴笋|米饭|茄子长豆/虎皮青椒|雪菜毛豆/青椒面筋|青菜/白菜油腐|韭黄肉丝/红烧大排
1557,木耳莴笋|米饭|红烧肉/香菇鸡肉|茄子长豆/虎皮青椒|虎皮包/油爆虾|青菜/白菜油腐
1558,牛肉|芹菜香干/青瓜凉皮|雪菜毛豆/青椒面筋|青菜/白菜油腐|韭黄肉丝/红烧大排
1559,木耳莴笋|牛肉|米饭|芹菜香干/青瓜凉皮
1560,牛肉|米饭|红烧肉/香菇鸡肉|芹菜香干/青瓜凉皮|茄子长豆/虎皮青椒|虎皮包/油爆虾|雪菜毛豆/青椒面筋|青菜/白菜油腐
1561,木耳莴笋|红烧肉/香菇鸡肉|芹菜香干/青瓜凉皮|葱油扇贝|韭黄肉丝/红烧大排
1562,木耳莴笋|米饭|芹菜香干/青瓜凉皮|茄子长豆/虎皮青椒|虎皮包/油爆虾|雪菜毛豆/青椒面筋|韭黄肉丝/红烧大排
1563,木耳莴笋|牛肉|芹菜香干/青瓜凉皮|茄子长豆/虎皮青椒|葱油扇贝|虎皮包/油爆虾
1564,木耳莴笋|米饭|茄子长豆/虎皮青椒|韭黄肉丝/红烧大排
1565,木耳莴笋|牛肉|芹菜香干/青瓜凉皮|茄子长豆/虎皮青椒
1566,木耳莴笋|牛肉|米饭|葱油扇贝|雪菜毛豆/青椒面筋|青菜/白菜油腐
1567,牛肉|米饭|红烧肉/香菇鸡肉|青菜/白菜油腐
1568,木耳莴笋|牛肉|米饭|红烧肉/香菇鸡肉|茄子长豆/虎皮青椒|葱油扇贝|虎皮包/油爆虾|青菜/白菜油腐
1569,木耳莴笋|米饭|红烧肉/香菇鸡肉|芹菜香干/青瓜凉皮|茄子长豆/虎皮青椒|虎皮包/油爆虾|雪菜毛豆/青椒面筋|青菜/白菜油腐
1570,木耳莴笋|牛肉|芹菜香干/青瓜凉皮|茄子长豆/虎皮青椒|葱油扇贝|虎皮包/油爆虾|青菜/白菜油腐
1571,米饭|红烧肉/香菇鸡肉|芹菜香干/青瓜凉皮|茄子长豆/虎皮青椒|青菜/白菜油腐|韭黄肉丝/红烧大排
1572,木耳莴笋|牛肉|米饭|芹菜香干/青瓜凉皮|青菜/白菜油腐|韭黄肉丝/红烧大排
1573,牛肉|米饭|青菜/白菜油腐|韭黄肉丝/红烧大排
1574,米饭|红烧肉/香菇鸡肉|茄子长豆/虎皮青椒|虎皮包/油爆虾|韭黄肉丝/红烧大排
1575,牛肉|米饭|芹菜香干/青瓜凉皮|茄子长豆/虎皮青椒|韭黄肉丝/红烧大排
1576,木耳莴笋|牛肉|米饭|红烧肉/香菇鸡肉|雪菜毛豆/青椒面筋|韭黄肉丝/红烧大排
1577,红烧肉/香菇鸡肉|茄子长豆/虎皮青椒|葱油扇贝|虎皮包/油爆虾|雪菜毛豆/青椒面筋|青菜/白菜油腐
1578,牛肉|米饭|红烧肉/香菇鸡肉|青菜/白菜油腐
1579,米饭|茄子长豆/虎皮青椒|虎皮包/油爆虾|青菜/白菜油腐|韭黄肉丝/红烧大排
1580,米饭|红烧肉/香菇鸡肉|虎皮包/油爆虾|青菜/白菜油腐|韭黄肉丝/红烧大排
1581,木耳莴笋|牛肉|米饭|红烧肉/香菇鸡肉|芹菜香干/青瓜凉皮|茄子长豆/虎皮青椒|葱油扇贝|虎皮包/油爆虾|青菜/白菜油腐|韭黄肉丝/红烧大排
1582,木耳莴笋|米饭|红烧肉/香菇鸡肉|虎皮包/油爆虾
1583,木耳莴笋|牛肉|红烧肉/香菇鸡肉|芹菜香干/青瓜凉皮|雪菜毛豆/青椒面筋
1584,红烧肉/香菇鸡肉|雪菜毛豆/青椒面筋|青菜/白菜油腐
1585,木耳莴笋|牛肉|红烧肉/香菇鸡肉|芹菜香干/青瓜凉皮|青菜/白菜油腐
1586,木耳莴笋|牛肉|米饭|红烧肉/香菇鸡肉|芹菜香干/青瓜凉皮|虎皮包/油爆虾|雪菜毛豆/青椒面筋|青菜/白菜油腐|韭黄肉丝/红烧大排
1587,牛肉|米饭|芹菜香干/青瓜凉皮|茄子长豆/虎皮青椒|虎皮包/油爆虾|青菜/白菜油腐
1588,木耳莴笋|牛肉|米饭|芹菜香干/青瓜凉皮|茄子长豆/虎皮青椒|虎皮包/油爆虾|雪菜毛豆/青椒面筋|青菜/白菜油腐
1589,米饭|红烧肉/香菇鸡肉|茄子长豆/虎皮青椒|虎皮包/油爆虾|青菜/白菜油腐
1590,牛肉|米饭|芹菜香干/青瓜凉皮|青菜/白菜油腐
1591,牛肉|茄子长豆/虎皮青椒|雪菜毛豆/青椒面筋|韭黄肉丝/红烧大排
1592,米饭|茄子长豆/虎皮青椒|虎皮包/油爆虾|青菜/白菜油腐
1593,木耳莴笋|牛肉|米饭|虎皮包/油爆虾|韭黄肉丝/红烧大排
1594,米饭|葱油扇贝|虎皮包/油爆虾
1595,木耳莴笋|牛肉|米饭|茄子长豆/虎皮青椒|雪菜毛豆/青椒面筋|韭黄肉丝/红烧大排
1596,木耳莴笋|米饭|芹菜香干/青瓜凉皮|茄子长豆/虎皮青椒|雪菜毛豆/青椒面筋|韭黄肉丝/红烧大排
1597,木耳莴笋|米饭|芹菜香干/青瓜凉皮|雪菜毛豆/青椒面筋|韭黄肉丝/红烧大排
1598,牛肉|米饭|芹菜香干/青瓜凉皮|雪菜毛豆/青椒面筋
1599,木耳莴笋|牛肉|米饭|红烧肉/香菇鸡肉|茄子长豆/虎皮青椒|韭黄肉丝/红烧大排
1600,牛肉|米饭|茄子长豆/虎皮青椒|虎皮包/油爆虾|雪菜毛豆/青椒面筋|青菜/白菜油腐
1601,牛肉|米饭|茄子长豆/虎皮青椒|虎皮包/油爆虾|韭黄肉丝/红烧大排
1602,木耳莴笋|米饭|红烧肉/香菇鸡肉|茄子长豆/虎皮青椒|青菜/白菜油腐
1603,木耳莴笋|牛肉|芹菜香干/青瓜凉皮|葱油扇贝|虎皮包/油爆虾|韭黄肉丝/红烧大排
1604,米饭|茄子长豆/虎皮青椒|雪菜毛豆/青椒面筋|韭黄肉丝/红烧大排
1605,米饭|红烧肉/香菇鸡肉|雪菜毛豆/青椒面筋|青菜/白菜油腐
1606,米饭|红烧肉/香菇鸡肉|芹菜香干/青瓜凉皮|茄子长豆/虎皮青椒|雪菜毛豆/青椒面筋
1607,牛肉|米饭|茄子长豆/虎皮青椒|雪菜毛豆/青椒面筋|青菜/白菜油腐
1608,木耳莴笋|米饭|红烧肉/香菇鸡肉|茄子长豆/虎皮青椒|虎皮包/油爆虾
1609,牛肉|米饭|红烧肉/香菇鸡肉|芹菜香干/青瓜凉皮|虎皮包/油爆虾|青菜/白菜油腐
1610,米饭|红烧肉/香菇鸡肉|茄子长豆/虎皮青椒|青菜/白菜油腐|韭黄肉丝/红烧大排
1611,木耳莴笋|牛肉|红烧肉/香菇鸡肉|茄子长豆/虎皮青椒|青菜/白菜油腐
1612,木耳莴笋|米饭|虎皮包/油爆虾
1613,牛肉|米饭|红烧肉/香菇鸡肉|茄子长豆/虎皮青椒
1614,牛肉|米饭|红烧肉/香菇鸡肉|芹菜香干/青瓜凉皮|虎皮包/油爆虾|雪菜毛豆/青椒面筋|韭黄肉丝/红烧大排
1615,木耳莴笋|牛肉|米饭|茄子长豆/虎皮青椒|虎皮包/油爆虾|雪菜毛豆/青椒面筋|青菜/白菜油腐
1616,木耳莴笋|牛肉|米饭|红烧肉/香菇鸡肉|雪菜毛豆/青椒面筋|青菜/白菜油腐
1617,牛肉|米饭|茄子长豆/虎皮青椒|雪菜毛豆/青椒面筋|青菜/白菜油腐
1618,木耳莴笋|米饭|茄子长豆/虎皮青椒|雪菜毛豆/青椒面筋
1619,木耳莴笋|米饭|虎皮包/油爆虾|青菜/白菜油腐|韭黄肉丝/红烧大排
1620,米饭|红烧肉/香菇鸡肉|芹菜香干/青瓜凉皮|茄子长豆/虎皮青椒|葱油扇贝|虎皮包/油爆虾|雪菜毛豆/青椒面筋|韭黄肉丝/红烧大排
1621,木耳莴笋|牛肉|米饭|雪菜毛豆/青椒面筋|韭黄肉丝/红烧大排
1622,米饭|芹菜香干/青瓜凉皮|虎皮包/油爆虾
1623,米饭|芹菜香干/青瓜凉皮|茄子长豆/虎皮青椒|虎皮包/油爆虾|雪菜毛豆/青椒面筋|青菜/白菜油腐|韭黄肉丝/红烧大排
1624,木耳莴笋|米饭|茄子长豆/虎皮青椒|虎皮包/油爆虾|青菜/白菜油腐|韭黄肉丝/红烧大排
1625,牛肉|芹菜香干/青瓜凉皮|茄子长豆/虎皮青椒|虎皮包/油爆虾|雪菜毛豆/青椒面筋|青菜/白菜油腐
1626,木耳莴笋|牛肉|米饭|虎皮包/油爆虾
1627,米饭|红烧肉/香菇鸡肉|芹菜香干/青瓜凉皮|茄子长豆/虎皮青椒|雪菜毛豆/青椒面筋|青菜/白菜油腐
1628,米饭|红烧肉/香菇鸡肉|芹菜香干/青瓜凉皮|韭黄肉丝/红烧大排
1629,牛肉|米饭|红烧肉/香菇鸡肉|芹菜香干/青瓜凉皮|虎皮包/油爆虾|雪菜毛豆/青椒面筋
1630,木耳莴笋|牛肉|米饭|红烧肉/香菇鸡肉|芹菜香干/青瓜凉皮|茄子长豆/虎皮青椒|虎皮包/油爆虾|青菜/白菜油腐
1631,米饭|红烧肉/香菇鸡肉|芹菜香干/青瓜凉皮|茄子长豆/虎皮青椒|虎皮包/油爆虾|青菜/白菜油腐
1632,米饭|红烧肉/香菇鸡肉|茄子长豆/虎皮青椒|韭黄肉丝/红烧大排
1633,木耳莴笋|米饭|红烧肉/香菇鸡肉|茄子长豆/虎皮青椒|青菜/白菜油腐
1634,木耳莴笋|牛肉|米饭|茄子长豆/虎皮青椒|雪菜毛豆/青椒面筋|青菜/白菜油腐|韭黄肉丝/红烧大排
1635,木耳莴笋|牛肉|米饭|芹菜香干/青瓜凉皮|茄子长豆/虎皮青椒
1636,牛肉|米饭|芹菜香干/青瓜凉皮|韭黄肉丝/红烧大排
1637,木耳莴笋|牛肉|米饭|芹菜香干/青瓜凉皮|茄子长豆/虎皮青椒|韭黄肉丝/红烧大排
1638,木耳莴笋|牛肉|米饭|芹菜香干/青瓜凉皮|雪菜毛豆/青椒面筋|青菜/白菜油腐|韭黄肉丝/红烧大排
1639,米饭|红烧肉/香菇鸡肉|茄子长豆/虎皮青椒|雪菜毛豆/青椒面筋
1640,木耳莴笋|牛肉|米饭|青菜/白菜油腐
1641,木耳莴笋|牛肉|米饭|红烧肉/香菇鸡肉|芹菜香干/青瓜凉皮|雪菜毛豆/青椒面筋|青菜/白菜油腐
1642,牛肉|米饭|红烧肉/香菇鸡肉|芹菜香干/青瓜凉皮|雪菜毛豆/青椒面筋|韭黄肉丝/红烧大排
1643,牛肉|红烧肉/香菇鸡肉|芹菜香干/青瓜凉皮|虎皮包/油爆虾|雪菜毛豆/青椒面筋|青菜/白菜油腐
1644,米饭|红烧肉/香菇鸡肉|虎皮包/油爆虾
1645,木耳莴笋|米饭|红烧肉/香菇鸡肉|芹菜香干/青瓜凉皮|茄子长豆/虎皮青椒|虎皮包/油爆虾|青菜/白菜油腐|韭黄肉丝/红烧大排
1646,米饭|红烧肉/香菇鸡肉|芹菜香干/青瓜凉皮|虎皮包/油爆虾|青菜/白菜油腐
1647,米饭
1648,牛肉|米饭|茄子长豆/虎皮青椒|虎皮包/油爆虾|雪菜毛豆/青椒面筋|韭黄肉丝/红烧大排
1649,木耳莴笋|米饭|红烧肉/香菇鸡肉|青菜/白菜油腐
1650,牛肉|米饭|芹菜香干/青瓜凉皮|茄子长豆/虎皮青椒|青菜/白菜油腐
1651,米饭|芹菜香干/青瓜凉皮|青菜/白菜油腐|韭黄肉丝/红烧大排
1652,木耳莴笋|米饭|虎皮包/油爆虾
1653,木耳莴笋|牛肉|米饭|红烧肉/香菇鸡肉|茄子长豆/虎皮青椒|雪菜毛豆/青椒面筋|青菜/白菜油腐
1654,木耳莴笋|牛肉|米饭|茄子长豆/虎皮青椒|青菜/白菜油腐|韭黄肉丝/红烧大排
1655,木耳莴笋|米饭|芹菜香干/青瓜凉皮|茄子长豆/虎皮青椒
1656,牛肉|米饭|芹菜香干/青瓜凉皮|虎皮包/油爆虾|雪菜毛豆/青椒面筋|青菜/白菜油腐|韭黄肉丝/红烧大排
1657,牛肉|米饭|红烧肉/香菇鸡肉|茄子长豆/虎皮青椒|韭黄肉丝/红烧大排
1658,牛肉|米饭|红烧肉/香菇鸡肉|芹菜香干/青瓜凉皮|虎皮包/油爆虾|青菜/白菜油腐|韭黄肉丝/红烧大排
1659,木耳莴笋|米饭|红烧肉/香菇鸡肉|茄子长豆/虎皮青椒|韭黄肉丝/红烧大排
1660,米饭|红烧肉/香菇鸡肉|芹菜香干/青瓜凉皮|葱油扇贝|虎皮包/油爆虾|韭黄肉丝/红烧大排
1661,米饭|红烧肉/香菇鸡肉|芹菜香干/青瓜凉皮|茄子长豆/虎皮青椒|雪菜毛豆/青椒面筋
1662,木耳莴笋|米饭|芹菜香干/青瓜凉皮|茄子长豆/虎皮青椒|虎皮包/油爆虾
1663,木耳莴笋|米饭|葱油扇贝|雪菜毛豆/青椒面筋|韭黄肉丝/红烧大排
1664,米饭|芹菜香干/青瓜凉皮|茄子长豆/虎皮青椒|韭黄肉丝/红烧大排
1665,木耳莴笋|芹菜香干/青瓜凉皮|雪菜毛豆/青椒面筋|青菜/白菜油腐
1666,米饭|红烧肉/香菇鸡肉|虎皮包/油爆虾|青菜/白菜油腐
1667,木耳莴笋|米饭|红烧肉/香菇鸡肉
1668,牛肉|米饭|雪菜毛豆/青椒面筋
1669,牛肉|米饭|芹菜香干/青瓜凉皮|青菜/白菜油腐|韭黄肉丝/红烧大排
1670,牛肉|米饭|芹菜香干/青瓜凉皮|虎皮包/油爆虾|雪菜毛豆/青椒面筋|韭黄肉丝/红烧大排
1671,米饭|红烧肉/香菇鸡肉|虎皮包/油爆虾|雪菜毛豆/青椒面筋|韭黄肉丝/红烧大排
1672,米饭|红烧肉/香菇鸡肉|茄子长豆/虎皮青椒|雪菜毛豆/青椒面筋|青菜/白菜油腐|韭黄肉丝/红烧大排
1673,米饭|雪菜毛豆/青椒面筋|青菜/白菜油腐|韭黄肉丝/红烧大排
1674,牛肉|红烧肉/香菇鸡肉
1675,牛肉|米饭|红烧肉/香菇鸡肉|茄子长豆/虎皮青椒|虎皮包/油爆虾
1676,木耳莴笋|牛肉|米饭|红烧肉/香菇鸡肉|芹菜香干/青瓜凉皮|茄子长豆/虎皮青椒|雪菜毛豆/青椒面筋
1677,牛肉|米饭|茄子长豆/虎皮青椒|葱油扇贝|虎皮包/油爆虾
1678,木耳莴笋|牛肉|米饭|芹菜香干/青瓜凉皮|葱油扇贝|虎皮包/油爆虾
1679,木耳莴笋|牛肉|米饭|红烧肉/香菇鸡肉|芹菜香干/青瓜凉皮|茄子长豆/虎皮青椒|葱油扇贝|虎皮包/油爆虾|雪菜毛豆/青椒面筋
1680,牛肉|米饭|红烧肉/香菇鸡肉|芹菜香干/青瓜凉皮|茄子长豆/虎皮青椒|虎皮包/油爆虾|青菜/白菜油腐
1681,牛肉|米饭|红烧肉/香菇鸡肉|芹菜香干/青瓜凉皮|茄子长豆/虎皮青椒|葱油扇贝|虎皮包/油爆虾|雪菜毛豆/青椒面筋|青菜/白菜油腐
1682,木耳莴笋|牛肉|米饭|芹菜香干/青瓜凉皮|葱油扇贝|虎皮包/油爆虾
1683,木耳莴笋|牛肉|米饭|芹菜香干/青瓜凉皮|葱油扇贝|虎皮包/油爆虾
1684,木耳莴笋|米饭|茄子长豆/虎皮青椒|雪菜毛豆/青椒面筋
1685,牛肉|米饭|红烧肉/香菇鸡肉|芹菜香干/青瓜凉皮|虎皮包/油爆虾|雪菜毛豆/青椒面筋|青菜/白菜油腐
1686,木耳莴笋|牛肉|米饭|红烧肉/香菇鸡肉|茄子长豆/虎皮青椒|虎皮包/油爆虾|雪菜毛豆/青椒面筋|青菜/白菜油腐
1687,木耳莴笋|牛肉|米饭|芹菜香干/青瓜凉皮|虎皮包/油爆虾|雪菜毛豆/青椒面筋
1688,牛肉|米饭|红烧肉/香菇鸡肉|茄子长豆/虎皮青椒|虎皮包/油爆虾|青菜/白菜油腐
1689,米饭|红烧肉/香菇鸡肉|茄子长豆/虎皮青椒|虎皮包/油爆虾|雪菜毛豆/青椒面筋|青菜/白菜油腐|韭黄肉丝/红烧大排
1690,牛肉|米饭|红烧肉/香菇鸡肉|茄子长豆/虎皮青椒|葱油扇贝|雪菜毛豆/青椒面筋
1691,木耳莴笋|牛肉|米饭|葱油扇贝
1692,木耳莴笋|牛肉|米饭|红烧肉/香菇鸡肉|葱油扇贝|虎皮包/油爆虾|雪菜毛豆/青椒面筋
1693,木耳莴笋|牛肉|米饭|红烧肉/香菇鸡肉|茄子长豆/虎皮青椒|葱油扇贝|虎皮包/油爆虾|雪菜毛豆/青椒面筋|韭黄肉丝/红烧大排
1694,木耳莴笋|牛肉|米饭|青菜/白菜油腐
1695,米饭|茄子长豆/虎皮青椒
1696,牛肉|米饭|红烧肉/香菇鸡肉|芹菜香干/青瓜凉皮|茄子长豆/虎皮青椒
1697,木耳莴笋|米饭|红烧肉/香菇鸡肉|葱油扇贝|虎皮包/油爆虾|青菜/白菜油腐
1698,牛肉|米饭|茄子长豆/虎皮青椒|虎皮包/油爆虾|雪菜毛豆/青椒面筋
1699,木耳莴笋|牛肉|米饭|红烧肉/香菇鸡肉|芹菜香干/青瓜凉皮|虎皮包/油爆虾|雪菜毛豆/青椒面筋|青菜/白菜油腐
1700,牛肉|米饭|红烧肉/香菇鸡肉|茄子长豆/虎皮青椒|虎皮包/油爆虾|雪菜毛豆/青椒面筋
1701,牛肉|米饭|红烧肉/香菇鸡肉|茄子长豆/虎皮青椒|虎皮包/油爆虾
1702,木耳莴笋|牛肉|米饭|红烧肉/香菇鸡肉|茄子长豆/虎皮青椒|葱油扇贝|雪菜毛豆/青椒面筋|青菜/白菜油腐
1703,牛肉|米饭|茄子长豆/虎皮青椒|雪菜毛豆/青椒面筋|韭黄肉丝/红烧大排
1704,米饭|葱油扇贝|青菜/白菜油腐|韭黄肉丝/红烧大排
1705,木耳莴笋|牛肉|米饭|葱油扇贝|虎皮包/油爆虾|青菜/白菜油腐
1706,木耳莴笋|米饭|茄子长豆/虎皮青椒|葱油扇贝|虎皮包/油爆虾|韭黄肉丝/红烧大排
1707,牛肉|米饭|红烧肉/香菇鸡肉|雪菜毛豆/青椒面筋|韭黄肉丝/红烧大排
1708,木耳莴笋|牛肉|米饭|芹菜香干/青瓜凉皮|茄子长豆/虎皮青椒|青菜/白菜油腐|韭黄肉丝/红烧大排
1709,芹菜香干/青瓜凉皮|茄子长豆/虎皮青椒|虎皮包/油爆虾|雪菜毛豆/青椒面筋|韭黄肉丝/红烧大排
1710,米饭|茄子长豆/虎皮青椒|虎皮包/油爆虾|雪菜毛豆/青椒面筋|青菜/白菜油腐|韭黄肉丝/红烧大排
1711,牛肉|米饭|红烧肉/香菇鸡肉|芹菜香干/青瓜凉皮|茄子长豆/虎皮青椒|虎皮包/油爆虾|雪菜毛豆/青椒面筋
1712,米饭|芹菜香干/青瓜凉皮|茄子长豆/虎皮青椒|雪菜毛豆/青椒面筋|韭黄肉丝/红烧大排
1713,牛肉|米饭|红烧肉/香菇鸡肉|芹菜香干/青瓜凉皮|虎皮包/油爆虾|青菜/白菜油腐
1714,米饭|芹菜香干/青瓜凉皮|茄子长豆/虎皮青椒|葱油扇贝
1715,木耳莴笋|牛肉|茄子长豆/虎皮青椒|葱油扇贝|虎皮包/油爆虾|青菜/白菜油腐
1716,米饭|红烧肉/香菇鸡肉|茄子长豆/虎皮青椒|青菜/白菜油腐
1717,芹菜香干/青瓜凉皮|茄子长豆/虎皮青椒|葱油扇贝|虎皮包/油爆虾|青菜/白菜油腐
1718,木耳莴笋|牛肉|米饭|茄子长豆/虎皮青椒|虎皮包/油爆虾|雪菜毛豆/青椒面筋|青菜/白菜油腐
1719,木耳莴笋|牛肉|米饭|红烧肉/香菇鸡肉|芹菜香干/青瓜凉皮|茄子长豆/虎皮青椒|葱油扇贝|虎皮包/油爆虾|雪菜毛豆/青椒面筋|青菜/白菜油腐|韭黄肉丝/红烧大排
1720,米饭|红烧肉/香菇鸡肉|芹菜香干/青瓜凉皮|茄子长豆/虎皮青椒|虎皮包/油爆虾
1721,牛肉|米饭|葱油扇贝|虎皮包/油爆虾|雪菜毛豆/青椒面筋|青菜/白菜油腐
1722,牛肉|米饭|茄子长豆/虎皮青椒|虎皮包/油爆虾|雪菜毛豆/青椒面筋|青菜/白菜油腐|韭黄肉丝/红烧大排
1723,米饭|红烧肉/香菇鸡肉|芹菜香干/青瓜凉皮|葱油扇贝|虎皮包/油爆虾|雪菜毛豆/青椒面筋|青菜/白菜油腐
1724,木耳莴笋|米饭|红烧肉/香菇鸡肉|茄子长豆/虎皮青椒|虎皮包/油爆虾|雪菜毛豆/青椒面筋|青菜/白菜油腐|韭黄肉丝/红烧大排
1725,米饭|红烧肉/香菇鸡肉|虎皮包/油爆虾|雪菜毛豆/青椒面筋|青菜/白菜油腐|韭黄肉丝/红烧大排
1726,红烧肉/香菇鸡肉|芹菜香干/青瓜凉皮|茄子长豆/虎皮青椒|雪菜毛豆/青椒面筋|青菜/白菜油腐|韭黄肉丝/红烧大排
1727,木耳莴笋|米饭|红烧肉/香菇鸡肉|虎皮包/油爆虾|青菜/白菜油腐|韭黄肉丝/红烧大排
1728,牛肉|米饭|红烧肉/香菇鸡肉|茄子长豆/虎皮青椒|虎皮包/油爆虾|雪菜毛豆/青椒面筋|韭黄肉丝/红烧大排
1729,米饭
1730,米饭|红烧肉/香菇鸡肉|芹菜香干/青瓜凉皮|虎皮包/油爆虾|青菜/白菜油腐|韭黄肉丝/红烧大排
1731,米饭|红烧肉/香菇鸡肉|芹菜香干/青瓜凉皮|葱油扇贝|虎皮包/油爆虾|青菜/白菜油腐
1732,牛肉|米饭|芹菜香干/青瓜凉皮|虎皮包/油爆虾|青菜/白菜油腐|韭黄肉丝/红烧大排
1733,牛肉|米饭|红烧肉/香菇鸡肉|芹菜香干/青瓜凉皮|虎皮包/油爆虾|青菜/白菜油腐|韭黄肉丝/红烧大排
1734,米饭|红烧肉/香菇鸡肉|茄子长豆/虎皮青椒|雪菜毛豆/青椒面筋
1735,牛肉|米饭|红烧肉/香菇鸡肉|芹菜香干/青瓜凉皮|茄子长豆/虎皮青椒|雪菜毛豆/青椒面筋|青菜/白菜油腐
1736,芹菜香干/青瓜凉皮|茄子长豆/虎皮青椒
1737,牛肉|米饭|红烧肉/香菇鸡肉|芹菜香干/青瓜凉皮|茄子长豆/虎皮青椒
1738,米饭|红烧肉/香菇鸡肉|芹菜香干/青瓜凉皮|葱油扇贝|虎皮包/油爆虾|青菜/白菜油腐
1739,牛肉|红烧肉/香菇鸡肉|芹菜香干/青瓜凉皮|雪菜毛豆/青椒面筋|青菜/白菜油腐
1740,牛肉|米饭|红烧肉/香菇鸡肉|芹菜香干/青瓜凉皮|茄子长豆/虎皮青椒|葱油扇贝|虎皮包/油爆虾
1741,木耳莴笋|米饭|红烧肉/香菇鸡肉|芹菜香干/青瓜凉皮|茄子长豆/虎皮青椒|葱油扇贝|虎皮包/油爆虾|雪菜毛豆/青椒面筋
1742,芹菜香干/青瓜凉皮|青菜/白菜油腐
1743,木耳莴笋|米饭|红烧肉/香菇鸡肉|雪菜毛豆/青椒面筋|青菜/白菜油腐|韭黄肉丝/红烧大排
1744,红烧肉/香菇鸡肉|芹菜香干/青瓜凉皮|茄子长豆/虎皮青椒|青菜/白菜油腐
1745,牛肉|米饭|芹菜香干/青瓜凉皮|青菜/白菜油腐|韭黄肉丝/红烧大排
1746,红烧肉/香菇鸡肉|茄子长豆/虎皮青椒|虎皮包/油爆虾|青菜/白菜油腐
1747,米饭|芹菜香干/青瓜凉皮|茄子长豆/虎皮青椒|虎皮包/油爆虾|青菜/白菜油腐
1748,牛肉|米饭|红烧肉/香菇鸡肉|芹菜香干/青瓜凉皮|虎皮包/油爆虾
1749,米饭|红烧肉/香菇鸡肉|茄子长豆/虎皮青椒|青菜/白菜油腐
1750,木耳莴笋|米饭|红烧肉/香菇鸡肉|茄子长豆/虎皮青椒|虎皮包/油爆虾|青菜/白菜油腐
1751,米饭|芹菜香干/青瓜凉皮|青菜/白菜油腐|韭黄肉丝/红烧大排
1752,米饭|红烧肉/香菇鸡肉|芹菜香干/青瓜凉皮|虎皮包/油爆虾|青菜/白菜油腐|韭黄肉丝/红烧大排
1753,木耳莴笋|牛肉|米饭|红烧肉/香菇鸡肉|芹菜香干/青瓜凉皮|茄子长豆/虎皮青椒|青菜/白菜油腐
1754,米饭|红烧肉/香菇鸡肉|茄子长豆/虎皮青椒|虎皮包/油爆虾|青菜/白菜油腐
1755,木耳莴笋|米饭|芹菜香干/青瓜凉皮|茄子长豆/虎皮青椒|雪菜毛豆/青椒面筋|青菜/白菜油腐|韭黄肉丝/红烧大排
1756,虎皮包/油爆虾|韭黄肉丝/红烧大排
1757,米饭|红烧肉/香菇鸡肉|芹菜香干/青瓜凉皮|虎皮包/油爆虾|青菜/白菜油腐|韭黄肉丝/红烧大排
1758,牛肉|雪菜毛豆/青椒面筋|韭黄肉丝/红烧大排
1759,牛肉|红烧肉/香菇鸡肉|芹菜香干/青瓜凉皮|茄子长豆/虎皮青椒|青菜/白菜油腐|韭黄肉丝/红烧大排
1760,米饭|红烧肉/香菇鸡肉|茄子长豆/虎皮青椒|虎皮包/油爆虾|韭黄肉丝/红烧大排
1761,牛肉|米饭|葱油扇贝|虎皮包/油爆虾|青菜/白菜油腐
1762,米饭|红烧肉/香菇鸡肉|芹菜香干/青瓜凉皮|茄子长豆/虎皮青椒|葱油扇贝|虎皮包/油爆虾|韭黄肉丝/红烧大排
1763,米饭|红烧肉/香菇鸡肉|葱油扇贝|青菜/白菜油腐|韭黄肉丝/红烧大排
1764,牛肉|米饭|茄子长豆/虎皮青椒|虎皮包/油爆虾|青菜/白菜油腐
1765,牛肉|米饭|芹菜香干/青瓜凉皮|虎皮包/油爆虾|青菜/白菜油腐
1766,米饭|红烧肉/香菇鸡肉|芹菜香干/青瓜凉皮|葱油扇贝|虎皮包/油爆虾|雪菜毛豆/青椒面筋|青菜/白菜油腐|韭黄肉丝/红烧大排
1767,牛肉|米饭|红烧肉/香菇鸡肉|芹菜香干/青瓜凉皮|茄子长豆/虎皮青椒|虎皮包/油爆虾|雪菜毛豆/青椒面筋
1768,米饭|芹菜香干/青瓜凉皮|茄子长豆/虎皮青椒|雪菜毛豆/青椒面筋|青菜/白菜油腐
1769,米饭|葱油扇贝|虎皮包/油爆虾|青菜/白菜油腐
1770,牛肉|米饭|红烧肉/香菇鸡肉|芹菜香干/青瓜凉皮|雪菜毛豆/青椒面筋|青菜/白菜油腐
1771,米饭|红烧肉/香菇鸡肉|茄子长豆/虎皮青椒|虎皮包/油爆虾|雪菜毛豆/青椒面筋|韭黄肉丝/红烧大排
1772,米饭|红烧肉/香菇鸡肉|青菜/白菜油腐|韭黄肉丝/红烧大排
1773,牛肉|米饭|红烧肉/香菇鸡肉|芹菜香干/青瓜凉皮|雪菜毛豆/青椒面筋|青菜/白菜油腐|韭黄肉丝/红烧大排
1774,牛肉|米饭|红烧肉/香菇鸡肉|芹菜香干/青瓜凉皮|虎皮包/油爆虾|青菜/白菜油腐
1775,米饭|茄子长豆/虎皮青椒|虎皮包/油爆虾|韭黄肉丝/红烧大排
1776,米饭|芹菜香干/青瓜凉皮|虎皮包/油爆虾|韭黄肉丝/红烧大排
1777,米饭|芹菜香干/青瓜凉皮|茄子长豆/虎皮青椒|虎皮包/油爆虾|韭黄肉丝/红烧大排
1778,米饭|红烧肉/香菇鸡肉|芹菜香干/青瓜凉皮|虎皮包/油爆虾|青菜/白菜油腐
1779,木耳莴笋|米饭|红烧肉/香菇鸡肉|芹菜香干/青瓜凉皮|茄子长豆/虎皮青椒|虎皮包/油爆虾|雪菜毛豆/青椒面筋
1780,牛肉|米饭|红烧肉/香菇鸡肉|芹菜香干/青瓜凉皮|虎皮包/油爆虾|雪菜毛豆/青椒面筋|青菜/白菜油腐
1781,米饭|红烧肉/香菇鸡肉|芹菜香干/青瓜凉皮|茄子长豆/虎皮青椒|葱油扇贝|虎皮包/油爆虾
1782,米饭|红烧肉/香菇鸡肉|虎皮包/油爆虾|雪菜毛豆/青椒面筋|韭黄肉丝/红烧大排
1783,米饭|红烧肉/香菇鸡肉|芹菜香干/青瓜凉皮|茄子长豆/虎皮青椒|虎皮包/油爆虾|青菜/白菜油腐
1784,米饭|芹菜香干/青瓜凉皮|雪菜毛豆/青椒面筋|青菜/白菜油腐|韭黄肉丝/红烧大排
1785,米饭|茄子长豆/虎皮青椒|雪菜毛豆/青椒面筋|韭黄肉丝/红烧大排
1786,牛肉|米饭|红烧肉/香菇鸡肉|芹菜香干/青瓜凉皮|韭黄肉丝/红烧大排
1787,米饭|红烧肉/香菇鸡肉|青菜/白菜油腐|韭黄肉丝/红烧大排
1788,牛肉|米饭|红烧肉/香菇鸡肉|茄子长豆/虎皮青椒|虎皮包/油爆虾|雪菜毛豆/青椒面筋
1789,红烧肉/香菇鸡肉
1790,米饭|红烧肉/香菇鸡肉|雪菜毛豆/青椒面筋
1791,牛肉|米饭|芹菜香干/青瓜凉皮
1792,木耳莴笋|米饭|红烧肉/香菇鸡肉|茄子长豆/虎皮青椒|虎皮包/油爆虾
1793,米饭|红烧肉/香菇鸡肉|茄子长豆/虎皮青椒|雪菜毛豆/青椒面筋
1794,米饭|红烧肉/香菇鸡肉|芹菜香干/青瓜凉皮|雪菜毛豆/青椒面筋|青菜/白菜油腐
1795,牛肉|米饭|红烧肉/香菇鸡肉|芹菜香干/青瓜凉皮|青菜/白菜油腐|韭黄肉丝/红烧大排
1796,红烧肉/香菇鸡肉
1797,米饭|雪菜毛豆/青椒面筋
1798,牛肉|米饭|芹菜香干/青瓜凉皮|雪菜毛豆/青椒面筋|韭黄肉丝/红烧大排
1799,米饭|红烧肉/香菇鸡肉|虎皮包/油爆虾
1800,米饭|虎皮包/油爆虾|韭黄肉丝/红烧大排
1801,米饭|红烧肉/香菇鸡肉|芹菜香干/青瓜凉皮|韭黄肉丝/红烧大排
1802,米饭|红烧肉/香菇鸡肉|芹菜香干/青瓜凉皮|茄子长豆/虎皮青椒|虎皮包/油爆虾|青菜/白菜油腐|韭黄肉丝/红烧大排
1803,米饭|红烧肉/香菇鸡肉|芹菜香干/青瓜凉皮|茄子长豆/虎皮青椒|葱油扇贝|虎皮包/油爆虾|青菜/白菜油腐|韭黄肉丝/红烧大排
1804,米饭|红烧肉/香菇鸡肉|茄子长豆/虎皮青椒|虎皮包/油爆虾|青菜/白菜油腐|韭黄肉丝/红烧大排
1805,米饭|红烧肉/香菇鸡肉|芹菜香干/青瓜凉皮|雪菜毛豆/青椒面筋|青菜/白菜油腐
1806,牛肉|米饭|韭黄肉丝/红烧大排
1807,牛肉|米饭|红烧肉/香菇鸡肉|芹菜香干/青瓜凉皮|雪菜毛豆/青椒面筋
1808,牛肉|米饭|红烧肉/香菇鸡肉|芹菜香干/青瓜凉皮|虎皮包/油爆虾
1809,米饭|红烧肉/香菇鸡肉|虎皮包/油爆虾|青菜/白菜油腐|韭黄肉丝/红烧大排
1810,韭黄肉丝/红烧大排
1811,米饭|红烧肉/香菇鸡肉|茄子长豆/虎皮青椒|青菜/白菜油腐|韭黄肉丝/红烧大排
1812,米饭|红烧肉/香菇鸡肉|芹菜香干/青瓜凉皮|茄子长豆/虎皮青椒|韭黄肉丝/红烧大排
1813,牛肉|米饭|芹菜香干/青瓜凉皮|青菜/白菜油腐
1814,米饭|雪菜毛豆/青椒面筋|青菜/白菜油腐|韭黄肉丝/红烧大排
1815,米饭|虎皮包/油爆虾|雪菜毛豆/青椒面筋|青菜/白菜油腐
1816,米饭|虎皮包/油爆虾|青菜/白菜油腐|韭黄肉丝/红烧大排
1817,米饭|青菜/白菜油腐|韭黄肉丝/红烧大排
1818,米饭|红烧肉/香菇鸡肉|雪菜毛豆/青椒面筋|青菜/白菜油腐|韭黄肉丝/红烧大排
1819,米饭|红烧肉/香菇鸡肉|青菜/白菜油腐|韭黄肉丝/红烧大排
1820,牛肉|米饭|红烧肉/香菇鸡肉|芹菜香干/青瓜凉皮|虎皮包/油爆虾|韭黄肉丝/红烧大排
1821,米饭|红烧肉/香菇鸡肉|茄子长豆/虎皮青椒|虎皮包/油爆虾|雪菜毛豆/青椒面筋|青菜/白菜油腐
1822,牛肉|米饭|红烧肉/香菇鸡肉|芹菜香干/青瓜凉皮|雪菜毛豆/青椒面筋|韭黄肉丝/红烧大排
1823,米饭|红烧肉/香菇鸡肉|芹菜香干/青瓜凉皮|虎皮包/油爆虾|雪菜毛豆/青椒面筋
1824,米饭|韭黄肉丝/红烧大排
1825,米饭|红烧肉/香菇鸡肉|芹菜香干/青瓜凉皮|雪菜毛豆/青椒面筋|青菜/白菜油腐
1826,米饭|红烧肉/香菇鸡肉|雪菜毛豆/青椒面筋|韭黄肉丝/红烧大排
1827,米饭|红烧肉/香菇鸡肉|雪菜毛豆/青椒面筋|青菜/白菜油腐|韭黄肉丝/红烧大排
1828,牛肉|米饭|红烧肉/香菇鸡肉|韭黄肉丝/红烧大排
1829,米饭|雪菜毛豆/青椒面筋|青菜/白菜油腐|韭黄肉丝/红烧大排
1830,米饭|芹菜香干/青瓜凉皮|茄子长豆/虎皮青椒|雪菜毛豆/青椒面筋
1831,牛肉|米饭|红烧肉/香菇鸡肉|虎皮包/油爆虾|青菜/白菜油腐
1832,红烧肉/香菇鸡肉|茄子长豆/虎皮青椒|青菜/白菜油腐|韭黄肉丝/红烧大排
1833,米饭
1834,米饭|红烧肉/香菇鸡肉|雪菜毛豆/青椒面筋|韭黄肉丝/红烧大排
1835,米饭|青菜/白菜油腐|韭黄肉丝/红烧大排
1836,米饭|红烧肉/香菇鸡肉|茄子长豆/虎皮青椒|韭黄肉丝/红烧大排
1837,米饭|芹菜香干/青瓜凉皮|韭黄肉丝/红烧大排
1838,米饭|红烧肉/香菇鸡肉|芹菜香干/青瓜凉皮|青菜/白菜油腐|韭黄肉丝/红烧大排
1839,红烧肉/香菇鸡肉|芹菜香干/青瓜凉皮|雪菜毛豆/青椒面筋|青菜/白菜油腐|韭黄肉丝/红烧大排
1840,米饭|红烧肉/香菇鸡肉|芹菜香干/青瓜凉皮|青菜/白菜油腐
1841,米饭|红烧肉/香菇鸡肉|芹菜香干/青瓜凉皮|虎皮包/油爆虾|雪菜毛豆/青椒面筋|青菜/白菜油腐
1842,米饭|红烧肉/香菇鸡肉|青菜/白菜油腐
1843,米饭|青菜/白菜油腐|韭黄肉丝/红烧大排
1844,红烧肉/香菇鸡肉|芹菜香干/青瓜凉皮|虎皮包/油爆虾|雪菜毛豆/青椒面筋|韭黄肉丝/红烧大排
1845,米饭|雪菜毛豆/青椒面筋|青菜/白菜油腐|韭黄肉丝/红烧大排
1846,米饭|红烧肉/香菇鸡肉|芹菜香干/青瓜凉皮|虎皮包/油爆虾|雪菜毛豆/青椒面筋|韭黄肉丝/红烧大排
1847,米饭|红烧肉/香菇鸡肉|茄子长豆/虎皮青椒|青菜/白菜油腐|韭黄肉丝/红烧大排
1848,米饭|红烧肉/香菇鸡肉|芹菜香干/青瓜凉皮|青菜/白菜油腐|韭黄肉丝/红烧大排
1849,青菜/白菜油腐
1850,米饭|红烧肉/香菇鸡肉|雪菜毛豆/青椒面筋|青菜/白菜油腐
1851,米饭|红烧肉/香菇鸡肉|芹菜香干/青瓜凉皮|雪菜毛豆/青椒面筋
1852,米饭|红烧肉/香菇鸡肉|芹菜香干/青瓜凉皮|青菜/白菜油腐|韭黄肉丝/红烧大排
1853,米饭|红烧肉/香菇鸡肉|芹菜香干/青瓜凉皮|雪菜毛豆/青椒面筋|青菜/白菜油腐|韭黄肉丝/红烧大排
1854,牛肉
1855,牛肉|米饭|红烧子排|茄子长豆/虎皮青椒
1856,米饭|红烧子排|虎皮尖椒/家常豆腐
1857,红烧子排|蘑菇肉片/椒盐虾
1858,米饭|红烧子排|西兰花/韭黄炒鸡蛋|豆芽/木耳青菜
1859,春卷/山药卷|米饭|红烧子排|西兰花/韭黄炒鸡蛋|酱爆茄子/土豆洋葱
1860,米饭|豆芽/木耳青菜|酱爆茄子/土豆洋葱|韭黄肉丝/红烧大排
1861,米饭|红烧子排|虎皮尖椒/家常豆腐|豆芽/木耳青菜
1862,米饭|红烧子排|蘑菇肉片/椒盐虾|西兰花/韭黄炒鸡蛋
1863,米饭|红烧子排|蘑菇肉片/椒盐虾|西兰花/韭黄炒鸡蛋|豆芽/木耳青菜|韭黄肉丝/红烧大排
1864,米饭|葱油炒鳊鱼|虎皮尖椒/家常豆腐|西兰花/韭黄炒鸡蛋|酱爆茄子/土豆洋葱|韭黄肉丝/红烧大排
1865,米饭|红烧子排|豆芽/木耳青菜|酱爆茄子/土豆洋葱|韭黄肉丝/红烧大排
1866,米饭|红烧子排|蘑菇肉片/椒盐虾|虎皮尖椒/家常豆腐|西兰花/韭黄炒鸡蛋|豆芽/木耳青菜|酱爆茄子/土豆洋葱
1867,米饭|红烧子排|葱油鸡|蘑菇肉片/椒盐虾|虎皮尖椒/家常豆腐|西兰花/韭黄炒鸡蛋|酱爆茄子/土豆洋葱|韭黄肉丝/红烧大排
1868,米饭|葱油鸡|豆芽/木耳青菜|韭黄肉丝/红烧大排
1869,春卷/山药卷|米饭|红烧子排|葱油鸡|蘑菇肉片/椒盐虾|西兰花/韭黄炒鸡蛋|豆芽/木耳青菜|酱爆茄子/土豆洋葱
1870,米饭|蘑菇肉片/椒盐虾|虎皮尖椒/家常豆腐|酱爆茄子/土豆洋葱|韭黄肉丝/红烧大排
1871,春卷/山药卷|米饭|红烧子排|葱油鸡|蘑菇肉片/椒盐虾|虎皮尖椒/家常豆腐|西兰花/韭黄炒鸡蛋|豆芽/木耳青菜|酱爆茄子/土豆洋葱
1872,春卷/山药卷|米饭|红烧子排|葱油鸡|蘑菇肉片/椒盐虾|虎皮尖椒/家常豆腐|西兰花/韭黄炒鸡蛋|豆芽/木耳青菜|酱爆茄子/土豆洋葱
1873,春卷/山药卷|米饭|葱油炒鳊鱼|蘑菇肉片/椒盐虾|虎皮尖椒/家常豆腐|豆芽/木耳青菜|酱爆茄子/土豆洋葱
1874,春卷/山药卷|米饭|葱油炒鳊鱼|豆芽/木耳青菜|酱爆茄子/土豆洋葱
1875,米饭|红烧子排|葱油炒鳊鱼|葱油鸡|豆芽/木耳青菜|酱爆茄子/土豆洋葱
1876,春卷/山药卷|米饭|虎皮尖椒/家常豆腐|豆芽/木耳青菜|酱爆茄子/土豆洋葱
1877,春卷/山药卷|米饭|红烧子排|蘑菇肉片/椒盐虾|酱爆茄子/土豆洋葱
1878,春卷/山药卷|米饭|蘑菇肉片/椒盐虾|酱爆茄子/土豆洋葱|韭黄肉丝/红烧大排
1879,米饭|红烧子排|豆芽/木耳青菜|韭黄肉丝/红烧大排
1880,米饭|蘑菇肉片/椒盐虾|韭黄肉丝/红烧大排
1881,米饭|红烧子排|蘑菇肉片/椒盐虾|酱爆茄子/土豆洋葱
1882,米饭|红烧子排|蘑菇肉片/椒盐虾|西兰花/韭黄炒鸡蛋
1883,春卷/山药卷|米饭|蘑菇肉片/椒盐虾|西兰花/韭黄炒鸡蛋|酱爆茄子/土豆洋葱|韭黄肉丝/红烧大排
1884,红烧子排|葱油鸡|酱爆茄子/土豆洋葱
1885,春卷/山药卷|米饭|红烧子排|葱油炒鳊鱼|豆芽/木耳青菜|酱爆茄子/土豆洋葱
1886,米饭|红烧子排|葱油鸡|西兰花/韭黄炒鸡蛋|豆芽/木耳青菜|酱爆茄子/土豆洋葱
1887,春卷/山药卷|米饭|蘑菇肉片/椒盐虾|虎皮尖椒/家常豆腐|西兰花/韭黄炒鸡蛋
1888,春卷/山药卷|米饭|红烧子排|葱油炒鳊鱼|虎皮尖椒/家常豆腐|西兰花/韭黄炒鸡蛋|豆芽/木耳青菜|酱爆茄子/土豆洋葱
1889,春卷/山药卷|米饭|红烧子排|蘑菇肉片/椒盐虾|西兰花/韭黄炒鸡蛋
1890,米饭|葱油鸡|豆芽/木耳青菜|酱爆茄子/土豆洋葱|韭黄肉丝/红烧大排
1891,春卷/山药卷|米饭|红烧子排|西兰花/韭黄炒鸡蛋|豆芽/木耳青菜|韭黄肉丝/红烧大排
1892,米饭|蘑菇肉片/椒盐虾|虎皮尖椒/家常豆腐|西兰花/韭黄炒鸡蛋|豆芽/木耳青菜|韭黄肉丝/红烧大排
1893,春卷/山药卷|米饭|豆芽/木耳青菜|酱爆茄子/土豆洋葱|韭黄肉丝/红烧大排
1894,米饭|葱油鸡|西兰花/韭黄炒鸡蛋|豆芽/木耳青菜
1895,春卷/山药卷|米饭|蘑菇肉片/椒盐虾|虎皮尖椒/家常豆腐|酱爆茄子/土豆洋葱|韭黄肉丝/红烧大排
1896,春卷/山药卷|米饭|葱油炒鳊鱼|蘑菇肉片/椒盐虾|虎皮尖椒/家常豆腐|豆芽/木耳青菜
1897,春卷/山药卷|米饭|红烧子排|虎皮尖椒/家常豆腐|西兰花/韭黄炒鸡蛋|韭黄肉丝/红烧大排
1898,米饭|葱油炒鳊鱼|蘑菇肉片/椒盐虾|西兰花/韭黄炒鸡蛋
1899,春卷/山药卷|米饭|红烧子排|蘑菇肉片/椒盐虾|虎皮尖椒/家常豆腐|西兰花/韭黄炒鸡蛋|韭黄肉丝/红烧大排
1900,米饭|西兰花/韭黄炒鸡蛋|豆芽/木耳青菜|韭黄肉丝/红烧大排
1901,春卷/山药卷|米饭|红烧子排|蘑菇肉片/椒盐虾|虎皮尖椒/家常豆腐|西兰花/韭黄炒鸡蛋|豆芽/木耳青菜
1902,米饭|葱油炒鳊鱼|豆芽/木耳青菜|酱爆茄子/土豆洋葱|韭黄肉丝/红烧大排
1903,米饭|红烧子排|蘑菇肉片/椒盐虾|虎皮尖椒/家常豆腐
1904,春卷/山药卷|米饭|虎皮尖椒/家常豆腐|豆芽/木耳青菜|酱爆茄子/土豆洋葱|韭黄肉丝/红烧大排
1905,春卷/山药卷|米饭|红烧子排|葱油鸡|豆芽/木耳青菜|酱爆茄子/土豆洋葱
1906,春卷/山药卷|米饭|蘑菇肉片/椒盐虾|豆芽/木耳青菜|韭黄肉丝/红烧大排
1907,春卷/山药卷|米饭|红烧子排|蘑菇肉片/椒盐虾|虎皮尖椒/家常豆腐|豆芽/木耳青菜|韭黄肉丝/红烧大排
1908,米饭|红烧子排|蘑菇肉片/椒盐虾|西兰花/韭黄炒鸡蛋|豆芽/木耳青菜|酱爆茄子/土豆洋葱|韭黄肉丝/红烧大排
1909,米饭|红烧子排|虎皮尖椒/家常豆腐|酱爆茄子/土豆洋葱|韭黄肉丝/红烧大排
1910,春卷/山药卷|米饭|蘑菇肉片/椒盐虾|豆芽/木耳青菜
1911,米饭|红烧子排|葱油鸡|虎皮尖椒/家常豆腐|西兰花/韭黄炒鸡蛋
1912,米饭|虎皮尖椒/家常豆腐|豆芽/木耳青菜|韭黄肉丝/红烧大排
1913,米饭|葱油鸡|虎皮尖椒/家常豆腐|西兰花/韭黄炒鸡蛋|豆芽/木耳青菜
1914,米饭|红烧子排|西兰花/韭黄炒鸡蛋|韭黄肉丝/红烧大排
1915,春卷/山药卷|米饭|蘑菇肉片/椒盐虾|虎皮尖椒/家常豆腐|西兰花/韭黄炒鸡蛋|豆芽/木耳青菜|韭黄肉丝/红烧大排
1916,米饭|红烧子排|蘑菇肉片/椒盐虾|虎皮尖椒/家常豆腐|豆芽/木耳青菜
1917,春卷/山药卷|米饭|红烧子排|葱油炒鳊鱼|虎皮尖椒/家常豆腐|豆芽/木耳青菜
1918,米饭|红烧子排|葱油鸡|虎皮尖椒/家常豆腐|西兰花/韭黄炒鸡蛋|豆芽/木耳青菜|酱爆茄子/土豆洋葱
1919,春卷/山药卷|米饭|葱油鸡|西兰花/韭黄炒鸡蛋|酱爆茄子/土豆洋葱
1920,米饭|葱油炒鳊鱼|葱油鸡|蘑菇肉片/椒盐虾|虎皮尖椒/家常豆腐|豆芽/木耳青菜
1921,米饭|红烧子排|西兰花/韭黄炒鸡蛋|豆芽/木耳青菜|酱爆茄子/土豆洋葱|韭黄肉丝/红烧大排
1922,春卷/山药卷|米饭|红烧子排|葱油炒鳊鱼|虎皮尖椒/家常豆腐|豆芽/木耳青菜|酱爆茄子/土豆洋葱
1923,米饭|红烧子排|葱油鸡|西兰花/韭黄炒鸡蛋|酱爆茄子/土豆洋葱
1924,春卷/山药卷|米饭|红烧子排|西兰花/韭黄炒鸡蛋|酱爆茄子/土豆洋葱
1925,米饭|红烧子排|葱油鸡|西兰花/韭黄炒鸡蛋|酱爆茄子/土豆洋葱
1926,米饭|葱油炒鳊鱼|西兰花/韭黄炒鸡蛋|豆芽/木耳青菜|酱爆茄子/土豆洋葱
1927,葱油鸡|蘑菇肉片/椒盐虾|西兰花/韭黄炒鸡蛋|豆芽/木耳青菜
1928,春卷/山药卷|米饭|红烧子排|虎皮尖椒/家常豆腐|豆芽/木耳青菜|酱爆茄子/土豆洋葱|韭黄肉丝/红烧大排
1929,春卷/山药卷|米饭|红烧子排|葱油鸡|蘑菇肉片/椒盐虾|虎皮尖椒/家常豆腐|豆芽/木耳青菜|酱爆茄子/土豆洋葱|韭黄肉丝/红烧大排
1930,米饭|葱油鸡|蘑菇肉片/椒盐虾|虎皮尖椒/家常豆腐|豆芽/木耳青菜|酱爆茄子/土豆洋葱|韭黄肉丝/红烧大排
1931,春卷/山药卷|米饭|酱爆茄子/土豆洋葱|韭黄肉丝/红烧大排
1932,春卷/山药卷|米饭|葱油鸡|虎皮尖椒/家常豆腐|酱爆茄子/土豆洋葱|韭黄肉丝/红烧大排
1933,春卷/山药卷|米饭|红烧子排|蘑菇肉片/椒盐虾|虎皮尖椒/家常豆腐|酱爆茄子/土豆洋葱
1934,米饭|虎皮尖椒/家常豆腐|豆芽/木耳青菜|韭黄肉丝/红烧大排
1935,米饭|葱油鸡|西兰花/韭黄炒鸡蛋|韭黄肉丝/红烧大排
1936,米饭|红烧子排|葱油鸡|虎皮尖椒/家常豆腐|西兰花/韭黄炒鸡蛋|韭黄肉丝/红烧大排
1937,春卷/山药卷|米饭|红烧子排|葱油鸡|蘑菇肉片/椒盐虾|虎皮尖椒/家常豆腐|西兰花/韭黄炒鸡蛋|豆芽/木耳青菜|酱爆茄子/土豆洋葱
1938,春卷/山药卷|米饭|蘑菇肉片/椒盐虾|虎皮尖椒/家常豆腐|韭黄肉丝/红烧大排
1939,米饭|红烧子排|葱油鸡|蘑菇肉片/椒盐虾|豆芽/木耳青菜
1940,春卷/山药卷|米饭|蘑菇肉片/椒盐虾|酱爆茄子/土豆洋葱|韭黄肉丝/红烧大排
1941,春卷/山药卷|米饭|红烧子排|西兰花/韭黄炒鸡蛋
1942,春卷/山药卷|红烧子排|西兰花/韭黄炒鸡蛋|豆芽/木耳青菜|酱爆茄子/土豆洋葱
1943,春卷/山药卷|米饭|红烧子排|西兰花/韭黄炒鸡蛋|豆芽/木耳青菜|酱爆茄子/土豆洋葱|韭黄肉丝/红烧大排
1944,春卷/山药卷|蘑菇肉片/椒盐虾|西兰花/韭黄炒鸡蛋|豆芽/木耳青菜|酱爆茄子/土豆洋葱
1945,春卷/山药卷|米饭|蘑菇肉片/椒盐虾|西兰花/韭黄炒鸡蛋|酱爆茄子/土豆洋葱|韭黄肉丝/红烧大排
1946,米饭|红烧子排|葱油炒鳊鱼|豆芽/木耳青菜
1947,米饭|葱油鸡|韭黄肉丝/红烧大排
1948,米饭|葱油鸡|蘑菇肉片/椒盐虾|酱爆茄子/土豆洋葱|韭黄肉丝/红烧大排
1949,米饭|葱油炒鳊鱼|蘑菇肉片/椒盐虾|西兰花/韭黄炒鸡蛋
1950,米饭|红烧子排|虎皮尖椒/家常豆腐|酱爆茄子/土豆洋葱
1951,米饭|葱油炒鳊鱼|葱油鸡|西兰花/韭黄炒鸡蛋|豆芽/木耳青菜|酱爆茄子/土豆洋葱
1952,米饭|红烧子排|葱油炒鳊鱼|豆芽/木耳青菜|韭黄肉丝/红烧大排
1953,春卷/山药卷|米饭|红烧子排|虎皮尖椒/家常豆腐|酱爆茄子/土豆洋葱
1954,米饭|蘑菇肉片/椒盐虾|虎皮尖椒/家常豆腐|酱爆茄子/土豆洋葱
1955,米饭|红烧子排|西兰花/韭黄炒鸡蛋|豆芽/木耳青菜|韭黄肉丝/红烧大排
1956,春卷/山药卷|米饭|红烧子排|葱油鸡|虎皮尖椒/家常豆腐|西兰花/韭黄炒鸡蛋|酱爆茄子/土豆洋葱
1957,米饭|虎皮尖椒/家常豆腐|豆芽/木耳青菜|酱爆茄子/土豆洋葱
1958,米饭|葱油炒鳊鱼|虎皮尖椒/家常豆腐|西兰花/韭黄炒鸡蛋|豆芽/木耳青菜|酱爆茄子/土豆洋葱
1959,米饭|葱油鸡|蘑菇肉片/椒盐虾|虎皮尖椒/家常豆腐|西兰花/韭黄炒鸡蛋|豆芽/木耳青菜
1960,春卷/山药卷|米饭|蘑菇肉片/椒盐虾|虎皮尖椒/家常豆腐|酱爆茄子/土豆洋葱|韭黄肉丝/红烧大排
1961,米饭|红烧子排|虎皮尖椒/家常豆腐|西兰花/韭黄炒鸡蛋
1962,米饭|虎皮尖椒/家常豆腐|豆芽/木耳青菜|韭黄肉丝/红烧大排
1963,春卷/山药卷|米饭|红烧子排|蘑菇肉片/椒盐虾|豆芽/木耳青菜|韭黄肉丝/红烧大排
1964,春卷/山药卷|米饭|葱油鸡|虎皮尖椒/家常豆腐|西兰花/韭黄炒鸡蛋|豆芽/木耳青菜|酱爆茄子/土豆洋葱
1965,春卷/山药卷|米饭|葱油鸡|豆芽/木耳青菜|酱爆茄子/土豆洋葱
1966,春卷/山药卷|米饭|红烧子排|蘑菇肉片/椒盐虾|虎皮尖椒/家常豆腐|酱爆茄子/土豆洋葱|韭黄肉丝/红烧大排
1967,春卷/山药卷|米饭|红烧子排|葱油炒鳊鱼|葱油鸡|蘑菇肉片/椒盐虾|西兰花/韭黄炒鸡蛋|酱爆茄子/土豆洋葱|韭黄肉丝/红烧大排
1968,米饭|葱油炒鳊鱼|西兰花/韭黄炒鸡蛋|豆芽/木耳青菜|酱爆茄子/土豆洋葱|韭黄肉丝/红烧大排
1969,米饭|红烧子排|葱油炒鳊鱼|西兰花/韭黄炒鸡蛋|韭黄肉丝/红烧大排
1970,春卷/山药卷|米饭|蘑菇肉片/椒盐虾|虎皮尖椒/家常豆腐|豆芽/木耳青菜|酱爆茄子/土豆洋葱
1971,春卷/山药卷|米饭|葱油炒鳊鱼|蘑菇肉片/椒盐虾|虎皮尖椒/家常豆腐|西兰花/韭黄炒鸡蛋|豆芽/木耳青菜|酱爆茄子/土豆洋葱
1972,春卷/山药卷|米饭|红烧子排|葱油炒鳊鱼|葱油鸡|虎皮尖椒/家常豆腐|豆芽/木耳青菜|酱爆茄子/土豆洋葱
1973,米饭|红烧子排|蘑菇肉片/椒盐虾|虎皮尖椒/家常豆腐|西兰花/韭黄炒鸡蛋|豆芽/木耳青菜|酱爆茄子/土豆洋葱|韭黄肉丝/红烧大排
1974,米饭|葱油鸡|西兰花/韭黄炒鸡蛋
1975,春卷/山药卷|米饭|葱油炒鳊鱼|虎皮尖椒/家常豆腐|西兰花/韭黄炒鸡蛋
1976,米饭|红烧子排|葱油炒鳊鱼|蘑菇肉片/椒盐虾|韭黄肉丝/红烧大排
1977,春卷/山药卷|米饭|葱油鸡|蘑菇肉片/椒盐虾|虎皮尖椒/家常豆腐|酱爆茄子/土豆洋葱|韭黄肉丝/红烧大排
1978,春卷/山药卷|米饭|红烧子排|葱油鸡|豆芽/木耳青菜
1979,春卷/山药卷|米饭|红烧子排|葱油鸡|西兰花/韭黄炒鸡蛋|豆芽/木耳青菜|酱爆茄子/土豆洋葱|韭黄肉丝/红烧大排
1980,米饭|蘑菇肉片/椒盐虾|西兰花/韭黄炒鸡蛋|韭黄肉丝/红烧大排
1981,春卷/山药卷|米饭|葱油鸡|西兰花/韭黄炒鸡蛋|豆芽/木耳青菜|韭黄肉丝/红烧大排
1982,米饭|红烧子排|葱油炒鳊鱼|蘑菇肉片/椒盐虾|韭黄肉丝/红烧大排
1983,春卷/山药卷|米饭|红烧子排|蘑菇肉片/椒盐虾|西兰花/韭黄炒鸡蛋|韭黄肉丝/红烧大排
1984,春卷/山药卷|米饭|葱油炒鳊鱼|蘑菇肉片/椒盐虾|虎皮尖椒/家常豆腐|西兰花/韭黄炒鸡蛋|豆芽/木耳青菜|韭黄肉丝/红烧大排
1985,米饭|葱油鸡|西兰花/韭黄炒鸡蛋|豆芽/木耳青菜|韭黄肉丝/红烧大排
1986,米饭|葱油炒鳊鱼|蘑菇肉片/椒盐虾|西兰花/韭黄炒鸡蛋|酱爆茄子/土豆洋葱
1987,米饭|蘑菇肉片/椒盐虾|虎皮尖椒/家常豆腐
1988,春卷/山药卷|米饭|葱油鸡|蘑菇肉片/椒盐虾|西兰花/韭黄炒鸡蛋
1989,米饭|虎皮尖椒/家常豆腐|酱爆茄子/土豆洋葱
1990,米饭|红烧子排|葱油炒鳊鱼|蘑菇肉片/椒盐虾|虎皮尖椒/家常豆腐|酱爆茄子/土豆洋葱
1991,春卷/山药卷|米饭|红烧子排|葱油鸡|蘑菇肉片/椒盐虾|西兰花/韭黄炒鸡蛋
1992,春卷/山药卷|米饭|葱油鸡|蘑菇肉片/椒盐虾|虎皮尖椒/家常豆腐|韭黄肉丝/红烧大排
1993,米饭|红烧子排|葱油鸡|豆芽/木耳青菜
1994,米饭|蘑菇肉片/椒盐虾|西兰花/韭黄炒鸡蛋|酱爆茄子/土豆洋葱|韭黄肉丝/红烧大排
1995,春卷/山药卷|米饭|红烧子排|葱油鸡|蘑菇肉片/椒盐虾|虎皮尖椒/家常豆腐|西兰花/韭黄炒鸡蛋|豆芽/木耳青菜|酱爆茄子/土豆洋葱
1996,米饭|红烧子排|葱油鸡|西兰花/韭黄炒鸡蛋|豆芽/木耳青菜|酱爆茄子/土豆洋葱
1997,米饭|西兰花/韭黄炒鸡蛋|豆芽/木耳青菜|酱爆茄子/土豆洋葱|韭黄肉丝/红烧大排
1998,米饭|红烧子排|葱油炒鳊鱼|虎皮尖椒/家常豆腐|豆芽/木耳青菜|酱爆茄子/土豆洋葱|韭黄肉丝/红烧大排
1999,米饭|葱油鸡|蘑菇肉片/椒盐虾|西兰花/韭黄炒鸡蛋
2000,米饭|葱油炒鳊鱼|蘑菇肉片/椒盐虾|西兰花/韭黄炒鸡蛋
2001,春卷/山药卷|米饭|红烧子排|蘑菇肉片/椒盐虾|西兰花/韭黄炒鸡蛋|酱爆茄子/土豆洋葱|韭黄肉丝/红烧大排
2002,春卷/山药卷|米饭|红烧子排|虎皮尖椒/家常豆腐|豆芽/木耳青菜|韭黄肉丝/红烧大排
2003,葱油鸡|西兰花/韭黄炒鸡蛋|豆芽/木耳青菜|韭黄肉丝/红烧大排
2004,米饭|红烧子排|葱油炒鳊鱼|西兰花/韭黄炒鸡蛋|豆芽/木耳青菜
2005,春卷/山药卷|米饭|红烧子排|虎皮尖椒/家常豆腐|豆芽/木耳青菜|酱爆茄子/土豆洋葱
2006,葱油鸡|蘑菇肉片/椒盐虾|虎皮尖椒/家常豆腐|西兰花/韭黄炒鸡蛋|酱爆茄子/土豆洋葱
2007,春卷/山药卷|米饭|蘑菇肉片/椒盐虾|西兰花/韭黄炒鸡蛋|酱爆茄子/土豆洋葱|韭黄肉丝/红烧大排
2008,米饭|红烧子排|葱油炒鳊鱼|蘑菇肉片/椒盐虾|西兰花/韭黄炒鸡蛋|豆芽/木耳青菜|酱爆茄子/土豆洋葱
2009,春卷/山药卷|米饭|红烧子排|蘑菇肉片/椒盐虾|虎皮尖椒/家常豆腐|西兰花/韭黄炒鸡蛋|韭黄肉丝/红烧大排
2010,葱油炒鳊鱼|蘑菇肉片/椒盐虾|虎皮尖椒/家常豆腐|豆芽/木耳青菜|酱爆茄子/土豆洋葱|韭黄肉丝/红烧大排
2011,米饭|红烧子排|蘑菇肉片/椒盐虾|西兰花/韭黄炒鸡蛋|豆芽/木耳青菜|酱爆茄子/土豆洋葱
2012,米饭|葱油鸡|豆芽/木耳青菜|酱爆茄子/土豆洋葱|韭黄肉丝/红烧大排
2013,米饭|蘑菇肉片/椒盐虾|西兰花/韭黄炒鸡蛋
2014,春卷/山药卷|米饭|红烧子排|豆芽/木耳青菜
2015,米饭|红烧子排|豆芽/木耳青菜|酱爆茄子/土豆洋葱
2016,米饭|葱油鸡|蘑菇肉片/椒盐虾|豆芽/木耳青菜|韭黄肉丝/红烧大排
2017,米饭|红烧子排|葱油炒鳊鱼|虎皮尖椒/家常豆腐|豆芽/木耳青菜|韭黄肉丝/红烧大排
2018,米饭|葱油炒鳊鱼|葱油鸡|西兰花/韭黄炒鸡蛋|豆芽/木耳青菜
2019,春卷/山药卷|米饭|红烧子排|虎皮尖椒/家常豆腐|西兰花/韭黄炒鸡蛋
202,木耳西兰花|米饭|肉末茄子|葱油娃娃菜
2020,春卷/山药卷|米饭|红烧子排|西兰花/韭黄炒鸡蛋|酱爆茄子/土豆洋葱
2021,春卷/山药卷|米饭|葱油炒鳊鱼|虎皮尖椒/家常豆腐|豆芽/木耳青菜|韭黄肉丝/红烧大排
2022,米饭|红烧子排|葱油鸡|西兰花/韭黄炒鸡蛋|豆芽/木耳青菜|韭黄肉丝/红烧大排
2023,米饭|葱油鸡|蘑菇肉片/椒盐虾|虎皮尖椒/家常豆腐|西兰花/韭黄炒鸡蛋|豆芽/木耳青菜|酱爆茄子/土豆洋葱
2024,米饭|红烧子排|蘑菇肉片/椒盐虾|西兰花/韭黄炒鸡蛋|豆芽/木耳青菜|酱爆茄子/土豆洋葱
2025,葱油炒鳊鱼|虎皮尖椒/家常豆腐|豆芽/木耳青菜|韭黄肉丝/红烧大排
2026,米饭|红烧子排|葱油炒鳊鱼|蘑菇肉片/椒盐虾|虎皮尖椒/家常豆腐|西兰花/韭黄炒鸡蛋|豆芽/木耳青菜|酱爆茄子/土豆洋葱|韭黄肉丝/红烧大排
2027,春卷/山药卷|米饭|葱油炒鳊鱼|西兰花/韭黄炒鸡蛋|豆芽/木耳青菜|酱爆茄子/土豆洋葱
2028,春卷/山药卷|米饭|红烧子排|蘑菇肉片/椒盐虾|豆芽/木耳青菜
2029,米饭|红烧子排|虎皮尖椒/家常豆腐|豆芽/木耳青菜|韭黄肉丝/红烧大排
203,木耳西兰花|米饭|肉末茄子|葱油娃娃菜|酥鱼/红烧肉|香菇鸭块/雪蘑菇肉片
2030,米饭|红烧子排|葱油炒鳊鱼|西兰花/韭黄炒鸡蛋|豆芽/木耳青菜|酱爆茄子/土豆洋葱
2031,米饭|葱油炒鳊鱼|西兰花/韭黄炒鸡蛋|豆芽/木耳青菜
2032,米饭|葱油鸡|西兰花/韭黄炒鸡蛋|豆芽/木耳青菜
2033,春卷/山药卷|米饭|葱油鸡|虎皮尖椒/家常豆腐|豆芽/木耳青菜
2034,米饭|葱油鸡|蘑菇肉片/椒盐虾|虎皮尖椒/家常豆腐|西兰花/韭黄炒鸡蛋|豆芽/木耳青菜|酱爆茄子/土豆洋葱|韭黄肉丝/红烧大排
2035,米饭|葱油鸡|蘑菇肉片/椒盐虾|虎皮尖椒/家常豆腐|西兰花/韭黄炒鸡蛋|豆芽/木耳青菜|酱爆茄子/土豆洋葱|韭黄肉丝/红烧大排
2036,米饭|葱油炒鳊鱼|蘑菇肉片/椒盐虾|虎皮尖椒/家常豆腐|豆芽/木耳青菜|酱爆茄子/土豆洋葱
2037,春卷/山药卷|米饭|葱油鸡|虎皮尖椒/家常豆腐|酱爆茄子/土豆洋葱|韭黄肉丝/红烧大排
2038,春卷/山药卷|米饭|西兰花/韭黄炒鸡蛋|豆芽/木耳青菜|酱爆茄子/土豆洋葱|韭黄肉丝/红烧大排
2039,米饭|葱油炒鳊鱼|蘑菇肉片/椒盐虾|虎皮尖椒/家常豆腐|西兰花/韭黄炒鸡蛋|豆芽/木耳青菜
204,小酥肉|木耳西兰花|米饭|肉末茄子|酥鱼/红烧肉|香菇鸭块/雪蘑菇肉片
2040,春卷/山药卷|米饭|红烧子排|葱油鸡|蘑菇肉片/椒盐虾|虎皮尖椒/家常豆腐|西兰花/韭黄炒鸡蛋|酱爆茄子/土豆洋葱
2041,春卷/山药卷|米饭|红烧子排|西兰花/韭黄炒鸡蛋|豆芽/木耳青菜
2042,米饭|葱油鸡|虎皮尖椒/家常豆腐|西兰花/韭黄炒鸡蛋
2043,米饭|蘑菇肉片/椒盐虾|西兰花/韭黄炒鸡蛋|豆芽/木耳青菜
2044,春卷/山药卷|米饭|葱油炒鳊鱼|葱油鸡|虎皮尖椒/家常豆腐|西兰花/韭黄炒鸡蛋|豆芽/木耳青菜
2045,春卷/山药卷|米饭|葱油鸡|豆芽/木耳青菜|酱爆茄子/土豆洋葱
2046,春卷/山药卷|米饭|红烧子排|虎皮尖椒/家常豆腐|西兰花/韭黄炒鸡蛋|豆芽/木耳青菜|酱爆茄子/土豆洋葱|韭黄肉丝/红烧大排
2047,米饭|葱油炒鳊鱼|豆芽/木耳青菜|酱爆茄子/土豆洋葱|韭黄肉丝/红烧大排
2048,米饭|蘑菇肉片/椒盐虾|西兰花/韭黄炒鸡蛋|韭黄肉丝/红烧大排
2049,米饭|葱油炒鳊鱼|虎皮尖椒/家常豆腐|酱爆茄子/土豆洋葱
205,椒盐虾|米饭|肉末茄子|葱油娃娃菜|韭黄肉丝小炒|香菇鸭块/雪蘑菇肉片
2050,米饭|蘑菇肉片/椒盐虾|西兰花/韭黄炒鸡蛋|韭黄肉丝/红烧大排
2051,米饭|红烧子排|蘑菇肉片/椒盐虾|虎皮尖椒/家常豆腐|豆芽/木耳青菜
2052,米饭|葱油炒鳊鱼|西兰花/韭黄炒鸡蛋|韭黄肉丝/红烧大排
2053,红烧子排|葱油炒鳊鱼|蘑菇肉片/椒盐虾|虎皮尖椒/家常豆腐|豆芽/木耳青菜|韭黄肉丝/红烧大排
2054,红烧子排|葱油鸡|蘑菇肉片/椒盐虾|酱爆茄子/土豆洋葱
2055,春卷/山药卷|米饭|葱油鸡|豆芽/木耳青菜|酱爆茄子/土豆洋葱|韭黄肉丝/红烧大排
2056,米饭|红烧子排|葱油鸡|豆芽/木耳青菜|酱爆茄子/土豆洋葱|韭黄肉丝/红烧大排
2057,红烧子排|葱油鸡|蘑菇肉片/椒盐虾|西兰花/韭黄炒鸡蛋|酱爆茄子/土豆洋葱
2058,春卷/山药卷|米饭|葱油鸡|虎皮尖椒/家常豆腐|豆芽/木耳青菜
2059,米饭|红烧子排|葱油鸡|西兰花/韭黄炒鸡蛋|豆芽/木耳青菜
206,三色绿豆芽|凉拌黑木耳/素烧鹅|小酥肉|米饭|葱油娃娃菜
2060,米饭|葱油鸡|蘑菇肉片/椒盐虾|酱爆茄子/土豆洋葱
2061,米饭|蘑菇肉片/椒盐虾|虎皮尖椒/家常豆腐|豆芽/木耳青菜|韭黄肉丝/红烧大排
2062,春卷/山药卷|米饭|红烧子排|酱爆茄子/土豆洋葱
2063,春卷/山药卷|米饭|红烧子排|葱油鸡|虎皮尖椒/家常豆腐
2064,米饭|葱油鸡|豆芽/木耳青菜|酱爆茄子/土豆洋葱|韭黄肉丝/红烧大排
2065,米饭|葱油鸡|虎皮尖椒/家常豆腐|酱爆茄子/土豆洋葱|韭黄肉丝/红烧大排
2066,米饭|葱油鸡|西兰花/韭黄炒鸡蛋|豆芽/木耳青菜
2067,米饭|葱油鸡|蘑菇肉片/椒盐虾|酱爆茄子/土豆洋葱
2068,春卷/山药卷|葱油鸡|豆芽/木耳青菜
2069,米饭|葱油鸡|蘑菇肉片/椒盐虾|虎皮尖椒/家常豆腐|豆芽/木耳青菜
207,三色绿豆芽|凉拌黑木耳/素烧鹅|木耳西兰花|椒盐虾|米饭|酥鱼/红烧肉|韭黄肉丝小炒|香菇鸭块/雪蘑菇肉片
2070,米饭|红烧子排|豆芽/木耳青菜|酱爆茄子/土豆洋葱
2071,春卷/山药卷|米饭|葱油鸡|蘑菇肉片/椒盐虾|韭黄肉丝/红烧大排
2072,米饭|葱油鸡|虎皮尖椒/家常豆腐|韭黄肉丝/红烧大排
2073,春卷/山药卷|米饭|红烧子排|虎皮尖椒/家常豆腐|西兰花/韭黄炒鸡蛋|豆芽/木耳青菜|酱爆茄子/土豆洋葱
2074,米饭|葱油鸡|虎皮尖椒/家常豆腐|豆芽/木耳青菜
2075,米饭|红烧子排|蘑菇肉片/椒盐虾|西兰花/韭黄炒鸡蛋|豆芽/木耳青菜
2076,春卷/山药卷|米饭|葱油鸡|西兰花/韭黄炒鸡蛋|酱爆茄子/土豆洋葱|韭黄肉丝/红烧大排
2077,米饭|红烧子排|虎皮尖椒/家常豆腐|西兰花/韭黄炒鸡蛋|韭黄肉丝/红烧大排
2078,春卷/山药卷|米饭|红烧子排|蘑菇肉片/椒盐虾
2079,米饭|葱油鸡|西兰花/韭黄炒鸡蛋|豆芽/木耳青菜
208,凉拌黑木耳/素烧鹅|米饭|葱油娃娃菜|酥鱼/红烧肉
2080,米饭|虎皮尖椒/家常豆腐|豆芽/木耳青菜|酱爆茄子/土豆洋葱
2081,米饭|红烧子排|葱油鸡|西兰花/韭黄炒鸡蛋|韭黄肉丝/红烧大排
2082,米饭|红烧子排|葱油鸡|豆芽/木耳青菜|酱爆茄子/土豆洋葱|韭黄肉丝/红烧大排
2083,米饭|西兰花/韭黄炒鸡蛋|豆芽/木耳青菜|酱爆茄子/土豆洋葱
2084,春卷/山药卷|米饭|红烧子排|葱油炒鳊鱼|虎皮尖椒/家常豆腐|豆芽/木耳青菜|韭黄肉丝/红烧大排
2085,米饭|红烧子排|葱油鸡|蘑菇肉片/椒盐虾|西兰花/韭黄炒鸡蛋|酱爆茄子/土豆洋葱|韭黄肉丝/红烧大排
2086,米饭|红烧子排|葱油炒鳊鱼|虎皮尖椒/家常豆腐|豆芽/木耳青菜
2087,春卷/山药卷|米饭|红烧子排|葱油鸡|虎皮尖椒/家常豆腐|西兰花/韭黄炒鸡蛋|豆芽/木耳青菜|韭黄肉丝/红烧大排
2088,春卷/山药卷|米饭|红烧子排|豆芽/木耳青菜|韭黄肉丝/红烧大排
2089,春卷/山药卷|米饭|蘑菇肉片/椒盐虾|西兰花/韭黄炒鸡蛋|豆芽/木耳青菜
209,三色绿豆芽|米饭|肉末茄子|葱油娃娃菜|酥鱼/红烧肉|香菇鸭块/雪蘑菇肉片
2090,米饭|红烧子排|葱油鸡|蘑菇肉片/椒盐虾|豆芽/木耳青菜
2091,米饭|葱油鸡|豆芽/木耳青菜|酱爆茄子/土豆洋葱
2092,米饭|红烧子排|葱油鸡|蘑菇肉片/椒盐虾|虎皮尖椒/家常豆腐|酱爆茄子/土豆洋葱
2093,米饭|红烧子排|葱油鸡|蘑菇肉片/椒盐虾|韭黄肉丝/红烧大排
2094,米饭|葱油鸡|虎皮尖椒/家常豆腐|西兰花/韭黄炒鸡蛋|豆芽/木耳青菜
2095,米饭|蘑菇肉片/椒盐虾|虎皮尖椒/家常豆腐|酱爆茄子/土豆洋葱
2096,春卷/山药卷|米饭|蘑菇肉片/椒盐虾|豆芽/木耳青菜|韭黄肉丝/红烧大排
2097,春卷/山药卷|米饭|葱油鸡|蘑菇肉片/椒盐虾
2098,米饭|蘑菇肉片/椒盐虾|虎皮尖椒/家常豆腐|酱爆茄子/土豆洋葱
2099,春卷/山药卷|米饭|蘑菇肉片/椒盐虾|虎皮尖椒/家常豆腐|豆芽/木耳青菜|酱爆茄子/土豆洋葱
210,米饭|肉末茄子|葱油娃娃菜|酥鱼/红烧肉|香菇鸭块/雪蘑菇肉片
2100,春卷/山药卷|米饭|蘑菇肉片/椒盐虾|豆芽/木耳青菜|酱爆茄子/土豆洋葱
2101,米饭|西兰花/韭黄炒鸡蛋|豆芽/木耳青菜|韭黄肉丝/红烧大排
2102,豆芽/木耳青菜
2103,米饭|蘑菇肉片/椒盐虾|豆芽/木耳青菜|韭黄肉丝/红烧大排
2104,春卷/山药卷|米饭|蘑菇肉片/椒盐虾|西兰花/韭黄炒鸡蛋|豆芽/木耳青菜|酱爆茄子/土豆洋葱
2105,米饭|红烧子排|蘑菇肉片/椒盐虾|西兰花/韭黄炒鸡蛋
2106,酱爆茄子/土豆洋葱
2107,春卷/山药卷|米饭|蘑菇肉片/椒盐虾|酱爆茄子/土豆洋葱|韭黄肉丝/红烧大排
2108,春卷/山药卷|米饭|蘑菇肉片/椒盐虾|韭黄肉丝/红烧大排
2109,米饭|蘑菇肉片/椒盐虾|韭黄肉丝/红烧大排
211,小酥肉|木耳西兰花|米饭|肉末茄子|葱油娃娃菜
2110,米饭|蘑菇肉片/椒盐虾
2111,米饭|蘑菇肉片/椒盐虾
2112,白菜油付/土豆丝|米饭|芦笋牛柳/莴笋目鱼花|芹菜香干|鸭血豆腐/包菜粉丝|黄豆猪脚
2113,米饭|芦笋牛柳/莴笋目鱼花|鸭血豆腐/包菜粉丝|黄豆猪脚
2114,椒盐带鱼/油爆虾|香菇鸡肉/鱼香肉丝|黄豆猪脚
2115,木耳花菜/青韭炒蛋|椒盐带鱼/油爆虾|米饭|芦笋牛柳/莴笋目鱼花|芹菜香干|雪菜素鸡/丝瓜毛豆子|香菇鸡肉/鱼香肉丝|黄豆猪脚
2116,白菜油付/土豆丝|米饭|黄豆猪脚
2117,椒盐带鱼/油爆虾|白菜油付/土豆丝|米饭|香菇鸡肉/鱼香肉丝|黄豆猪脚
2118,椒盐带鱼/油爆虾|白菜油付/土豆丝|米饭|鸭血豆腐/包菜粉丝
2119,椒盐带鱼/油爆虾|白菜油付/土豆丝|米饭|香菇鸡肉/鱼香肉丝
212,米饭|肉末茄子|酥鱼/红烧肉|韭黄肉丝小炒|香菇鸭块/雪蘑菇肉片
2120,白菜油付/土豆丝|米饭|葱油扇贝|雪菜素鸡/丝瓜毛豆子|黄豆猪脚
2121,椒盐带鱼/油爆虾|芹菜香干|雪菜素鸡/丝瓜毛豆子
2122,椒盐带鱼/油爆虾|白菜油付/土豆丝|米饭|葱油扇贝|雪菜素鸡/丝瓜毛豆子
2123,白菜油付/土豆丝|米饭|芦笋牛柳/莴笋目鱼花|香菇鸡肉/鱼香肉丝
2124,椒盐带鱼/油爆虾|葱油扇贝|雪菜素鸡/丝瓜毛豆子|鸭血豆腐/包菜粉丝|黄豆猪脚
2125,白菜油付/土豆丝|米饭|葱油扇贝|香菇鸡肉/鱼香肉丝
2126,白菜油付/土豆丝|米饭|葱油扇贝|香菇鸡肉/鱼香肉丝|黄豆猪脚
2127,木耳花菜/青韭炒蛋|白菜油付/土豆丝|米饭|芹菜香干|葱油扇贝|雪菜素鸡/丝瓜毛豆子|鸭血豆腐/包菜粉丝|黄豆猪脚
2128,木耳花菜/青韭炒蛋|白菜油付/土豆丝|米饭|芹菜香干|雪菜素鸡/丝瓜毛豆子|黄豆猪脚
2129,木耳花菜/青韭炒蛋|椒盐带鱼/油爆虾|米饭|芦笋牛柳/莴笋目鱼花|芹菜香干
213,米饭|葱油娃娃菜|酥鱼/红烧肉|香菇鸭块/雪蘑菇肉片
2130,芦笋牛柳/莴笋目鱼花|雪菜素鸡/丝瓜毛豆子|黄豆猪脚
2131,木耳花菜/青韭炒蛋|椒盐带鱼/油爆虾|白菜油付/土豆丝|米饭|芦笋牛柳/莴笋目鱼花|香菇鸡肉/鱼香肉丝
2132,白菜油付/土豆丝|米饭|芦笋牛柳/莴笋目鱼花
2133,木耳花菜/青韭炒蛋|椒盐带鱼/油爆虾|白菜油付/土豆丝|米饭|芹菜香干|葱油扇贝|鸭血豆腐/包菜粉丝
2134,木耳花菜/青韭炒蛋|白菜油付/土豆丝|米饭|芦笋牛柳/莴笋目鱼花
2135,木耳花菜/青韭炒蛋|白菜油付/土豆丝|米饭|雪菜素鸡/丝瓜毛豆子|香菇鸡肉/鱼香肉丝|黄豆猪脚
2136,椒盐带鱼/油爆虾|白菜油付/土豆丝|米饭|芦笋牛柳/莴笋目鱼花|雪菜素鸡/丝瓜毛豆子|鸭血豆腐/包菜粉丝
2137,白菜油付/土豆丝|米饭|香菇鸡肉/鱼香肉丝|鸭血豆腐/包菜粉丝|黄豆猪脚
2138,木耳花菜/青韭炒蛋|白菜油付/土豆丝|米饭|芦笋牛柳/莴笋目鱼花|雪菜素鸡/丝瓜毛豆子|香菇鸡肉/鱼香肉丝|鸭血豆腐/包菜粉丝
2139,木耳花菜/青韭炒蛋|白菜油付/土豆丝|米饭|香菇鸡肉/鱼香肉丝|鸭血豆腐/包菜粉丝|黄豆猪脚
214,木耳西兰花|米饭|肉末茄子|酥鱼/红烧肉|韭黄肉丝小炒|香菇鸭块/雪蘑菇肉片
2140,木耳花菜/青韭炒蛋|白菜油付/土豆丝|米饭|芦笋牛柳/莴笋目鱼花|葱油扇贝
2141,白菜油付/土豆丝|米饭|香菇鸡肉/鱼香肉丝
2142,米饭|葱油扇贝|雪菜素鸡/丝瓜毛豆子|鸭血豆腐/包菜粉丝|黄豆猪脚
2143,椒盐带鱼/油爆虾|白菜油付/土豆丝|米饭|芦笋牛柳/莴笋目鱼花|雪菜素鸡/丝瓜毛豆子|香菇鸡肉/鱼香肉丝|鸭血豆腐/包菜粉丝
2144,椒盐带鱼/油爆虾|白菜油付/土豆丝|米饭|香菇鸡肉/鱼香肉丝
2145,椒盐带鱼/油爆虾|米饭|芦笋牛柳/莴笋目鱼花|雪菜素鸡/丝瓜毛豆子|鸭血豆腐/包菜粉丝
2146,椒盐带鱼/油爆虾|白菜油付/土豆丝|米饭
2147,椒盐带鱼/油爆虾|白菜油付/土豆丝|米饭|芦笋牛柳/莴笋目鱼花
2148,木耳花菜/青韭炒蛋|椒盐带鱼/油爆虾|白菜油付/土豆丝|米饭|雪菜素鸡/丝瓜毛豆子|鸭血豆腐/包菜粉丝
2149,椒盐带鱼/油爆虾|米饭|芦笋牛柳/莴笋目鱼花|芹菜香干|雪菜素鸡/丝瓜毛豆子|鸭血豆腐/包菜粉丝
215,米饭|酥鱼/红烧肉|香菇鸭块/雪蘑菇肉片
2150,白菜油付/土豆丝|米饭|芦笋牛柳/莴笋目鱼花|雪菜素鸡/丝瓜毛豆子|黄豆猪脚
2151,木耳花菜/青韭炒蛋|椒盐带鱼/油爆虾|白菜油付/土豆丝|米饭|葱油扇贝|雪菜素鸡/丝瓜毛豆子|香菇鸡肉/鱼香肉丝|黄豆猪脚
2152,芹菜香干|香菇鸡肉/鱼香肉丝|鸭血豆腐/包菜粉丝|黄豆猪脚
2153,椒盐带鱼/油爆虾|白菜油付/土豆丝|米饭|雪菜素鸡/丝瓜毛豆子|黄豆猪脚
2154,木耳花菜/青韭炒蛋|椒盐带鱼/油爆虾|米饭|芹菜香干|黄豆猪脚
2155,白菜油付/土豆丝|米饭|芦笋牛柳/莴笋目鱼花|葱油扇贝|鸭血豆腐/包菜粉丝
2156,木耳花菜/青韭炒蛋|椒盐带鱼/油爆虾|米饭|雪菜素鸡/丝瓜毛豆子|鸭血豆腐/包菜粉丝
2157,椒盐带鱼/油爆虾|白菜油付/土豆丝|米饭|芦笋牛柳/莴笋目鱼花|芹菜香干|雪菜素鸡/丝瓜毛豆子|黄豆猪脚
2158,木耳花菜/青韭炒蛋|椒盐带鱼/油爆虾|白菜油付/土豆丝|米饭|雪菜素鸡/丝瓜毛豆子|黄豆猪脚
2159,白菜油付/土豆丝|米饭|芦笋牛柳/莴笋目鱼花|香菇鸡肉/鱼香肉丝|鸭血豆腐/包菜粉丝|黄豆猪脚
216,米饭|肉末茄子|西红柿炒鸡蛋|香菇鸭块/雪蘑菇肉片
2160,木耳花菜/青韭炒蛋|椒盐带鱼/油爆虾|白菜油付/土豆丝|米饭|雪菜素鸡/丝瓜毛豆子|鸭血豆腐/包菜粉丝
2161,椒盐带鱼/油爆虾|白菜油付/土豆丝|米饭|芦笋牛柳/莴笋目鱼花|芹菜香干|雪菜素鸡/丝瓜毛豆子|香菇鸡肉/鱼香肉丝|黄豆猪脚
2162,木耳花菜/青韭炒蛋|椒盐带鱼/油爆虾|米饭|雪菜素鸡/丝瓜毛豆子|黄豆猪脚
2163,椒盐带鱼/油爆虾|米饭|芹菜香干|葱油扇贝|香菇鸡肉/鱼香肉丝
2164,木耳花菜/青韭炒蛋|白菜油付/土豆丝|米饭|芦笋牛柳/莴笋目鱼花|葱油扇贝
2165,椒盐带鱼/油爆虾|米饭|芦笋牛柳/莴笋目鱼花|芹菜香干
2166,椒盐带鱼/油爆虾|白菜油付/土豆丝|米饭|葱油扇贝|香菇鸡肉/鱼香肉丝|鸭血豆腐/包菜粉丝
2167,米饭|葱油扇贝|鸭血豆腐/包菜粉丝
2168,木耳花菜/青韭炒蛋|椒盐带鱼/油爆虾|米饭|芦笋牛柳/莴笋目鱼花|芹菜香干|葱油扇贝|鸭血豆腐/包菜粉丝|黄豆猪脚
2169,米饭|雪菜素鸡/丝瓜毛豆子|黄豆猪脚
217,三色绿豆芽|米饭|西红柿炒鸡蛋|酥鱼/红烧肉|韭黄肉丝小炒
2170,木耳花菜/青韭炒蛋|椒盐带鱼/油爆虾|米饭|芹菜香干|葱油扇贝|雪菜素鸡/丝瓜毛豆子|黄豆猪脚
2171,木耳花菜/青韭炒蛋|米饭|芹菜香干|香菇鸡肉/鱼香肉丝|黄豆猪脚
2172,椒盐带鱼/油爆虾|白菜油付/土豆丝|芦笋牛柳/莴笋目鱼花|芹菜香干|雪菜素鸡/丝瓜毛豆子|香菇鸡肉/鱼香肉丝|黄豆猪脚
2173,米饭|芦笋牛柳/莴笋目鱼花|葱油扇贝|雪菜素鸡/丝瓜毛豆子
2174,木耳花菜/青韭炒蛋|白菜油付/土豆丝|米饭|雪菜素鸡/丝瓜毛豆子|香菇鸡肉/鱼香肉丝
2175,椒盐带鱼/油爆虾|白菜油付/土豆丝|米饭|鸭血豆腐/包菜粉丝
2176,椒盐带鱼/油爆虾|葱油扇贝|香菇鸡肉/鱼香肉丝|鸭血豆腐/包菜粉丝
2177,米饭|芦笋牛柳/莴笋目鱼花|葱油扇贝|香菇鸡肉/鱼香肉丝
2178,椒盐带鱼/油爆虾|白菜油付/土豆丝|米饭|香菇鸡肉/鱼香肉丝|鸭血豆腐/包菜粉丝
2179,木耳花菜/青韭炒蛋|米饭|芦笋牛柳/莴笋目鱼花|葱油扇贝|雪菜素鸡/丝瓜毛豆子|香菇鸡肉/鱼香肉丝|鸭血豆腐/包菜粉丝|黄豆猪脚
218,三色绿豆芽|米饭|葱油娃娃菜|韭黄肉丝小炒
2180,椒盐带鱼/油爆虾
2181,木耳花菜/青韭炒蛋|椒盐带鱼/油爆虾|白菜油付/土豆丝|米饭
2182,木耳花菜/青韭炒蛋|椒盐带鱼/油爆虾|米饭|芦笋牛柳/莴笋目鱼花|香菇鸡肉/鱼香肉丝|黄豆猪脚
2183,木耳花菜/青韭炒蛋|椒盐带鱼/油爆虾|白菜油付/土豆丝|米饭|芹菜香干
2184,木耳花菜/青韭炒蛋|椒盐带鱼/油爆虾|白菜油付/土豆丝|米饭|芦笋牛柳/莴笋目鱼花|葱油扇贝|雪菜素鸡/丝瓜毛豆子|鸭血豆腐/包菜粉丝
2185,木耳花菜/青韭炒蛋|椒盐带鱼/油爆虾|米饭|鸭血豆腐/包菜粉丝
2186,木耳花菜/青韭炒蛋|椒盐带鱼/油爆虾|白菜油付/土豆丝|米饭|芦笋牛柳/莴笋目鱼花|葱油扇贝|雪菜素鸡/丝瓜毛豆子|黄豆猪脚
2187,木耳花菜/青韭炒蛋|椒盐带鱼/油爆虾|白菜油付/土豆丝|米饭|雪菜素鸡/丝瓜毛豆子|黄豆猪脚
2188,白菜油付/土豆丝|米饭|芦笋牛柳/莴笋目鱼花|芹菜香干|葱油扇贝|香菇鸡肉/鱼香肉丝|鸭血豆腐/包菜粉丝
2189,木耳花菜/青韭炒蛋|椒盐带鱼/油爆虾|白菜油付/土豆丝|米饭|鸭血豆腐/包菜粉丝|黄豆猪脚
219,凉拌黑木耳/素烧鹅|米饭|酥鱼/红烧肉|韭黄肉丝小炒
2190,木耳花菜/青韭炒蛋|椒盐带鱼/油爆虾|米饭|芦笋牛柳/莴笋目鱼花|黄豆猪脚
2191,椒盐带鱼/油爆虾|米饭|芦笋牛柳/莴笋目鱼花|香菇鸡肉/鱼香肉丝|鸭血豆腐/包菜粉丝|黄豆猪脚
2192,木耳花菜/青韭炒蛋|白菜油付/土豆丝|米饭|黄豆猪脚
2193,木耳花菜/青韭炒蛋|米饭|芹菜香干|鸭血豆腐/包菜粉丝|黄豆猪脚
2194,椒盐带鱼/油爆虾|白菜油付/土豆丝|米饭|芦笋牛柳/莴笋目鱼花|香菇鸡肉/鱼香肉丝|鸭血豆腐/包菜粉丝
2195,木耳花菜/青韭炒蛋|椒盐带鱼/油爆虾|米饭|雪菜素鸡/丝瓜毛豆子|香菇鸡肉/鱼香肉丝|黄豆猪脚
2196,木耳花菜/青韭炒蛋|白菜油付/土豆丝|米饭|黄豆猪脚
2197,芹菜香干|香菇鸡肉/鱼香肉丝|黄豆猪脚
2198,椒盐带鱼/油爆虾|米饭|芦笋牛柳/莴笋目鱼花|香菇鸡肉/鱼香肉丝|黄豆猪脚
2199,木耳花菜/青韭炒蛋|白菜油付/土豆丝|米饭|芦笋牛柳/莴笋目鱼花|雪菜素鸡/丝瓜毛豆子|黄豆猪脚
220,三色绿豆芽|米饭|西红柿炒鸡蛋|酥鱼/红烧肉
2200,白菜油付/土豆丝|米饭|雪菜素鸡/丝瓜毛豆子|香菇鸡肉/鱼香肉丝|鸭血豆腐/包菜粉丝|黄豆猪脚
2201,椒盐带鱼/油爆虾|米饭
2202,椒盐带鱼/油爆虾|白菜油付/土豆丝|米饭|芦笋牛柳/莴笋目鱼花|雪菜素鸡/丝瓜毛豆子|鸭血豆腐/包菜粉丝|黄豆猪脚
2203,椒盐带鱼/油爆虾|白菜油付/土豆丝|米饭|雪菜素鸡/丝瓜毛豆子|香菇鸡肉/鱼香肉丝
2204,雪菜素鸡/丝瓜毛豆子|鸭血豆腐/包菜粉丝|黄豆猪脚
2205,椒盐带鱼/油爆虾|芦笋牛柳/莴笋目鱼花|鸭血豆腐/包菜粉丝
2206,椒盐带鱼/油爆虾|米饭|芦笋牛柳/莴笋目鱼花|黄豆猪脚
2207,椒盐带鱼/油爆虾|白菜油付/土豆丝|米饭|芦笋牛柳/莴笋目鱼花|葱油扇贝|香菇鸡肉/鱼香肉丝
2208,木耳花菜/青韭炒蛋|椒盐带鱼/油爆虾|米饭|芦笋牛柳/莴笋目鱼花|鸭血豆腐/包菜粉丝
2209,白菜油付/土豆丝|米饭|芦笋牛柳/莴笋目鱼花|芹菜香干|香菇鸡肉/鱼香肉丝|鸭血豆腐/包菜粉丝|黄豆猪脚
221,凉拌黑木耳/素烧鹅|米饭|葱油娃娃菜|韭黄肉丝小炒
2210,椒盐带鱼/油爆虾|米饭|芦笋牛柳/莴笋目鱼花|芹菜香干|香菇鸡肉/鱼香肉丝
2211,椒盐带鱼/油爆虾|米饭|雪菜素鸡/丝瓜毛豆子
2212,木耳花菜/青韭炒蛋|米饭|葱油扇贝|香菇鸡肉/鱼香肉丝|鸭血豆腐/包菜粉丝
2213,椒盐带鱼/油爆虾|白菜油付/土豆丝|米饭|香菇鸡肉/鱼香肉丝|鸭血豆腐/包菜粉丝
2214,木耳花菜/青韭炒蛋|白菜油付/土豆丝|米饭|葱油扇贝|雪菜素鸡/丝瓜毛豆子|鸭血豆腐/包菜粉丝
2215,椒盐带鱼/油爆虾|白菜油付/土豆丝|米饭|芦笋牛柳/莴笋目鱼花|芹菜香干|雪菜素鸡/丝瓜毛豆子|香菇鸡肉/鱼香肉丝|鸭血豆腐/包菜粉丝
2216,椒盐带鱼/油爆虾|白菜油付/土豆丝|米饭|雪菜素鸡/丝瓜毛豆子|香菇鸡肉/鱼香肉丝|鸭血豆腐/包菜粉丝
2217,鸭血豆腐/包菜粉丝|黄豆猪脚
2218,椒盐带鱼/油爆虾|白菜油付/土豆丝|米饭|芹菜香干|雪菜素鸡/丝瓜毛豆子|鸭血豆腐/包菜粉丝
2219,椒盐带鱼/油爆虾|白菜油付/土豆丝|米饭|芦笋牛柳/莴笋目鱼花|芹菜香干|葱油扇贝
222,凉拌黑木耳/素烧鹅|椒盐虾|米饭|肉末茄子|韭黄肉丝小炒
2220,木耳花菜/青韭炒蛋|椒盐带鱼/油爆虾|白菜油付/土豆丝|米饭|芹菜香干|雪菜素鸡/丝瓜毛豆子|黄豆猪脚
2221,白菜油付/土豆丝|米饭|芦笋牛柳/莴笋目鱼花|香菇鸡肉/鱼香肉丝
2222,白菜油付/土豆丝|米饭|芹菜香干|雪菜素鸡/丝瓜毛豆子|香菇鸡肉/鱼香肉丝
2223,木耳花菜/青韭炒蛋|白菜油付/土豆丝|米饭|芦笋牛柳/莴笋目鱼花|雪菜素鸡/丝瓜毛豆子|香菇鸡肉/鱼香肉丝
2224,木耳花菜/青韭炒蛋|椒盐带鱼/油爆虾|米饭|葱油扇贝|雪菜素鸡/丝瓜毛豆子|香菇鸡肉/鱼香肉丝
2225,椒盐带鱼/油爆虾|白菜油付/土豆丝|米饭|芦笋牛柳/莴笋目鱼花|葱油扇贝|雪菜素鸡/丝瓜毛豆子
2226,木耳花菜/青韭炒蛋|白菜油付/土豆丝|米饭|葱油扇贝|雪菜素鸡/丝瓜毛豆子|香菇鸡肉/鱼香肉丝|鸭血豆腐/包菜粉丝
2227,椒盐带鱼/油爆虾|白菜油付/土豆丝|米饭|芦笋牛柳/莴笋目鱼花|芹菜香干|葱油扇贝|雪菜素鸡/丝瓜毛豆子
2228,木耳花菜/青韭炒蛋|椒盐带鱼/油爆虾|白菜油付/土豆丝|芹菜香干|葱油扇贝
2229,木耳花菜/青韭炒蛋|椒盐带鱼/油爆虾|白菜油付/土豆丝|米饭|芦笋牛柳/莴笋目鱼花|葱油扇贝|雪菜素鸡/丝瓜毛豆子
223,三色绿豆芽|椒盐虾|米饭|葱油娃娃菜|香菇鸭块/雪蘑菇肉片
2230,木耳花菜/青韭炒蛋|椒盐带鱼/油爆虾|白菜油付/土豆丝|米饭|雪菜素鸡/丝瓜毛豆子|鸭血豆腐/包菜粉丝
2231,白菜油付/土豆丝|米饭|雪菜素鸡/丝瓜毛豆子|香菇鸡肉/鱼香肉丝|黄豆猪脚
2232,椒盐带鱼/油爆虾|米饭|葱油扇贝|鸭血豆腐/包菜粉丝
2233,椒盐带鱼/油爆虾|白菜油付/土豆丝|米饭|芹菜香干|葱油扇贝|雪菜素鸡/丝瓜毛豆子|香菇鸡肉/鱼香肉丝|黄豆猪脚
2234,木耳花菜/青韭炒蛋|椒盐带鱼/油爆虾|米饭|香菇鸡肉/鱼香肉丝|黄豆猪脚
2235,椒盐带鱼/油爆虾|白菜油付/土豆丝|米饭|雪菜素鸡/丝瓜毛豆子|鸭血豆腐/包菜粉丝
2236,椒盐带鱼/油爆虾|米饭|芹菜香干|雪菜素鸡/丝瓜毛豆子|香菇鸡肉/鱼香肉丝|黄豆猪脚
2237,木耳花菜/青韭炒蛋|椒盐带鱼/油爆虾|米饭|芹菜香干|葱油扇贝
2238,木耳花菜/青韭炒蛋|雪菜素鸡/丝瓜毛豆子|香菇鸡肉/鱼香肉丝|鸭血豆腐/包菜粉丝|黄豆猪脚
2239,木耳花菜/青韭炒蛋|米饭|雪菜素鸡/丝瓜毛豆子|香菇鸡肉/鱼香肉丝
224,三色绿豆芽|凉拌黑木耳/素烧鹅|韭黄肉丝小炒
2240,椒盐带鱼/油爆虾|白菜油付/土豆丝|米饭|芹菜香干|雪菜素鸡/丝瓜毛豆子|香菇鸡肉/鱼香肉丝
2241,木耳花菜/青韭炒蛋|白菜油付/土豆丝|米饭|葱油扇贝|雪菜素鸡/丝瓜毛豆子|鸭血豆腐/包菜粉丝|黄豆猪脚
2242,木耳花菜/青韭炒蛋|椒盐带鱼/油爆虾|白菜油付/土豆丝|米饭|芹菜香干|葱油扇贝|雪菜素鸡/丝瓜毛豆子|香菇鸡肉/鱼香肉丝|黄豆猪脚
2243,米饭|葱油扇贝|雪菜素鸡/丝瓜毛豆子|香菇鸡肉/鱼香肉丝|鸭血豆腐/包菜粉丝
2244,米饭|芦笋牛柳/莴笋目鱼花|芹菜香干|鸭血豆腐/包菜粉丝|黄豆猪脚
2245,椒盐带鱼/油爆虾|白菜油付/土豆丝|米饭|芦笋牛柳/莴笋目鱼花|雪菜素鸡/丝瓜毛豆子|黄豆猪脚
2246,椒盐带鱼/油爆虾|白菜油付/土豆丝|米饭|葱油扇贝
2247,木耳花菜/青韭炒蛋|椒盐带鱼/油爆虾|米饭|雪菜素鸡/丝瓜毛豆子|鸭血豆腐/包菜粉丝
2248,椒盐带鱼/油爆虾|白菜油付/土豆丝|米饭|雪菜素鸡/丝瓜毛豆子|香菇鸡肉/鱼香肉丝|黄豆猪脚
2249,椒盐带鱼/油爆虾|白菜油付/土豆丝|米饭|鸭血豆腐/包菜粉丝|黄豆猪脚
225,小酥肉|木耳西兰花|米饭|韭黄肉丝小炒|香菇鸭块/雪蘑菇肉片
2250,米饭|芦笋牛柳/莴笋目鱼花|葱油扇贝|香菇鸡肉/鱼香肉丝|鸭血豆腐/包菜粉丝|黄豆猪脚
2251,木耳花菜/青韭炒蛋|米饭|雪菜素鸡/丝瓜毛豆子|香菇鸡肉/鱼香肉丝|黄豆猪脚
2252,木耳花菜/青韭炒蛋|椒盐带鱼/油爆虾|白菜油付/土豆丝|米饭|雪菜素鸡/丝瓜毛豆子|香菇鸡肉/鱼香肉丝
2253,白菜油付/土豆丝|米饭|芦笋牛柳/莴笋目鱼花|鸭血豆腐/包菜粉丝
2254,木耳花菜/青韭炒蛋|椒盐带鱼/油爆虾|白菜油付/土豆丝|芦笋牛柳/莴笋目鱼花|芹菜香干|葱油扇贝|雪菜素鸡/丝瓜毛豆子
2255,木耳花菜/青韭炒蛋|白菜油付/土豆丝|米饭|香菇鸡肉/鱼香肉丝|鸭血豆腐/包菜粉丝
2256,椒盐带鱼/油爆虾|白菜油付/土豆丝|米饭|芦笋牛柳/莴笋目鱼花|芹菜香干|香菇鸡肉/鱼香肉丝
2257,木耳花菜/青韭炒蛋|米饭|芦笋牛柳/莴笋目鱼花|芹菜香干
2258,木耳花菜/青韭炒蛋|白菜油付/土豆丝|米饭|芦笋牛柳/莴笋目鱼花|芹菜香干|香菇鸡肉/鱼香肉丝
2259,木耳花菜/青韭炒蛋|椒盐带鱼/油爆虾|白菜油付/土豆丝|米饭|芦笋牛柳/莴笋目鱼花|葱油扇贝|雪菜素鸡/丝瓜毛豆子|香菇鸡肉/鱼香肉丝|鸭血豆腐/包菜粉丝
226,三色绿豆芽|小酥肉|肉末茄子|香菇鸭块/雪蘑菇肉片
2260,木耳花菜/青韭炒蛋|米饭|雪菜素鸡/丝瓜毛豆子|香菇鸡肉/鱼香肉丝|鸭血豆腐/包菜粉丝|黄豆猪脚
2261,椒盐带鱼/油爆虾|白菜油付/土豆丝|米饭|芦笋牛柳/莴笋目鱼花|葱油扇贝|鸭血豆腐/包菜粉丝
2262,木耳花菜/青韭炒蛋|椒盐带鱼/油爆虾|白菜油付/土豆丝|米饭|芹菜香干|雪菜素鸡/丝瓜毛豆子|香菇鸡肉/鱼香肉丝|鸭血豆腐/包菜粉丝|黄豆猪脚
2263,木耳花菜/青韭炒蛋|米饭|雪菜素鸡/丝瓜毛豆子|鸭血豆腐/包菜粉丝|黄豆猪脚
2264,白菜油付/土豆丝|米饭|香菇鸡肉/鱼香肉丝|鸭血豆腐/包菜粉丝|黄豆猪脚
2265,木耳花菜/青韭炒蛋|白菜油付/土豆丝|米饭|葱油扇贝|香菇鸡肉/鱼香肉丝|鸭血豆腐/包菜粉丝
2266,木耳花菜/青韭炒蛋|椒盐带鱼/油爆虾|米饭|葱油扇贝|香菇鸡肉/鱼香肉丝|鸭血豆腐/包菜粉丝
2267,椒盐带鱼/油爆虾|白菜油付/土豆丝|米饭|葱油扇贝|雪菜素鸡/丝瓜毛豆子
2268,木耳花菜/青韭炒蛋|椒盐带鱼/油爆虾|米饭
2269,椒盐带鱼/油爆虾|白菜油付/土豆丝|米饭|芦笋牛柳/莴笋目鱼花|雪菜素鸡/丝瓜毛豆子|黄豆猪脚
227,木耳西兰花|葱油娃娃菜|韭黄肉丝小炒
2270,椒盐带鱼/油爆虾|米饭|香菇鸡肉/鱼香肉丝|鸭血豆腐/包菜粉丝
2271,椒盐带鱼/油爆虾|米饭|芹菜香干|雪菜素鸡/丝瓜毛豆子
2272,米饭|芦笋牛柳/莴笋目鱼花|香菇鸡肉/鱼香肉丝|鸭血豆腐/包菜粉丝
2273,椒盐带鱼/油爆虾|白菜油付/土豆丝|米饭|芦笋牛柳/莴笋目鱼花|芹菜香干|雪菜素鸡/丝瓜毛豆子|香菇鸡肉/鱼香肉丝|鸭血豆腐/包菜粉丝|黄豆猪脚
2274,椒盐带鱼/油爆虾|米饭|芹菜香干|鸭血豆腐/包菜粉丝
2275,木耳花菜/青韭炒蛋|椒盐带鱼/油爆虾|白菜油付/土豆丝|米饭|芦笋牛柳/莴笋目鱼花
2276,白菜油付/土豆丝|米饭|雪菜素鸡/丝瓜毛豆子|鸭血豆腐/包菜粉丝
2277,木耳花菜/青韭炒蛋|椒盐带鱼/油爆虾|米饭|芹菜香干|葱油扇贝
2278,木耳花菜/青韭炒蛋|椒盐带鱼/油爆虾|白菜油付/土豆丝|米饭|芦笋牛柳/莴笋目鱼花|葱油扇贝|香菇鸡肉/鱼香肉丝
2279,椒盐带鱼/油爆虾|米饭|芦笋牛柳/莴笋目鱼花|芹菜香干|香菇鸡肉/鱼香肉丝
228,三色绿豆芽|米饭|葱油娃娃菜|香菇鸭块/雪蘑菇肉片
2280,椒盐带鱼/油爆虾|白菜油付/土豆丝|米饭|芦笋牛柳/莴笋目鱼花|鸭血豆腐/包菜粉丝|黄豆猪脚
2281,椒盐带鱼/油爆虾|白菜油付/土豆丝|米饭|雪菜素鸡/丝瓜毛豆子|黄豆猪脚
2282,木耳花菜/青韭炒蛋|椒盐带鱼/油爆虾|米饭|香菇鸡肉/鱼香肉丝|鸭血豆腐/包菜粉丝
2283,木耳花菜/青韭炒蛋|椒盐带鱼/油爆虾|白菜油付/土豆丝|米饭|雪菜素鸡/丝瓜毛豆子
2284,木耳花菜/青韭炒蛋|椒盐带鱼/油爆虾|白菜油付/土豆丝|米饭|芹菜香干|香菇鸡肉/鱼香肉丝|鸭血豆腐/包菜粉丝
2285,椒盐带鱼/油爆虾|白菜油付/土豆丝|米饭|芹菜香干|葱油扇贝
2286,木耳花菜/青韭炒蛋|白菜油付/土豆丝|米饭|芦笋牛柳/莴笋目鱼花|香菇鸡肉/鱼香肉丝|鸭血豆腐/包菜粉丝|黄豆猪脚
2287,木耳花菜/青韭炒蛋|椒盐带鱼/油爆虾|米饭|香菇鸡肉/鱼香肉丝|鸭血豆腐/包菜粉丝
2288,木耳花菜/青韭炒蛋|椒盐带鱼/油爆虾|雪菜素鸡/丝瓜毛豆子|香菇鸡肉/鱼香肉丝
2289,木耳花菜/青韭炒蛋|白菜油付/土豆丝|米饭|香菇鸡肉/鱼香肉丝
229,凉拌黑木耳/素烧鹅|椒盐虾|米饭|肉末茄子|葱油娃娃菜|西红柿炒鸡蛋|酥鱼/红烧肉|韭黄肉丝小炒|香菇鸭块/雪蘑菇肉片
2290,木耳花菜/青韭炒蛋|米饭|芦笋牛柳/莴笋目鱼花|鸭血豆腐/包菜粉丝
2291,椒盐带鱼/油爆虾|白菜油付/土豆丝|米饭|雪菜素鸡/丝瓜毛豆子|鸭血豆腐/包菜粉丝|黄豆猪脚
2292,木耳花菜/青韭炒蛋|米饭|葱油鸡|香菇鸡肉/鱼香肉丝|鸭血豆腐/包菜粉丝
2293,木耳花菜/青韭炒蛋|白菜油付/土豆丝|米饭|香菇鸡肉/鱼香肉丝|鸭血豆腐/包菜粉丝
2294,椒盐带鱼/油爆虾|米饭|芹菜香干|雪菜素鸡/丝瓜毛豆子
2295,白菜油付/土豆丝|米饭|葱油鸡|鸭血豆腐/包菜粉丝
2296,椒盐带鱼/油爆虾|白菜油付/土豆丝|米饭|芦笋牛柳/莴笋目鱼花|葱油鸡|雪菜素鸡/丝瓜毛豆子|香菇鸡肉/鱼香肉丝
2297,椒盐带鱼/油爆虾|米饭|芹菜香干|葱油扇贝|雪菜素鸡/丝瓜毛豆子
2298,椒盐带鱼/油爆虾|白菜油付/土豆丝|米饭|鸭血豆腐/包菜粉丝
2299,白菜油付/土豆丝|米饭|香菇鸡肉/鱼香肉丝|鸭血豆腐/包菜粉丝|黄豆猪脚
230,三色绿豆芽|凉拌黑木耳/素烧鹅|米饭|葱油娃娃菜
2300,白菜油付/土豆丝|米饭|芦笋牛柳/莴笋目鱼花|鸭血豆腐/包菜粉丝|黄豆猪脚
2301,木耳花菜/青韭炒蛋|椒盐带鱼/油爆虾|白菜油付/土豆丝|米饭|葱油扇贝|葱油鸡|雪菜素鸡/丝瓜毛豆子|香菇鸡肉/鱼香肉丝|黄豆猪脚
2302,白菜油付/土豆丝|米饭|芦笋牛柳/莴笋目鱼花|香菇鸡肉/鱼香肉丝|鸭血豆腐/包菜粉丝|黄豆猪脚
2303,木耳花菜/青韭炒蛋|椒盐带鱼/油爆虾|米饭|芦笋牛柳/莴笋目鱼花
2304,木耳花菜/青韭炒蛋|椒盐带鱼/油爆虾|白菜油付/土豆丝|米饭|葱油扇贝
2305,椒盐带鱼/油爆虾|米饭|雪菜素鸡/丝瓜毛豆子|鸭血豆腐/包菜粉丝|黄豆猪脚
2306,木耳花菜/青韭炒蛋|椒盐带鱼/油爆虾|米饭|芦笋牛柳/莴笋目鱼花|芹菜香干|鸭血豆腐/包菜粉丝
2307,白菜油付/土豆丝|米饭|雪菜素鸡/丝瓜毛豆子|香菇鸡肉/鱼香肉丝|鸭血豆腐/包菜粉丝|黄豆猪脚
2308,木耳花菜/青韭炒蛋|椒盐带鱼/油爆虾|米饭|芦笋牛柳/莴笋目鱼花|芹菜香干|葱油扇贝|雪菜素鸡/丝瓜毛豆子|香菇鸡肉/鱼香肉丝|鸭血豆腐/包菜粉丝|黄豆猪脚
2309,米饭|葱油鸡|雪菜素鸡/丝瓜毛豆子
231,木耳西兰花|椒盐虾|米饭|肉末茄子|酥鱼/红烧肉
2310,椒盐带鱼/油爆虾|白菜油付/土豆丝|米饭|葱油扇贝|雪菜素鸡/丝瓜毛豆子|香菇鸡肉/鱼香肉丝|鸭血豆腐/包菜粉丝|黄豆猪脚
2311,椒盐带鱼/油爆虾|米饭|芦笋牛柳/莴笋目鱼花|香菇鸡肉/鱼香肉丝
2312,木耳花菜/青韭炒蛋|白菜油付/土豆丝|米饭|葱油鸡|鸭血豆腐/包菜粉丝
2313,椒盐带鱼/油爆虾|白菜油付/土豆丝|米饭|雪菜素鸡/丝瓜毛豆子
2314,木耳花菜/青韭炒蛋|椒盐带鱼/油爆虾|白菜油付/土豆丝|米饭|雪菜素鸡/丝瓜毛豆子|鸭血豆腐/包菜粉丝
2315,木耳花菜/青韭炒蛋|椒盐带鱼/油爆虾|米饭|芦笋牛柳/莴笋目鱼花|香菇鸡肉/鱼香肉丝|鸭血豆腐/包菜粉丝|黄豆猪脚
2316,木耳花菜/青韭炒蛋|椒盐带鱼/油爆虾|米饭
2317,椒盐带鱼/油爆虾|白菜油付/土豆丝|鸭血豆腐/包菜粉丝|黄豆猪脚
2318,米饭
2319,木耳花菜/青韭炒蛋|米饭|雪菜素鸡/丝瓜毛豆子|香菇鸡肉/鱼香肉丝|鸭血豆腐/包菜粉丝
232,三色绿豆芽|凉拌黑木耳/素烧鹅|木耳西兰花|米饭|西红柿炒鸡蛋|酥鱼/红烧肉|韭黄肉丝小炒|香菇鸭块/雪蘑菇肉片
2320,米饭|葱油鸡|鸭血豆腐/包菜粉丝
2321,白菜油付/土豆丝|米饭|芦笋牛柳/莴笋目鱼花|鸭血豆腐/包菜粉丝
2322,木耳花菜/青韭炒蛋|白菜油付/土豆丝|米饭|芦笋牛柳/莴笋目鱼花|葱油鸡|香菇鸡肉/鱼香肉丝|鸭血豆腐/包菜粉丝
2323,木耳花菜/青韭炒蛋|白菜油付/土豆丝|米饭|葱油鸡
2324,木耳花菜/青韭炒蛋|米饭|葱油鸡|雪菜素鸡/丝瓜毛豆子|香菇鸡肉/鱼香肉丝
2325,木耳花菜/青韭炒蛋|椒盐带鱼/油爆虾|白菜油付/土豆丝|米饭|雪菜素鸡/丝瓜毛豆子|黄豆猪脚
2326,木耳花菜/青韭炒蛋|白菜油付/土豆丝|米饭|葱油扇贝|雪菜素鸡/丝瓜毛豆子|香菇鸡肉/鱼香肉丝
2327,白菜油付/土豆丝|米饭|芦笋牛柳/莴笋目鱼花|芹菜香干|葱油鸡|黄豆猪脚
2328,木耳花菜/青韭炒蛋|米饭|葱油扇贝|鸭血豆腐/包菜粉丝|黄豆猪脚
2329,木耳花菜/青韭炒蛋|椒盐带鱼/油爆虾|白菜油付/土豆丝|米饭|鸭血豆腐/包菜粉丝|黄豆猪脚
233,三色绿豆芽|木耳西兰花|椒盐虾|米饭|肉末茄子|酥鱼/红烧肉
2330,木耳花菜/青韭炒蛋|椒盐带鱼/油爆虾|白菜油付/土豆丝|米饭|葱油鸡|雪菜素鸡/丝瓜毛豆子|黄豆猪脚
2331,木耳花菜/青韭炒蛋|椒盐带鱼/油爆虾|白菜油付/土豆丝|米饭|葱油鸡|雪菜素鸡/丝瓜毛豆子
2332,椒盐带鱼/油爆虾|白菜油付/土豆丝|米饭|鸭血豆腐/包菜粉丝|黄豆猪脚
2333,木耳花菜/青韭炒蛋|椒盐带鱼/油爆虾|白菜油付/土豆丝|米饭|鸭血豆腐/包菜粉丝|黄豆猪脚
2334,椒盐带鱼/油爆虾|米饭|雪菜素鸡/丝瓜毛豆子
2335,木耳花菜/青韭炒蛋|椒盐带鱼/油爆虾|米饭|雪菜素鸡/丝瓜毛豆子|香菇鸡肉/鱼香肉丝
2336,白菜油付/土豆丝|米饭|芦笋牛柳/莴笋目鱼花|香菇鸡肉/鱼香肉丝|鸭血豆腐/包菜粉丝
2337,椒盐带鱼/油爆虾|白菜油付/土豆丝|雪菜素鸡/丝瓜毛豆子|鸭血豆腐/包菜粉丝
2338,木耳花菜/青韭炒蛋|米饭|香菇鸡肉/鱼香肉丝|鸭血豆腐/包菜粉丝|黄豆猪脚
2339,椒盐带鱼/油爆虾|米饭|雪菜素鸡/丝瓜毛豆子|鸭血豆腐/包菜粉丝|黄豆猪脚
234,椒盐虾|米饭|葱油娃娃菜|酥鱼/红烧肉|韭黄肉丝小炒|香菇鸭块/雪蘑菇肉片
2340,木耳花菜/青韭炒蛋|椒盐带鱼/油爆虾|白菜油付/土豆丝|米饭|芦笋牛柳/莴笋目鱼花|雪菜素鸡/丝瓜毛豆子|香菇鸡肉/鱼香肉丝
2341,椒盐带鱼/油爆虾|米饭|葱油鸡|雪菜素鸡/丝瓜毛豆子|鸭血豆腐/包菜粉丝
2342,椒盐带鱼/油爆虾|白菜油付/土豆丝|米饭|鸭血豆腐/包菜粉丝
2343,木耳花菜/青韭炒蛋|白菜油付/土豆丝|米饭|葱油鸡|雪菜素鸡/丝瓜毛豆子|香菇鸡肉/鱼香肉丝|黄豆猪脚
2344,白菜油付/土豆丝|米饭|葱油鸡|香菇鸡肉/鱼香肉丝
2345,木耳花菜/青韭炒蛋|椒盐带鱼/油爆虾|白菜油付/土豆丝|米饭|葱油鸡|雪菜素鸡/丝瓜毛豆子|鸭血豆腐/包菜粉丝
2346,木耳花菜/青韭炒蛋|椒盐带鱼/油爆虾|白菜油付/土豆丝|米饭|葱油鸡|雪菜素鸡/丝瓜毛豆子|鸭血豆腐/包菜粉丝
2347,木耳花菜/青韭炒蛋|椒盐带鱼/油爆虾|白菜油付/土豆丝|米饭|香菇鸡肉/鱼香肉丝|鸭血豆腐/包菜粉丝
2348,木耳花菜/青韭炒蛋|米饭|葱油鸡|雪菜素鸡/丝瓜毛豆子
2349,椒盐带鱼/油爆虾|米饭|芦笋牛柳/莴笋目鱼花|葱油鸡|香菇鸡肉/鱼香肉丝
235,凉拌黑木耳/素烧鹅|米饭|葱油娃娃菜|酥鱼/红烧肉|香菇鸭块/雪蘑菇肉片
2350,木耳花菜/青韭炒蛋|白菜油付/土豆丝|米饭|葱油鸡|雪菜素鸡/丝瓜毛豆子|鸭血豆腐/包菜粉丝
2351,椒盐带鱼/油爆虾|白菜油付/土豆丝|米饭|芦笋牛柳/莴笋目鱼花|葱油鸡|香菇鸡肉/鱼香肉丝|鸭血豆腐/包菜粉丝
2352,白菜油付/土豆丝|米饭|芦笋牛柳/莴笋目鱼花|香菇鸡肉/鱼香肉丝|鸭血豆腐/包菜粉丝|黄豆猪脚
2353,木耳花菜/青韭炒蛋|椒盐带鱼/油爆虾|白菜油付/土豆丝|米饭|葱油鸡
2354,椒盐带鱼/油爆虾|白菜油付/土豆丝|米饭|雪菜素鸡/丝瓜毛豆子|香菇鸡肉/鱼香肉丝|鸭血豆腐/包菜粉丝|黄豆猪脚
2355,白菜油付/土豆丝|米饭|芦笋牛柳/莴笋目鱼花|香菇鸡肉/鱼香肉丝
2356,芦笋牛柳/莴笋目鱼花
2357,木耳花菜/青韭炒蛋|白菜油付/土豆丝|米饭|雪菜素鸡/丝瓜毛豆子|香菇鸡肉/鱼香肉丝|黄豆猪脚
2358,素包子|葱油娃娃菜/莴苣|藕片/芋头
2359,木耳炒蛋/水面筋|米饭|素包子|葱油娃娃菜/莴苣|藕片/芋头
236,米饭|肉末茄子|葱油娃娃菜|酥鱼/红烧肉|韭黄肉丝小炒
2360,大排/糖醋里脊|木耳炒蛋/水面筋|素包子|藕片/芋头|豆芽/青菜|鸡排/茭白肉丝
2361,大排/糖醋里脊|盐水虾/卤肉|黄鱼
2362,大排/糖醋里脊|木耳炒蛋/水面筋|盐水虾/卤肉|米饭|葱油娃娃菜/莴苣|藕片/芋头|豆芽/青菜|酱鸭
2363,大排/糖醋里脊|米饭|藕片/芋头|豆芽/青菜|鸡排/茭白肉丝
2364,盐水虾/卤肉|米饭|葱油娃娃菜/莴苣|藕片/芋头
2365,米饭|糖醋里脊|素包子|豆芽/青菜|鸡排/茭白肉丝
2366,藕片/芋头|豆芽/青菜|酱鸭|鸡排/茭白肉丝
2367,盐水虾/卤肉|米饭|藕片/芋头|豆芽/青菜
2368,米饭|藕片/芋头|鸡排/茭白肉丝
2369,米饭|葱油娃娃菜/莴苣|豆芽/青菜|鸡排/茭白肉丝
237,三色绿豆芽|米饭|酥鱼/红烧肉|香菇鸭块/雪蘑菇肉片
2370,大排|黄鱼
2371,盐水虾/卤肉|米饭|素包子|葱油娃娃菜/莴苣|酱鸭|鸡排/茭白肉丝
2372,木耳炒蛋/水面筋|米饭|素包子|葱油娃娃菜/莴苣|藕片/芋头
2373,米饭|藕片/芋头|豆芽/青菜|鸡排/茭白肉丝|黄鱼
2374,木耳炒蛋/水面筋|葱油娃娃菜/莴苣|藕片/芋头|鸡排/茭白肉丝
2375,盐水虾/卤肉|米饭|葱油娃娃菜/莴苣|藕片/芋头|鸡排/茭白肉丝
2376,木耳炒蛋/水面筋|盐水虾/卤肉|米饭|素包子|葱油娃娃菜/莴苣|藕片/芋头|酱鸭|鸡排/茭白肉丝
2377,盐水虾/卤肉|米饭|素包子|葱油娃娃菜/莴苣|酱鸭
2378,盐水虾/卤肉|米饭|葱油娃娃菜/莴苣|豆芽/青菜|鸡排/茭白肉丝|黄鱼
2379,盐水虾/卤肉|米饭|豆芽/青菜|酱鸭
238,小酥肉|米饭|葱油娃娃菜|西红柿炒鸡蛋|酥鱼/红烧肉|香菇鸭块/雪蘑菇肉片
2380,米饭|糖醋里脊|葱油娃娃菜/莴苣|藕片/芋头|酱鸭
2381,盐水虾/卤肉|米饭|素包子|葱油娃娃菜/莴苣|豆芽/青菜
2382,木耳炒蛋/水面筋|米饭|藕片/芋头
2383,木耳炒蛋/水面筋|米饭|素包子|豆芽/青菜|黄鱼
2384,米饭|糖醋里脊|葱油娃娃菜/莴苣
2385,盐水虾/卤肉|米饭|素包子|葱油娃娃菜/莴苣|鸡排/茭白肉丝
2386,盐水虾/卤肉|米饭|葱油娃娃菜/莴苣|藕片/芋头|豆芽/青菜|鸡排/茭白肉丝
2387,盐水虾/卤肉|米饭|糖醋里脊|素包子|葱油娃娃菜/莴苣|酱鸭|鸡排/茭白肉丝
2388,米饭|糖醋里脊|葱油娃娃菜/莴苣|鸡排/茭白肉丝|黄鱼
2389,木耳炒蛋/水面筋|盐水虾/卤肉|米饭|葱油娃娃菜/莴苣|鸡排/茭白肉丝
239,三色绿豆芽|凉拌黑木耳/素烧鹅|木耳西兰花|米饭|酥鱼/红烧肉|香菇鸭块/雪蘑菇肉片
2390,木耳炒蛋/水面筋|米饭|素包子|葱油娃娃菜/莴苣
2391,盐水虾/卤肉|米饭|藕片/芋头
2392,盐水虾/卤肉|米饭|糖醋里脊|素包子|鸡排/茭白肉丝
2393,木耳炒蛋/水面筋|盐水虾/卤肉|米饭|糖醋里脊|素包子|葱油娃娃菜/莴苣
2394,木耳炒蛋/水面筋|盐水虾/卤肉|藕片/芋头|豆芽/青菜|黄鱼
2395,大排|米饭|藕片/芋头|豆芽/青菜
2396,木耳炒蛋/水面筋|盐水虾/卤肉|米饭|糖醋里脊|素包子|葱油娃娃菜/莴苣|豆芽/青菜|酱鸭|鸡排/茭白肉丝
2397,木耳炒蛋/水面筋|盐水虾/卤肉|米饭|素包子|葱油娃娃菜/莴苣|酱鸭
2398,木耳炒蛋/水面筋|盐水虾/卤肉|米饭|葱油娃娃菜/莴苣|藕片/芋头|鸡排/茭白肉丝
2399,木耳炒蛋/水面筋|盐水虾/卤肉|米饭|藕片/芋头|鸡排/茭白肉丝
240,凉拌黑木耳/素烧鹅|米饭|葱油娃娃菜|香菇鸭块/雪蘑菇肉片
2400,米饭|素包子|豆芽/青菜|酱鸭|黄鱼
2401,大排|木耳炒蛋/水面筋|米饭|素包子|豆芽/青菜|鸡排/茭白肉丝
2402,米饭|葱油娃娃菜/莴苣|豆芽/青菜
2403,木耳炒蛋/水面筋|米饭|葱油娃娃菜/莴苣|黄鱼
2404,木耳炒蛋/水面筋|盐水虾/卤肉|米饭|葱油娃娃菜/莴苣|藕片/芋头|豆芽/青菜
2405,大排|米饭|素包子|葱油娃娃菜/莴苣|豆芽/青菜
2406,盐水虾/卤肉|米饭|葱油娃娃菜/莴苣|藕片/芋头|豆芽/青菜|酱鸭|黄鱼
2407,米饭|素包子|葱油娃娃菜/莴苣|豆芽/青菜
2408,木耳炒蛋/水面筋|米饭|葱油娃娃菜/莴苣|豆芽/青菜|酱鸭|鸡排/茭白肉丝
2409,木耳炒蛋/水面筋|米饭|葱油娃娃菜/莴苣|鸡排/茭白肉丝|黄鱼
241,三色绿豆芽|木耳西兰花|椒盐虾|米饭|葱油娃娃菜|酥鱼/红烧肉|香菇鸭块/雪蘑菇肉片
2410,木耳炒蛋/水面筋|米饭|素包子|葱油娃娃菜/莴苣|黄鱼
2411,盐水虾/卤肉|葱油娃娃菜/莴苣|酱鸭
2412,木耳炒蛋/水面筋|米饭|葱油娃娃菜/莴苣|藕片/芋头|豆芽/青菜|酱鸭|黄鱼
2413,米饭|藕片/芋头|鸡排/茭白肉丝
2414,木耳炒蛋/水面筋|盐水虾/卤肉|米饭|葱油娃娃菜/莴苣|藕片/芋头|豆芽/青菜|酱鸭|鸡排/茭白肉丝
2415,大排|木耳炒蛋/水面筋|素包子|葱油娃娃菜/莴苣|藕片/芋头|豆芽/青菜
2416,木耳炒蛋/水面筋|盐水虾/卤肉|米饭|素包子|豆芽/青菜|酱鸭|鸡排/茭白肉丝
2417,木耳炒蛋/水面筋|米饭|素包子|豆芽/青菜
2418,木耳炒蛋/水面筋|米饭|素包子|藕片/芋头|酱鸭|鸡排/茭白肉丝
2419,米饭|豆芽/青菜
242,三色绿豆芽|凉拌黑木耳/素烧鹅|米饭|葱油娃娃菜|酥鱼/红烧肉
2420,米饭|糖醋里脊|豆芽/青菜|酱鸭|鸡排/茭白肉丝
2421,木耳炒蛋/水面筋|米饭|豆芽/青菜
2422,米饭|糖醋里脊|藕片/芋头|鸡排/茭白肉丝
2423,大排|素包子
2424,木耳炒蛋/水面筋|盐水虾/卤肉|米饭|糖醋里脊|豆芽/青菜|酱鸭
2425,盐水虾/卤肉|米饭|葱油娃娃菜/莴苣|酱鸭
2426,大排|盐水虾/卤肉|米饭|葱油娃娃菜/莴苣|鸡排/茭白肉丝
2427,盐水虾/卤肉|米饭|葱油娃娃菜/莴苣|藕片/芋头
2428,盐水虾/卤肉|米饭|素包子|葱油娃娃菜/莴苣|豆芽/青菜|鸡排/茭白肉丝
2429,盐水虾/卤肉|米饭|藕片/芋头|豆芽/青菜|酱鸭|黄鱼
243,三色绿豆芽|凉拌黑木耳/素烧鹅|椒盐虾|米饭|西红柿炒鸡蛋|酥鱼/红烧肉|韭黄肉丝小炒|香菇鸭块/雪蘑菇肉片
2430,盐水虾/卤肉|米饭|糖醋里脊|素包子|鸡排/茭白肉丝
2431,木耳炒蛋/水面筋|米饭|葱油娃娃菜/莴苣|鸡排/茭白肉丝
2432,大排|木耳炒蛋/水面筋|米饭|素包子|鸡排/茭白肉丝
2433,盐水虾/卤肉|米饭|糖醋里脊|鸡排/茭白肉丝
2434,木耳炒蛋/水面筋|米饭|素包子
2435,木耳炒蛋/水面筋|盐水虾/卤肉|米饭|葱油娃娃菜/莴苣|藕片/芋头|酱鸭|鸡排/茭白肉丝
2436,木耳炒蛋/水面筋|盐水虾/卤肉|米饭|素包子|葱油娃娃菜/莴苣|藕片/芋头
2437,木耳炒蛋/水面筋|盐水虾/卤肉|米饭|素包子|豆芽/青菜
2438,木耳炒蛋/水面筋|米饭|素包子|酱鸭|黄鱼
2439,木耳炒蛋/水面筋|米饭|葱油娃娃菜/莴苣|藕片/芋头|鸡排/茭白肉丝
244,米饭|肉末茄子|葱油娃娃菜|酥鱼/红烧肉|韭黄肉丝小炒|香菇鸭块/雪蘑菇肉片
2440,大排|木耳炒蛋/水面筋|米饭|糖醋里脊|鸡排/茭白肉丝
2441,米饭|糖醋里脊|素包子|葱油娃娃菜/莴苣|藕片/芋头|豆芽/青菜|鸡排/茭白肉丝
2442,木耳炒蛋/水面筋|盐水虾/卤肉|米饭|藕片/芋头|豆芽/青菜|酱鸭|黄鱼
2443,木耳炒蛋/水面筋|米饭|藕片/芋头|豆芽/青菜
2444,木耳炒蛋/水面筋|盐水虾/卤肉|米饭|素包子|葱油娃娃菜/莴苣|藕片/芋头|豆芽/青菜|酱鸭|鸡排/茭白肉丝
2445,大排|米饭|葱油娃娃菜/莴苣|藕片/芋头|豆芽/青菜|鸡排/茭白肉丝
2446,木耳炒蛋/水面筋|盐水虾/卤肉|米饭|素包子|豆芽/青菜|酱鸭|鸡排/茭白肉丝
2447,大排|米饭|素包子|藕片/芋头|酱鸭
2448,木耳炒蛋/水面筋|盐水虾/卤肉|米饭|藕片/芋头
2449,大排|木耳炒蛋/水面筋|盐水虾/卤肉|米饭|酱鸭|鸡排/茭白肉丝
245,三色绿豆芽|凉拌黑木耳/素烧鹅|米饭|酥鱼/红烧肉
2450,米饭|葱油娃娃菜/莴苣|藕片/芋头|黄鱼
2451,糖醋里脊|藕片/芋头|豆芽/青菜|鸡排/茭白肉丝|黄鱼
2452,盐水虾/卤肉|米饭|糖醋里脊|葱油娃娃菜/莴苣|藕片/芋头|豆芽/青菜
2453,大排|木耳炒蛋/水面筋|盐水虾/卤肉|米饭|藕片/芋头|豆芽/青菜|酱鸭|鸡排/茭白肉丝
2454,米饭|糖醋里脊|葱油娃娃菜/莴苣|豆芽/青菜
2455,大排|木耳炒蛋/水面筋|盐水虾/卤肉|米饭|酱鸭
2456,盐水虾/卤肉|米饭|豆芽/青菜|鸡排/茭白肉丝
2457,大排|木耳炒蛋/水面筋|盐水虾/卤肉|葱油娃娃菜/莴苣|藕片/芋头|酱鸭|鸡排/茭白肉丝|黄鱼
2458,盐水虾/卤肉|米饭|藕片/芋头|酱鸭|鸡排/茭白肉丝
2459,盐水虾/卤肉|米饭|素包子|葱油娃娃菜/莴苣|藕片/芋头|豆芽/青菜
246,米饭|葱油娃娃菜|西红柿炒鸡蛋|酥鱼/红烧肉|韭黄肉丝小炒|香菇鸭块/雪蘑菇肉片
2460,木耳炒蛋/水面筋|米饭|葱油娃娃菜/莴苣|藕片/芋头|豆芽/青菜
2461,米饭|藕片/芋头|黄鱼
2462,大排|木耳炒蛋/水面筋|米饭|葱油娃娃菜/莴苣|豆芽/青菜|酱鸭|鸡排/茭白肉丝
2463,大排|米饭|葱油娃娃菜/莴苣|藕片/芋头|豆芽/青菜|黄鱼
2464,木耳炒蛋/水面筋|盐水虾/卤肉|米饭|藕片/芋头|黄鱼
2465,葱油娃娃菜/莴苣|豆芽/青菜|鸡排/茭白肉丝|黄鱼
2466,米饭|素包子|藕片/芋头|黄鱼
2467,木耳炒蛋/水面筋|米饭|糖醋里脊|豆芽/青菜|鸡排/茭白肉丝
2468,木耳炒蛋/水面筋|盐水虾/卤肉|米饭|葱油娃娃菜/莴苣|藕片/芋头
2469,盐水虾/卤肉|米饭|素包子|葱油娃娃菜/莴苣|豆芽/青菜|鸡排/茭白肉丝
247,小酥肉|米饭|葱油娃娃菜|酥鱼/红烧肉
2470,盐水虾/卤肉|米饭|葱油娃娃菜/莴苣|藕片/芋头|酱鸭|鸡排/茭白肉丝
2471,木耳炒蛋/水面筋|米饭|葱油娃娃菜/莴苣|豆芽/青菜|酱鸭
2472,木耳炒蛋/水面筋|盐水虾/卤肉|米饭|葱油娃娃菜/莴苣|豆芽/青菜|鸡排/茭白肉丝
2473,米饭|葱油娃娃菜/莴苣|酱鸭|鸡排/茭白肉丝
2474,米饭|素包子|葱油娃娃菜/莴苣|藕片/芋头|黄鱼
2475,盐水虾/卤肉|米饭|豆芽/青菜|鸡排/茭白肉丝|黄鱼
2476,大排|木耳炒蛋/水面筋|盐水虾/卤肉|米饭|葱油娃娃菜/莴苣|豆芽/青菜|鸡排/茭白肉丝
2477,米饭|糖醋里脊|素包子|藕片/芋头|鸡排/茭白肉丝|黄鱼
2478,大排|木耳炒蛋/水面筋|盐水虾/卤肉|米饭|素包子|葱油娃娃菜/莴苣|藕片/芋头|豆芽/青菜
2479,米饭|糖醋里脊|藕片/芋头|豆芽/青菜|鸡排/茭白肉丝
248,凉拌黑木耳/素烧鹅|木耳西兰花|米饭|酥鱼/红烧肉|香菇鸭块/雪蘑菇肉片
2480,盐水虾/卤肉|米饭|葱油娃娃菜/莴苣|豆芽/青菜
2481,大排|木耳炒蛋/水面筋|盐水虾/卤肉|米饭|葱油娃娃菜/莴苣|藕片/芋头|黄鱼
2482,木耳炒蛋/水面筋|盐水虾/卤肉|米饭|糖醋里脊|豆芽/青菜|鸡排/茭白肉丝|黄鱼
2483,木耳炒蛋/水面筋|米饭|藕片/芋头|酱鸭
2484,大排|米饭|素包子|葱油娃娃菜/莴苣|鸡排/茭白肉丝
2485,木耳炒蛋/水面筋|米饭|葱油娃娃菜/莴苣|鸡排/茭白肉丝
2486,木耳炒蛋/水面筋|米饭|藕片/芋头|酱鸭
2487,木耳炒蛋/水面筋|米饭|葱油娃娃菜/莴苣|黄鱼
2488,米饭|豆芽/青菜|鸡排/茭白肉丝
2489,大排|盐水虾/卤肉|米饭|葱油娃娃菜/莴苣|藕片/芋头|黄鱼
249,酥鱼/红烧肉|韭黄肉丝小炒|香菇鸭块/雪蘑菇肉片
2490,木耳炒蛋/水面筋|米饭|糖醋里脊|藕片/芋头|鸡排/茭白肉丝
2491,木耳炒蛋/水面筋|盐水虾/卤肉|米饭|葱油娃娃菜/莴苣|豆芽/青菜|鸡排/茭白肉丝
2492,大排|木耳炒蛋/水面筋|糖醋里脊|藕片/芋头|豆芽/青菜
2493,米饭|糖醋里脊|藕片/芋头|酱鸭
2494,盐水虾/卤肉|米饭|糖醋里脊|葱油娃娃菜/莴苣|酱鸭|鸡排/茭白肉丝
2495,木耳炒蛋/水面筋|盐水虾/卤肉|米饭|葱油娃娃菜/莴苣|藕片/芋头|豆芽/青菜|黄鱼
2496,米饭|糖醋里脊|藕片/芋头|豆芽/青菜
2497,木耳炒蛋/水面筋|盐水虾/卤肉|米饭|藕片/芋头
2498,盐水虾/卤肉|米饭|豆芽/青菜|鸡排/茭白肉丝
2499,木耳炒蛋/水面筋|米饭|糖醋里脊|葱油娃娃菜/莴苣|豆芽/青菜|鸡排/茭白肉丝
250,三色绿豆芽|小酥肉|米饭|葱油娃娃菜
2500,木耳炒蛋/水面筋|米饭|素包子|葱油娃娃菜/莴苣|豆芽/青菜|酱鸭
2501,米饭|素包子|藕片/芋头|豆芽/青菜|鸡排/茭白肉丝
2502,米饭|糖醋里脊|素包子|豆芽/青菜|鸡排/茭白肉丝
2503,盐水虾/卤肉|米饭|豆芽/青菜|黄鱼
2504,木耳炒蛋/水面筋|盐水虾/卤肉|米饭|糖醋里脊|葱油娃娃菜/莴苣|藕片/芋头
2505,盐水虾/卤肉|米饭|糖醋里脊|鸡排/茭白肉丝|黄鱼
2506,盐水虾/卤肉|米饭|葱油娃娃菜/莴苣|豆芽/青菜|酱鸭|鸡排/茭白肉丝
2507,盐水虾/卤肉|米饭|葱油娃娃菜/莴苣|藕片/芋头|豆芽/青菜|酱鸭|鸡排/茭白肉丝
2508,木耳炒蛋/水面筋|盐水虾/卤肉|糖醋里脊|素包子|葱油娃娃菜/莴苣|藕片/芋头|鸡排/茭白肉丝
2509,盐水虾/卤肉|米饭|素包子|葱油娃娃菜/莴苣|豆芽/青菜|酱鸭
251,小酥肉|木耳西兰花|米饭|酥鱼/红烧肉
2510,木耳炒蛋/水面筋|盐水虾/卤肉|米饭|素包子|葱油娃娃菜/莴苣|酱鸭|鸡排/茭白肉丝
2511,木耳炒蛋/水面筋|盐水虾/卤肉|米饭|葱油娃娃菜/莴苣|藕片/芋头|酱鸭
2512,木耳炒蛋/水面筋|盐水虾/卤肉|米饭|鸡排/茭白肉丝|黄鱼
2513,木耳炒蛋/水面筋|盐水虾/卤肉|米饭|素包子|酱鸭
2514,木耳炒蛋/水面筋|米饭|葱油娃娃菜/莴苣|藕片/芋头|鸡排/茭白肉丝
2515,木耳炒蛋/水面筋|米饭|葱油娃娃菜/莴苣|鸡排/茭白肉丝
2516,木耳炒蛋/水面筋|米饭|素包子|藕片/芋头
2517,大排|木耳炒蛋/水面筋|米饭|豆芽/青菜
2518,木耳炒蛋/水面筋|米饭|糖醋里脊|藕片/芋头|鸡排/茭白肉丝
2519,木耳炒蛋/水面筋|米饭|藕片/芋头|豆芽/青菜|酱鸭|鸡排/茭白肉丝
252,三色绿豆芽|米饭|酥鱼/红烧肉|香菇鸭块/雪蘑菇肉片
2520,盐水虾/卤肉|米饭|素包子|葱油娃娃菜/莴苣|藕片/芋头|鸡排/茭白肉丝
2521,木耳炒蛋/水面筋|盐水虾/卤肉|米饭|糖醋里脊|豆芽/青菜|酱鸭|鸡排/茭白肉丝
2522,盐水虾/卤肉|米饭|豆芽/青菜|酱鸭|鸡排/茭白肉丝
2523,大排|木耳炒蛋/水面筋|盐水虾/卤肉|米饭|藕片/芋头|豆芽/青菜|酱鸭
2524,米饭|糖醋里脊|素包子|豆芽/青菜
2525,木耳炒蛋/水面筋|盐水虾/卤肉|米饭|葱油娃娃菜/莴苣
2526,米饭|糖醋里脊|藕片/芋头|豆芽/青菜|鸡排/茭白肉丝
2527,盐水虾/卤肉|米饭|素包子|葱油娃娃菜/莴苣|藕片/芋头|豆芽/青菜|酱鸭|鸡排/茭白肉丝
2528,盐水虾/卤肉|米饭|葱油娃娃菜/莴苣|藕片/芋头|酱鸭|鸡排/茭白肉丝
2529,木耳炒蛋/水面筋|米饭|藕片/芋头|豆芽/青菜|酱鸭|鸡排/茭白肉丝
253,米饭|葱油娃娃菜|酥鱼/红烧肉|韭黄肉丝小炒
2530,米饭|葱油娃娃菜/莴苣|藕片/芋头|酱鸭|黄鱼
2531,木耳炒蛋/水面筋|盐水虾/卤肉|米饭|藕片/芋头|豆芽/青菜|酱鸭
2532,大排|米饭|葱油娃娃菜/莴苣|藕片/芋头|鸡排/茭白肉丝
2533,木耳炒蛋/水面筋|盐水虾/卤肉|米饭|藕片/芋头|豆芽/青菜
2534,盐水虾/卤肉|米饭|豆芽/青菜|鸡排/茭白肉丝
25343,木耳西兰花|椒盐带鱼|米饭|葱油鸡|鱼香杏鲍菇肉丝
25344,三色绿豆芽|木耳娃娃菜|木耳莴笋|紫米饭|茄子长江豆肉丝|青椒藕片
25345,大块肉|木耳莴笋|米饭|茄子长江豆肉丝
25346,包菜炒蛋|大块肉|木耳西兰花|白菜千张丝|米饭|红烧猪蹄|红烧鸭块|葱油鸡|青椒土豆丝|鱼香杏鲍菇肉丝
25347,大块肉|木耳莴笋|米饭|红烧鸭块|茄子长江豆肉丝|虎皮尖椒|青椒藕片
25348,大块肉|米饭|茄子长江豆肉丝|葱油鸡|鱼香杏鲍菇肉丝
25349,包菜炒蛋|响铃|椒盐带鱼|米饭|紫米饭|红烧油片|红烧猪蹄
2535,木耳炒蛋/水面筋|盐水虾/卤肉|米饭|素包子|豆芽/青菜|鸡排/茭白肉丝
25350,响铃|白菜千张丝|紫米饭|红烧油片|青椒土豆丝
25351,响铃|大块肉|木耳娃娃菜|木耳莴笋|白菜千张丝|米饭|红烧油片|茄子长江豆肉丝|青椒土豆丝|青椒藕片
25352,大块肉|木耳娃娃菜|木耳莴笋|米饭|茄子长江豆肉丝|虎皮尖椒
25353,响铃|米饭|紫米饭|红烧猪蹄|青椒土豆丝
25354,大块肉|春卷|木耳娃娃菜|木耳莴笋|米饭|虎皮尖椒
25355,响铃|椒盐带鱼|紫米饭|红烧油片|红烧鸭块|虎皮尖椒
25356,响铃|木耳西兰花|椒盐带鱼|白菜千张丝|米饭|红烧油片|红烧猪蹄|茄子长江豆肉丝|鱼香杏鲍菇肉丝
25357,三色绿豆芽|春卷|木耳娃娃菜|木耳莴笋|米饭|红烧鸭块|茄子长江豆肉丝|葱油扇贝|虎皮尖椒|青椒藕片
25358,响铃|椒盐带鱼|紫米饭|红烧猪蹄|葱油鸡|青椒土豆丝|鱼香杏鲍菇肉丝
25359,三色绿豆芽|大块肉|春卷|木耳娃娃菜|米饭|茄子长江豆肉丝|虎皮尖椒|青椒藕片
2536,木耳炒蛋/水面筋|盐水虾/卤肉|米饭|豆芽/青菜|鸡排/茭白肉丝
25360,三色绿豆芽|木耳娃娃菜|紫米饭|葱油鸡|虎皮尖椒
25361,三色绿豆芽|木耳莴笋|木耳西兰花|白菜千张丝|紫米饭|葱油鸡|青椒土豆丝
25362,响铃|白菜千张丝|紫米饭|红烧猪蹄
25363,包菜炒蛋|米饭|红烧猪蹄|葱油鸡|鱼香杏鲍菇肉丝
25364,响铃|大块肉|木耳西兰花|椒盐带鱼|白菜千张丝|紫米饭|红烧油片|红烧猪蹄|茄子长江豆肉丝|葱油鸡|青椒土豆丝
25365,响铃|木耳西兰花|椒盐带鱼|紫米饭|红烧油片|葱油鸡|鱼香杏鲍菇肉丝
25366,包菜炒蛋|木耳西兰花|白菜千张丝|紫米饭|红烧油片|葱油鸡|青椒土豆丝
25367,春卷|木耳西兰花|椒盐带鱼|米饭|红烧油片|茄子长江豆肉丝|葱油扇贝|鱼香杏鲍菇肉丝
25368,春卷|木耳娃娃菜|木耳莴笋|木耳西兰花|椒盐带鱼|白菜千张丝|紫米饭|红烧油片|红烧猪蹄|茄子长江豆肉丝|葱油扇贝|青椒藕片
25369,三色绿豆芽|响铃|紫米饭|红烧猪蹄|红烧鸭块|青椒土豆丝
2537,盐水虾/卤肉|米饭|葱油娃娃菜/莴苣|鸡排/茭白肉丝
25370,包菜炒蛋|木耳西兰花|椒盐带鱼|米饭|红烧油片|红烧鸭块|茄子长江豆肉丝|青椒藕片
25371,三色绿豆芽|木耳莴笋|米饭|红烧鸭块|虎皮尖椒
25372,大块肉|木耳莴笋|米饭|红烧鸭块|茄子长江豆肉丝
25373,三色绿豆芽|包菜炒蛋|木耳西兰花|椒盐带鱼|米饭|红烧油片|青椒土豆丝
25374,包菜炒蛋|木耳西兰花|米饭|紫米饭|葱油鸡|鱼香杏鲍菇肉丝
25375,大块肉|春卷|木耳娃娃菜|米饭|青椒藕片
25376,响铃|椒盐带鱼|白菜千张丝|紫米饭|红烧油片|鱼香杏鲍菇肉丝
25377,三色绿豆芽|木耳娃娃菜|木耳莴笋|木耳西兰花|鱼香杏鲍菇肉丝
25378,三色绿豆芽|春卷|米饭|红烧鸭块|虎皮尖椒
25379,三色绿豆芽|春卷|木耳娃娃菜|米饭|茄子长江豆肉丝|葱油扇贝
2538,米饭|葱油娃娃菜/莴苣|酱鸭|鸡排/茭白肉丝
25380,三色绿豆芽|响铃|木耳莴笋|椒盐带鱼|紫米饭|红烧猪蹄|茄子长江豆肉丝|虎皮尖椒
25381,三色绿豆芽|春卷|木耳娃娃菜|木耳莴笋|椒盐带鱼|米饭|紫米饭|红烧油片|茄子长江豆肉丝
25382,三色绿豆芽|大块肉|春卷|木耳娃娃菜|木耳莴笋|米饭|红烧鸭块|茄子长江豆肉丝|虎皮尖椒|青椒藕片
25383,木耳西兰花|椒盐带鱼|紫米饭|红烧猪蹄|茄子长江豆肉丝|葱油鸡|青椒土豆丝
25384,三色绿豆芽|包菜炒蛋|大块肉|木耳娃娃菜|米饭|虎皮尖椒|鱼香杏鲍菇肉丝
25385,三色绿豆芽|米饭|茄子长江豆肉丝|青椒藕片
25386,包菜炒蛋|木耳西兰花|椒盐带鱼|紫米饭|红烧猪蹄|葱油鸡|青椒土豆丝
25387,木耳莴笋|木耳西兰花|椒盐带鱼|紫米饭|红烧油片|红烧猪蹄|青椒土豆丝
25388,三色绿豆芽|木耳娃娃菜|木耳莴笋|米饭|红烧鸭块|茄子长江豆肉丝|青椒藕片
25389,包菜炒蛋|椒盐带鱼|紫米饭|红烧油片|红烧猪蹄|葱油鸡|青椒土豆丝
2539,盐水虾/卤肉|米饭|糖醋里脊|素包子|藕片/芋头|豆芽/青菜|酱鸭|鸡排/茭白肉丝
25390,木耳西兰花|椒盐带鱼|油麦菜|紫米饭|葱油鸡
25391,付皮包|包菜炒蛋|木耳西兰花|椒盐带鱼|米饭|红烧猪蹄|青椒土豆丝
25392,大块肉|木耳莴笋|油麦菜|米饭
25393,付皮包|椒盐带鱼|紫米饭|青椒土豆丝|鱼香杏鲍菇肉丝
25394,包菜炒蛋|木耳西兰花|紫米饭|葱油扇贝|葱油鸡
25395,包菜炒蛋|木耳西兰花|椒盐带鱼|紫米饭|红烧油片|红烧猪蹄|葱油鸡|青椒土豆丝|鱼香杏鲍菇肉丝
25396,三色绿豆芽|大块肉|茄子长江豆肉丝
25397,三色绿豆芽|付皮包|包菜炒蛋|木耳娃娃菜|米饭|红烧鸭块|茄子长江豆肉丝|青椒藕片
25398,包菜炒蛋|木耳西兰花|油麦菜|紫米饭|葱油鸡|虎皮尖椒|鱼香杏鲍菇肉丝
25399,包菜炒蛋|木耳西兰花|椒盐带鱼|米饭|红烧油片|葱油鸡|鱼香杏鲍菇肉丝
254,凉拌黑木耳/素烧鹅|木耳西兰花|米饭|酥鱼/红烧肉|韭黄肉丝小炒|香菇鸭块/雪蘑菇肉片
2540,木耳炒蛋/水面筋|盐水虾/卤肉|米饭|豆芽/青菜
25400,三色绿豆芽
2541,木耳炒蛋/水面筋|米饭|糖醋里脊|素包子|葱油娃娃菜/莴苣|藕片/芋头|鸡排/茭白肉丝
2542,木耳炒蛋/水面筋|盐水虾/卤肉|米饭|糖醋里脊|酱鸭|鸡排/茭白肉丝
2543,盐水虾/卤肉|米饭|葱油娃娃菜/莴苣|鸡排/茭白肉丝
2544,米饭|糖醋里脊|素包子|酱鸭|鸡排/茭白肉丝
2545,米饭|糖醋里脊|素包子|葱油娃娃菜/莴苣|豆芽/青菜|酱鸭|鸡排/茭白肉丝
2546,木耳炒蛋/水面筋|米饭|糖醋里脊|素包子|酱鸭|鸡排/茭白肉丝
2547,木耳炒蛋/水面筋|盐水虾/卤肉|米饭|糖醋里脊|豆芽/青菜
2548,米饭|素包子|葱油娃娃菜/莴苣|藕片/芋头|豆芽/青菜|鸡排/茭白肉丝
2549,盐水虾/卤肉|米饭|糖醋里脊|豆芽/青菜|鸡排/茭白肉丝
255,米饭|葱油娃娃菜|酥鱼/红烧肉|韭黄肉丝小炒
2550,木耳炒蛋/水面筋|米饭|葱油娃娃菜/莴苣|藕片/芋头|豆芽/青菜|鸡排/茭白肉丝
2551,春卷|米饭|莴苣
2552,千叶豆腐肉丝/茭白肉
2553,千叶豆腐肉丝/茭白肉|卤肉|米饭|黄瓜炒蛋/丝瓜
2554,春卷|白菜/土豆丝|米饭|莴苣
2555,白菜/土豆丝|米饭|莴苣|葱油鸡
2556,千叶豆腐肉丝/茭白肉|春卷|米饭|莴苣|葱油娃娃菜|酥鱼/椒盐虾|黄瓜炒蛋/丝瓜
2557,春卷|米饭|葱油娃娃菜|葱油鸡
2558,千叶豆腐肉丝/茭白肉|春卷|米饭|红烧排骨|莴苣
2559,卤肉|春卷|米饭|红烧排骨|莴苣|葱油娃娃菜|葱油鸡|黄瓜炒蛋/丝瓜
256,三色绿豆芽|米饭|肉末茄子|酥鱼/红烧肉|韭黄肉丝小炒
2560,白菜/土豆丝|米饭|莴苣|葱油娃娃菜
2561,千叶豆腐肉丝/茭白肉|卤肉|白菜/土豆丝|米饭|葱油娃娃菜|酥鱼/椒盐虾
2562,千叶豆腐肉丝/茭白肉|米饭|红烧排骨|黄瓜炒蛋/丝瓜
2563,千叶豆腐肉丝/茭白肉|卤肉|白菜/土豆丝|米饭|葱油鸡|酥鱼/椒盐虾
2564,千叶豆腐肉丝/茭白肉|米饭|红烧排骨|莴苣
2565,千叶豆腐肉丝/茭白肉|卤肉|米饭|葱油鸡|黄瓜炒蛋/丝瓜
2566,千叶豆腐肉丝/茭白肉|白菜/土豆丝|米饭|葱油鸡|酥鱼/椒盐虾
2567,千叶豆腐肉丝/茭白肉|白菜/土豆丝|红烧排骨|葱油娃娃菜
2568,白菜/土豆丝|米饭|红烧排骨|莴苣|酥鱼/椒盐虾
2569,春卷|米饭|葱油娃娃菜|葱油鸡|黄瓜炒蛋/丝瓜
257,三色绿豆芽|凉拌黑木耳/素烧鹅|米饭|酥鱼/红烧肉
2570,千叶豆腐肉丝/茭白肉|白菜/土豆丝|米饭|葱油鸡|酥鱼/椒盐虾
2571,白菜/土豆丝|米饭|红烧排骨|莴苣|酥鱼/椒盐虾|黄瓜炒蛋/丝瓜
2572,春卷|白菜/土豆丝|米饭|莴苣|黄鱼
2573,千叶豆腐肉丝/茭白肉|白菜/土豆丝|米饭|酥鱼/椒盐虾
2574,卤肉|春卷|米饭|酥鱼/椒盐虾
2575,千叶豆腐肉丝/茭白肉|白菜/土豆丝|米饭|莴苣|酥鱼/椒盐虾
2576,千叶豆腐肉丝/茭白肉|卤肉|春卷|白菜/土豆丝|米饭|葱油娃娃菜
2577,千叶豆腐肉丝/茭白肉|白菜/土豆丝|米饭|红烧排骨|葱油鸡
2578,千叶豆腐肉丝/茭白肉|白菜/土豆丝|米饭|红烧排骨|酥鱼/椒盐虾
2579,千叶豆腐肉丝/茭白肉|米饭|葱油娃娃菜|酥鱼/椒盐虾|黄瓜炒蛋/丝瓜
258,小酥肉|米饭|肉末茄子|西红柿炒鸡蛋|酥鱼/红烧肉
2580,千叶豆腐肉丝/茭白肉|春卷|米饭|红烧排骨
2581,千叶豆腐肉丝/茭白肉|春卷|白菜/土豆丝|米饭|莴苣|葱油鸡|酥鱼/椒盐虾|黄瓜炒蛋/丝瓜
2582,千叶豆腐肉丝/茭白肉|白菜/土豆丝|米饭
2583,卤肉|春卷|白菜/土豆丝|米饭|红烧排骨|酥鱼/椒盐虾|黄瓜炒蛋/丝瓜
2584,千叶豆腐肉丝/茭白肉|白菜/土豆丝|米饭|红烧排骨|莴苣|酥鱼/椒盐虾
2585,千叶豆腐肉丝/茭白肉|白菜/土豆丝|米饭|酥鱼/椒盐虾
2586,白菜/土豆丝|米饭|莴苣|葱油娃娃菜|葱油鸡|黄鱼
2587,白菜/土豆丝|米饭|莴苣|葱油娃娃菜|黄鱼
2588,千叶豆腐肉丝/茭白肉|米饭|红烧排骨|莴苣
2589,卤肉|白菜/土豆丝|米饭|葱油娃娃菜|酥鱼/椒盐虾|黄瓜炒蛋/丝瓜
259,米饭|葱油娃娃菜|酥鱼/红烧肉|香菇鸭块/雪蘑菇肉片
2590,千叶豆腐肉丝/茭白肉|米饭|葱油娃娃菜|黄瓜炒蛋/丝瓜|黄鱼
2591,春卷|白菜/土豆丝|米饭|酥鱼/椒盐虾
2592,千叶豆腐肉丝/茭白肉|米饭|葱油鸡|黄瓜炒蛋/丝瓜
2593,千叶豆腐肉丝/茭白肉|白菜/土豆丝|米饭|莴苣|黄瓜炒蛋/丝瓜|黄鱼
2594,千叶豆腐肉丝/茭白肉|春卷|米饭|红烧排骨|葱油娃娃菜|黄瓜炒蛋/丝瓜
2595,千叶豆腐肉丝/茭白肉|白菜/土豆丝|米饭|黄瓜炒蛋/丝瓜
2596,千叶豆腐肉丝/茭白肉|白菜/土豆丝|米饭|红烧排骨|莴苣|酥鱼/椒盐虾
2597,春卷|白菜/土豆丝|米饭|红烧排骨|酥鱼/椒盐虾
2598,白菜/土豆丝|米饭|酥鱼/椒盐虾|黄鱼
2599,千叶豆腐肉丝/茭白肉|白菜/土豆丝|米饭|葱油娃娃菜|酥鱼/椒盐虾
260,凉拌黑木耳/素烧鹅|木耳西兰花|米饭|肉末茄子|葱油娃娃菜|西红柿炒鸡蛋|酥鱼/红烧肉|韭黄肉丝小炒|香菇鸭块/雪蘑菇肉片
2600,千叶豆腐肉丝/茭白肉|卤肉|米饭|莴苣
2601,卤肉|白菜/土豆丝|米饭|葱油娃娃菜
2602,千叶豆腐肉丝/茭白肉|卤肉|米饭|红烧排骨|莴苣
2603,千叶豆腐肉丝/茭白肉|米饭|酥鱼/椒盐虾|黄瓜炒蛋/丝瓜|黄鱼
2604,米饭|莴苣|葱油娃娃菜|葱油鸡
2605,千叶豆腐肉丝/茭白肉|米饭|莴苣|葱油鸡|酥鱼/椒盐虾|黄瓜炒蛋/丝瓜
2606,米饭|莴苣|酥鱼/椒盐虾|黄瓜炒蛋/丝瓜
2607,千叶豆腐肉丝/茭白肉|白菜/土豆丝|米饭|酥鱼/椒盐虾
2608,千叶豆腐肉丝/茭白肉|白菜/土豆丝|葱油娃娃菜|葱油鸡|黄鱼
2609,千叶豆腐肉丝/茭白肉|卤肉|白菜/土豆丝|米饭|红烧排骨|葱油鸡|黄瓜炒蛋/丝瓜
261,木耳西兰花|米饭|葱油娃娃菜|西红柿炒鸡蛋|酥鱼/红烧肉|韭黄肉丝小炒|香菇鸭块/雪蘑菇肉片
2610,千叶豆腐肉丝/茭白肉|卤肉|春卷|米饭|葱油娃娃菜
2611,千叶豆腐肉丝/茭白肉|春卷|白菜/土豆丝|米饭|莴苣|葱油娃娃菜|葱油鸡
2612,千叶豆腐肉丝/茭白肉|卤肉|米饭|红烧排骨|莴苣|葱油娃娃菜|葱油鸡
2613,卤肉|米饭|红烧排骨|莴苣|葱油娃娃菜|酥鱼/椒盐虾
2614,千叶豆腐肉丝/茭白肉|卤肉|白菜/土豆丝|米饭|葱油娃娃菜
2615,千叶豆腐肉丝/茭白肉|春卷|白菜/土豆丝|米饭|葱油娃娃菜|葱油鸡
2616,白菜/土豆丝|米饭|酥鱼/椒盐虾
2617,春卷|白菜/土豆丝|米饭|红烧排骨|莴苣|酥鱼/椒盐虾|黄瓜炒蛋/丝瓜
2618,千叶豆腐肉丝/茭白肉|春卷|白菜/土豆丝|米饭|红烧排骨|葱油鸡|酥鱼/椒盐虾|黄瓜炒蛋/丝瓜
2619,千叶豆腐肉丝/茭白肉|春卷|白菜/土豆丝|米饭|莴苣|酥鱼/椒盐虾
262,三色绿豆芽|米饭|肉末茄子|葱油娃娃菜|西红柿炒鸡蛋|香菇鸭块/雪蘑菇肉片
2620,春卷|米饭|酥鱼/椒盐虾|黄鱼
2621,千叶豆腐肉丝/茭白肉|卤肉|春卷|米饭|红烧排骨|葱油娃娃菜|黄瓜炒蛋/丝瓜
2622,春卷|米饭|红烧排骨|葱油娃娃菜
2623,春卷|白菜/土豆丝|米饭|红烧排骨|葱油娃娃菜|酥鱼/椒盐虾
2624,卤肉|米饭|红烧排骨|莴苣|葱油鸡|黄瓜炒蛋/丝瓜
2625,卤肉|米饭|红烧排骨|莴苣|葱油娃娃菜|酥鱼/椒盐虾
2626,千叶豆腐肉丝/茭白肉|米饭|酥鱼/椒盐虾|黄瓜炒蛋/丝瓜
2627,春卷|米饭|红烧排骨|葱油娃娃菜
2628,千叶豆腐肉丝/茭白肉|卤肉|春卷|白菜/土豆丝|米饭|葱油娃娃菜|酥鱼/椒盐虾
2629,春卷|米饭|酥鱼/椒盐虾
263,三色绿豆芽|米饭|肉末茄子|葱油娃娃菜|酥鱼/红烧肉
2630,千叶豆腐肉丝/茭白肉|春卷|米饭|酥鱼/椒盐虾|黄瓜炒蛋/丝瓜
2631,春卷|白菜/土豆丝|米饭
2632,千叶豆腐肉丝/茭白肉|春卷|白菜/土豆丝|米饭
2633,春卷|米饭|莴苣|葱油鸡|酥鱼/椒盐虾|黄瓜炒蛋/丝瓜
2634,白菜/土豆丝|米饭|红烧排骨|莴苣|黄鱼
2635,千叶豆腐肉丝/茭白肉|白菜/土豆丝|米饭|莴苣|葱油鸡|酥鱼/椒盐虾
2636,白菜/土豆丝|米饭|莴苣|酥鱼/椒盐虾|黄瓜炒蛋/丝瓜|黄鱼
2637,千叶豆腐肉丝/茭白肉|卤肉|白菜/土豆丝|米饭|葱油鸡
2638,卤肉|春卷|白菜/土豆丝|米饭|红烧排骨|酥鱼/椒盐虾
2639,千叶豆腐肉丝/茭白肉|白菜/土豆丝|米饭|红烧排骨|莴苣|酥鱼/椒盐虾|黄瓜炒蛋/丝瓜
264,三色绿豆芽|凉拌黑木耳/素烧鹅|米饭|葱油娃娃菜|酥鱼/红烧肉
2640,春卷|米饭|红烧排骨|葱油娃娃菜|葱油鸡|酥鱼/椒盐虾
2641,千叶豆腐肉丝/茭白肉|卤肉|春卷|白菜/土豆丝|米饭|红烧排骨|葱油娃娃菜|酥鱼/椒盐虾
2642,白菜/土豆丝|米饭|红烧排骨|葱油娃娃菜|酥鱼/椒盐虾|黄瓜炒蛋/丝瓜
2643,千叶豆腐肉丝/茭白肉|白菜/土豆丝|米饭|红烧排骨|葱油娃娃菜|酥鱼/椒盐虾
2644,白菜/土豆丝|米饭|黄瓜炒蛋/丝瓜
2645,千叶豆腐肉丝/茭白肉|卤肉|白菜/土豆丝|米饭|葱油娃娃菜|葱油鸡|黄瓜炒蛋/丝瓜
2646,千叶豆腐肉丝/茭白肉|春卷|米饭|莴苣|葱油鸡
2647,白菜/土豆丝|米饭|莴苣|葱油娃娃菜|酥鱼/椒盐虾
2648,千叶豆腐肉丝/茭白肉|白菜/土豆丝|米饭|红烧排骨|莴苣|黄瓜炒蛋/丝瓜|黄鱼
2649,卤肉|白菜/土豆丝|米饭|黄瓜炒蛋/丝瓜
265,小酥肉|米饭|葱油娃娃菜|西红柿炒鸡蛋
2650,米饭|酥鱼/椒盐虾|黄瓜炒蛋/丝瓜
2651,米饭|莴苣|葱油鸡|酥鱼/椒盐虾|黄瓜炒蛋/丝瓜
2652,千叶豆腐肉丝/茭白肉|白菜/土豆丝|米饭|莴苣|葱油鸡
2653,米饭|葱油娃娃菜|葱油鸡
2654,白菜/土豆丝|米饭|红烧排骨|莴苣|葱油娃娃菜|葱油鸡|黄瓜炒蛋/丝瓜
2655,千叶豆腐肉丝/茭白肉|卤肉|米饭|葱油鸡|酥鱼/椒盐虾|黄瓜炒蛋/丝瓜
2656,千叶豆腐肉丝/茭白肉|卤肉|米饭|莴苣|葱油娃娃菜|葱油鸡|酥鱼/椒盐虾|黄瓜炒蛋/丝瓜
2657,白菜/土豆丝|莴苣
2658,千叶豆腐肉丝/茭白肉|白菜/土豆丝|米饭|莴苣|葱油娃娃菜|葱油鸡|黄瓜炒蛋/丝瓜
2659,千叶豆腐肉丝/茭白肉|白菜/土豆丝|米饭|红烧排骨|莴苣|黄瓜炒蛋/丝瓜
266,凉拌黑木耳/素烧鹅|木耳西兰花|米饭|肉末茄子|西红柿炒鸡蛋|香菇鸭块/雪蘑菇肉片
2660,千叶豆腐肉丝/茭白肉|春卷|白菜/土豆丝|米饭|红烧排骨|葱油娃娃菜|酥鱼/椒盐虾
2661,春卷|米饭|葱油娃娃菜|葱油鸡
2662,千叶豆腐肉丝/茭白肉|卤肉|白菜/土豆丝|米饭|黄瓜炒蛋/丝瓜
2663,卤肉|白菜/土豆丝|米饭|葱油娃娃菜|葱油鸡
2664,春卷|白菜/土豆丝|米饭|莴苣|黄瓜炒蛋/丝瓜
2665,米饭|红烧排骨|莴苣|酥鱼/椒盐虾
2666,卤肉|春卷|米饭|葱油娃娃菜|葱油鸡
2667,春卷|白菜/土豆丝|米饭|红烧排骨|葱油娃娃菜|葱油鸡|黄瓜炒蛋/丝瓜
2668,千叶豆腐肉丝/茭白肉|春卷|米饭|莴苣|酥鱼/椒盐虾
2669,千叶豆腐肉丝/茭白肉|米饭|红烧排骨|莴苣|酥鱼/椒盐虾|黄瓜炒蛋/丝瓜
267,凉拌黑木耳/素烧鹅|米饭|韭黄肉丝小炒|香菇鸭块/雪蘑菇肉片
2670,千叶豆腐肉丝/茭白肉|米饭|红烧排骨|葱油娃娃菜|葱油鸡|酥鱼/椒盐虾
2671,千叶豆腐肉丝/茭白肉|白菜/土豆丝|米饭|葱油娃娃菜|酥鱼/椒盐虾
2672,千叶豆腐肉丝/茭白肉|白菜/土豆丝|米饭|红烧排骨|莴苣|葱油鸡|酥鱼/椒盐虾
2673,千叶豆腐肉丝/茭白肉|米饭|莴苣|葱油娃娃菜|酥鱼/椒盐虾|黄鱼
2674,千叶豆腐肉丝/茭白肉|春卷|米饭|红烧排骨|葱油鸡|酥鱼/椒盐虾
2675,千叶豆腐肉丝/茭白肉|莴苣|葱油鸡|黄鱼
2676,春卷|白菜/土豆丝|米饭|葱油娃娃菜|酥鱼/椒盐虾|黄瓜炒蛋/丝瓜
2677,千叶豆腐肉丝/茭白肉|米饭|红烧排骨|葱油娃娃菜|黄瓜炒蛋/丝瓜
2678,千叶豆腐肉丝/茭白肉|卤肉|春卷|米饭|莴苣|酥鱼/椒盐虾|黄瓜炒蛋/丝瓜
2679,卤肉|春卷|米饭|红烧排骨|葱油娃娃菜|酥鱼/椒盐虾
268,椒盐虾|米饭|葱油娃娃菜|酥鱼/红烧肉
2680,千叶豆腐肉丝/茭白肉|白菜/土豆丝|米饭|葱油娃娃菜|葱油鸡|酥鱼/椒盐虾
2681,千叶豆腐肉丝/茭白肉|春卷|米饭|红烧排骨|葱油娃娃菜
2682,千叶豆腐肉丝/茭白肉|莴苣|酥鱼/椒盐虾
2683,千叶豆腐肉丝/茭白肉|春卷|白菜/土豆丝|米饭|莴苣|葱油娃娃菜|酥鱼/椒盐虾|黄瓜炒蛋/丝瓜
2684,千叶豆腐肉丝/茭白肉|白菜/土豆丝|米饭|酥鱼/椒盐虾|黄瓜炒蛋/丝瓜
2685,千叶豆腐肉丝/茭白肉|卤肉|米饭|葱油娃娃菜|酥鱼/椒盐虾
2686,千叶豆腐肉丝/茭白肉|白菜/土豆丝|米饭|葱油鸡|酥鱼/椒盐虾
2687,千叶豆腐肉丝/茭白肉|白菜/土豆丝|米饭|红烧排骨|莴苣|葱油娃娃菜|酥鱼/椒盐虾|黄瓜炒蛋/丝瓜
2688,白菜/土豆丝|米饭|莴苣|黄瓜炒蛋/丝瓜|黄鱼
2689,米饭|红烧排骨|莴苣|葱油娃娃菜|酥鱼/椒盐虾
269,凉拌黑木耳/素烧鹅|米饭|肉末茄子|葱油娃娃菜|酥鱼/红烧肉|韭黄肉丝小炒|香菇鸭块/雪蘑菇肉片
2690,千叶豆腐肉丝/茭白肉|米饭|葱油娃娃菜|酥鱼/椒盐虾
2691,千叶豆腐肉丝/茭白肉|白菜/土豆丝|米饭|红烧排骨|莴苣
2692,春卷|米饭|红烧排骨|葱油娃娃菜|黄瓜炒蛋/丝瓜
2693,春卷|米饭|葱油娃娃菜|酥鱼/椒盐虾
2694,千叶豆腐肉丝/茭白肉|春卷|白菜/土豆丝|米饭|红烧排骨|葱油娃娃菜|葱油鸡|酥鱼/椒盐虾
2695,千叶豆腐肉丝/茭白肉|春卷|白菜/土豆丝|米饭|红烧排骨|葱油娃娃菜|葱油鸡
2696,千叶豆腐肉丝/茭白肉|米饭|红烧排骨|莴苣|酥鱼/椒盐虾
2697,千叶豆腐肉丝/茭白肉|春卷|米饭|葱油娃娃菜|黄瓜炒蛋/丝瓜
2698,春卷|米饭|莴苣|酥鱼/椒盐虾
2699,千叶豆腐肉丝/茭白肉|白菜/土豆丝|米饭|葱油娃娃菜|黄鱼
270,三色绿豆芽|米饭|香菇鸭块/雪蘑菇肉片
2700,米饭|莴苣|黄鱼
2701,卤肉|米饭|葱油娃娃菜|黄瓜炒蛋/丝瓜
2702,白菜/土豆丝|米饭|红烧排骨|莴苣|酥鱼/椒盐虾
2703,千叶豆腐肉丝/茭白肉|卤肉|白菜/土豆丝|米饭|红烧排骨|葱油娃娃菜|酥鱼/椒盐虾|黄瓜炒蛋/丝瓜
2704,卤肉|春卷|白菜/土豆丝|米饭|莴苣|酥鱼/椒盐虾
2705,千叶豆腐肉丝/茭白肉|白菜/土豆丝|米饭|葱油娃娃菜|酥鱼/椒盐虾|黄瓜炒蛋/丝瓜|黄鱼
2706,白菜/土豆丝|米饭|红烧排骨|莴苣|葱油娃娃菜|葱油鸡
2707,千叶豆腐肉丝/茭白肉|白菜/土豆丝|米饭|红烧排骨|葱油娃娃菜|葱油鸡|酥鱼/椒盐虾
2708,千叶豆腐肉丝/茭白肉|卤肉|米饭|莴苣|酥鱼/椒盐虾
2709,千叶豆腐肉丝/茭白肉|春卷|米饭|红烧排骨|莴苣|黄瓜炒蛋/丝瓜
271,小酥肉|木耳西兰花|米饭|葱油娃娃菜|酥鱼/红烧肉|韭黄肉丝小炒|香菇鸭块/雪蘑菇肉片
2710,千叶豆腐肉丝/茭白肉|米饭|红烧排骨|莴苣|葱油鸡
2711,千叶豆腐肉丝/茭白肉|米饭|红烧排骨|葱油娃娃菜|酥鱼/椒盐虾
2712,千叶豆腐肉丝/茭白肉|米饭|红烧排骨|莴苣|葱油鸡|酥鱼/椒盐虾|黄瓜炒蛋/丝瓜
2713,千叶豆腐肉丝/茭白肉|白菜/土豆丝|米饭|酥鱼/椒盐虾|黄鱼
2714,千叶豆腐肉丝/茭白肉|米饭|酥鱼/椒盐虾|黄瓜炒蛋/丝瓜
2715,白菜/土豆丝|米饭|红烧排骨|酥鱼/椒盐虾
2716,卤肉|春卷|白菜/土豆丝|米饭|红烧排骨|酥鱼/椒盐虾|黄瓜炒蛋/丝瓜
2717,千叶豆腐肉丝/茭白肉|白菜/土豆丝|米饭|红烧排骨|葱油娃娃菜|黄瓜炒蛋/丝瓜
2718,春卷|白菜/土豆丝|米饭|莴苣|酥鱼/椒盐虾|黄瓜炒蛋/丝瓜
2719,千叶豆腐肉丝/茭白肉|白菜/土豆丝|米饭|葱油娃娃菜|葱油鸡|黄瓜炒蛋/丝瓜|黄鱼
272,木耳西兰花|米饭|酥鱼/红烧肉|韭黄肉丝小炒|香菇鸭块/雪蘑菇肉片
2720,卤肉|白菜/土豆丝|米饭|莴苣
2721,千叶豆腐肉丝/茭白肉|米饭|红烧排骨|葱油娃娃菜
2722,千叶豆腐肉丝/茭白肉|白菜/土豆丝|米饭|莴苣
2723,千叶豆腐肉丝/茭白肉|米饭|葱油娃娃菜|葱油鸡
2724,千叶豆腐肉丝/茭白肉|米饭|葱油娃娃菜|葱油鸡|黄瓜炒蛋/丝瓜|黄鱼
2725,千叶豆腐肉丝/茭白肉|卤肉|春卷|白菜/土豆丝|米饭|红烧排骨|黄瓜炒蛋/丝瓜
2726,白菜/土豆丝|米饭|红烧排骨|莴苣|葱油鸡|黄瓜炒蛋/丝瓜
2727,白菜/土豆丝|米饭|酥鱼/椒盐虾|黄鱼
2728,米饭|莴苣|葱油娃娃菜|葱油鸡
2729,千叶豆腐肉丝/茭白肉|白菜/土豆丝|米饭
273,三色绿豆芽|木耳西兰花|米饭|酥鱼/红烧肉|韭黄肉丝小炒|香菇鸭块/雪蘑菇肉片
2730,千叶豆腐肉丝/茭白肉|米饭|红烧排骨|葱油娃娃菜|葱油鸡|黄瓜炒蛋/丝瓜
2731,千叶豆腐肉丝/茭白肉|白菜/土豆丝|米饭|葱油娃娃菜
2732,米饭|葱油娃娃菜|酥鱼/椒盐虾
2733,千叶豆腐肉丝/茭白肉|土豆丝/青菜|春卷|米饭|莴苣
2734,千叶豆腐肉丝/茭白肉|白菜/土豆丝|米饭|红烧排骨|莴苣|葱油鸡
2735,米饭|葱油娃娃菜|酥鱼/椒盐虾|黄瓜炒蛋/丝瓜
2736,千叶豆腐肉丝/茭白肉|白菜/土豆丝|米饭|红烧排骨
2737,白菜/土豆丝|米饭|葱油娃娃菜|酥鱼/椒盐虾|黄鱼
2738,千叶豆腐肉丝/茭白肉|米饭|红烧排骨|莴苣|葱油娃娃菜|酥鱼/椒盐虾|黄瓜炒蛋/丝瓜
2739,卤肉|土豆丝/青菜|米饭|黄瓜炒蛋/丝瓜
274,三色绿豆芽|小酥肉|米饭|葱油娃娃菜|西红柿炒鸡蛋|酥鱼/红烧肉
2740,土豆丝/青菜|米饭|红烧排骨|葱油娃娃菜|酥鱼/椒盐虾|黄瓜炒蛋/丝瓜
2741,千叶豆腐肉丝/茭白肉|土豆丝/青菜|米饭|红烧排骨|莴苣|黄瓜炒蛋/丝瓜
2742,千叶豆腐肉丝/茭白肉|米饭|红烧排骨|葱油娃娃菜|黄瓜炒蛋/丝瓜
2743,土豆丝/青菜|米饭|红烧排骨|莴苣|葱油鸡|酥鱼/椒盐虾|黄瓜炒蛋/丝瓜|黄鱼
2744,米饭|莴苣|葱油鸡|酥鱼/椒盐虾
2745,卤肉|土豆丝/青菜|米饭|红烧排骨|酥鱼/椒盐虾|黄瓜炒蛋/丝瓜|黄鱼
2746,千叶豆腐肉丝/茭白肉|米饭|莴苣|黄鱼
2747,千叶豆腐肉丝/茭白肉|卤肉|土豆丝/青菜|米饭|葱油娃娃菜|葱油鸡
2748,土豆丝/青菜|酥鱼/椒盐虾|黄鱼
2749,千叶豆腐肉丝/茭白肉|卤肉|土豆丝/青菜|米饭|红烧排骨|葱油娃娃菜|葱油鸡|酥鱼/椒盐虾|黄瓜炒蛋/丝瓜
275,木耳西兰花|米饭|葱油娃娃菜
2750,千叶豆腐肉丝/茭白肉|米饭|莴苣|酥鱼/椒盐虾|黄瓜炒蛋/丝瓜|黄鱼
2751,千叶豆腐肉丝/茭白肉|卤肉|白菜/土豆丝|米饭|红烧排骨|葱油娃娃菜|葱油鸡
2752,土豆丝/青菜|米饭|葱油鸡
2753,土豆丝/青菜|米饭|莴苣|葱油娃娃菜|葱油鸡
2754,土豆丝/青菜|米饭|红烧排骨|酥鱼/椒盐虾
2755,千叶豆腐肉丝/茭白肉|土豆丝/青菜|米饭|莴苣|葱油娃娃菜|黄瓜炒蛋/丝瓜
2756,米饭|莴苣|葱油鸡|酥鱼/椒盐虾|黄瓜炒蛋/丝瓜
2757,千叶豆腐肉丝/茭白肉|米饭|红烧排骨|葱油鸡
2758,千叶豆腐肉丝/茭白肉|米饭|葱油鸡|酥鱼/椒盐虾|黄鱼
2759,千叶豆腐肉丝/茭白肉|土豆丝/青菜|米饭|葱油娃娃菜|黄鱼
276,小酥肉|木耳西兰花|米饭|肉末茄子|葱油娃娃菜|酥鱼/红烧肉|韭黄肉丝小炒
2760,千叶豆腐肉丝/茭白肉|米饭|红烧排骨|葱油娃娃菜|葱油鸡|酥鱼/椒盐虾
2761,千叶豆腐肉丝/茭白肉|卤肉|米饭|红烧排骨|葱油娃娃菜|酥鱼/椒盐虾
2762,白菜/土豆丝|米饭|葱油娃娃菜|葱油鸡|黄瓜炒蛋/丝瓜
2763,土豆丝/青菜|米饭|葱油娃娃菜|葱油鸡|酥鱼/椒盐虾|黄鱼
2764,白菜/土豆丝|米饭|葱油娃娃菜|葱油鸡|酥鱼/椒盐虾
2765,卤肉|土豆丝/青菜|米饭|黄瓜炒蛋/丝瓜
2766,卤肉|白菜/土豆丝|米饭|红烧排骨|莴苣|葱油鸡|酥鱼/椒盐虾|黄瓜炒蛋/丝瓜
2767,白菜/土豆丝|米饭|葱油鸡
2768,土豆丝/青菜|米饭|葱油娃娃菜|酥鱼/椒盐虾
2769,千叶豆腐肉丝/茭白肉|土豆丝/青菜|米饭|莴苣|酥鱼/椒盐虾
277,小酥肉|酥鱼/红烧肉
2770,卤肉|土豆丝/青菜|米饭|红烧排骨|葱油鸡|酥鱼/椒盐虾
2771,土豆丝/青菜|葱油娃娃菜|葱油鸡|酥鱼/椒盐虾
2772,白菜/土豆丝|米饭|红烧排骨|葱油鸡|黄瓜炒蛋/丝瓜|黄鱼
2773,千叶豆腐肉丝/茭白肉|米饭|红烧排骨|葱油娃娃菜|葱油鸡|黄鱼
2774,千叶豆腐肉丝/茭白肉|卤肉|土豆丝/青菜|米饭|莴苣|葱油鸡|黄瓜炒蛋/丝瓜
2775,卤肉|土豆丝/青菜|米饭|红烧排骨|莴苣|酥鱼/椒盐虾|黄瓜炒蛋/丝瓜
2776,卤肉|土豆丝/青菜|米饭|黄瓜炒蛋/丝瓜|黄鱼
2777,黄鱼
2778,米饭|红烧排骨
2779,米饭|红烧排骨
278,小酥肉|米饭|葱油娃娃菜
2780,千叶豆腐肉丝/茭白肉|土豆丝/青菜|米饭|黄瓜炒蛋/丝瓜
2781,土豆丝/青菜|红烧排骨|黄瓜炒蛋/丝瓜
2782,土豆丝/青菜|米饭|红烧排骨|莴苣|葱油娃娃菜
2783,土豆丝/青菜|米饭|红烧排骨|黄瓜炒蛋/丝瓜
2784,土豆丝/青菜|米饭|酥鱼/椒盐虾|黄瓜炒蛋/丝瓜
2785,土豆丝/青菜|米饭|酥鱼/椒盐虾|黄瓜炒蛋/丝瓜
2786,土豆丝/青菜|米饭|红烧排骨|莴苣|黄瓜炒蛋/丝瓜
2787,千叶豆腐肉丝/茭白肉|土豆丝/青菜|米饭|红烧排骨|酥鱼/椒盐虾
2788,千叶豆腐肉丝/茭白肉|米饭|黄瓜炒蛋/丝瓜
2789,千叶豆腐肉丝/茭白肉|米饭|黄瓜炒蛋/丝瓜
279,三色绿豆芽|米饭|葱油娃娃菜|酥鱼/红烧肉|香菇鸭块/雪蘑菇肉片
2790,扎肉|米饭|红烧白萝卜/红烧茄子
2791,大白菜/豆芽|米饭|莴笋烧肉/千张节烧肉|葱油扇贝|青椒炒鸡蛋|香菇肉丝/鸡排
2792,扎肉|花菜|莴笋烧肉/千张节烧肉|青椒炒面筋/咸菜绿豆|青椒炒鸡蛋
2793,扎肉|红烧白萝卜/红烧茄子|黄鱼
2794,大白菜/豆芽
2795,米饭|青椒炒面筋/咸菜绿豆|香菇肉丝/鸡排
2796,盐水虾|米饭|花菜|葱油扇贝|香菇肉丝/鸡排
2797,米饭|青椒炒鸡蛋|香菇肉丝/鸡排
2798,米饭|红烧白萝卜/红烧茄子|青椒炒面筋/咸菜绿豆|青椒炒鸡蛋|香菇肉丝/鸡排
2799,米饭|红烧白萝卜/红烧茄子|花菜|莴笋烧肉/千张节烧肉
280,木耳西兰花|米饭|酥鱼/红烧肉|韭黄肉丝小炒
2800,扎肉|米饭|莴笋烧肉/千张节烧肉
2801,盐水虾|米饭|红烧白萝卜/红烧茄子|莴笋烧肉/千张节烧肉|葱油扇贝|青椒炒面筋/咸菜绿豆|香菇肉丝/鸡排
2802,大白菜/豆芽|米饭|莴笋烧肉/千张节烧肉
2803,米饭|红烧白萝卜/红烧茄子|香菇肉丝/鸡排
2804,盐水虾|米饭|红烧白萝卜/红烧茄子|香菇肉丝/鸡排
2805,扎肉
2806,米饭|红烧白萝卜/红烧茄子|青椒炒面筋/咸菜绿豆|香菇肉丝/鸡排
2807,大白菜/豆芽|扎肉|米饭|莴笋烧肉/千张节烧肉|青椒炒鸡蛋
2808,大白菜/豆芽|扎肉|米饭|香菇肉丝/鸡排
2809,米饭|红烧白萝卜/红烧茄子|青椒炒鸡蛋|黄鱼
281,米饭|葱油娃娃菜|酥鱼/红烧肉
2810,大白菜/豆芽|米饭|香菇肉丝/鸡排|黄鱼
2811,米饭|莴笋烧肉/千张节烧肉|葱油扇贝|青椒炒鸡蛋|香菇肉丝/鸡排
2812,盐水虾|米饭|红烧白萝卜/红烧茄子|花菜|莴笋烧肉/千张节烧肉|香菇肉丝/鸡排
2813,米饭|莴笋烧肉/千张节烧肉|青椒炒面筋/咸菜绿豆|香菇肉丝/鸡排
2814,盐水虾|米饭|红烧白萝卜/红烧茄子|莴笋烧肉/千张节烧肉|黄鱼
2815,米饭|红烧白萝卜/红烧茄子|花菜|莴笋烧肉/千张节烧肉|青椒炒面筋/咸菜绿豆|青椒炒鸡蛋|香菇肉丝/鸡排
2816,大白菜/豆芽|盐水虾|米饭|花菜|莴笋烧肉/千张节烧肉|青椒炒面筋/咸菜绿豆|香菇肉丝/鸡排
2817,米饭|红烧白萝卜/红烧茄子|花菜|莴笋烧肉/千张节烧肉|青椒炒面筋/咸菜绿豆|青椒炒鸡蛋|香菇肉丝/鸡排
2818,大白菜/豆芽|米饭|红烧白萝卜/红烧茄子|花菜|莴笋烧肉/千张节烧肉|青椒炒面筋/咸菜绿豆|青椒炒鸡蛋|香菇肉丝/鸡排
2819,大白菜/豆芽|米饭|青椒炒鸡蛋|香菇肉丝/鸡排
282,三色绿豆芽|木耳西兰花|米饭|葱油娃娃菜|酥鱼/红烧肉|韭黄肉丝小炒
2820,盐水虾|米饭|红烧白萝卜/红烧茄子|青椒炒面筋/咸菜绿豆|黄鱼
2821,盐水虾|米饭|花菜|莴笋烧肉/千张节烧肉|香菇肉丝/鸡排
2822,大白菜/豆芽|米饭|红烧白萝卜/红烧茄子|花菜|莴笋烧肉/千张节烧肉|香菇肉丝/鸡排
2823,大白菜/豆芽|盐水虾|米饭|葱油扇贝|青椒炒面筋/咸菜绿豆|青椒炒鸡蛋|香菇肉丝/鸡排
2824,扎肉|米饭|红烧白萝卜/红烧茄子|花菜
2825,扎肉|米饭|花菜|葱油扇贝|青椒炒鸡蛋
2826,大白菜/豆芽|扎肉|米饭|花菜|莴笋烧肉/千张节烧肉|青椒炒面筋/咸菜绿豆|青椒炒鸡蛋|香菇肉丝/鸡排
2827,大白菜/豆芽|扎肉|盐水虾|米饭|红烧白萝卜/红烧茄子|花菜|葱油扇贝|青椒炒面筋/咸菜绿豆
2828,扎肉|米饭|红烧白萝卜/红烧茄子
2829,米饭|红烧白萝卜/红烧茄子|青椒炒面筋/咸菜绿豆|青椒炒鸡蛋|香菇肉丝/鸡排|黄鱼
283,小酥肉|米饭|葱油娃娃菜|酥鱼/红烧肉|韭黄肉丝小炒|香菇鸭块/雪蘑菇肉片
2830,盐水虾|米饭|红烧白萝卜/红烧茄子|青椒炒面筋/咸菜绿豆
2831,米饭|青椒炒面筋/咸菜绿豆|青椒炒鸡蛋|香菇肉丝/鸡排
2832,大白菜/豆芽|米饭|葱油扇贝|青椒炒面筋/咸菜绿豆|青椒炒鸡蛋|香菇肉丝/鸡排|黄鱼
2833,大白菜/豆芽|扎肉|米饭|青椒炒面筋/咸菜绿豆|黄鱼
2834,大白菜/豆芽|米饭|花菜|莴笋烧肉/千张节烧肉|青椒炒面筋/咸菜绿豆|青椒炒鸡蛋
2835,红烧白萝卜/红烧茄子|花菜|莴笋烧肉/千张节烧肉|香菇肉丝/鸡排
2836,扎肉|米饭|花菜|莴笋烧肉/千张节烧肉|葱油扇贝|青椒炒面筋/咸菜绿豆
2837,盐水虾|米饭|红烧白萝卜/红烧茄子
2838,盐水虾|米饭|青椒炒面筋/咸菜绿豆|青椒炒鸡蛋|香菇肉丝/鸡排
2839,米饭|红烧白萝卜/红烧茄子|青椒炒鸡蛋|香菇肉丝/鸡排
284,三色绿豆芽|凉拌黑木耳/素烧鹅|米饭|肉末茄子|葱油娃娃菜|韭黄肉丝小炒
2840,大白菜/豆芽|扎肉|米饭|红烧白萝卜/红烧茄子|花菜|青椒炒面筋/咸菜绿豆|青椒炒鸡蛋|香菇肉丝/鸡排
2841,大白菜/豆芽|米饭|青椒炒面筋/咸菜绿豆|青椒炒鸡蛋|香菇肉丝/鸡排
2842,大白菜/豆芽|米饭|青椒炒鸡蛋|香菇肉丝/鸡排
2843,盐水虾|米饭|青椒炒面筋/咸菜绿豆|香菇肉丝/鸡排
2844,扎肉|米饭|红烧白萝卜/红烧茄子|青椒炒面筋/咸菜绿豆|青椒炒鸡蛋
2845,大白菜/豆芽|米饭|莴笋烧肉/千张节烧肉|香菇肉丝/鸡排
2846,扎肉|米饭|红烧白萝卜/红烧茄子|花菜|香菇肉丝/鸡排
2847,米饭|红烧白萝卜/红烧茄子|青椒炒面筋/咸菜绿豆|青椒炒鸡蛋|香菇肉丝/鸡排
2848,大白菜/豆芽|盐水虾|米饭|红烧白萝卜/红烧茄子|花菜|莴笋烧肉/千张节烧肉|青椒炒鸡蛋|香菇肉丝/鸡排
2849,大白菜/豆芽|米饭|黄鱼
285,凉拌黑木耳/素烧鹅|米饭|葱油娃娃菜|酥鱼/红烧肉|韭黄肉丝小炒
2850,大白菜/豆芽|米饭|红烧白萝卜/红烧茄子|莴笋烧肉/千张节烧肉|香菇肉丝/鸡排
2851,米饭|红烧白萝卜/红烧茄子|青椒炒鸡蛋|香菇肉丝/鸡排
2852,盐水虾|米饭|莴笋烧肉/千张节烧肉|香菇肉丝/鸡排
2853,大白菜/豆芽|盐水虾|米饭|花菜|莴笋烧肉/千张节烧肉|青椒炒面筋/咸菜绿豆|香菇肉丝/鸡排
2854,盐水虾|米饭|花菜|莴笋烧肉/千张节烧肉|青椒炒面筋/咸菜绿豆
2855,大白菜/豆芽|米饭|红烧白萝卜/红烧茄子|花菜|莴笋烧肉/千张节烧肉|葱油扇贝|青椒炒面筋/咸菜绿豆|香菇肉丝/鸡排
2856,大白菜/豆芽|米饭|红烧白萝卜/红烧茄子|花菜|青椒炒鸡蛋|香菇肉丝/鸡排|黄鱼
2857,大白菜/豆芽|盐水虾|米饭|红烧白萝卜/红烧茄子|莴笋烧肉/千张节烧肉|青椒炒面筋/咸菜绿豆|青椒炒鸡蛋|黄鱼
2858,大白菜/豆芽|米饭|红烧白萝卜/红烧茄子|花菜|莴笋烧肉/千张节烧肉|香菇肉丝/鸡排
2859,盐水虾|米饭|花菜|青椒炒面筋/咸菜绿豆
286,三色绿豆芽|木耳西兰花|米饭|酥鱼/红烧肉
2860,大白菜/豆芽|米饭|红烧白萝卜/红烧茄子|花菜|莴笋烧肉/千张节烧肉|青椒炒面筋/咸菜绿豆|香菇肉丝/鸡排
2861,大白菜/豆芽|扎肉|米饭|红烧白萝卜/红烧茄子|花菜|葱油扇贝|青椒炒面筋/咸菜绿豆|香菇肉丝/鸡排
2862,大白菜/豆芽|盐水虾|米饭|红烧白萝卜/红烧茄子|莴笋烧肉/千张节烧肉|香菇肉丝/鸡排
2863,大白菜/豆芽|米饭|葱油扇贝|青椒炒面筋/咸菜绿豆|青椒炒鸡蛋|香菇肉丝/鸡排
2864,大白菜/豆芽|扎肉|米饭|红烧白萝卜/红烧茄子|莴笋烧肉/千张节烧肉|葱油扇贝|青椒炒面筋/咸菜绿豆
2865,大白菜/豆芽|米饭|红烧白萝卜/红烧茄子|花菜|香菇肉丝/鸡排
2866,大白菜/豆芽|扎肉|米饭|红烧白萝卜/红烧茄子|莴笋烧肉/千张节烧肉
2867,扎肉|盐水虾|米饭|红烧白萝卜/红烧茄子|花菜|莴笋烧肉/千张节烧肉|葱油扇贝|青椒炒面筋/咸菜绿豆|香菇肉丝/鸡排
2868,米饭|青椒炒面筋/咸菜绿豆|黄鱼
2869,米饭|青椒炒面筋/咸菜绿豆|香菇肉丝/鸡排
287,小酥肉|椒盐虾|米饭|葱油娃娃菜|酥鱼/红烧肉|韭黄肉丝小炒|香菇鸭块/雪蘑菇肉片
2870,大白菜/豆芽|盐水虾|米饭|红烧白萝卜/红烧茄子|花菜|葱油扇贝|青椒炒鸡蛋
2871,扎肉|米饭|花菜|青椒炒面筋/咸菜绿豆|香菇肉丝/鸡排
2872,盐水虾|米饭|花菜|莴笋烧肉/千张节烧肉|青椒炒面筋/咸菜绿豆|黄鱼
2873,大白菜/豆芽|盐水虾|米饭|青椒炒面筋/咸菜绿豆|香菇肉丝/鸡排|黄鱼
2874,米饭|莴笋烧肉/千张节烧肉|葱油扇贝|香菇肉丝/鸡排|黄鱼
2875,大白菜/豆芽|扎肉|米饭|葱油扇贝|青椒炒面筋/咸菜绿豆|青椒炒鸡蛋|黄鱼
2876,米饭|红烧白萝卜/红烧茄子|莴笋烧肉/千张节烧肉|青椒炒鸡蛋|黄鱼
2877,米饭|花菜|莴笋烧肉/千张节烧肉|葱油扇贝
2878,大白菜/豆芽|米饭|红烧白萝卜/红烧茄子|花菜|青椒炒面筋/咸菜绿豆|黄鱼
2879,大白菜/豆芽|扎肉|米饭|葱油扇贝|香菇肉丝/鸡排
288,三色绿豆芽|小酥肉|木耳西兰花|米饭|西红柿炒鸡蛋|韭黄肉丝小炒
2880,扎肉|米饭|花菜|香菇肉丝/鸡排
2881,大白菜/豆芽|米饭|红烧白萝卜/红烧茄子|花菜|莴笋烧肉/千张节烧肉|青椒炒面筋/咸菜绿豆|青椒炒鸡蛋|香菇肉丝/鸡排|黄鱼
2882,大白菜/豆芽|扎肉|米饭|红烧白萝卜/红烧茄子|花菜|莴笋烧肉/千张节烧肉|青椒炒鸡蛋|香菇肉丝/鸡排
2883,扎肉|米饭|青椒炒面筋/咸菜绿豆|青椒炒鸡蛋|香菇肉丝/鸡排
2884,大白菜/豆芽|米饭|红烧白萝卜/红烧茄子|花菜|莴笋烧肉/千张节烧肉|葱油扇贝|青椒炒面筋/咸菜绿豆|香菇肉丝/鸡排
2885,大白菜/豆芽|米饭|莴笋烧肉/千张节烧肉|香菇肉丝/鸡排
2886,大白菜/豆芽|扎肉|盐水虾|米饭|花菜
2887,大白菜/豆芽|米饭|葱油扇贝|香菇肉丝/鸡排
2888,大白菜/豆芽|红烧白萝卜/红烧茄子|青椒炒面筋/咸菜绿豆|香菇肉丝/鸡排
2889,扎肉|米饭|红烧白萝卜/红烧茄子|青椒炒面筋/咸菜绿豆
289,三色绿豆芽|木耳西兰花|米饭|酥鱼/红烧肉|香菇鸭块/雪蘑菇肉片
2890,大白菜/豆芽|米饭|莴笋烧肉/千张节烧肉|葱油扇贝
2891,米饭|红烧白萝卜/红烧茄子|青椒炒面筋/咸菜绿豆|香菇肉丝/鸡排
2892,盐水虾|米饭|莴笋烧肉/千张节烧肉|青椒炒面筋/咸菜绿豆|香菇肉丝/鸡排
2893,大白菜/豆芽|米饭|红烧白萝卜/红烧茄子|青椒炒面筋/咸菜绿豆
2894,扎肉|米饭|花菜|香菇肉丝/鸡排
2895,米饭|花菜|青椒炒鸡蛋|黄鱼
2896,大白菜/豆芽|扎肉|米饭|红烧白萝卜/红烧茄子|花菜|青椒炒面筋/咸菜绿豆|黄鱼
2897,大白菜/豆芽|盐水虾|米饭|红烧白萝卜/红烧茄子|莴笋烧肉/千张节烧肉|青椒炒面筋/咸菜绿豆|香菇肉丝/鸡排
2898,大白菜/豆芽|扎肉|米饭|花菜|青椒炒面筋/咸菜绿豆
2899,扎肉|米饭|花菜|莴笋烧肉/千张节烧肉|青椒炒鸡蛋
290,三色绿豆芽|凉拌黑木耳/素烧鹅|米饭|西红柿炒鸡蛋|酥鱼/红烧肉|香菇鸭块/雪蘑菇肉片
2900,大白菜/豆芽|米饭|红烧白萝卜/红烧茄子|葱油扇贝|香菇肉丝/鸡排
2901,大白菜/豆芽|扎肉|米饭|花菜|莴笋烧肉/千张节烧肉|青椒炒面筋/咸菜绿豆
2902,盐水虾|米饭|花菜|葱油扇贝|青椒炒面筋/咸菜绿豆|香菇肉丝/鸡排
2903,扎肉|米饭|红烧白萝卜/红烧茄子|青椒炒面筋/咸菜绿豆|黄鱼
2904,大白菜/豆芽|盐水虾|米饭|红烧白萝卜/红烧茄子|花菜
2905,米饭|花菜|青椒炒面筋/咸菜绿豆|香菇肉丝/鸡排
2906,大白菜/豆芽|盐水虾|米饭|青椒炒鸡蛋|香菇肉丝/鸡排
2907,大白菜/豆芽|米饭|红烧白萝卜/红烧茄子|花菜|莴笋烧肉/千张节烧肉|青椒炒鸡蛋|香菇肉丝/鸡排
2908,大白菜/豆芽|扎肉|米饭|花菜
2909,大白菜/豆芽|盐水虾|米饭|花菜|莴笋烧肉/千张节烧肉|葱油扇贝|青椒炒鸡蛋
291,木耳西兰花|葱油娃娃菜|韭黄肉丝小炒
2910,米饭|青椒炒面筋/咸菜绿豆|青椒炒鸡蛋|黄鱼
2911,大白菜/豆芽|扎肉|米饭|红烧白萝卜/红烧茄子|莴笋烧肉/千张节烧肉
2912,大白菜/豆芽|莴笋烧肉/千张节烧肉|青椒炒鸡蛋|香菇肉丝/鸡排|黄鱼
2913,大白菜/豆芽|米饭|花菜|莴笋烧肉/千张节烧肉|葱油扇贝
2914,大白菜/豆芽|盐水虾|米饭|青椒炒鸡蛋|黄鱼
2915,扎肉|盐水虾|米饭|花菜|青椒炒面筋/咸菜绿豆|青椒炒鸡蛋|香菇肉丝/鸡排
2916,大白菜/豆芽|盐水虾|米饭|花菜|莴笋烧肉/千张节烧肉|葱油扇贝|香菇肉丝/鸡排
2917,大白菜/豆芽|米饭|红烧白萝卜/红烧茄子|花菜|莴笋烧肉/千张节烧肉|青椒炒面筋/咸菜绿豆|香菇肉丝/鸡排
2918,扎肉|米饭|花菜|葱油扇贝|青椒炒面筋/咸菜绿豆
2919,大白菜/豆芽|米饭|红烧白萝卜/红烧茄子|莴笋烧肉/千张节烧肉|香菇肉丝/鸡排
292,米饭|葱油娃娃菜|酥鱼/红烧肉|韭黄肉丝小炒
2920,大白菜/豆芽|花菜|莴笋烧肉/千张节烧肉|青椒炒面筋/咸菜绿豆|香菇肉丝/鸡排
2921,盐水虾|米饭|红烧白萝卜/红烧茄子|花菜|葱油扇贝|香菇肉丝/鸡排
2922,米饭|红烧白萝卜/红烧茄子|香菇肉丝/鸡排
2923,大白菜/豆芽|扎肉|米饭|青椒炒面筋/咸菜绿豆|青椒炒鸡蛋|香菇肉丝/鸡排
2924,扎肉|米饭|红烧白萝卜/红烧茄子|莴笋烧肉/千张节烧肉
2925,大白菜/豆芽|米饭|红烧白萝卜/红烧茄子|葱油扇贝|黄鱼
2926,盐水虾|米饭|红烧白萝卜/红烧茄子|莴笋烧肉/千张节烧肉|黄鱼
2927,盐水虾|米饭|红烧白萝卜/红烧茄子|莴笋烧肉/千张节烧肉|葱油扇贝
2928,盐水虾|米饭|葱油扇贝|青椒炒面筋/咸菜绿豆|青椒炒鸡蛋|香菇肉丝/鸡排
2929,盐水虾|米饭|红烧白萝卜/红烧茄子|莴笋烧肉/千张节烧肉|青椒炒面筋/咸菜绿豆|青椒炒鸡蛋|香菇肉丝/鸡排
293,米饭|葱油娃娃菜|西红柿炒鸡蛋|韭黄肉丝小炒
2930,米饭|红烧白萝卜/红烧茄子|青椒炒鸡蛋
2931,大白菜/豆芽|扎肉|盐水虾|黄鱼
2932,盐水虾|米饭|红烧白萝卜/红烧茄子|花菜|莴笋烧肉/千张节烧肉|葱油扇贝|青椒炒面筋/咸菜绿豆|青椒炒鸡蛋
2933,大白菜/豆芽|扎肉|米饭|红烧白萝卜/红烧茄子|花菜|葱油扇贝|青椒炒鸡蛋
2934,扎肉|米饭|红烧白萝卜/红烧茄子|花菜|青椒炒面筋/咸菜绿豆|香菇肉丝/鸡排
2935,大白菜/豆芽|扎肉|盐水虾|米饭|莴笋烧肉/千张节烧肉|香菇肉丝/鸡排|黄鱼
2936,米饭
2937,大白菜/豆芽|扎肉|盐水虾|米饭|红烧白萝卜/红烧茄子|花菜|莴笋烧肉/千张节烧肉|青椒炒面筋/咸菜绿豆|黄鱼
2938,大白菜/豆芽|扎肉|米饭|花菜|葱油扇贝|青椒炒面筋/咸菜绿豆|黄鱼
2939,大白菜/豆芽|盐水虾|米饭|红烧白萝卜/红烧茄子|黄鱼
294,三色绿豆芽|木耳西兰花|椒盐虾|米饭|葱油娃娃菜|西红柿炒鸡蛋|酥鱼/红烧肉|韭黄肉丝小炒|香菇鸭块/雪蘑菇肉片
2940,大白菜/豆芽|盐水虾|米饭|花菜
2941,大白菜/豆芽|扎肉|盐水虾|米饭|青椒炒面筋/咸菜绿豆
2942,米饭|红烧白萝卜/红烧茄子|黄鱼
2943,扎肉|米饭|花菜|莴笋烧肉/千张节烧肉|青椒炒鸡蛋|黄鱼
2944,米饭|花菜|青椒炒面筋/咸菜绿豆|青椒炒鸡蛋|香菇肉丝/鸡排
2945,扎肉|米饭|红烧白萝卜/红烧茄子|葱油扇贝|青椒炒面筋/咸菜绿豆|青椒炒鸡蛋
2946,大白菜/豆芽|扎肉|盐水虾|米饭|红烧白萝卜/红烧茄子|花菜
2947,米饭|红烧白萝卜/红烧茄子|莴笋烧肉/千张节烧肉|葱油扇贝|青椒炒鸡蛋
2948,大白菜/豆芽|米饭|莴笋烧肉/千张节烧肉|香菇肉丝/鸡排
2949,盐水虾|米饭|红烧白萝卜/红烧茄子|莴笋烧肉/千张节烧肉|青椒炒面筋/咸菜绿豆|青椒炒鸡蛋|香菇肉丝/鸡排
295,凉拌黑木耳/素烧鹅|木耳西兰花|米饭|酥鱼/红烧肉
2950,扎肉|米饭|花菜|青椒炒鸡蛋
2951,扎肉|米饭|红烧白萝卜/红烧茄子|青椒炒面筋/咸菜绿豆|青椒炒鸡蛋
2952,扎肉|盐水虾|米饭|红烧白萝卜/红烧茄子|花菜|葱油扇贝|香菇肉丝/鸡排
2953,盐水虾|米饭|红烧白萝卜/红烧茄子|花菜|莴笋烧肉/千张节烧肉|香菇肉丝/鸡排
2954,扎肉|盐水虾|米饭|红烧白萝卜/红烧茄子|青椒炒鸡蛋
2955,盐水虾|米饭|红烧白萝卜/红烧茄子|花菜|莴笋烧肉/千张节烧肉|香菇肉丝/鸡排
2956,大白菜/豆芽|米饭|红烧白萝卜/红烧茄子|莴笋烧肉/千张节烧肉|青椒炒鸡蛋|香菇肉丝/鸡排|黄鱼
2957,盐水虾|米饭|莴笋烧肉/千张节烧肉|青椒炒鸡蛋|香菇肉丝/鸡排
2958,大白菜/豆芽|米饭|红烧白萝卜/红烧茄子|香菇肉丝/鸡排
2959,大白菜/豆芽|扎肉|米饭|红烧白萝卜/红烧茄子|花菜
296,三色绿豆芽|米饭|葱油娃娃菜|香菇鸭块/雪蘑菇肉片
2960,大白菜/豆芽|米饭|红烧白萝卜/红烧茄子|莴笋烧肉/千张节烧肉|青椒炒鸡蛋|香菇肉丝/鸡排
2961,大白菜/豆芽|盐水虾|米饭|红烧白萝卜/红烧茄子|花菜|莴笋烧肉/千张节烧肉|葱油扇贝|青椒炒鸡蛋
2962,扎肉|米饭|花菜|青椒炒鸡蛋
2963,大白菜/豆芽|米饭|花菜|青椒炒面筋/咸菜绿豆|香菇肉丝/鸡排|黄鱼
2964,大白菜/豆芽|米饭|红烧白萝卜/红烧茄子|花菜|黄鱼
2965,大白菜/豆芽|米饭|青椒炒鸡蛋|香菇肉丝/鸡排
2966,大白菜/豆芽|米饭|红烧白萝卜/红烧茄子|莴笋烧肉/千张节烧肉|青椒炒鸡蛋
2967,大白菜/豆芽|米饭|莴笋烧肉/千张节烧肉|黄鱼
2968,米饭|红烧白萝卜/红烧茄子|花菜|葱油扇贝|青椒炒鸡蛋|黄鱼
2969,大白菜/豆芽|盐水虾|米饭|葱油扇贝|青椒炒鸡蛋
297,三色绿豆芽|木耳西兰花|椒盐虾|米饭|葱油娃娃菜|酥鱼/红烧肉|青菜|香菇鸭块/雪蘑菇肉片
2970,扎肉|盐水虾|米饭|花菜|香菇肉丝/鸡排|黄鱼
2971,大白菜/豆芽|扎肉|米饭|莴笋烧肉/千张节烧肉|青椒炒鸡蛋|香菇肉丝/鸡排
2972,大白菜/豆芽|盐水虾|米饭|莴笋烧肉/千张节烧肉|青椒炒面筋/咸菜绿豆|黄鱼
2973,大白菜/豆芽|米饭|红烧白萝卜/红烧茄子|莴笋烧肉/千张节烧肉|葱油扇贝|青椒炒鸡蛋
2974,大白菜/豆芽|米饭|莴笋烧肉/千张节烧肉|青椒炒面筋/咸菜绿豆|青椒炒鸡蛋
2975,大白菜/豆芽|米饭|花菜|莴笋烧肉/千张节烧肉
2976,大白菜/豆芽|扎肉|米饭|莴笋烧肉/千张节烧肉|青椒炒面筋/咸菜绿豆|黄鱼
2977,大白菜/豆芽|米饭|红烧白萝卜/红烧茄子|花菜|莴笋烧肉/千张节烧肉
2978,大白菜/豆芽|扎肉|米饭|花菜|青椒炒面筋/咸菜绿豆
2979,大白菜/豆芽|米饭|红烧白萝卜/红烧茄子|青椒炒面筋/咸菜绿豆
298,椒盐虾|米饭|葱油娃娃菜|酥鱼/红烧肉|香菇鸭块/雪蘑菇肉片
2980,米饭|莴笋烧肉/千张节烧肉|青椒炒面筋/咸菜绿豆|青椒炒鸡蛋
2981,大白菜/豆芽|米饭|花菜|黄鱼
2982,大白菜/豆芽|米饭|红烧白萝卜/红烧茄子|莴笋烧肉/千张节烧肉
2983,大白菜/豆芽|米饭|青椒炒面筋/咸菜绿豆|青椒炒鸡蛋|香菇肉丝/鸡排|黄鱼
2984,扎肉|盐水虾|米饭|青椒炒面筋/咸菜绿豆|青椒炒鸡蛋|黄鱼
2985,大白菜/豆芽|盐水虾|米饭|红烧白萝卜/红烧茄子|花菜|莴笋烧肉/千张节烧肉
2986,大白菜/豆芽|扎肉|米饭|青椒炒鸡蛋|香菇肉丝/鸡排
2987,扎肉|米饭|花菜|葱油扇贝|香菇肉丝/鸡排
2988,扎肉|米饭|红烧白萝卜/红烧茄子|青椒炒面筋/咸菜绿豆|青椒炒鸡蛋
2989,盐水虾|米饭|红烧茄子/油麦菜|青椒炒鸡蛋
299,三色绿豆芽|小酥肉|木耳西兰花|米饭|酥鱼/红烧肉
2990,大白菜/豆芽|扎肉|米饭|红烧白萝卜/红烧茄子|花菜|青椒炒面筋/咸菜绿豆|青椒炒鸡蛋|香菇肉丝/鸡排
2991,大白菜/豆芽|扎肉|米饭|红烧茄子/油麦菜|莴笋烧肉/千张节烧肉|青椒炒面筋/咸菜绿豆|青椒炒鸡蛋|香菇肉丝/鸡排
2992,盐水虾|米饭|红烧茄子/油麦菜|莴笋烧肉/千张节烧肉|葱油扇贝|黄鱼
2993,大白菜/豆芽|扎肉|盐水虾|米饭|红烧茄子/油麦菜|花菜|青椒炒面筋/咸菜绿豆|香菇肉丝/鸡排
2994,大白菜/豆芽|扎肉|米饭|红烧茄子/油麦菜|花菜|青椒炒面筋/咸菜绿豆
2995,米饭|红烧白萝卜/红烧茄子|莴笋烧肉/千张节烧肉|青椒炒面筋/咸菜绿豆|青椒炒鸡蛋
2996,大白菜/豆芽|米饭|葱油扇贝|黄鱼
2997,大白菜/豆芽|米饭|红烧茄子/油麦菜|青椒炒面筋/咸菜绿豆|黄鱼
2998,大白菜/豆芽|扎肉|米饭|红烧白萝卜/红烧茄子
2999,扎肉|米饭|红烧白萝卜/红烧茄子|花菜
300,凉拌黑木耳/素烧鹅|米饭|酥鱼/红烧肉|韭黄肉丝小炒|香菇鸭块/雪蘑菇肉片
3000,扎肉|米饭|红烧茄子/油麦菜|花菜|香菇肉丝/鸡排
3001,大白菜/豆芽|扎肉|米饭|莴笋烧肉/千张节烧肉|青椒炒鸡蛋
3002,大白菜/豆芽|扎肉|米饭|红烧茄子/油麦菜|花菜|青椒炒面筋/咸菜绿豆
3003,大白菜/豆芽|米饭|红烧茄子/油麦菜|花菜|青椒炒鸡蛋
3004,大白菜/豆芽|扎肉|米饭|莴笋烧肉/千张节烧肉|青椒炒面筋/咸菜绿豆|青椒炒鸡蛋
3005,扎肉|米饭|红烧白萝卜/红烧茄子|花菜|青椒炒鸡蛋
3006,米饭|红烧茄子/油麦菜|花菜|莴笋烧肉/千张节烧肉|青椒炒面筋/咸菜绿豆|青椒炒鸡蛋
3007,大白菜/豆芽|扎肉|米饭|花菜|莴笋烧肉/千张节烧肉|青椒炒鸡蛋
3008,米饭|花菜|莴笋烧肉/千张节烧肉
3009,大白菜/豆芽|扎肉|米饭|莴笋烧肉/千张节烧肉|葱油扇贝|青椒炒面筋/咸菜绿豆|青椒炒鸡蛋
3010,大白菜/豆芽|扎肉|米饭|葱油扇贝|青椒炒面筋/咸菜绿豆|香菇肉丝/鸡排
3011,米饭|莴笋烧肉/千张节烧肉|青椒炒面筋/咸菜绿豆|香菇肉丝/鸡排
3012,米饭|莴笋烧肉/千张节烧肉|葱油扇贝|青椒炒面筋/咸菜绿豆
3013,米饭|花菜|莴笋烧肉/千张节烧肉|黄鱼
3014,大白菜/豆芽|扎肉|米饭|花菜|莴笋烧肉/千张节烧肉|青椒炒面筋/咸菜绿豆|青椒炒鸡蛋
3015,大白菜/豆芽|扎肉|米饭|红烧白萝卜/红烧茄子|青椒炒面筋/咸菜绿豆|青椒炒鸡蛋|香菇肉丝/鸡排
3016,米饭|红烧茄子/油麦菜|花菜|莴笋烧肉/千张节烧肉|青椒炒面筋/咸菜绿豆|香菇肉丝/鸡排
3017,大白菜/豆芽|扎肉|米饭|花菜|青椒炒面筋/咸菜绿豆
3018,米饭|红烧茄子/油麦菜|花菜|莴笋烧肉/千张节烧肉|青椒炒面筋/咸菜绿豆|香菇肉丝/鸡排
3019,大白菜/豆芽|米饭|红烧白萝卜/红烧茄子|莴笋烧肉/千张节烧肉|葱油扇贝|青椒炒面筋/咸菜绿豆
302,米饭|葱油娃娃菜|酥鱼/红烧肉|韭黄肉丝小炒
3020,扎肉|米饭|花菜|葱油扇贝
3021,米饭|莴笋烧肉/千张节烧肉|青椒炒面筋/咸菜绿豆|青椒炒鸡蛋
3022,盐水虾|米饭|红烧茄子/油麦菜|花菜|葱油扇贝|青椒炒面筋/咸菜绿豆|香菇肉丝/鸡排
3023,米饭|莴笋烧肉/千张节烧肉|青椒炒面筋/咸菜绿豆
3024,大白菜/豆芽|花菜|葱油扇贝
3025,米饭|红烧茄子/油麦菜
3026,扎肉|米饭|红烧白萝卜/红烧茄子|青椒炒鸡蛋|香菇肉丝/鸡排
3027,米饭|红烧茄子/油麦菜|莴笋烧肉/千张节烧肉|青椒炒面筋/咸菜绿豆|香菇肉丝/鸡排
3028,大白菜/豆芽|米饭|莴笋烧肉/千张节烧肉|葱油扇贝|青椒炒面筋/咸菜绿豆|香菇肉丝/鸡排
3029,米饭|红烧白萝卜/红烧茄子|莴笋烧肉/千张节烧肉|葱油扇贝|青椒炒面筋/咸菜绿豆|青椒炒鸡蛋
303,三色绿豆芽|小酥肉|木耳西兰花|米饭|酥鱼/红烧肉|韭黄肉丝小炒|香菇鸭块/雪蘑菇肉片
3030,米饭|红烧茄子/油麦菜|花菜|莴笋烧肉/千张节烧肉|青椒炒面筋/咸菜绿豆|青椒炒鸡蛋|黄鱼
3031,大白菜/豆芽|米饭|红烧白萝卜/红烧茄子|青椒炒面筋/咸菜绿豆|黄鱼
3032,大白菜/豆芽|米饭|花菜|青椒炒面筋/咸菜绿豆
3033,扎肉|米饭|花菜|香菇肉丝/鸡排
3034,大白菜/豆芽|米饭|青椒炒鸡蛋|香菇肉丝/鸡排
3035,米饭|红烧茄子/油麦菜|莴笋烧肉/千张节烧肉|青椒炒面筋/咸菜绿豆
3036,大白菜/豆芽|米饭|葱油扇贝|青椒炒面筋/咸菜绿豆|香菇肉丝/鸡排
3037,大白菜/豆芽|米饭|莴笋烧肉/千张节烧肉|青椒炒面筋/咸菜绿豆
3038,大白菜/豆芽|米饭|莴笋烧肉/千张节烧肉
3039,米饭|红烧茄子/油麦菜|花菜|青椒炒面筋/咸菜绿豆|青椒炒鸡蛋|黄鱼
304,三色绿豆芽|凉拌黑木耳/素烧鹅|小酥肉|米饭|肉末茄子|葱油娃娃菜|酥鱼/红烧肉|韭黄肉丝小炒|香菇鸭块/雪蘑菇肉片
3040,大白菜/豆芽|米饭|红烧茄子/油麦菜|花菜|莴笋烧肉/千张节烧肉|青椒炒面筋/咸菜绿豆|香菇肉丝/鸡排
3041,大白菜/豆芽|米饭|红烧茄子/油麦菜|香菇肉丝/鸡排
3042,大白菜/豆芽|米饭|花菜|葱油扇贝|青椒炒鸡蛋|黄鱼
3043,大白菜/豆芽|扎肉|米饭|红烧茄子/油麦菜|花菜|莴笋烧肉/千张节烧肉|香菇肉丝/鸡排
3044,大白菜/豆芽|米饭|莴笋烧肉/千张节烧肉|香菇肉丝/鸡排
3045,盐水虾|米饭|红烧茄子/油麦菜|花菜|莴笋烧肉/千张节烧肉|青椒炒面筋/咸菜绿豆|青椒炒鸡蛋
3046,大白菜/豆芽|盐水虾|米饭|红烧茄子/油麦菜|花菜|莴笋烧肉/千张节烧肉|青椒炒面筋/咸菜绿豆|香菇肉丝/鸡排
3047,大白菜/豆芽|米饭|花菜|莴笋烧肉/千张节烧肉
3048,大白菜/豆芽|米饭|红烧茄子/油麦菜|莴笋烧肉/千张节烧肉|葱油扇贝|青椒炒鸡蛋|黄鱼
3049,大白菜/豆芽|盐水虾|米饭|红烧茄子/油麦菜|莴笋烧肉/千张节烧肉|青椒炒面筋/咸菜绿豆|黄鱼
305,三色绿豆芽|米饭|葱油娃娃菜|酥鱼/红烧肉
3050,大白菜/豆芽|盐水虾|米饭|红烧茄子/油麦菜|莴笋烧肉/千张节烧肉|青椒炒鸡蛋
3051,盐水虾|米饭|红烧茄子/油麦菜|莴笋烧肉/千张节烧肉
3052,大白菜/豆芽|盐水虾|米饭|青椒炒面筋/咸菜绿豆
3053,米饭|红烧肉|西葫芦肉丝/茭白肉丝
3054,清烧南瓜/葱油芋头|米饭|红烧肉
3055,家常豆腐|椒盐带鱼/油爆虾|油豆腐烧肉|清烧南瓜/葱油芋头|米饭|红烧肉|莴笋烧肉/千张节烧肉
3056,大白菜/黄瓜炒蛋|米饭|葱油鸡
3057,土豆丝/小青菜|米饭|红烧肉|莴笋烧肉/千张节烧肉
3058,土豆丝/小青菜|油豆腐烧肉|米饭|红烧肉
3059,土豆丝/小青菜|娃娃菜/黄瓜炒蛋|椒盐带鱼/油爆虾|清烧南瓜/葱油芋头|米饭|莴笋烧肉/千张节烧肉|黄鱼
306,木耳西兰花|米饭|酥鱼/红烧肉|青菜|韭黄肉丝小炒|香菇鸭块/雪蘑菇肉片
3060,土豆丝/小青菜|米饭|黄鱼
3061,土豆丝/小青菜|娃娃菜/黄瓜炒蛋|清烧南瓜/葱油芋头|米饭|红烧肉|莴笋烧肉/千张节烧肉|葱油鸡
3062,娃娃菜/黄瓜炒蛋|米饭|红烧肉|葱油鸡
3063,土豆丝/小青菜|椒盐带鱼/油爆虾|米饭
3064,土豆丝/小青菜|娃娃菜/黄瓜炒蛋|家常豆腐|椒盐带鱼/油爆虾|油豆腐烧肉|米饭|葱油鸡|西葫芦肉丝/茭白肉丝
3065,娃娃菜/黄瓜炒蛋|家常豆腐|米饭|莴笋烧肉/千张节烧肉
3066,土豆丝/小青菜|娃娃菜/黄瓜炒蛋|椒盐带鱼/油爆虾|葱油鸡|西葫芦肉丝/茭白肉丝
3067,土豆丝/小青菜|家常豆腐|椒盐带鱼/油爆虾|清烧南瓜/葱油芋头|米饭|红烧肉|西葫芦肉丝/茭白肉丝
3068,土豆丝/小青菜|家常豆腐|椒盐带鱼/油爆虾|米饭|莴笋烧肉/千张节烧肉|葱油鸡|黄鱼
3069,娃娃菜/黄瓜炒蛋|椒盐带鱼/油爆虾|米饭|葱油鸡|西葫芦肉丝/茭白肉丝|黄鱼
307,凉拌黑木耳/素烧鹅|米饭|葱油娃娃菜|香菇鸭块/雪蘑菇肉片
3070,娃娃菜/黄瓜炒蛋|家常豆腐|米饭|红烧肉
3071,娃娃菜/黄瓜炒蛋|米饭|莴笋烧肉/千张节烧肉|西葫芦肉丝/茭白肉丝
3072,娃娃菜/黄瓜炒蛋|家常豆腐|米饭|红烧肉|葱油鸡|西葫芦肉丝/茭白肉丝
3073,土豆丝/小青菜|椒盐带鱼/油爆虾|清烧南瓜/葱油芋头|米饭|西葫芦肉丝/茭白肉丝
3074,土豆丝/小青菜|家常豆腐|油豆腐烧肉|米饭|红烧肉
3075,土豆丝/小青菜|红烧肉|莴笋烧肉/千张节烧肉
3076,土豆丝/小青菜|家常豆腐|米饭|莴笋烧肉/千张节烧肉|西葫芦肉丝/茭白肉丝
3077,土豆丝/小青菜|娃娃菜/黄瓜炒蛋|椒盐带鱼/油爆虾|米饭|葱油鸡|西葫芦肉丝/茭白肉丝|黄鱼
3078,娃娃菜/黄瓜炒蛋|清烧南瓜/葱油芋头|米饭|莴笋烧肉/千张节烧肉|黄鱼
3079,土豆丝/小青菜|娃娃菜/黄瓜炒蛋|家常豆腐|米饭|葱油鸡
308,三色绿豆芽|小酥肉|木耳西兰花|米饭|香菇鸭块/雪蘑菇肉片
3080,土豆丝/小青菜|家常豆腐|椒盐带鱼/油爆虾|清烧南瓜/葱油芋头|米饭|莴笋烧肉/千张节烧肉|黄鱼
3081,土豆丝/小青菜|娃娃菜/黄瓜炒蛋|家常豆腐|椒盐带鱼/油爆虾|油豆腐烧肉|清烧南瓜/葱油芋头|米饭|莴笋烧肉/千张节烧肉|葱油鸡
3082,土豆丝/小青菜|娃娃菜/黄瓜炒蛋|家常豆腐|清烧南瓜/葱油芋头|米饭|葱油鸡
3083,娃娃菜/黄瓜炒蛋|家常豆腐|椒盐带鱼/油爆虾|米饭|红烧肉|葱油鸡
3084,土豆丝/小青菜|娃娃菜/黄瓜炒蛋|家常豆腐|椒盐带鱼/油爆虾|米饭|莴笋烧肉/千张节烧肉|葱油鸡
3085,土豆丝/小青菜|娃娃菜/黄瓜炒蛋|家常豆腐|椒盐带鱼/油爆虾|油豆腐烧肉|清烧南瓜/葱油芋头|米饭|红烧肉|莴笋烧肉/千张节烧肉|葱油鸡
3086,土豆丝/小青菜|家常豆腐|椒盐带鱼/油爆虾|米饭|葱油鸡|黄鱼
3087,土豆丝/小青菜|椒盐带鱼/油爆虾|油豆腐烧肉|米饭|红烧肉|西葫芦肉丝/茭白肉丝
3088,家常豆腐|清烧南瓜/葱油芋头|红烧肉|葱油鸡
3089,土豆丝/小青菜|家常豆腐|米饭|莴笋烧肉/千张节烧肉|西葫芦肉丝/茭白肉丝
309,米饭|葱油娃娃菜|酥鱼/红烧肉|青菜
3090,清烧南瓜/葱油芋头|米饭|红烧肉|莴笋烧肉/千张节烧肉|西葫芦肉丝/茭白肉丝
3091,土豆丝/小青菜|娃娃菜/黄瓜炒蛋|椒盐带鱼/油爆虾|清烧南瓜/葱油芋头|米饭|红烧肉
3092,土豆丝/小青菜|家常豆腐|米饭|黄鱼
3093,土豆丝/小青菜|家常豆腐|椒盐带鱼/油爆虾|米饭|葱油鸡
3094,娃娃菜/黄瓜炒蛋|家常豆腐|椒盐带鱼/油爆虾|清烧南瓜/葱油芋头|米饭
3095,土豆丝/小青菜|家常豆腐|椒盐带鱼/油爆虾|米饭|红烧肉|西葫芦肉丝/茭白肉丝|黄鱼
3096,土豆丝/小青菜|家常豆腐|椒盐带鱼/油爆虾|清烧南瓜/葱油芋头|米饭|红烧肉|莴笋烧肉/千张节烧肉|葱油鸡
3097,家常豆腐|油豆腐烧肉|米饭|红烧肉|西葫芦肉丝/茭白肉丝
3098,家常豆腐|椒盐带鱼/油爆虾|米饭|莴笋烧肉/千张节烧肉
3099,土豆丝/小青菜|娃娃菜/黄瓜炒蛋|椒盐带鱼/油爆虾|清烧南瓜/葱油芋头|米饭|葱油鸡
310,米饭|西红柿炒鸡蛋|韭黄肉丝小炒|香菇鸭块/雪蘑菇肉片
3100,娃娃菜/黄瓜炒蛋|米饭|莴笋烧肉/千张节烧肉|西葫芦肉丝/茭白肉丝|黄鱼
3101,土豆丝/小青菜|娃娃菜/黄瓜炒蛋|清烧南瓜/葱油芋头|米饭|葱油鸡
3102,娃娃菜/黄瓜炒蛋|家常豆腐|油豆腐烧肉|清烧南瓜/葱油芋头|米饭|葱油鸡|西葫芦肉丝/茭白肉丝
3103,土豆丝/小青菜|娃娃菜/黄瓜炒蛋|椒盐带鱼/油爆虾|清烧南瓜/葱油芋头|米饭|葱油鸡|西葫芦肉丝/茭白肉丝
3104,土豆丝/小青菜|娃娃菜/黄瓜炒蛋|家常豆腐|清烧南瓜/葱油芋头|米饭|葱油鸡
3105,土豆丝/小青菜|娃娃菜/黄瓜炒蛋|米饭|红烧肉|莴笋烧肉/千张节烧肉|葱油鸡
3106,土豆丝/小青菜|娃娃菜/黄瓜炒蛋|椒盐带鱼/油爆虾|米饭|红烧肉|西葫芦肉丝/茭白肉丝
3107,土豆丝/小青菜|娃娃菜/黄瓜炒蛋|椒盐带鱼/油爆虾|清烧南瓜/葱油芋头|米饭|红烧肉
3108,土豆丝/小青菜|娃娃菜/黄瓜炒蛋|家常豆腐|椒盐带鱼/油爆虾|清烧南瓜/葱油芋头|米饭|红烧肉
3109,土豆丝/小青菜
311,三色绿豆芽|凉拌黑木耳/素烧鹅|米饭|西红柿炒鸡蛋|酥鱼/红烧肉
3110,土豆丝/小青菜|家常豆腐|椒盐带鱼/油爆虾|米饭|红烧肉|西葫芦肉丝/茭白肉丝
3111,土豆丝/小青菜|娃娃菜/黄瓜炒蛋|椒盐带鱼/油爆虾|米饭|糖醋里脊|红烧肉
3112,娃娃菜/黄瓜炒蛋|家常豆腐|椒盐带鱼/油爆虾|油豆腐烧肉|清烧南瓜/葱油芋头|米饭|葱油鸡|西葫芦肉丝/茭白肉丝
3113,土豆丝/小青菜|娃娃菜/黄瓜炒蛋|米饭|糖醋里脊|红烧肉|葱油鸡|西葫芦肉丝/茭白肉丝
3114,娃娃菜/黄瓜炒蛋|米饭|红烧肉|莴笋烧肉/千张节烧肉|葱油鸡
3115,红烧肉
3116,土豆丝/小青菜|娃娃菜/黄瓜炒蛋|椒盐带鱼/油爆虾|油豆腐烧肉|清烧南瓜/葱油芋头|米饭|红烧肉
3117,土豆丝/小青菜|娃娃菜/黄瓜炒蛋|椒盐带鱼/油爆虾|米饭|糖醋里脊|红烧肉|葱油鸡
3118,娃娃菜/黄瓜炒蛋|米饭|红烧肉|莴笋烧肉/千张节烧肉
3119,土豆丝/小青菜|娃娃菜/黄瓜炒蛋|椒盐带鱼/油爆虾|油豆腐烧肉|清烧南瓜/葱油芋头|米饭|红烧肉|葱油鸡
312,小酥肉|米饭|韭黄肉丝小炒|香菇鸭块/雪蘑菇肉片
3120,娃娃菜/黄瓜炒蛋|油豆腐烧肉|米饭
3121,家常豆腐|米饭|红烧肉|葱油鸡
3122,土豆丝/小青菜|娃娃菜/黄瓜炒蛋|家常豆腐|椒盐带鱼/油爆虾|米饭|莴笋烧肉/千张节烧肉|葱油鸡|西葫芦肉丝/茭白肉丝
3123,土豆丝/小青菜|娃娃菜/黄瓜炒蛋|米饭|红烧肉
3124,娃娃菜/黄瓜炒蛋|家常豆腐|椒盐带鱼/油爆虾|米饭
3125,娃娃菜/黄瓜炒蛋|米饭|红烧肉|莴笋烧肉/千张节烧肉|葱油鸡
3126,娃娃菜/黄瓜炒蛋|家常豆腐|米饭|莴笋烧肉/千张节烧肉|西葫芦肉丝/茭白肉丝
3127,土豆丝/小青菜|椒盐带鱼/油爆虾|米饭|莴笋烧肉/千张节烧肉
3128,椒盐带鱼/油爆虾|红烧肉
3129,娃娃菜/黄瓜炒蛋|家常豆腐|椒盐带鱼/油爆虾|油豆腐烧肉|米饭
313,小酥肉|米饭|西红柿炒鸡蛋|青菜|韭黄肉丝小炒
3130,土豆丝/小青菜|娃娃菜/黄瓜炒蛋|家常豆腐|米饭|红烧肉|莴笋烧肉/千张节烧肉|西葫芦肉丝/茭白肉丝
3131,土豆丝/小青菜|娃娃菜/黄瓜炒蛋|椒盐带鱼/油爆虾|米饭|红烧肉|葱油鸡|西葫芦肉丝/茭白肉丝
3132,娃娃菜/黄瓜炒蛋|家常豆腐|椒盐带鱼/油爆虾|清烧南瓜/葱油芋头|米饭|红烧肉|西葫芦肉丝/茭白肉丝
3133,娃娃菜/黄瓜炒蛋|米饭|葱油鸡|西葫芦肉丝/茭白肉丝
3134,土豆丝/小青菜|娃娃菜/黄瓜炒蛋|椒盐带鱼/油爆虾|清烧南瓜/葱油芋头|米饭|糖醋里脊|红烧肉|西葫芦肉丝/茭白肉丝
3135,椒盐带鱼/油爆虾|油豆腐烧肉|米饭|红烧肉|西葫芦肉丝/茭白肉丝
3136,土豆丝/小青菜|家常豆腐|椒盐带鱼/油爆虾|清烧南瓜/葱油芋头|米饭|红烧肉
3137,娃娃菜/黄瓜炒蛋|椒盐带鱼/油爆虾|米饭|红烧肉|西葫芦肉丝/茭白肉丝
3138,娃娃菜/黄瓜炒蛋|米饭|莴笋烧肉/千张节烧肉|葱油鸡
3139,家常豆腐|油豆腐烧肉|米饭
314,凉拌黑木耳/素烧鹅|米饭|葱油娃娃菜|酥鱼/红烧肉
3140,娃娃菜/黄瓜炒蛋|椒盐带鱼/油爆虾|油豆腐烧肉|米饭
3141,娃娃菜/黄瓜炒蛋|油豆腐烧肉|米饭|莴笋烧肉/千张节烧肉|葱油鸡
3142,土豆丝/小青菜|家常豆腐|椒盐带鱼/油爆虾|米饭|红烧肉
3143,家常豆腐|清烧南瓜/葱油芋头|米饭|糖醋里脊|葱油鸡|西葫芦肉丝/茭白肉丝
3144,土豆丝/小青菜|家常豆腐|清烧南瓜/葱油芋头|米饭|糖醋里脊|红烧肉|莴笋烧肉/千张节烧肉
3145,娃娃菜/黄瓜炒蛋|米饭|红烧肉|莴笋烧肉/千张节烧肉
3146,土豆丝/小青菜|娃娃菜/黄瓜炒蛋|清烧南瓜/葱油芋头|米饭|糖醋里脊|红烧肉|葱油鸡|西葫芦肉丝/茭白肉丝
3147,娃娃菜/黄瓜炒蛋|清烧南瓜/葱油芋头|红烧肉|莴笋烧肉/千张节烧肉|葱油鸡
3148,土豆丝/小青菜|家常豆腐|米饭|红烧肉
3149,娃娃菜/黄瓜炒蛋|家常豆腐|油豆腐烧肉|清烧南瓜/葱油芋头|米饭|红烧肉|西葫芦肉丝/茭白肉丝
315,三色绿豆芽|木耳西兰花|米饭|青菜|韭黄肉丝小炒|香菇鸭块/雪蘑菇肉片
3150,娃娃菜/黄瓜炒蛋|米饭|红烧肉|莴笋烧肉/千张节烧肉
3151,家常豆腐|清烧南瓜/葱油芋头|米饭|糖醋里脊
3152,娃娃菜/黄瓜炒蛋|米饭|红烧肉|西葫芦肉丝/茭白肉丝
3153,娃娃菜/黄瓜炒蛋|家常豆腐|油豆腐烧肉|米饭|红烧肉|莴笋烧肉/千张节烧肉|西葫芦肉丝/茭白肉丝
3154,土豆丝/小青菜|娃娃菜/黄瓜炒蛋|清烧南瓜/葱油芋头|米饭|莴笋烧肉/千张节烧肉|西葫芦肉丝/茭白肉丝
3155,清烧南瓜/葱油芋头|米饭|莴笋烧肉/千张节烧肉|葱油鸡
3156,土豆丝/小青菜|米饭|葱油鸡
3157,娃娃菜/黄瓜炒蛋|家常豆腐|米饭|红烧肉|莴笋烧肉/千张节烧肉
3158,土豆丝/小青菜|清烧南瓜/葱油芋头|米饭|葱油鸡
3159,土豆丝/小青菜|米饭|糖醋里脊|红烧肉|西葫芦肉丝/茭白肉丝
316,米饭|葱油娃娃菜|酥鱼/红烧肉|青菜
3160,土豆丝/小青菜|娃娃菜/黄瓜炒蛋|家常豆腐|油豆腐烧肉|米饭|红烧肉|莴笋烧肉/千张节烧肉|葱油鸡|西葫芦肉丝/茭白肉丝
3161,清烧南瓜/葱油芋头|米饭|莴笋烧肉/千张节烧肉|葱油鸡
3162,娃娃菜/黄瓜炒蛋|油豆腐烧肉|清烧南瓜/葱油芋头|米饭|红烧肉|莴笋烧肉/千张节烧肉|西葫芦肉丝/茭白肉丝
3163,家常豆腐|米饭|红烧肉|莴笋烧肉/千张节烧肉|葱油鸡|西葫芦肉丝/茭白肉丝
3164,娃娃菜/黄瓜炒蛋|米饭|糖醋里脊|莴笋烧肉/千张节烧肉|西葫芦肉丝/茭白肉丝
3165,娃娃菜/黄瓜炒蛋|米饭|红烧肉|葱油鸡|西葫芦肉丝/茭白肉丝
3166,土豆丝/小青菜|娃娃菜/黄瓜炒蛋|油豆腐烧肉|清烧南瓜/葱油芋头|红烧肉|莴笋烧肉/千张节烧肉
3167,土豆丝/小青菜|米饭|红烧肉|西葫芦肉丝/茭白肉丝
3168,家常豆腐|清烧南瓜/葱油芋头|米饭|红烧肉|葱油鸡
3169,土豆丝/小青菜|米饭|糖醋里脊|红烧肉
317,木耳西兰花|米饭|韭黄肉丝小炒|香菇鸭块/雪蘑菇肉片
3170,娃娃菜/黄瓜炒蛋|米饭|糖醋里脊|红烧肉|莴笋烧肉/千张节烧肉|葱油鸡
3171,土豆丝/小青菜|家常豆腐|油豆腐烧肉|米饭|红烧肉|葱油鸡|西葫芦肉丝/茭白肉丝
3172,土豆丝/小青菜|家常豆腐|米饭|糖醋里脊|葱油鸡
3173,娃娃菜/黄瓜炒蛋|清烧南瓜/葱油芋头|米饭|莴笋烧肉/千张节烧肉|葱油鸡|西葫芦肉丝/茭白肉丝
3174,土豆丝/小青菜|米饭|红烧肉
3175,土豆丝/小青菜|清烧南瓜/葱油芋头|米饭
3176,土豆丝/小青菜|油豆腐烧肉|清烧南瓜/葱油芋头|米饭|糖醋里脊
3177,土豆丝/小青菜|米饭|红烧肉|莴笋烧肉/千张节烧肉
3178,娃娃菜/黄瓜炒蛋|清烧南瓜/葱油芋头|米饭|红烧肉|莴笋烧肉/千张节烧肉|葱油鸡
3179,土豆丝/小青菜|家常豆腐|米饭|红烧肉|西葫芦肉丝/茭白肉丝
318,三色绿豆芽|米饭|酥鱼/红烧肉|青菜
3180,娃娃菜/黄瓜炒蛋|家常豆腐|清烧南瓜/葱油芋头|米饭|西葫芦肉丝/茭白肉丝
3181,清烧南瓜/葱油芋头|米饭|红烧肉|莴笋烧肉/千张节烧肉
3182,土豆丝/小青菜|娃娃菜/黄瓜炒蛋|油豆腐烧肉|米饭|红烧肉|西葫芦肉丝/茭白肉丝
3183,土豆丝/小青菜|娃娃菜/黄瓜炒蛋|清烧南瓜/葱油芋头|米饭|糖醋里脊|红烧肉|西葫芦肉丝/茭白肉丝
3184,土豆丝/小青菜|家常豆腐|米饭|红烧肉|西葫芦肉丝/茭白肉丝
3185,土豆丝/小青菜|娃娃菜/黄瓜炒蛋|家常豆腐|油豆腐烧肉|清烧南瓜/葱油芋头|米饭|红烧肉
3186,土豆丝/小青菜|娃娃菜/黄瓜炒蛋|米饭|红烧肉|西葫芦肉丝/茭白肉丝
3187,土豆丝/小青菜|娃娃菜/黄瓜炒蛋|家常豆腐|米饭|莴笋烧肉/千张节烧肉
3188,土豆丝/小青菜|清烧南瓜/葱油芋头|米饭|莴笋烧肉/千张节烧肉|葱油鸡|西葫芦肉丝/茭白肉丝
3189,土豆丝/小青菜|娃娃菜/黄瓜炒蛋|家常豆腐|油豆腐烧肉|清烧南瓜/葱油芋头|米饭|红烧肉|西葫芦肉丝/茭白肉丝
319,凉拌黑木耳/素烧鹅|米饭|葱油娃娃菜|韭黄肉丝小炒
3190,土豆丝/小青菜|家常豆腐|米饭|糖醋里脊|莴笋烧肉/千张节烧肉|西葫芦肉丝/茭白肉丝
3191,家常豆腐|清烧南瓜/葱油芋头|米饭|红烧肉|莴笋烧肉/千张节烧肉
3192,家常豆腐|米饭|红烧肉|莴笋烧肉/千张节烧肉|葱油鸡
3193,土豆丝/小青菜|米饭|莴笋烧肉/千张节烧肉|西葫芦肉丝/茭白肉丝
3194,娃娃菜/黄瓜炒蛋|清烧南瓜/葱油芋头|米饭|红烧肉|葱油鸡
3195,土豆丝/小青菜|清烧南瓜/葱油芋头|米饭|红烧肉
3196,清烧南瓜/葱油芋头|米饭|糖醋里脊|莴笋烧肉/千张节烧肉
3197,土豆丝/小青菜|清烧南瓜/葱油芋头|红烧大排|红烧肉|西葫芦肉丝/茭白肉丝
3198,娃娃菜/黄瓜炒蛋|清烧南瓜/葱油芋头|米饭|糖醋里脊|西葫芦肉丝/茭白肉丝
3199,土豆丝/小青菜|米饭|红烧肉|葱油鸡|西葫芦肉丝/茭白肉丝
320,凉拌黑木耳/素烧鹅|米饭|酥鱼/红烧肉|韭黄肉丝小炒
3200,土豆丝/小青菜|油豆腐烧肉|清烧南瓜/葱油芋头|米饭|糖醋里脊|红烧大排|红烧肉|西葫芦肉丝/茭白肉丝
3201,土豆丝/小青菜|家常豆腐|米饭|糖醋里脊|红烧大排|红烧肉|葱油鸡|西葫芦肉丝/茭白肉丝
3202,娃娃菜/黄瓜炒蛋|米饭|红烧大排|红烧肉|莴笋烧肉/千张节烧肉
3203,土豆丝/小青菜|油豆腐烧肉|清烧南瓜/葱油芋头|米饭|红烧肉|莴笋烧肉/千张节烧肉|西葫芦肉丝/茭白肉丝
3204,土豆丝/小青菜|油豆腐烧肉|清烧南瓜/葱油芋头|米饭|葱油鸡|西葫芦肉丝/茭白肉丝
3205,清烧南瓜/葱油芋头|米饭|红烧肉
3206,家常豆腐|清烧南瓜/葱油芋头|糖醋里脊|红烧肉|莴笋烧肉/千张节烧肉|西葫芦肉丝/茭白肉丝
3207,清烧南瓜/葱油芋头|米饭|糖醋里脊|红烧肉|西葫芦肉丝/茭白肉丝
3208,清烧南瓜/葱油芋头|米饭|糖醋里脊|红烧肉
3209,土豆丝/小青菜|娃娃菜/黄瓜炒蛋|米饭|莴笋烧肉/千张节烧肉|葱油鸡|西葫芦肉丝/茭白肉丝
321,三色绿豆芽|小酥肉|米饭|韭黄肉丝小炒
3210,土豆丝/小青菜|娃娃菜/黄瓜炒蛋|米饭|糖醋里脊|莴笋烧肉/千张节烧肉|西葫芦肉丝/茭白肉丝
3211,土豆丝/小青菜|清烧南瓜/葱油芋头|米饭|糖醋里脊|红烧大排|莴笋烧肉/千张节烧肉|西葫芦肉丝/茭白肉丝
3212,清烧南瓜/葱油芋头|米饭|红烧肉|莴笋烧肉/千张节烧肉
3213,娃娃菜/黄瓜炒蛋|米饭|糖醋里脊|莴笋烧肉/千张节烧肉|西葫芦肉丝/茭白肉丝
3214,土豆丝/小青菜|米饭
3215,土豆丝/小青菜|家常豆腐|油豆腐烧肉|清烧南瓜/葱油芋头|米饭|红烧肉|莴笋烧肉/千张节烧肉
3216,娃娃菜/黄瓜炒蛋|清烧南瓜/葱油芋头|米饭|糖醋里脊|红烧肉|西葫芦肉丝/茭白肉丝
3217,土豆丝/小青菜|家常豆腐|清烧南瓜/葱油芋头|米饭|红烧肉
3218,土豆丝/小青菜|清烧南瓜/葱油芋头|米饭|莴笋烧肉/千张节烧肉|西葫芦肉丝/茭白肉丝
3219,土豆丝/小青菜|娃娃菜/黄瓜炒蛋|清烧南瓜/葱油芋头|米饭|红烧肉|西葫芦肉丝/茭白肉丝
322,米饭|葱油娃娃菜|酥鱼/红烧肉|韭黄肉丝小炒
3220,娃娃菜/黄瓜炒蛋|米饭|糖醋里脊|红烧大排|红烧肉|西葫芦肉丝/茭白肉丝
3221,土豆丝/小青菜|娃娃菜/黄瓜炒蛋|家常豆腐|清烧南瓜/葱油芋头|米饭|红烧肉
3222,土豆丝/小青菜|娃娃菜/黄瓜炒蛋|米饭|莴笋烧肉/千张节烧肉|葱油鸡|西葫芦肉丝/茭白肉丝
3223,娃娃菜/黄瓜炒蛋|油豆腐烧肉|清烧南瓜/葱油芋头|米饭|红烧肉
3224,土豆丝/小青菜|油豆腐烧肉|清烧南瓜/葱油芋头|米饭
3225,土豆丝/小青菜|清烧南瓜/葱油芋头|米饭|莴笋烧肉/千张节烧肉|葱油鸡
3226,土豆丝/小青菜|家常豆腐|米饭|糖醋里脊|红烧大排
3227,娃娃菜/黄瓜炒蛋|油豆腐烧肉|清烧南瓜/葱油芋头|米饭|莴笋烧肉/千张节烧肉
3228,娃娃菜/黄瓜炒蛋|家常豆腐|米饭|莴笋烧肉/千张节烧肉|葱油鸡
3229,土豆丝/小青菜|娃娃菜/黄瓜炒蛋|米饭|红烧大排
323,木耳西兰花|米饭|青菜|韭黄肉丝小炒
3230,娃娃菜/黄瓜炒蛋|清烧南瓜/葱油芋头|米饭|糖醋里脊|红烧大排
3231,土豆丝/小青菜|米饭|糖醋里脊|红烧大排|莴笋烧肉/千张节烧肉|葱油鸡
3232,土豆丝/小青菜|米饭|红烧肉|西葫芦肉丝/茭白肉丝
3233,土豆丝/小青菜|娃娃菜/黄瓜炒蛋|清烧南瓜/葱油芋头|米饭|红烧肉|西葫芦肉丝/茭白肉丝
3234,娃娃菜/黄瓜炒蛋|清烧南瓜/葱油芋头|米饭|葱油鸡
3235,土豆丝/小青菜|米饭|糖醋里脊|红烧肉|葱油鸡
3236,土豆丝/小青菜|娃娃菜/黄瓜炒蛋|油豆腐烧肉|米饭|葱油鸡
3237,土豆丝/小青菜|娃娃菜/黄瓜炒蛋|油豆腐烧肉|米饭|红烧肉|莴笋烧肉/千张节烧肉|葱油鸡|西葫芦肉丝/茭白肉丝
3238,娃娃菜/黄瓜炒蛋|葱油鸡|西葫芦肉丝/茭白肉丝
3239,清烧南瓜/葱油芋头|米饭|糖醋里脊|红烧肉|葱油鸡|西葫芦肉丝/茭白肉丝
324,三色绿豆芽|凉拌黑木耳/素烧鹅|木耳西兰花|米饭|酥鱼/红烧肉
3240,土豆丝/小青菜|娃娃菜/黄瓜炒蛋|清烧南瓜/葱油芋头|米饭|红烧肉|莴笋烧肉/千张节烧肉|葱油鸡
3241,土豆丝/小青菜|清烧南瓜/葱油芋头|米饭|红烧肉|西葫芦肉丝/茭白肉丝
3242,土豆丝/小青菜|家常豆腐|米饭|莴笋烧肉/千张节烧肉|葱油鸡
3243,娃娃菜/黄瓜炒蛋|清烧南瓜/葱油芋头|米饭|红烧肉|莴笋烧肉/千张节烧肉|葱油鸡|西葫芦肉丝/茭白肉丝
3244,清烧南瓜/葱油芋头|米饭|葱油鸡
3245,家常豆腐|清烧南瓜/葱油芋头|米饭|红烧肉|莴笋烧肉/千张节烧肉|西葫芦肉丝/茭白肉丝
3246,土豆丝/小青菜|米饭|红烧大排|莴笋烧肉/千张节烧肉|葱油鸡
3247,土豆丝/小青菜|油豆腐烧肉|清烧南瓜/葱油芋头|米饭|葱油鸡
3248,土豆丝/小青菜|米饭|红烧肉|莴笋烧肉/千张节烧肉|葱油鸡
3249,土豆丝/小青菜|米饭|红烧肉|莴笋烧肉/千张节烧肉|葱油鸡|西葫芦肉丝/茭白肉丝
325,木耳西兰花|米饭|酥鱼/红烧肉
3250,土豆丝/小青菜|家常豆腐|清烧南瓜/葱油芋头|米饭|红烧肉|莴笋烧肉/千张节烧肉|葱油鸡|西葫芦肉丝/茭白肉丝
3251,清烧南瓜/葱油芋头|米饭|红烧肉|莴笋烧肉/千张节烧肉|西葫芦肉丝/茭白肉丝
3252,土豆丝/小青菜|家常豆腐|米饭|红烧肉|莴笋烧肉/千张节烧肉
3253,土豆丝/小青菜|米饭|红烧肉|西葫芦肉丝/茭白肉丝
3254,清烧南瓜/葱油芋头|米饭|糖醋里脊|红烧肉|莴笋烧肉/千张节烧肉
3255,土豆丝/小青菜|娃娃菜/黄瓜炒蛋|清烧南瓜/葱油芋头|米饭|莴笋烧肉/千张节烧肉|西葫芦肉丝/茭白肉丝
3256,油豆腐烧肉|清烧南瓜/葱油芋头|米饭|莴笋烧肉/千张节烧肉|西葫芦肉丝/茭白肉丝
3257,土豆丝/小青菜|家常豆腐|油豆腐烧肉|清烧南瓜/葱油芋头|红烧肉
3258,土豆丝/小青菜|米饭|糖醋里脊|红烧肉|莴笋烧肉/千张节烧肉|西葫芦肉丝/茭白肉丝
3259,土豆丝/小青菜|娃娃菜/黄瓜炒蛋|米饭|红烧大排|莴笋烧肉/千张节烧肉|葱油鸡|西葫芦肉丝/茭白肉丝
326,葱油娃娃菜|酥鱼/红烧肉|韭黄肉丝小炒|香菇鸭块/雪蘑菇肉片
3260,土豆丝/小青菜|娃娃菜/黄瓜炒蛋|家常豆腐|油豆腐烧肉|清烧南瓜/葱油芋头|米饭|红烧肉|莴笋烧肉/千张节烧肉|西葫芦肉丝/茭白肉丝
3261,土豆丝/小青菜|春卷|米饭|红烧大排|葱油鸡
3262,米饭
3263,土豆丝/小青菜|米饭|红烧肉|莴笋烧肉/千张节烧肉|葱油鸡|西葫芦肉丝/茭白肉丝
3264,土豆丝/小青菜|娃娃菜/黄瓜炒蛋|春卷|米饭|糖醋里脊|红烧大排|红烧肉|葱油鸡
3265,土豆丝/小青菜|清烧南瓜/葱油芋头|米饭|糖醋里脊
3266,土豆丝/小青菜|娃娃菜/黄瓜炒蛋|油豆腐烧肉|米饭|红烧肉|葱油鸡
3267,土豆丝/小青菜|家常豆腐|米饭|红烧肉|莴笋烧肉/千张节烧肉|葱油鸡|西葫芦肉丝/茭白肉丝
3268,土豆丝/小青菜|米饭|莴笋烧肉/千张节烧肉|葱油鸡
3269,土豆丝/小青菜|米饭|红烧大排
327,三色绿豆芽|凉拌黑木耳/素烧鹅|小酥肉|木耳西兰花|米饭|酥鱼/红烧肉|青菜|韭黄肉丝小炒|香菇鸭块/雪蘑菇肉片
3270,包菜粉丝|土豆丝/小青菜|油豆腐烧肉|米饭|红烧大排|红烧肉|葱油鸡
3271,包菜粉丝|土豆丝/小青菜|米饭|红烧大排
3272,土豆丝/小青菜|油豆腐烧肉|清烧南瓜/葱油芋头|米饭|糖醋里脊|莴笋烧肉/千张节烧肉
3273,包菜粉丝|清烧南瓜/葱油芋头|米饭|红烧大排
3274,包菜粉丝|娃娃菜/黄瓜炒蛋|油豆腐烧肉|清烧南瓜/葱油芋头|米饭|红烧大排|莴笋烧肉/千张节烧肉
3275,清烧南瓜/葱油芋头|米饭|糖醋里脊|葱油鸡
3276,油豆腐烧肉|清烧南瓜/葱油芋头|米饭|莴笋烧肉/千张节烧肉
3277,土豆丝/小青菜|油豆腐烧肉|米饭
3278,包菜粉丝|娃娃菜/黄瓜炒蛋|米饭|葱油鸡
3279,包菜粉丝|春卷|米饭|莴笋烧肉/千张节烧肉
328,小酥肉|木耳西兰花|米饭|青菜|韭黄肉丝小炒
3280,娃娃菜/黄瓜炒蛋|米饭|红烧大排|莴笋烧肉/千张节烧肉
3281,包菜粉丝|土豆丝/小青菜|糖醋里脊|葱油鸡
3282,包菜粉丝|土豆丝/小青菜|米饭|糖醋里脊|红烧肉
3283,包菜粉丝|土豆丝/小青菜|娃娃菜/黄瓜炒蛋|米饭|红烧大排|红烧肉|莴笋烧肉/千张节烧肉|葱油鸡
3284,土豆丝/小青菜|糖醋里脊|莴笋烧肉/千张节烧肉|葱油鸡
3285,清烧南瓜/葱油芋头|米饭|糖醋里脊|莴笋烧肉/千张节烧肉|葱油鸡
3286,油豆腐烧肉|清烧南瓜/葱油芋头|米饭|红烧大排|莴笋烧肉/千张节烧肉
3287,清烧南瓜/葱油芋头|米饭|莴笋烧肉/千张节烧肉
3288,包菜粉丝|清烧南瓜/葱油芋头|米饭|糖醋里脊|红烧肉
3289,娃娃菜/黄瓜炒蛋|油豆腐烧肉|米饭|红烧大排|莴笋烧肉/千张节烧肉|葱油鸡
329,米饭|酥鱼/红烧肉|韭黄肉丝小炒
3290,包菜粉丝|娃娃菜/黄瓜炒蛋|清烧南瓜/葱油芋头|莴笋烧肉/千张节烧肉|葱油鸡
3291,春卷|米饭|红烧肉|葱油鸡
3292,土豆丝/小青菜|春卷|清烧南瓜/葱油芋头|米饭
3293,土豆丝/小青菜|春卷|米饭|红烧肉|葱油鸡
3294,娃娃菜/黄瓜炒蛋|米饭|糖醋里脊|红烧大排
3295,包菜粉丝|春卷|米饭|糖醋里脊|红烧肉|莴笋烧肉/千张节烧肉
3296,包菜粉丝|娃娃菜/黄瓜炒蛋|米饭|糖醋里脊|红烧大排|莴笋烧肉/千张节烧肉|葱油鸡
3297,包菜粉丝|娃娃菜/黄瓜炒蛋|米饭|葱油鸡
3298,包菜粉丝|土豆丝/小青菜|米饭|糖醋里脊|红烧大排|莴笋烧肉/千张节烧肉|葱油鸡
3299,油豆腐烧肉|清烧南瓜/葱油芋头|米饭|红烧大排|莴笋烧肉/千张节烧肉
330,凉拌黑木耳/素烧鹅|木耳西兰花|米饭|葱油娃娃菜|青菜|韭黄肉丝小炒|香菇鸭块/雪蘑菇肉片
3300,包菜粉丝|春卷|米饭|莴笋烧肉/千张节烧肉
3301,包菜粉丝|土豆丝/小青菜|清烧南瓜/葱油芋头|米饭|红烧大排|莴笋烧肉/千张节烧肉
3302,包菜粉丝|娃娃菜/黄瓜炒蛋|油豆腐烧肉|米饭|莴笋烧肉/千张节烧肉|葱油鸡
3303,包菜粉丝|娃娃菜/黄瓜炒蛋|春卷|米饭|糖醋里脊|莴笋烧肉/千张节烧肉
3304,包菜粉丝|土豆丝/小青菜|春卷|米饭|糖醋里脊|西葫芦肉丝/茭白肉丝
3305,包菜粉丝|土豆丝/小青菜|油豆腐烧肉|米饭|红烧大排|西葫芦肉丝/茭白肉丝
3306,包菜粉丝|春卷|米饭|糖醋里脊|莴笋烧肉/千张节烧肉
3307,油豆腐烧肉|米饭|红烧肉|莴笋烧肉/千张节烧肉|西葫芦肉丝/茭白肉丝
3308,土豆丝/小青菜|娃娃菜/黄瓜炒蛋|米饭|糖醋里脊|红烧大排|西葫芦肉丝/茭白肉丝
3309,包菜粉丝|土豆丝/小青菜|清烧南瓜/葱油芋头|米饭|葱油鸡|西葫芦肉丝/茭白肉丝
331,三色绿豆芽|木耳西兰花|米饭|西红柿炒鸡蛋|酥鱼/红烧肉
3310,包菜粉丝|椒盐带鱼/油爆虾|清烧南瓜/葱油芋头|米饭|红烧大排|西葫芦肉丝/茭白肉丝
3311,包菜粉丝|春卷|米饭|红烧大排|西葫芦肉丝/茭白肉丝
3312,包菜粉丝|土豆丝/小青菜|春卷|米饭
3313,包菜粉丝|土豆丝/小青菜|椒盐带鱼/油爆虾|米饭|葱油鸡
3314,包菜粉丝|春卷|清烧南瓜/葱油芋头|米饭
3315,包菜粉丝|土豆丝/小青菜|椒盐带鱼/油爆虾|油豆腐烧肉|米饭|葱油鸡|西葫芦肉丝/茭白肉丝
3316,包菜粉丝|土豆丝/小青菜|椒盐带鱼/油爆虾|米饭|红烧大排
3317,包菜粉丝|油豆腐烧肉|红烧大排
3318,春卷|米饭|红烧大排|西葫芦肉丝/茭白肉丝
3319,土豆丝/小青菜|清烧南瓜/葱油芋头|米饭|红烧大排
332,木耳西兰花|米饭|酥鱼/红烧肉|青菜|韭黄肉丝小炒|香菇鸭块/雪蘑菇肉片
3320,包菜粉丝|土豆丝/小青菜|春卷|米饭|西葫芦肉丝/茭白肉丝
3321,土豆丝/小青菜|米饭|西葫芦肉丝/茭白肉丝
3322,包菜粉丝|土豆丝/小青菜|油豆腐烧肉|清烧南瓜/葱油芋头|米饭
3323,土豆丝/小青菜|椒盐带鱼/油爆虾|油豆腐烧肉|清烧南瓜/葱油芋头|米饭|红烧大排
3324,包菜粉丝|椒盐带鱼/油爆虾|清烧南瓜/葱油芋头|米饭|西葫芦肉丝/茭白肉丝
3325,土豆丝/小青菜|油豆腐烧肉|清烧南瓜/葱油芋头|米饭|红烧大排
3326,包菜粉丝|土豆丝/小青菜|娃娃菜/黄瓜炒蛋|油豆腐烧肉
3327,包菜粉丝|油豆腐烧肉|清烧南瓜/葱油芋头|米饭
3328,包菜粉丝|土豆丝/小青菜|清烧南瓜/葱油芋头|米饭|红烧大排
3329,土豆丝/小青菜|椒盐带鱼/油爆虾|油豆腐烧肉|清烧南瓜/葱油芋头|米饭
333,三色绿豆芽|木耳西兰花|米饭|葱油娃娃菜
3330,包菜粉丝|娃娃菜/黄瓜炒蛋|椒盐带鱼/油爆虾|清烧南瓜/葱油芋头|米饭|红烧大排|西葫芦肉丝/茭白肉丝
3331,椒盐带鱼/油爆虾|米饭|红烧大排
3332,包菜粉丝|清烧南瓜/葱油芋头|红烧大排|西葫芦肉丝/茭白肉丝
3333,米饭
3334,包菜粉丝|娃娃菜/黄瓜炒蛋|米饭|红烧大排|西葫芦肉丝/茭白肉丝
3335,包菜粉丝|土豆丝/小青菜|米饭|红烧大排|西葫芦肉丝/茭白肉丝
3336,土豆丝/小青菜|椒盐带鱼/油爆虾|清烧南瓜/葱油芋头|米饭|红烧大排
3337,土豆丝/小青菜|清烧南瓜/葱油芋头|米饭|红烧大排|葱油鸡
3338,土豆丝/小青菜|油豆腐烧肉|清烧南瓜/葱油芋头|米饭
3339,包菜粉丝|土豆丝/小青菜|米饭|红烧大排
334,米饭|葱油娃娃菜|青菜|韭黄肉丝小炒
3340,土豆丝/小青菜|油豆腐烧肉|清烧南瓜/葱油芋头
3341,包菜粉丝|土豆丝/小青菜|清烧南瓜/葱油芋头|米饭
3342,包菜粉丝|土豆丝/小青菜|清烧南瓜/葱油芋头|米饭
3343,清烧南瓜/葱油芋头|米饭|红烧大排
3344,包菜粉丝|土豆丝/小青菜|清烧南瓜/葱油芋头|米饭
3345,包菜粉丝|娃娃菜/黄瓜炒蛋|米饭|红烧大排
3346,包菜粉丝|油豆腐烧肉|清烧南瓜/葱油芋头|米饭
3347,土豆丝/小青菜
3348,米饭|酱鸭|雪菜毛豆/萝卜干炒蛋|鸡米花/椒盐虾
3349,小青菜|油豆腐/长江豆肉丝|米饭|酱鸭
335,米饭|葱油娃娃菜|韭黄肉丝小炒|香菇鸭块/雪蘑菇肉片
3350,付皮包|米饭|红烧排骨|莴苣/藕片|雪菜毛豆/萝卜干炒蛋
3351,小青菜|椒盐虾，|米饭|红烧排骨|红烧茄子/椒盐土豆|莴苣/藕片|虎皮尖椒/素烧鹅|酱鸭|雪菜毛豆/萝卜干炒蛋
3352,付皮包|小青菜|油豆腐/长江豆肉丝|米饭|虎皮尖椒/素烧鹅|雪菜毛豆/萝卜干炒蛋
3353,付皮包|椒盐虾，|米饭|莴苣/藕片|虎皮尖椒/素烧鹅
3354,米饭|莴苣/藕片|虎皮尖椒/素烧鹅
3355,小青菜|油豆腐/长江豆肉丝|红烧排骨|莴苣/藕片
3356,米饭|莴苣/藕片|虎皮尖椒/素烧鹅
3357,小青菜|米饭|红烧茄子/椒盐土豆|莴苣/藕片|酱鸭|鸡米花/椒盐虾
3358,油豆腐/长江豆肉丝|米饭|红烧茄子/椒盐土豆|莴苣/藕片
3359,油豆腐/长江豆肉丝|莴苣/藕片|葱油炒鳊鱼
336,大白菜|木耳西兰花|米饭|香菇鸭块/雪蘑菇肉片
3360,付皮包|椒盐虾，|红烧茄子/椒盐土豆|葱油炒鳊鱼|虎皮尖椒/素烧鹅
3361,小青菜|油豆腐/长江豆肉丝|米饭|酱鸭
3362,米饭|红烧茄子/椒盐土豆|葱油炒鳊鱼|雪菜毛豆/萝卜干炒蛋
3363,小青菜|米饭|莴苣/藕片|虎皮尖椒/素烧鹅|酱鸭
3364,米饭|莴苣/藕片|酱鸭
3365,椒盐虾，|米饭|红烧排骨|红烧茄子/椒盐土豆|莴苣/藕片|虎皮尖椒/素烧鹅|酱鸭|雪菜毛豆/萝卜干炒蛋
3366,米饭|红烧排骨|红烧茄子/椒盐土豆|莴苣/藕片
3367,米饭|红烧排骨|红烧茄子/椒盐土豆|葱油炒鳊鱼
3368,小青菜|米饭|虎皮尖椒/素烧鹅|酱鸭
3369,莴苣/藕片
337,三色绿豆芽|米饭|西红柿炒鸡蛋|酥鱼/红烧肉|青菜|香菇鸭块/雪蘑菇肉片
3370,付皮包|椒盐虾，|油豆腐/长江豆肉丝|米饭|红烧茄子/椒盐土豆|虎皮尖椒/素烧鹅|酱鸭
3371,小青菜|椒盐虾，|米饭|虎皮尖椒/素烧鹅
3372,小青菜|油豆腐/长江豆肉丝|米饭|莴苣/藕片|雪菜毛豆/萝卜干炒蛋
3373,椒盐虾，|米饭|红烧茄子/椒盐土豆
3374,小青菜|油豆腐/长江豆肉丝|米饭|红烧排骨|红烧茄子/椒盐土豆|虎皮尖椒/素烧鹅
3375,小青菜|油豆腐/长江豆肉丝|米饭|酱鸭|雪菜毛豆/萝卜干炒蛋
3376,米饭|红烧茄子/椒盐土豆|虎皮尖椒/素烧鹅|酱鸭
3377,小青菜|米饭|红烧排骨|红烧茄子/椒盐土豆|虎皮尖椒/素烧鹅|雪菜毛豆/萝卜干炒蛋|鸡米花/椒盐虾
3378,付皮包|小青菜|米饭
3379,油豆腐/长江豆肉丝|米饭|红烧茄子/椒盐土豆|虎皮尖椒/素烧鹅
338,三色绿豆芽|米饭|西红柿炒鸡蛋|酥鱼/红烧肉|韭黄肉丝小炒
3380,小青菜|米饭|莴苣/藕片
3381,付皮包|椒盐虾，|米饭|酱鸭|雪菜毛豆/萝卜干炒蛋
3382,油豆腐/长江豆肉丝|米饭|红烧排骨|虎皮尖椒/素烧鹅
3383,油豆腐/长江豆肉丝|米饭|莴苣/藕片|雪菜毛豆/萝卜干炒蛋
3384,米饭|红烧茄子/椒盐土豆|莴苣/藕片|葱油炒鳊鱼
3385,小青菜|椒盐虾，|米饭|莴苣/藕片|虎皮尖椒/素烧鹅|雪菜毛豆/萝卜干炒蛋
3386,小青菜|米饭|红烧茄子/椒盐土豆|葱油炒鳊鱼|雪菜毛豆/萝卜干炒蛋
3387,油豆腐/长江豆肉丝|米饭|红烧茄子/椒盐土豆|莴苣/藕片|酱鸭
3388,米饭|雪菜毛豆/萝卜干炒蛋
3389,米饭|红烧排骨|红烧茄子/椒盐土豆|莴苣/藕片
339,三色绿豆芽|凉拌黑木耳/素烧鹅|大白菜|米饭|酥鱼/红烧肉|香菇鸭块/雪蘑菇肉片
3390,小青菜|米饭|莴苣/藕片|酱鸭
3391,付皮包|椒盐虾，|米饭|莴苣/藕片|雪菜毛豆/萝卜干炒蛋
3392,米饭|红烧排骨|虎皮尖椒/素烧鹅|雪菜毛豆/萝卜干炒蛋
3393,油豆腐/长江豆肉丝|米饭|红烧茄子/椒盐土豆|莴苣/藕片
3394,米饭|葱油炒鳊鱼|雪菜毛豆/萝卜干炒蛋
3395,油豆腐/长江豆肉丝|虎皮尖椒/素烧鹅|酱鸭|雪菜毛豆/萝卜干炒蛋
3396,小青菜|椒盐虾，|莴苣/藕片|雪菜毛豆/萝卜干炒蛋
3397,油豆腐/长江豆肉丝|米饭|红烧茄子/椒盐土豆|莴苣/藕片|雪菜毛豆/萝卜干炒蛋
3398,小青菜|米饭|葱油炒鳊鱼|虎皮尖椒/素烧鹅
3399,米饭|红烧茄子/椒盐土豆|莴苣/藕片|虎皮尖椒/素烧鹅|酱鸭|鸡米花/椒盐虾
340,凉拌黑木耳/素烧鹅|大白菜|米饭|酥鱼/红烧肉|香菇鸭块/雪蘑菇肉片
3400,小青菜|油豆腐/长江豆肉丝|米饭|莴苣/藕片|虎皮尖椒/素烧鹅|雪菜毛豆/萝卜干炒蛋|鸡米花/椒盐虾
3401,油豆腐/长江豆肉丝|米饭|莴苣/藕片|虎皮尖椒/素烧鹅|酱鸭
3402,小青菜|椒盐虾，|米饭|红烧茄子/椒盐土豆|虎皮尖椒/素烧鹅
3403,红烧茄子/椒盐土豆|莴苣/藕片|虎皮尖椒/素烧鹅
3404,米饭|葱油炒鳊鱼|雪菜毛豆/萝卜干炒蛋
3405,付皮包|米饭|虎皮尖椒/素烧鹅|酱鸭
3406,付皮包|油豆腐/长江豆肉丝|米饭|红烧茄子/椒盐土豆|虎皮尖椒/素烧鹅|雪菜毛豆/萝卜干炒蛋
3407,小青菜|油豆腐/长江豆肉丝|米饭|红烧茄子/椒盐土豆|葱油炒鳊鱼|虎皮尖椒/素烧鹅|酱鸭|鸡米花/椒盐虾
3408,小青菜|椒盐虾，|米饭|红烧排骨|红烧茄子/椒盐土豆|莴苣/藕片|雪菜毛豆/萝卜干炒蛋
3409,付皮包|小青菜|油豆腐/长江豆肉丝|米饭|莴苣/藕片|雪菜毛豆/萝卜干炒蛋
341,大白菜|米饭|酥鱼/红烧肉|韭黄肉丝小炒|香菇鸭块/雪蘑菇肉片
3410,小青菜|椒盐虾，|油豆腐/长江豆肉丝|米饭|红烧茄子/椒盐土豆|虎皮尖椒/素烧鹅|酱鸭|雪菜毛豆/萝卜干炒蛋
3411,米饭|红烧茄子/椒盐土豆|葱油炒鳊鱼|虎皮尖椒/素烧鹅
3412,椒盐虾，|红烧茄子/椒盐土豆|虎皮尖椒/素烧鹅|雪菜毛豆/萝卜干炒蛋
3413,付皮包|小青菜|椒盐虾，|油豆腐/长江豆肉丝|米饭|红烧茄子/椒盐土豆|莴苣/藕片|虎皮尖椒/素烧鹅
3414,小青菜|油豆腐/长江豆肉丝|米饭|红烧茄子/椒盐土豆|莴苣/藕片|虎皮尖椒/素烧鹅|雪菜毛豆/萝卜干炒蛋
3415,小青菜|米饭|红烧排骨|红烧茄子/椒盐土豆|莴苣/藕片|酱鸭
3416,小青菜|椒盐虾，|米饭|红烧茄子/椒盐土豆|酱鸭|雪菜毛豆/萝卜干炒蛋
3417,小青菜|米饭
3418,米饭|莴苣/藕片|酱鸭|雪菜毛豆/萝卜干炒蛋|鸡米花/椒盐虾
3419,付皮包|小青菜|椒盐虾，|米饭|红烧茄子/椒盐土豆|莴苣/藕片
342,大白菜|小酥肉|米饭|韭黄肉丝小炒
3420,小青菜|米饭|红烧茄子/椒盐土豆|雪菜毛豆/萝卜干炒蛋|鸡米花/椒盐虾
3421,小青菜|米饭|红烧茄子/椒盐土豆|葱油炒鳊鱼|虎皮尖椒/素烧鹅|雪菜毛豆/萝卜干炒蛋
3422,油豆腐/长江豆肉丝|米饭|红烧茄子/椒盐土豆|酱鸭|鸡米花/椒盐虾
3423,椒盐虾，|米饭|莴苣/藕片|葱油炒鳊鱼
3424,油豆腐/长江豆肉丝|米饭|雪菜毛豆/萝卜干炒蛋
3425,付皮包|红烧茄子/椒盐土豆|葱油炒鳊鱼|虎皮尖椒/素烧鹅
3426,小青菜|油豆腐/长江豆肉丝|米饭|莴苣/藕片|葱油炒鳊鱼
3427,小青菜|米饭|莴苣/藕片|葱油炒鳊鱼|虎皮尖椒/素烧鹅|鸡米花/椒盐虾
3428,小青菜|米饭|酱鸭|雪菜毛豆/萝卜干炒蛋
3429,米饭|莴苣/藕片|雪菜毛豆/萝卜干炒蛋|鸡米花/椒盐虾
343,凉拌黑木耳/素烧鹅|木耳西兰花|米饭|酥鱼/红烧肉
3430,米饭|莴苣/藕片|虎皮尖椒/素烧鹅
3431,虎皮尖椒/素烧鹅
3432,椒盐虾，|油豆腐/长江豆肉丝|红烧茄子/椒盐土豆
3433,付皮包|米饭|红烧排骨|红烧茄子/椒盐土豆
3434,小青菜|油豆腐/长江豆肉丝|米饭|红烧排骨|虎皮尖椒/素烧鹅|鸡米花/椒盐虾
3435,米饭|红烧排骨|红烧茄子/椒盐土豆|莴苣/藕片|葱油炒鳊鱼|虎皮尖椒/素烧鹅
3436,小青菜|椒盐虾，|油豆腐/长江豆肉丝|米饭|红烧茄子/椒盐土豆
3437,小青菜|油豆腐/长江豆肉丝|米饭|红烧排骨|红烧茄子/椒盐土豆|莴苣/藕片|虎皮尖椒/素烧鹅
3438,油豆腐/长江豆肉丝|米饭|莴苣/藕片|虎皮尖椒/素烧鹅|鸡米花/椒盐虾
3439,椒盐虾，|米饭|红烧排骨|红烧茄子/椒盐土豆|酱鸭
344,木耳西兰花|葱油娃娃菜|韭黄肉丝小炒
3440,小青菜|油豆腐/长江豆肉丝|米饭|红烧茄子/椒盐土豆|虎皮尖椒/素烧鹅|雪菜毛豆/萝卜干炒蛋
3441,米饭|红烧茄子/椒盐土豆|酱鸭|雪菜毛豆/萝卜干炒蛋
3442,小青菜|米饭|红烧排骨|红烧茄子/椒盐土豆|莴苣/藕片|葱油炒鳊鱼|雪菜毛豆/萝卜干炒蛋
3443,付皮包|小青菜|油豆腐/长江豆肉丝|米饭|红烧茄子/椒盐土豆|莴苣/藕片|虎皮尖椒/素烧鹅|雪菜毛豆/萝卜干炒蛋
3444,小青菜|油豆腐/长江豆肉丝|米饭|红烧茄子/椒盐土豆|莴苣/藕片|酱鸭
3445,小青菜|米饭|红烧茄子/椒盐土豆|葱油炒鳊鱼|鸡米花/椒盐虾
3446,油豆腐/长江豆肉丝|米饭|红烧排骨|莴苣/藕片|虎皮尖椒/素烧鹅|酱鸭|雪菜毛豆/萝卜干炒蛋|鸡米花/椒盐虾
3447,椒盐虾，|米饭|虎皮尖椒/素烧鹅|酱鸭|雪菜毛豆/萝卜干炒蛋
3448,小青菜|油豆腐/长江豆肉丝|米饭|虎皮尖椒/素烧鹅
3449,付皮包|油豆腐/长江豆肉丝|米饭|红烧茄子/椒盐土豆|虎皮尖椒/素烧鹅|酱鸭|雪菜毛豆/萝卜干炒蛋
345,三色绿豆芽|小酥肉|米饭
3450,椒盐虾，|油豆腐/长江豆肉丝|莴苣/藕片|葱油炒鳊鱼|虎皮尖椒/素烧鹅
3451,小青菜|椒盐虾，|米饭|莴苣/藕片
3452,小青菜|油豆腐/长江豆肉丝|米饭|红烧排骨|莴苣/藕片|虎皮尖椒/素烧鹅|酱鸭|雪菜毛豆/萝卜干炒蛋
3453,小青菜|油豆腐/长江豆肉丝|葱油炒鳊鱼|虎皮尖椒/素烧鹅|酱鸭
3454,小青菜|椒盐虾，|油豆腐/长江豆肉丝|米饭|红烧茄子/椒盐土豆|雪菜毛豆/萝卜干炒蛋
3455,椒盐虾，|油豆腐/长江豆肉丝|米饭|莴苣/藕片|虎皮尖椒/素烧鹅|雪菜毛豆/萝卜干炒蛋
3456,油豆腐/长江豆肉丝|米饭|虎皮尖椒/素烧鹅|酱鸭|鸡米花/椒盐虾
3457,付皮包|米饭|红烧茄子/椒盐土豆|酱鸭
3458,小青菜|米饭|虎皮尖椒/素烧鹅|酱鸭|雪菜毛豆/萝卜干炒蛋
3459,小青菜|椒盐虾，|米饭|莴苣/藕片|葱油炒鳊鱼|虎皮尖椒/素烧鹅|雪菜毛豆/萝卜干炒蛋
346,大白菜|小酥肉|木耳西兰花|米饭|葱油娃娃菜|香菇鸭块/雪蘑菇肉片
3460,付皮包|油豆腐/长江豆肉丝|米饭|红烧茄子/椒盐土豆|莴苣/藕片|虎皮尖椒/素烧鹅
3461,油豆腐/长江豆肉丝|米饭|红烧排骨|莴苣/藕片|酱鸭
3462,小青菜|油豆腐/长江豆肉丝|米饭|莴苣/藕片|虎皮尖椒/素烧鹅
3463,小青菜|油豆腐/长江豆肉丝|米饭|莴苣/藕片|虎皮尖椒/素烧鹅|酱鸭|鸡米花/椒盐虾
3464,付皮包|小青菜|椒盐虾，|油豆腐/长江豆肉丝|米饭
3465,付皮包|小青菜|油豆腐/长江豆肉丝|米饭|红烧茄子/椒盐土豆|莴苣/藕片|酱鸭
3466,米饭|红烧排骨|红烧茄子/椒盐土豆|虎皮尖椒/素烧鹅|雪菜毛豆/萝卜干炒蛋|鸡米花/椒盐虾
3467,小青菜|油豆腐/长江豆肉丝|米饭|红烧排骨|红烧茄子/椒盐土豆|鸡米花/椒盐虾
3468,小青菜|米饭|酱鸭|雪菜毛豆/萝卜干炒蛋
3469,小青菜|油豆腐/长江豆肉丝|米饭|红烧排骨|红烧茄子/椒盐土豆|莴苣/藕片|酱鸭|雪菜毛豆/萝卜干炒蛋|鸡米花/椒盐虾
347,酥鱼/红烧肉|韭黄肉丝小炒|香菇鸭块/雪蘑菇肉片
3470,小青菜|油豆腐/长江豆肉丝|米饭|葱油炒鳊鱼|虎皮尖椒/素烧鹅|雪菜毛豆/萝卜干炒蛋
3471,椒盐虾，|油豆腐/长江豆肉丝|米饭|红烧茄子/椒盐土豆|莴苣/藕片|虎皮尖椒/素烧鹅|酱鸭|雪菜毛豆/萝卜干炒蛋|鸡米花/椒盐虾
3472,付皮包|油豆腐/长江豆肉丝|米饭|红烧茄子/椒盐土豆|虎皮尖椒/素烧鹅
3473,小青菜|油豆腐/长江豆肉丝|米饭|莴苣/藕片|虎皮尖椒/素烧鹅|酱鸭
3474,小青菜|米饭|红烧茄子/椒盐土豆|葱油炒鳊鱼|虎皮尖椒/素烧鹅|雪菜毛豆/萝卜干炒蛋
3475,小青菜|米饭|葱油炒鳊鱼|虎皮尖椒/素烧鹅|雪菜毛豆/萝卜干炒蛋
3476,付皮包|小青菜|椒盐虾，|油豆腐/长江豆肉丝|米饭|红烧排骨|红烧茄子/椒盐土豆|莴苣/藕片|虎皮尖椒/素烧鹅|雪菜毛豆/萝卜干炒蛋|鸡米花/椒盐虾
3477,小青菜|油豆腐/长江豆肉丝|米饭|葱油炒鳊鱼|虎皮尖椒/素烧鹅|雪菜毛豆/萝卜干炒蛋
3478,小青菜|米饭|红烧排骨|葱油炒鳊鱼|虎皮尖椒/素烧鹅
3479,小青菜|红烧排骨|红烧茄子/椒盐土豆|葱油炒鳊鱼|虎皮尖椒/素烧鹅
348,小酥肉|木耳西兰花|米饭|酥鱼/红烧肉|韭黄肉丝小炒
3480,小青菜|椒盐虾，|米饭|莴苣/藕片
3481,付皮包|小青菜|椒盐虾，|米饭|红烧茄子/椒盐土豆|葱油炒鳊鱼|雪菜毛豆/萝卜干炒蛋
3482,小青菜|椒盐虾，|米饭|红烧排骨|莴苣/藕片|雪菜毛豆/萝卜干炒蛋|鸡米花/椒盐虾
3483,小青菜|椒盐虾，|米饭|红烧排骨|红烧茄子/椒盐土豆|虎皮尖椒/素烧鹅
3484,小青菜|米饭|红烧茄子/椒盐土豆|葱油炒鳊鱼|雪菜毛豆/萝卜干炒蛋|鸡米花/椒盐虾
3485,小青菜|米饭|红烧排骨|红烧茄子/椒盐土豆|葱油炒鳊鱼|虎皮尖椒/素烧鹅|鸡米花/椒盐虾
3486,小青菜|油豆腐/长江豆肉丝|米饭|红烧排骨|红烧茄子/椒盐土豆|酱鸭
3487,付皮包|小青菜|油豆腐/长江豆肉丝|米饭|酱鸭|雪菜毛豆/萝卜干炒蛋
3488,米饭|红烧排骨|莴苣/藕片|虎皮尖椒/素烧鹅|雪菜毛豆/萝卜干炒蛋|鸡米花/椒盐虾
3489,付皮包|米饭|莴苣/藕片|葱油炒鳊鱼|雪菜毛豆/萝卜干炒蛋
349,凉拌黑木耳/素烧鹅|大白菜|米饭|西红柿炒鸡蛋|酥鱼/红烧肉|韭黄肉丝小炒|香菇鸭块/雪蘑菇肉片
3490,米饭|红烧排骨|红烧茄子/椒盐土豆|雪菜毛豆/萝卜干炒蛋
3491,付皮包|小青菜|油豆腐/长江豆肉丝|米饭|虎皮尖椒/素烧鹅|雪菜毛豆/萝卜干炒蛋
3492,付皮包|小青菜|米饭|红烧茄子/椒盐土豆|莴苣/藕片|葱油炒鳊鱼|酱鸭|雪菜毛豆/萝卜干炒蛋
3493,小青菜|椒盐虾，|米饭|莴苣/藕片|虎皮尖椒/素烧鹅|鸡米花/椒盐虾
3494,油豆腐/长江豆肉丝|米饭|莴苣/藕片|葱油炒鳊鱼|虎皮尖椒/素烧鹅
3495,小青菜|油豆腐/长江豆肉丝|米饭|红烧排骨|红烧茄子/椒盐土豆|莴苣/藕片
3496,小青菜|米饭|红烧排骨|红烧茄子/椒盐土豆|虎皮尖椒/素烧鹅
3497,小青菜|米饭|莴苣/藕片|葱油炒鳊鱼
3498,油豆腐/长江豆肉丝|米饭|红烧排骨|虎皮尖椒/素烧鹅|鸡米花/椒盐虾
3499,油豆腐/长江豆肉丝|米饭|莴苣/藕片|酱鸭
350,凉拌黑木耳/素烧鹅|米饭|葱油娃娃菜|酥鱼/红烧肉|韭黄肉丝小炒|香菇鸭块/雪蘑菇肉片
3500,付皮包|小青菜|米饭|莴苣/藕片|虎皮尖椒/素烧鹅|酱鸭|雪菜毛豆/萝卜干炒蛋
3501,付皮包|小青菜|椒盐虾，|米饭|莴苣/藕片|葱油炒鳊鱼|雪菜毛豆/萝卜干炒蛋
3502,小青菜|椒盐虾，|米饭|红烧茄子/椒盐土豆|虎皮尖椒/素烧鹅|雪菜毛豆/萝卜干炒蛋
3503,米饭|红烧排骨|莴苣/藕片|葱油炒鳊鱼|虎皮尖椒/素烧鹅|雪菜毛豆/萝卜干炒蛋
3504,付皮包|小青菜|椒盐虾，|米饭|红烧茄子/椒盐土豆|雪菜毛豆/萝卜干炒蛋
3505,小青菜|椒盐虾，|油豆腐/长江豆肉丝|米饭|红烧茄子/椒盐土豆|莴苣/藕片|虎皮尖椒/素烧鹅|酱鸭|雪菜毛豆/萝卜干炒蛋
3506,椒盐虾，|米饭|莴苣/藕片|虎皮尖椒/素烧鹅|酱鸭|雪菜毛豆/萝卜干炒蛋
3507,小青菜|椒盐虾，|米饭|莴苣/藕片|虎皮尖椒/素烧鹅
3508,油豆腐/长江豆肉丝|米饭|红烧茄子/椒盐土豆|莴苣/藕片|酱鸭|鸡米花/椒盐虾
3509,小青菜|莴苣/藕片|虎皮尖椒/素烧鹅|酱鸭|雪菜毛豆/萝卜干炒蛋
351,三色绿豆芽|小酥肉|米饭|酥鱼/红烧肉|韭黄肉丝小炒
3510,小青菜|米饭|红烧排骨|红烧茄子/椒盐土豆|莴苣/藕片|虎皮尖椒/素烧鹅|雪菜毛豆/萝卜干炒蛋|鸡米花/椒盐虾
3511,小青菜|油豆腐/长江豆肉丝|米饭|红烧排骨|红烧茄子/椒盐土豆|莴苣/藕片|虎皮尖椒/素烧鹅|雪菜毛豆/萝卜干炒蛋|鸡米花/椒盐虾
3512,付皮包|小青菜|椒盐虾，|油豆腐/长江豆肉丝|米饭|红烧茄子/椒盐土豆|莴苣/藕片|雪菜毛豆/萝卜干炒蛋
3513,小青菜|米饭|红烧茄子/椒盐土豆|莴苣/藕片|葱油炒鳊鱼|虎皮尖椒/素烧鹅
3514,小青菜|米饭|葱油炒鳊鱼|虎皮尖椒/素烧鹅|雪菜毛豆/萝卜干炒蛋
3515,米饭|红烧排骨|红烧茄子/椒盐土豆|莴苣/藕片|鸡米花/椒盐虾
3516,小青菜|椒盐虾，|油豆腐/长江豆肉丝|米饭|红烧排骨|红烧茄子/椒盐土豆|虎皮尖椒/素烧鹅|鸡米花/椒盐虾
3517,椒盐虾，|油豆腐/长江豆肉丝|米饭|莴苣/藕片|酱鸭|雪菜毛豆/萝卜干炒蛋
3518,小青菜|油豆腐/长江豆肉丝|米饭|红烧排骨|红烧茄子/椒盐土豆|莴苣/藕片|雪菜毛豆/萝卜干炒蛋
3519,椒盐虾，|油豆腐/长江豆肉丝|米饭|红烧茄子/椒盐土豆|虎皮尖椒/素烧鹅|酱鸭
352,木耳西兰花|米饭|葱油娃娃菜|酥鱼/红烧肉|香菇鸭块/雪蘑菇肉片
3520,付皮包|小青菜|椒盐虾，|油豆腐/长江豆肉丝|米饭|红烧茄子/椒盐土豆|莴苣/藕片|虎皮尖椒/素烧鹅|雪菜毛豆/萝卜干炒蛋
3521,油豆腐/长江豆肉丝|红烧茄子/椒盐土豆|虎皮尖椒/素烧鹅|雪菜毛豆/萝卜干炒蛋|鸡米花/椒盐虾
3522,米饭|红烧排骨|红烧茄子/椒盐土豆|莴苣/藕片|虎皮尖椒/素烧鹅|鸡米花/椒盐虾
3523,小青菜|米饭|红烧茄子/椒盐土豆|虎皮尖椒/素烧鹅|酱鸭
3524,付皮包|油豆腐/长江豆肉丝|米饭|红烧茄子/椒盐土豆|虎皮尖椒/素烧鹅
3525,米饭|红烧茄子/椒盐土豆|虎皮尖椒/素烧鹅|雪菜毛豆/萝卜干炒蛋
3526,小青菜|米饭|红烧茄子/椒盐土豆|虎皮尖椒/素烧鹅|酱鸭
3527,小青菜|油豆腐/长江豆肉丝|米饭|红烧排骨|红烧茄子/椒盐土豆|虎皮尖椒/素烧鹅
3528,付皮包|油豆腐/长江豆肉丝|米饭|红烧茄子/椒盐土豆|莴苣/藕片|葱油炒鳊鱼|虎皮尖椒/素烧鹅
3529,油豆腐/长江豆肉丝|米饭|葱油炒鳊鱼|虎皮尖椒/素烧鹅|雪菜毛豆/萝卜干炒蛋
353,三色绿豆芽|木耳西兰花|米饭|葱油娃娃菜|酥鱼/红烧肉
3530,油豆腐/长江豆肉丝|米饭|虎皮尖椒/素烧鹅|酱鸭
3531,小青菜|油豆腐/长江豆肉丝|米饭|红烧茄子/椒盐土豆|莴苣/藕片|虎皮尖椒/素烧鹅
3532,小青菜|米饭|红烧排骨|雪菜毛豆/萝卜干炒蛋|鸡米花/椒盐虾
3533,米饭|莴苣/藕片|虎皮尖椒/素烧鹅|酱鸭|雪菜毛豆/萝卜干炒蛋
3534,付皮包|椒盐虾，|米饭|红烧茄子/椒盐土豆|虎皮尖椒/素烧鹅|雪菜毛豆/萝卜干炒蛋|鸡米花/椒盐虾
3535,付皮包|米饭|莴苣/藕片|虎皮尖椒/素烧鹅|雪菜毛豆/萝卜干炒蛋
3536,椒盐虾，|米饭|莴苣/藕片|虎皮尖椒/素烧鹅|雪菜毛豆/萝卜干炒蛋|鸡米花/椒盐虾
3537,小青菜|米饭|红烧排骨|红烧茄子/椒盐土豆|虎皮尖椒/素烧鹅|酱鸭
3538,米饭|红烧茄子/椒盐土豆|莴苣/藕片|酱鸭
3539,米饭|红烧茄子/椒盐土豆|莴苣/藕片|葱油炒鳊鱼|酱鸭|雪菜毛豆/萝卜干炒蛋
354,大白菜|木耳西兰花|米饭|酥鱼/红烧肉|香菇鸭块/雪蘑菇肉片
3540,小青菜|米饭|红烧排骨|红烧茄子/椒盐土豆|莴苣/藕片|虎皮尖椒/素烧鹅
3541,付皮包|椒盐虾，|油麦菜|红烧茄子/椒盐土豆|酱鸭
3542,油豆腐/长江豆肉丝|米饭|红烧排骨|莴苣/藕片|虎皮尖椒/素烧鹅|雪菜毛豆/萝卜干炒蛋
3543,付皮包|莴苣/藕片|鸡米花/椒盐虾
3544,米饭|红烧茄子/椒盐土豆|雪菜毛豆/萝卜干炒蛋|鸡米花/椒盐虾
3545,椒盐虾，|米饭|红烧茄子/椒盐土豆|雪菜毛豆/萝卜干炒蛋|鸡米花/椒盐虾
3546,付皮包|椒盐虾，|米饭|红烧茄子/椒盐土豆|虎皮尖椒/素烧鹅|雪菜毛豆/萝卜干炒蛋
3547,小青菜|米饭|葱油炒鳊鱼|虎皮尖椒/素烧鹅|雪菜毛豆/萝卜干炒蛋
3548,付皮包|椒盐虾，|油豆腐/长江豆肉丝|红烧茄子/椒盐土豆|虎皮尖椒/素烧鹅
3549,油麦菜|米饭|莴苣/藕片|葱油炒鳊鱼|虎皮尖椒/素烧鹅|雪菜毛豆/萝卜干炒蛋
355,土豆丝/大白菜|木耳花菜/青瓜炒蛋|椒盐带鱼/鸡排|油豆腐烧肉|海带丝|米饭|红烧排骨|芹菜香干|茄子豆角|蘑菇小炒肉
3550,椒盐虾，|油麦菜|米饭|虎皮尖椒/素烧鹅|雪菜毛豆/萝卜干炒蛋
3551,付皮包|油豆腐/长江豆肉丝|米饭|莴苣/藕片|葱油炒鳊鱼
3552,付皮包|椒盐虾，|油麦菜|米饭|红烧茄子/椒盐土豆|莴苣/藕片
3553,椒盐虾，|米饭|红烧排骨|红烧茄子/椒盐土豆|莴苣/藕片|鸡米花/椒盐虾
3554,小青菜|米饭|红烧排骨|红烧茄子/椒盐土豆|莴苣/藕片|虎皮尖椒/素烧鹅|酱鸭|雪菜毛豆/萝卜干炒蛋|鸡米花/椒盐虾
3555,椒盐虾，|油豆腐/长江豆肉丝|油麦菜|米饭|红烧茄子/椒盐土豆|莴苣/藕片|葱油炒鳊鱼|雪菜毛豆/萝卜干炒蛋
3556,椒盐虾，|油豆腐/长江豆肉丝|米饭|红烧排骨|红烧茄子/椒盐土豆|莴苣/藕片|虎皮尖椒/素烧鹅|酱鸭|鸡米花/椒盐虾
3557,椒盐虾，|米饭|红烧茄子/椒盐土豆|雪菜毛豆/萝卜干炒蛋
3558,油豆腐/长江豆肉丝|米饭|红烧排骨|红烧茄子/椒盐土豆|莴苣/藕片|虎皮尖椒/素烧鹅|雪菜毛豆/萝卜干炒蛋
3559,付皮包|油豆腐/长江豆肉丝|米饭|红烧茄子/椒盐土豆|莴苣/藕片|葱油炒鳊鱼|虎皮尖椒/素烧鹅|雪菜毛豆/萝卜干炒蛋
356,椒盐带鱼/鸡排
3560,付皮包|小青菜|椒盐虾，|油豆腐/长江豆肉丝|米饭|葱油炒鳊鱼|虎皮尖椒/素烧鹅
3561,油豆腐/长江豆肉丝|米饭|莴苣/藕片|虎皮尖椒/素烧鹅|雪菜毛豆/萝卜干炒蛋|鸡米花/椒盐虾
3562,油豆腐/长江豆肉丝|米饭|红烧茄子/椒盐土豆|虎皮尖椒/素烧鹅
3563,小青菜|油豆腐/长江豆肉丝|米饭|红烧茄子/椒盐土豆
3564,椒盐虾，|米饭|红烧排骨|红烧茄子/椒盐土豆|雪菜毛豆/萝卜干炒蛋|鸡米花/椒盐虾
3565,小青菜|油豆腐/长江豆肉丝|米饭|红烧排骨|红烧茄子/椒盐土豆|莴苣/藕片|鸡米花/椒盐虾
3566,油豆腐/长江豆肉丝|油麦菜|米饭|葱油炒鳊鱼
3567,油麦菜|米饭|红烧排骨|红烧茄子/椒盐土豆|莴苣/藕片|鸡米花/椒盐虾
3568,米饭|红烧茄子/椒盐土豆|莴苣/藕片|葱油炒鳊鱼|虎皮尖椒/素烧鹅|鸡米花/椒盐虾
3569,米饭|红烧茄子/椒盐土豆|莴苣/藕片|虎皮尖椒/素烧鹅
357,木耳花菜/青瓜炒蛋|椒盐带鱼/鸡排|米饭|红烧排骨|芹菜香干|茄子豆角
3570,椒盐虾，|油麦菜|红烧排骨|红烧茄子/椒盐土豆|虎皮尖椒/素烧鹅|雪菜毛豆/萝卜干炒蛋
3571,米饭|红烧茄子/椒盐土豆|虎皮尖椒/素烧鹅|酱鸭|鸡米花/椒盐虾
3572,米饭
3573,椒盐虾，|米饭|红烧茄子/椒盐土豆|莴苣/藕片|雪菜毛豆/萝卜干炒蛋|鸡米花/椒盐虾
3574,付皮包|小青菜|油豆腐/长江豆肉丝|米饭|莴苣/藕片
3575,椒盐虾，|油麦菜|米饭|莴苣/藕片|虎皮尖椒/素烧鹅|雪菜毛豆/萝卜干炒蛋
3576,椒盐虾，|油麦菜|米饭|红烧排骨|虎皮尖椒/素烧鹅|鸡米花/椒盐虾
3577,油麦菜|米饭|莴苣/藕片|葱油炒鳊鱼|鸡米花/椒盐虾
3578,油豆腐/长江豆肉丝|油麦菜|米饭|红烧茄子/椒盐土豆|葱油炒鳊鱼|酱鸭|雪菜毛豆/萝卜干炒蛋
3579,椒盐虾，|米饭|红烧茄子/椒盐土豆|葱油炒鳊鱼
358,油豆腐烧肉|米饭|蘑菇小炒肉
3580,付皮包|小青菜|油豆腐/长江豆肉丝|红烧排骨|莴苣/藕片
3581,油豆腐/长江豆肉丝|米饭|莴苣/藕片|葱油炒鳊鱼
3582,米饭|红烧排骨|红烧茄子/椒盐土豆|葱油炒鳊鱼|虎皮尖椒/素烧鹅
3583,油麦菜|红烧茄子/椒盐土豆|莴苣/藕片|葱油炒鳊鱼|雪菜毛豆/萝卜干炒蛋
3584,小青菜|椒盐虾，|红烧排骨|莴苣/藕片|虎皮尖椒/素烧鹅
3585,米饭|红烧茄子/椒盐土豆|葱油炒鳊鱼|虎皮尖椒/素烧鹅
3586,油豆腐/长江豆肉丝|油麦菜|米饭|葱油炒鳊鱼
3587,米饭|红烧排骨|红烧茄子/椒盐土豆|莴苣/藕片|葱油炒鳊鱼
3588,油麦菜|米饭|葱油炒鳊鱼|雪菜毛豆/萝卜干炒蛋
3589,米饭|红烧排骨|红烧茄子/椒盐土豆|莴苣/藕片|雪菜毛豆/萝卜干炒蛋
359,海带丝|米饭|茄子豆角|蘑菇小炒肉
3590,油豆腐/长江豆肉丝|米饭|红烧排骨|莴苣/藕片|葱油炒鳊鱼|鸡米花/椒盐虾
3591,油豆腐/长江豆肉丝|米饭|红烧排骨|莴苣/藕片
3592,米饭|红烧茄子/椒盐土豆|莴苣/藕片|葱油炒鳊鱼|虎皮尖椒/素烧鹅
3593,米饭|红烧茄子/椒盐土豆|葱油炒鳊鱼|虎皮尖椒/素烧鹅|雪菜毛豆/萝卜干炒蛋
3594,付皮包|油豆腐/长江豆肉丝|米饭|红烧排骨|葱油炒鳊鱼|虎皮尖椒/素烧鹅
3595,付皮包|油豆腐/长江豆肉丝|油麦菜|米饭|莴苣/藕片
3596,油麦菜|米饭|红烧排骨|莴苣/藕片|虎皮尖椒/素烧鹅
3597,付皮包|油豆腐/长江豆肉丝|米饭|红烧茄子/椒盐土豆|虎皮尖椒/素烧鹅|雪菜毛豆/萝卜干炒蛋|鸡米花/椒盐虾
3598,油麦菜|米饭|红烧排骨|葱油炒鳊鱼|虎皮尖椒/素烧鹅
3599,米饭|红烧茄子/椒盐土豆|莴苣/藕片|雪菜毛豆/萝卜干炒蛋|鸡米花/椒盐虾
360,口水鸡|土豆丝/大白菜|椒盐带鱼/鸡排|海带丝|米饭|红烧排骨
3600,油麦菜|米饭|红烧茄子/椒盐土豆|莴苣/藕片|葱油炒鳊鱼|虎皮尖椒/素烧鹅
3601,付皮包|椒盐虾，|米饭|虎皮尖椒/素烧鹅|酱鸭|雪菜毛豆/萝卜干炒蛋
3602,椒盐虾，|油麦菜|米饭|红烧茄子/椒盐土豆|莴苣/藕片|鸡米花/椒盐虾
3603,油麦菜|米饭|红烧茄子/椒盐土豆|葱油炒鳊鱼
3604,米饭|红烧茄子/椒盐土豆|鸡米花/椒盐虾
3605,椒盐虾，|油麦菜|米饭|红烧茄子/椒盐土豆|虎皮尖椒/素烧鹅
3606,油豆腐/长江豆肉丝|油麦菜|米饭|葱油炒鳊鱼|雪菜毛豆/萝卜干炒蛋
3607,油麦菜|米饭|红烧排骨|红烧茄子/椒盐土豆
3608,米饭|红烧排骨|红烧茄子/椒盐土豆|虎皮尖椒/素烧鹅
3609,付皮包|油豆腐/长江豆肉丝|米饭|红烧排骨|红烧茄子/椒盐土豆|莴苣/藕片|酱鸭|鸡米花/椒盐虾
361,土豆丝/大白菜|米饭|红烧排骨|蘑菇小炒肉
3610,米饭
3611,丝瓜炒蛋/家常豆腐|千张结烧肉|大白菜/豆芽|牛肉|米饭|葱油鸡
3612,大白菜/豆芽|春卷|牛肉|米饭
3613,丝瓜炒蛋/家常豆腐|千叶豆腐肉丝/韭黄肉|大白菜/豆芽|春卷|牛肉|米饭|萝卜丝带鱼|葱油鸡
3614,丝瓜炒蛋/家常豆腐|包菜粉丝|千叶豆腐肉丝/韭黄肉|扎肉|春卷|米饭
3615,丝瓜炒蛋/家常豆腐|包菜粉丝|千叶豆腐肉丝/韭黄肉|大白菜/豆芽|牛肉|米饭|花菜
3616,包菜粉丝|千叶豆腐肉丝/韭黄肉|大白菜/豆芽|牛肉|米饭|葱油鸡
3617,丝瓜炒蛋/家常豆腐|凉拌海带|千张结烧肉|牛肉|米饭|萝卜丝带鱼
3618,凉拌海带|大白菜/豆芽|春卷|牛肉|米饭|葱油鸡
3619,大白菜/豆芽|牛肉|米饭|花菜
362,口水鸡|土豆丝/大白菜|木耳花菜/青瓜炒蛋|椒盐带鱼/鸡排|米饭
3620,丝瓜炒蛋/家常豆腐|大白菜/豆芽|扎肉|米饭
3621,丝瓜炒蛋/家常豆腐|千叶豆腐肉丝/韭黄肉|大白菜/豆芽|牛肉|米饭
3622,丝瓜炒蛋/家常豆腐|凉拌海带|千叶豆腐肉丝/韭黄肉|大白菜/豆芽|牛肉|米饭|萝卜丝带鱼
3623,丝瓜炒蛋/家常豆腐|千叶豆腐肉丝/韭黄肉|大白菜/豆芽|春卷|牛肉|萝卜丝带鱼
3624,丝瓜炒蛋/家常豆腐|千叶豆腐肉丝/韭黄肉|米饭|花菜|葱油鸡
3625,丝瓜炒蛋/家常豆腐|凉拌海带|千叶豆腐肉丝/韭黄肉|牛肉|米饭
3626,丝瓜炒蛋/家常豆腐|凉拌海带|春卷|牛肉|米饭
3627,丝瓜炒蛋/家常豆腐|千叶豆腐肉丝/韭黄肉|扎肉|米饭
36272,东坡腐|回锅肉|培红菜蘑菇毛豆肉丝|宫爆鸡丁|米饭|虎皮蛋烧肉
36273,培红菜蘑菇毛豆肉丝|家常豆腐|米饭|素烧鹅|葱油鸡|青瓜付竹肉片|青韭南瓜丝|香蒿
36274,家常豆腐|米饭|素烧鹅|青椒土豆丝
36275,培红菜蘑菇毛豆肉丝|椒盐带鱼|米饭|青韭南瓜丝
36276,东坡腐|家常豆腐|米饭|素烧鹅|葱油金针菇
36277,培红菜蘑菇毛豆肉丝|宫爆鸡丁|家常豆腐|米饭|素烧鹅|葱油鸡|西葫芦炒蛋
36278,宫爆鸡丁|家常豆腐|米饭|青椒土豆丝
36279,回锅肉|培红菜蘑菇毛豆肉丝|木耳娃娃菜|油爆虾|米饭|素烧鹅|葱油金针菇|虎皮蛋烧肉
3628,凉拌海带|大白菜/豆芽|春卷|牛肉|米饭
36280,回锅肉|宫爆鸡丁|油爆虾|米饭|红烧排骨|葱油金针菇|葱油鸡|西葫芦炒蛋|青瓜付竹肉片|香蒿
36281,培红菜蘑菇毛豆肉丝|米饭|红烧排骨|红烧萝卜|香蒿
36282,培红菜蘑菇毛豆肉丝|米饭|红烧萝卜|香蒿
36283,宫爆鸡丁|油爆虾|米饭|红烧排骨|西葫芦炒蛋|青椒土豆丝|青韭南瓜丝
36284,培红菜蘑菇毛豆肉丝|宫爆鸡丁|米饭|葱油金针菇|葱油鸡|虾皮冬瓜|青椒土豆丝|香蒿
36285,家常豆腐|木耳娃娃菜|米饭|青瓜付竹肉片
36286,回锅肉|米饭|青椒土豆丝|青韭南瓜丝|香蒿
36287,回锅肉|培红菜蘑菇毛豆肉丝|米饭|虎皮蛋烧肉|香蒿
36288,椒盐带鱼|米饭|素烧鹅|红烧萝卜|葱油鸡|西葫芦炒蛋
36289,木耳娃娃菜|米饭|葱油金针菇|虎皮蛋烧肉|香蒿
3629,千叶豆腐肉丝/韭黄肉|米饭|萝卜丝带鱼|葱油鸡
36290,油爆虾|米饭|虎皮蛋烧肉|虾皮冬瓜|香蒿
36291,家常豆腐|米饭|葱油鸡|西葫芦炒蛋
36292,木耳娃娃菜|椒盐带鱼|米饭|红烧排骨|红烧萝卜|青椒土豆丝
36293,培红菜蘑菇毛豆肉丝|家常豆腐|椒盐带鱼|油爆虾|米饭|红烧萝卜|虾皮冬瓜|青瓜付竹肉片|青韭南瓜丝
36294,家常豆腐|木耳娃娃菜|椒盐带鱼|米饭|红烧排骨|青椒土豆丝
36295,回锅肉|培红菜蘑菇毛豆肉丝|椒盐带鱼|米饭|红烧萝卜|葱油鸡|青瓜付竹肉片|青韭南瓜丝
36296,回锅肉|培红菜蘑菇毛豆肉丝|米饭|葱油鸡|香蒿
36297,东坡腐|米饭|虾皮冬瓜|香蒿
36298,东坡腐|宫爆鸡丁|米饭|素烧鹅
36299,米饭|葱油金针菇|葱油鸡|虎皮蛋烧肉|青椒土豆丝
363,椒盐带鱼/鸡排|米饭|蘑菇小炒肉
3630,丝瓜炒蛋/家常豆腐|包菜粉丝|米饭|葱油鸡
36300,培红菜蘑菇毛豆肉丝|家常豆腐|米饭|素烧鹅|葱油金针菇|青椒土豆丝|青瓜付竹肉片|香蒿
36301,米饭|红烧萝卜|葱油鸡|虾皮冬瓜|西葫芦炒蛋
36302,椒盐带鱼|米饭|青韭南瓜丝|香蒿
36303,宫爆鸡丁|米饭|红烧排骨|葱油鸡|西葫芦炒蛋
36304,东坡腐|家常豆腐|米饭|葱油金针菇|西葫芦炒蛋|青椒土豆丝|青瓜付竹肉片|青韭南瓜丝
36305,培红菜蘑菇毛豆肉丝|米饭|素烧鹅|红烧萝卜|葱油金针菇|虎皮蛋烧肉|香蒿
36306,椒盐带鱼|油爆虾|米饭|素烧鹅|虾皮冬瓜
36307,东坡腐|培红菜蘑菇毛豆肉丝|椒盐带鱼|米饭|素烧鹅|葱油鸡|虾皮冬瓜
36308,木耳娃娃菜|油爆虾|米饭|红烧萝卜|葱油金针菇|葱油鸡|西葫芦炒蛋
36309,家常豆腐|油爆虾|米饭|素烧鹅|红烧排骨|葱油鸡|虎皮蛋烧肉|虾皮冬瓜|香蒿
3631,千叶豆腐肉丝/韭黄肉|大白菜/豆芽|牛肉|米饭|花菜
36310,回锅肉|家常豆腐|油爆虾|米饭|红烧排骨|青椒土豆丝
36311,回锅肉|椒盐带鱼|油爆虾|紫米饭|葱油金针菇|香蒿
36312,宫爆鸡丁|米饭|虎皮蛋烧肉|香蒿
36313,回锅肉|培红菜蘑菇毛豆肉丝|米饭|葱油鸡|青韭南瓜丝|香蒿
36314,紫米饭|红烧萝卜|葱油金针菇|虎皮蛋烧肉|青瓜付竹肉片
36315,宫爆鸡丁|家常豆腐|米饭|紫米饭|红烧排骨|葱油金针菇
36316,回锅肉|宫爆鸡丁|油爆虾|米饭|素烧鹅|红烧排骨|葱油金针菇
36317,宫爆鸡丁|家常豆腐|椒盐带鱼|米饭|红烧排骨|虎皮蛋烧肉|青椒土豆丝|青瓜付竹肉片
36318,回锅肉|宫爆鸡丁|木耳娃娃菜|椒盐带鱼|米饭|紫米饭|虎皮蛋烧肉|西葫芦炒蛋|青瓜付竹肉片|青韭南瓜丝
36319,葱油鸡
3632,千叶豆腐肉丝/韭黄肉|大白菜/豆芽|春卷|米饭
36320,宫爆鸡丁|米饭|素烧鹅|红烧排骨|青瓜付竹肉片|香蒿
36321,宫爆鸡丁|木耳娃娃菜|紫米饭|西葫芦炒蛋|青椒土豆丝
36322,家常豆腐|米饭|紫米饭|红烧排骨|葱油鸡|虾皮冬瓜|青瓜付竹肉片|青韭南瓜丝|香蒿
36323,米饭|虾皮冬瓜|香蒿
36324,东坡腐|油爆虾|米饭|红烧排骨|虾皮冬瓜|香蒿
36325,培红菜蘑菇毛豆肉丝|米饭|葱油金针菇|葱油鸡|香蒿
36326,东坡腐|回锅肉|木耳娃娃菜|椒盐带鱼|米饭|葱油金针菇|虎皮蛋烧肉|西葫芦炒蛋
36327,培红菜蘑菇毛豆肉丝|米饭|葱油金针菇|香蒿
36328,宫爆鸡丁|家常豆腐|椒盐带鱼|素烧鹅|紫米饭
36329,回锅肉|培红菜蘑菇毛豆肉丝|油爆虾|紫米饭
3633,丝瓜炒蛋/家常豆腐|凉拌海带|千叶豆腐肉丝/韭黄肉|千张结烧肉|大白菜/豆芽|牛肉|米饭|花菜
36330,椒盐带鱼|米饭|素烧鹅|紫米饭|香蒿
36331,油爆虾|米饭|葱油鸡|虾皮冬瓜
36332,家常豆腐|米饭|虎皮蛋烧肉|西葫芦炒蛋|青椒土豆丝
36333,东坡腐|木耳娃娃菜|素烧鹅|紫米饭|红烧排骨
36334,培红菜蘑菇毛豆肉丝|椒盐带鱼|紫米饭|青椒土豆丝
36335,宫爆鸡丁|米饭|西葫芦炒蛋
36336,葱油鸡|虎皮蛋烧肉|青韭南瓜丝
36337,培红菜蘑菇毛豆肉丝|宫爆鸡丁|家常豆腐|油爆虾|米饭|红烧排骨|红烧萝卜|葱油鸡|虎皮蛋烧肉|虾皮冬瓜|西葫芦炒蛋|青韭南瓜丝
36338,木耳娃娃菜|米饭|红烧排骨|青瓜付竹肉片|青韭南瓜丝
36339,米饭|葱油鸡|虾皮冬瓜|青瓜付竹肉片|香蒿
3634,千叶豆腐肉丝/韭黄肉|牛肉|米饭
36340,油爆虾|米饭|葱油鸡|青椒土豆丝|香蒿
36341,东坡腐|宫爆鸡丁|家常豆腐|木耳娃娃菜|米饭|红烧排骨|西葫芦炒蛋
36342,东坡腐|木耳娃娃菜|椒盐带鱼|米饭|红烧排骨|虎皮蛋烧肉|西葫芦炒蛋|青椒土豆丝
36343,培红菜蘑菇毛豆肉丝|素烧鹅|紫米饭|虾皮冬瓜|青瓜付竹肉片|青韭南瓜丝
36344,东坡腐|宫爆鸡丁|家常豆腐|木耳娃娃菜|椒盐带鱼|米饭|素烧鹅|虎皮蛋烧肉
36345,椒盐带鱼|米饭|红烧排骨|西葫芦炒蛋|青椒土豆丝
36346,油爆虾|紫米饭|葱油鸡|香蒿
36347,回锅肉|紫米饭|葱油金针菇|葱油鸡|虎皮蛋烧肉
36348,木耳娃娃菜|米饭|虎皮蛋烧肉|西葫芦炒蛋|青瓜付竹肉片
36349,培红菜蘑菇毛豆肉丝|米饭|葱油金针菇|葱油鸡|虎皮蛋烧肉
3635,丝瓜炒蛋/家常豆腐|千张结烧肉|米饭|花菜|萝卜丝带鱼|葱油鸡
36350,培红菜蘑菇毛豆肉丝|油爆虾|素烧鹅|紫米饭|红烧排骨|葱油金针菇|葱油鸡|虾皮冬瓜|香蒿
36351,米饭|红烧排骨|葱油鸡|西葫芦炒蛋|青椒土豆丝
36352,回锅肉|米饭|素烧鹅|红烧萝卜|虾皮冬瓜|青韭南瓜丝|香蒿
36353,回锅肉|米饭|葱油金针菇|虎皮蛋烧肉
36354,回锅肉|宫爆鸡丁|家常豆腐|油爆虾|米饭|素烧鹅|红烧排骨|虎皮蛋烧肉|青椒土豆丝|青瓜付竹肉片
36355,宫爆鸡丁|木耳娃娃菜|素烧鹅|紫米饭|虎皮蛋烧肉|青瓜付竹肉片
36356,米饭|紫米饭|红烧萝卜|青椒土豆丝|香蒿
36357,东坡腐|米饭|葱油鸡|虎皮蛋烧肉|虾皮冬瓜|青瓜付竹肉片|青韭南瓜丝|香蒿
36358,东坡腐|宫爆鸡丁|椒盐带鱼|米饭|素烧鹅|青椒土豆丝|香蒿
36359,东坡腐|培红菜蘑菇毛豆肉丝|紫米饭|葱油金针菇|葱油鸡|虎皮蛋烧肉|香蒿
3636,丝瓜炒蛋/家常豆腐|凉拌海带|牛肉|米饭|葱油鸡
36360,米饭|葱油金针菇|葱油鸡|虎皮蛋烧肉|香蒿
36361,东坡腐|宫爆鸡丁|家常豆腐|木耳娃娃菜|油爆虾|米饭|素烧鹅|葱油鸡|青椒土豆丝|青瓜付竹肉片
36362,宫爆鸡丁|家常豆腐|木耳娃娃菜|米饭|红烧萝卜|葱油鸡
36363,木耳娃娃菜|米饭|素烧鹅|葱油鸡|虎皮蛋烧肉|西葫芦炒蛋
36364,东坡腐|回锅肉|椒盐带鱼|米饭|葱油金针菇
36365,家常豆腐|木耳娃娃菜|米饭|素烧鹅|葱油鸡|青椒土豆丝|青瓜付竹肉片
36366,米饭|葱油鸡|香蒿
36367,东坡腐|椒盐带鱼|素烧鹅|紫米饭|红烧萝卜
36368,回锅肉|椒盐带鱼|米饭|素烧鹅|红烧萝卜|香蒿
36369,米饭|红烧萝卜|葱油金针菇|青韭南瓜丝
3637,丝瓜炒蛋/家常豆腐|凉拌海带|千叶豆腐肉丝/韭黄肉|春卷|牛肉|米饭|萝卜丝带鱼
36370,东坡腐|紫米饭|红烧排骨|青椒土豆丝
36371,东坡腐|椒盐带鱼|油爆虾|米饭|西葫芦炒蛋|青韭南瓜丝
36372,米饭|红烧排骨|葱油金针菇|青韭南瓜丝
36373,东坡腐
36374,家常豆腐|椒盐带鱼|紫米饭|葱油金针菇|葱油鸡
36375,米饭|素包子|紫米饭|西葫芦炒蛋|青椒土豆丝
36376,培红菜蘑菇毛豆肉丝|宫爆鸡丁|家常豆腐|木耳娃娃菜|米饭|红烧排骨|红烧萝卜|虎皮蛋烧肉|青椒土豆丝|青韭南瓜丝|香蒿
36377,家常豆腐|木耳娃娃菜|椒盐带鱼|米饭|素包子
36378,家常豆腐|米饭|红烧萝卜|葱油金针菇|葱油鸡|虎皮蛋烧肉
36379,培红菜蘑菇毛豆肉丝|米饭|葱油鸡|虎皮蛋烧肉
3638,丝瓜炒蛋/家常豆腐|春卷|牛肉|米饭
36380,回锅肉|紫米饭|葱油金针菇|青韭南瓜丝
36381,米饭|红烧萝卜
36382,回锅肉|培红菜蘑菇毛豆肉丝|木耳娃娃菜|油爆虾|米饭|虎皮蛋烧肉|青椒土豆丝|青瓜付竹肉片
36383,东坡腐|素烧鹅|紫米饭|红烧排骨|西葫芦炒蛋
36384,东坡腐|回锅肉|家常豆腐|米饭|素烧鹅|红烧排骨|葱油鸡|虎皮蛋烧肉|青椒土豆丝|香蒿
36385,家常豆腐|椒盐带鱼|油爆虾|米饭|素烧鹅|红烧排骨|红烧萝卜|香蒿
36386,回锅肉|家常豆腐|椒盐带鱼|油爆虾|米饭|青椒土豆丝|香蒿
36387,培红菜蘑菇毛豆肉丝|木耳娃娃菜|米饭|红烧萝卜|虎皮蛋烧肉|香蒿
36388,回锅肉|椒盐带鱼|紫米饭|葱油金针菇|香蒿
36389,家常豆腐|油爆虾|素烧鹅|紫米饭|虾皮冬瓜|青椒土豆丝|青瓜付竹肉片
3639,包菜粉丝|扎肉|米饭|萝卜丝带鱼
36390,培红菜蘑菇毛豆肉丝|紫米饭|葱油金针菇|虎皮蛋烧肉|虾皮冬瓜|青韭南瓜丝|香蒿
36391,米饭|红烧排骨|虎皮蛋烧肉|虾皮冬瓜|香蒿
36392,培红菜蘑菇毛豆肉丝|素包子|紫米饭|红烧排骨
36393,东坡腐|培红菜蘑菇毛豆肉丝|米饭|西葫芦炒蛋
36394,回锅肉|培红菜蘑菇毛豆肉丝|木耳娃娃菜|椒盐带鱼|米饭|虎皮蛋烧肉
36395,家常豆腐|米饭|素烧鹅|紫米饭|红烧排骨|红烧萝卜|虾皮冬瓜|香蒿
36396,回锅肉|油爆虾|紫米饭|红烧排骨|葱油金针菇|青椒土豆丝|青瓜付竹肉片
36397,家常豆腐|木耳娃娃菜|椒盐带鱼|米饭|素烧鹅|红烧排骨|西葫芦炒蛋|青椒土豆丝|青瓜付竹肉片
36398,东坡腐|木耳娃娃菜|椒盐带鱼|油爆虾|素烧鹅|紫米饭|红烧排骨|红烧萝卜|葱油金针菇|青瓜付竹肉片|青韭南瓜丝
36399,素烧鹅|紫米饭|红烧排骨|香蒿
364,土豆丝/大白菜|木耳花菜/青瓜炒蛋|椒盐带鱼/鸡排|海带丝|米饭|红烧排骨|茄子豆角
3640,丝瓜炒蛋/家常豆腐|千叶豆腐肉丝/韭黄肉|扎肉|春卷|米饭
36400,东坡腐|家常豆腐|椒盐带鱼|米饭|西葫芦炒蛋|青椒土豆丝
36401,青韭南瓜丝
36402,木耳娃娃菜|椒盐带鱼|紫米饭|红烧排骨|红烧萝卜|苋菜|葱油金针菇|虎皮蛋烧肉|青椒土豆丝|香蒿
36403,油爆虾|米饭|红烧大排|红烧萝卜|花椒鸭|虎皮蛋烧肉|青韭南瓜丝|香蒿
36404,回锅肉|家常豆腐|椒盐带鱼|米饭|红烧排骨|苋菜|虎皮蛋烧肉|青椒土豆丝|青瓜付竹肉片
36405,椒盐带鱼|油爆虾|苋菜|青椒土豆丝
36406,家常豆腐|紫米饭|红烧大排|西葫芦炒蛋|青椒土豆丝|青瓜付竹肉片
36407,培红菜蘑菇毛豆肉丝|油爆虾|米饭|红烧萝卜|花椒鸭|葱油金针菇|香蒿
36408,回锅肉|椒盐带鱼|油爆虾|米饭|红烧排骨|苋菜|葱油金针菇|虎皮蛋烧肉|香蒿
36409,椒盐带鱼|紫米饭|红烧大排|西葫芦炒蛋|青瓜付竹肉片
3641,丝瓜炒蛋/家常豆腐|凉拌海带|千叶豆腐肉丝/韭黄肉|牛肉|米饭
36410,东坡腐|素烧鹅|紫米饭|红烧大排|红烧萝卜|青韭南瓜丝
36411,培红菜蘑菇毛豆肉丝|米饭|红烧萝卜|花椒鸭|苋菜|香蒿
36412,木耳娃娃菜|米饭|素包子|素烧鹅|紫米饭|红烧大排|西葫芦炒蛋|青椒土豆丝
36413,木耳娃娃菜|椒盐带鱼|素烧鹅|紫米饭|青瓜付竹肉片
36414,红烧萝卜|花椒鸭|苋菜|葱油金针菇
3642,大白菜/豆芽|扎肉|牛肉|米饭
3643,丝瓜炒蛋/家常豆腐|凉拌海带|千叶豆腐肉丝/韭黄肉|千张结烧肉|春卷|牛肉|米饭
3644,千叶豆腐肉丝/韭黄肉|扎肉|葱油鸡
3645,大白菜/豆芽|春卷|牛肉|米饭|花菜
3646,丝瓜炒蛋/家常豆腐|凉拌海带|千张结烧肉|春卷|米饭
3647,丝瓜炒蛋/家常豆腐|包菜粉丝|大白菜/豆芽|牛肉|米饭|萝卜丝带鱼
3648,丝瓜炒蛋/家常豆腐|大白菜/豆芽|牛肉|米饭|花菜
3649,丝瓜炒蛋/家常豆腐|凉拌海带|大白菜/豆芽|牛肉|米饭
365,口水鸡|木耳花菜/青瓜炒蛋|椒盐带鱼/鸡排|米饭
3650,千叶豆腐肉丝/韭黄肉|春卷|牛肉|米饭|葱油鸡
3651,丝瓜炒蛋/家常豆腐|千叶豆腐肉丝/韭黄肉|春卷|牛肉|米饭
3652,丝瓜炒蛋/家常豆腐|包菜粉丝|大白菜/豆芽|扎肉|米饭|萝卜丝带鱼
3653,千叶豆腐肉丝/韭黄肉|大白菜/豆芽|米饭|花菜
3654,凉拌海带|千叶豆腐肉丝/韭黄肉|千张结烧肉|牛肉|米饭|葱油鸡
3655,丝瓜炒蛋/家常豆腐|扎肉|春卷|米饭|花菜
3656,丝瓜炒蛋/家常豆腐|千叶豆腐肉丝/韭黄肉|千张结烧肉|大白菜/豆芽|春卷|米饭|花菜|葱油鸡
3657,千叶豆腐肉丝/韭黄肉|大白菜/豆芽|米饭|花菜
3658,丝瓜炒蛋/家常豆腐|大白菜/豆芽|米饭
3659,丝瓜炒蛋/家常豆腐|凉拌海带|千叶豆腐肉丝/韭黄肉|牛肉|米饭|萝卜丝带鱼
366,土豆丝/大白菜|米饭|红烧排骨|芹菜香干|蘑菇小炒肉
3660,千张结烧肉|大白菜/豆芽|牛肉|花菜
3661,丝瓜炒蛋/家常豆腐|大白菜/豆芽|牛肉|米饭
3662,丝瓜炒蛋/家常豆腐|千叶豆腐肉丝/韭黄肉|牛肉|米饭
3663,丝瓜炒蛋/家常豆腐|凉拌海带|千张结烧肉|大白菜/豆芽|牛肉|米饭|花菜|萝卜丝带鱼
3664,丝瓜炒蛋/家常豆腐|包菜粉丝|大白菜/豆芽|米饭|花菜|葱油鸡
3665,丝瓜炒蛋/家常豆腐|大白菜/豆芽|春卷|牛肉|米饭|萝卜丝带鱼
3666,丝瓜炒蛋/家常豆腐|包菜粉丝|千张结烧肉|大白菜/豆芽|米饭|花菜|萝卜丝带鱼
3667,大白菜/豆芽|春卷|米饭|花菜|萝卜丝带鱼|葱油鸡
3668,千张结烧肉|大白菜/豆芽|米饭|花菜
3669,丝瓜炒蛋/家常豆腐|千叶豆腐肉丝/韭黄肉|大白菜/豆芽|牛肉|米饭
367,油豆腐烧肉|海带丝|米饭|芹菜香干
3670,包菜粉丝|牛肉|米饭
3671,丝瓜炒蛋/家常豆腐|凉拌海带|千叶豆腐肉丝/韭黄肉|牛肉|米饭|花菜|萝卜丝带鱼|葱油鸡
3672,千叶豆腐肉丝/韭黄肉|大白菜/豆芽|扎肉|米饭
3673,千叶豆腐肉丝/韭黄肉|千张结烧肉|大白菜/豆芽|牛肉|米饭
3674,丝瓜炒蛋/家常豆腐|大白菜/豆芽|扎肉|春卷|牛肉|米饭
3675,凉拌海带|千叶豆腐肉丝/韭黄肉|千张结烧肉|大白菜/豆芽|牛肉|米饭
3676,牛肉
3677,丝瓜炒蛋/家常豆腐|牛肉|米饭|花菜|萝卜丝带鱼|葱油鸡
3678,千叶豆腐肉丝/韭黄肉|牛肉|米饭|花菜|葱油鸡
3679,丝瓜炒蛋/家常豆腐|千叶豆腐肉丝/韭黄肉|春卷|牛肉|米饭|萝卜丝带鱼|葱油鸡
368,口水鸡|油豆腐烧肉|米饭|茄子豆角
3680,千张结烧肉|大白菜/豆芽|春卷|牛肉|米饭|花菜
3681,丝瓜炒蛋/家常豆腐|千叶豆腐肉丝/韭黄肉|大白菜/豆芽|春卷|米饭
3682,大白菜/豆芽|扎肉|牛肉|米饭|萝卜丝带鱼
3683,大白菜/豆芽|春卷|米饭|花菜|葱油鸡
3684,凉拌海带|千叶豆腐肉丝/韭黄肉|大白菜/豆芽|春卷|米饭|花菜|葱油鸡
3685,千叶豆腐肉丝/韭黄肉|春卷|米饭|花菜|葱油鸡
3686,丝瓜炒蛋/家常豆腐|千叶豆腐肉丝/韭黄肉|米饭
3687,包菜粉丝|米饭|花菜|萝卜丝带鱼|葱油鸡
3688,丝瓜炒蛋/家常豆腐|大白菜/豆芽|米饭
3689,丝瓜炒蛋/家常豆腐|大白菜/豆芽|春卷|牛肉|米饭
369,土豆丝/大白菜|椒盐带鱼/鸡排|油豆腐烧肉|米饭|红烧排骨
3690,大白菜/豆芽|春卷|米饭|葱油鸡
3691,牛肉|米饭|花菜|萝卜丝带鱼
3692,包菜粉丝|大白菜/豆芽|扎肉|米饭|葱油鸡
3693,丝瓜炒蛋/家常豆腐|大白菜/豆芽|牛肉|米饭
3694,丝瓜炒蛋/家常豆腐|凉拌海带|米饭|葱油鸡
3695,丝瓜炒蛋/家常豆腐|凉拌海带|大白菜/豆芽|牛肉|米饭|葱油鸡
3696,包菜粉丝|千叶豆腐肉丝/韭黄肉|大白菜/豆芽|春卷|米饭|花菜
3697,丝瓜炒蛋/家常豆腐|包菜粉丝|千叶豆腐肉丝/韭黄肉|大白菜/豆芽|春卷|牛肉|米饭
3698,凉拌海带|大白菜/豆芽|春卷|牛肉|米饭|花菜
3699,丝瓜炒蛋/家常豆腐|包菜粉丝|大白菜/豆芽|春卷|牛肉|米饭|萝卜丝带鱼
370,土豆丝/大白菜|椒盐带鱼/鸡排|米饭|红烧排骨|茄子豆角
3700,丝瓜炒蛋/家常豆腐|凉拌海带|千叶豆腐肉丝/韭黄肉|千张结烧肉|萝卜丝带鱼
3701,丝瓜炒蛋/家常豆腐|大白菜/豆芽|牛肉|米饭
3702,丝瓜炒蛋/家常豆腐|大白菜/豆芽|春卷|牛肉|米饭|葱油鸡
3703,包菜粉丝|千叶豆腐肉丝/韭黄肉|大白菜/豆芽|扎肉|春卷|米饭
3704,丝瓜炒蛋/家常豆腐|千叶豆腐肉丝/韭黄肉|千张结烧肉|大白菜/豆芽|米饭|萝卜丝带鱼
3705,凉拌海带|千张结烧肉|牛肉|米饭|萝卜丝带鱼|葱油鸡
3706,丝瓜炒蛋/家常豆腐|千叶豆腐肉丝/韭黄肉|春卷|牛肉|米饭
3707,丝瓜炒蛋/家常豆腐|千叶豆腐肉丝/韭黄肉|春卷|米饭
3708,大白菜/豆芽|春卷|牛肉|米饭
3709,丝瓜炒蛋/家常豆腐|千张结烧肉|春卷|米饭|萝卜丝带鱼
371,土豆丝/大白菜|椒盐带鱼/鸡排|油豆腐烧肉|米饭|茄子豆角
3710,包菜粉丝|扎肉|牛肉|米饭|萝卜丝带鱼
3711,丝瓜炒蛋/家常豆腐|凉拌海带|大白菜/豆芽|米饭|萝卜丝带鱼
3712,丝瓜炒蛋/家常豆腐|千叶豆腐肉丝/韭黄肉|千张结烧肉|米饭
3713,包菜粉丝|春卷|牛肉|米饭|萝卜丝带鱼
3714,凉拌海带|春卷|牛肉|米饭|葱油鸡
3715,丝瓜炒蛋/家常豆腐|大白菜/豆芽|米饭
3716,丝瓜炒蛋/家常豆腐|凉拌海带|大白菜/豆芽|米饭
3717,丝瓜炒蛋/家常豆腐|凉拌海带|千叶豆腐肉丝/韭黄肉|千张结烧肉|大白菜/豆芽|牛肉|米饭|萝卜丝带鱼|葱油鸡
3718,千叶豆腐肉丝/韭黄肉|春卷|牛肉|米饭|花菜|葱油鸡
3719,凉拌海带|千叶豆腐肉丝/韭黄肉|大白菜/豆芽|牛肉|米饭|花菜|萝卜丝带鱼
372,口水鸡|海带丝|米饭
3720,丝瓜炒蛋/家常豆腐|大白菜/豆芽|春卷|米饭|花菜
3721,大白菜/豆芽|扎肉|米饭
3722,丝瓜炒蛋/家常豆腐|凉拌海带|千叶豆腐肉丝/韭黄肉|米饭
3723,丝瓜炒蛋/家常豆腐|千叶豆腐肉丝/韭黄肉|大白菜/豆芽|扎肉|米饭|花菜|葱油鸡
3724,丝瓜炒蛋/家常豆腐|千叶豆腐肉丝/韭黄肉|千张结烧肉|牛肉|米饭|花菜|萝卜丝带鱼
3725,千张结烧肉|大白菜/豆芽|春卷|牛肉|米饭
3726,丝瓜炒蛋/家常豆腐|包菜粉丝|千叶豆腐肉丝/韭黄肉|大白菜/豆芽|扎肉|春卷|米饭|葱油鸡
3727,丝瓜炒蛋/家常豆腐|千张结烧肉|大白菜/豆芽|春卷|牛肉|米饭|花菜|萝卜丝带鱼|葱油鸡
3728,包菜粉丝|千叶豆腐肉丝/韭黄肉|大白菜/豆芽|牛肉|米饭|花菜
3729,丝瓜炒蛋/家常豆腐|大白菜/豆芽|春卷|牛肉|米饭
373,口水鸡|土豆丝/大白菜|木耳花菜/青瓜炒蛋|米饭|红烧排骨
3730,千叶豆腐肉丝/韭黄肉|大白菜/豆芽|米饭|花菜|葱油鸡
3731,凉拌海带|大白菜/豆芽|牛肉|米饭|萝卜丝带鱼
3732,千叶豆腐肉丝/韭黄肉|米饭
3733,丝瓜炒蛋/家常豆腐|千叶豆腐肉丝/韭黄肉|大白菜/豆芽|扎肉|米饭|花菜|葱油鸡
3734,丝瓜炒蛋/家常豆腐|凉拌海带|千叶豆腐肉丝/韭黄肉|米饭|葱油鸡
3735,丝瓜炒蛋/家常豆腐|大白菜/豆芽|扎肉|米饭
3736,包菜粉丝|牛肉|米饭|萝卜丝带鱼
3737,丝瓜炒蛋/家常豆腐|凉拌海带|大白菜/豆芽|牛肉|米饭|花菜|萝卜丝带鱼|葱油鸡
3738,丝瓜炒蛋/家常豆腐|千叶豆腐肉丝/韭黄肉|春卷|牛肉|米饭
3739,丝瓜炒蛋/家常豆腐|凉拌海带|大白菜/豆芽|春卷|米饭|葱油鸡
374,口水鸡|土豆丝/大白菜|椒盐带鱼/鸡排|米饭|芹菜香干|蘑菇小炒肉
3740,丝瓜炒蛋/家常豆腐|千张结烧肉|大白菜/豆芽|春卷|牛肉|米饭|萝卜丝带鱼
3741,丝瓜炒蛋/家常豆腐|大白菜/豆芽|春卷|米饭|萝卜丝带鱼|葱油鸡
3742,春卷|米饭|花菜|葱油鸡
3743,丝瓜炒蛋/家常豆腐|春卷|牛肉|米饭|萝卜丝带鱼
3744,凉拌海带|大白菜/豆芽|牛肉|米饭|花菜|萝卜丝带鱼
3745,包菜粉丝|千叶豆腐肉丝/韭黄肉|扎肉|米饭|花菜|葱油鸡
3746,丝瓜炒蛋/家常豆腐|牛肉|米饭|萝卜丝带鱼|葱油鸡
3747,丝瓜炒蛋/家常豆腐|千张结烧肉|大白菜/豆芽|米饭|花菜|萝卜丝带鱼
3748,丝瓜炒蛋/家常豆腐|千叶豆腐肉丝/韭黄肉|大白菜/豆芽|牛肉|米饭|花菜|萝卜丝带鱼
3749,千叶豆腐肉丝/韭黄肉|米饭|花菜
375,土豆丝/大白菜|椒盐带鱼/鸡排|油豆腐烧肉|米饭
3750,丝瓜炒蛋/家常豆腐|春卷|米饭|花菜
3751,丝瓜炒蛋/家常豆腐|包菜粉丝|千张结烧肉|大白菜/豆芽|米饭|葱油鸡
3752,丝瓜炒蛋/家常豆腐|春卷|牛肉|米饭|萝卜丝带鱼
3753,大白菜/豆芽|扎肉|米饭|花菜|萝卜丝带鱼
3754,凉拌海带|大白菜/豆芽|牛肉|米饭|花菜|萝卜丝带鱼
3755,丝瓜炒蛋/家常豆腐|千叶豆腐肉丝/韭黄肉|牛肉|米饭|花菜|葱油鸡
3756,丝瓜炒蛋/家常豆腐|凉拌海带|大白菜/豆芽|牛肉|米饭|花菜
3757,丝瓜炒蛋/家常豆腐|牛肉|米饭
3758,凉拌海带|春卷|牛肉|米饭|花菜|萝卜丝带鱼
3759,凉拌海带|牛肉|米饭|花菜
376,口水鸡|油豆腐烧肉|芹菜香干|蘑菇小炒肉
3760,丝瓜炒蛋/家常豆腐|凉拌海带|米饭|萝卜丝带鱼|葱油鸡
3761,包菜粉丝|千叶豆腐肉丝/韭黄肉|大白菜/豆芽|牛肉|米饭|花菜
3762,包菜粉丝|千叶豆腐肉丝/韭黄肉|春卷|牛肉|米饭|葱油鸡
3763,丝瓜炒蛋/家常豆腐|包菜粉丝|千叶豆腐肉丝/韭黄肉|大白菜/豆芽|牛肉|米饭|萝卜丝带鱼
3764,丝瓜炒蛋/家常豆腐|千叶豆腐肉丝/韭黄肉|千张结烧肉|大白菜/豆芽|米饭|萝卜丝带鱼
3765,丝瓜炒蛋/家常豆腐|千叶豆腐肉丝/韭黄肉|大白菜/豆芽|春卷|米饭|葱油鸡
3766,凉拌海带|包菜粉丝|千叶豆腐肉丝/韭黄肉|牛肉|萝卜丝带鱼|葱油鸡
3767,丝瓜炒蛋/家常豆腐|包菜粉丝|千叶豆腐肉丝/韭黄肉|千张结烧肉|大白菜/豆芽|春卷|牛肉|米饭|花菜|葱油鸡
3768,包菜粉丝|千叶豆腐肉丝/韭黄肉|大白菜/豆芽|春卷|米饭|花菜|萝卜丝带鱼|葱油鸡
3769,丝瓜炒蛋/家常豆腐|牛肉|米饭|花菜
377,椒盐带鱼/鸡排|海带丝|米饭|红烧排骨|茄子豆角
3770,丝瓜炒蛋/家常豆腐|千叶豆腐肉丝/韭黄肉|千张结烧肉|大白菜/豆芽|牛肉|米饭|花菜
3771,大白菜/豆芽|米饭|葱油鸡
3772,丝瓜炒蛋/家常豆腐|包菜粉丝|千叶豆腐肉丝/韭黄肉|大白菜/豆芽|牛肉|米饭|葱油鸡
3773,凉拌海带|千张结烧肉|大白菜/豆芽|扎肉|米饭|花菜
3774,丝瓜炒蛋/家常豆腐|春卷|牛肉|米饭|花菜
3775,包菜粉丝|扎肉|米饭|花菜
3776,丝瓜炒蛋/家常豆腐|千叶豆腐肉丝/韭黄肉|千张结烧肉|大白菜/豆芽|米饭
3777,米饭
3778,丝瓜炒蛋/家常豆腐|凉拌海带|大白菜/豆芽|春卷|牛肉|米饭|葱油鸡
3779,凉拌海带|牛肉|米饭|花菜|萝卜丝带鱼|葱油鸡
378,椒盐带鱼/鸡排|海带丝|米饭|红烧排骨|茄子豆角
3780,大白菜/豆芽|春卷|米饭
3781,包菜粉丝|大白菜/豆芽|米饭|葱油鸡
3782,丝瓜炒蛋/家常豆腐|凉拌海带|大白菜/豆芽|米饭|葱油鸡
3783,千张结烧肉|米饭|花菜|萝卜丝带鱼|葱油鸡
3784,丝瓜炒蛋/家常豆腐|凉拌海带|千叶豆腐肉丝/韭黄肉|米饭|萝卜丝带鱼
3785,牛肉|米饭|花菜|葱油鸡
3786,包菜粉丝|扎肉|春卷|米饭|花菜
3787,凉拌海带|千叶豆腐肉丝/韭黄肉|米饭|葱油鸡
3788,丝瓜炒蛋/家常豆腐|凉拌海带|千叶豆腐肉丝/韭黄肉|大白菜/豆芽|牛肉|米饭
3789,丝瓜炒蛋/家常豆腐|包菜粉丝|大白菜/豆芽|春卷|牛肉
379,口水鸡|椒盐带鱼/鸡排|米饭|茄子豆角
3790,牛肉|米饭|花菜|萝卜丝带鱼|葱油鸡
3791,丝瓜炒蛋/家常豆腐|大白菜/豆芽|春卷|牛肉|米饭
3792,丝瓜炒蛋/家常豆腐|凉拌海带|千张结烧肉|牛肉|米饭|花菜|萝卜丝带鱼|葱油鸡
3793,千叶豆腐肉丝/韭黄肉|大白菜/豆芽|牛肉|米饭|葱油鸡
3794,包菜粉丝|千张结烧肉|扎肉|春卷|米饭|花菜
3795,千张结烧肉|大白菜/豆芽|春卷|米饭|花菜|萝卜丝带鱼
3796,春卷
3797,丝瓜炒蛋/家常豆腐|包菜粉丝|千张结烧肉|大白菜/豆芽|米饭|葱油鸡
3798,扎肉
3799,千叶豆腐肉丝/韭黄肉|千张结烧肉|春卷|米饭|花菜|葱油鸡
380,口水鸡|土豆丝/大白菜|椒盐带鱼/鸡排|油豆腐烧肉|米饭|芹菜香干
3800,丝瓜炒蛋/家常豆腐|包菜粉丝|千叶豆腐肉丝/韭黄肉|千张结烧肉|扎肉|米饭|葱油鸡
3801,丝瓜炒蛋/家常豆腐|凉拌海带|千叶豆腐肉丝/韭黄肉|大白菜/豆芽|牛肉|米饭|花菜
3802,丝瓜炒蛋/家常豆腐|大白菜/豆芽|扎肉|米饭|花菜|葱油鸡
3803,丝瓜炒蛋/家常豆腐|包菜粉丝|大白菜/豆芽|米饭
3804,大白菜/豆芽
3805,春卷|牛肉|米饭
3806,丝瓜炒蛋/家常豆腐|凉拌海带|千张结烧肉|大白菜/豆芽|米饭|萝卜丝带鱼
3807,凉拌海带|包菜粉丝|千叶豆腐肉丝/韭黄肉|牛肉|米饭
3808,丝瓜炒蛋/家常豆腐|包菜粉丝|千叶豆腐肉丝/韭黄肉|大白菜/豆芽|扎肉|米饭|萝卜丝带鱼|葱油鸡
3809,丝瓜炒蛋/家常豆腐|千叶豆腐肉丝/韭黄肉|千张结烧肉|扎肉|米饭|花菜
381,口水鸡|土豆丝/大白菜|木耳花菜/青瓜炒蛋|油豆腐烧肉|米饭|红烧排骨|芹菜香干
3810,丝瓜炒蛋/家常豆腐|千叶豆腐肉丝/韭黄肉|大白菜/豆芽|扎肉|米饭|花菜|萝卜丝带鱼
3811,丝瓜炒蛋/家常豆腐|包菜粉丝|千叶豆腐肉丝/韭黄肉|千张结烧肉|大白菜/豆芽|扎肉|米饭|花菜|葱油鸡
3812,凉拌海带|千叶豆腐肉丝/韭黄肉|千张结烧肉|牛肉|葱油鸡
3813,凉拌海带|大白菜/豆芽|米饭|花菜|葱油鸡
3814,丝瓜炒蛋/家常豆腐|大白菜/豆芽|米饭|葱油鸡
3815,丝瓜炒蛋/家常豆腐|凉拌海带|千叶豆腐肉丝/韭黄肉|千张结烧肉|大白菜/豆芽|春卷|米饭|花菜|葱油鸡
3816,丝瓜炒蛋/家常豆腐|包菜粉丝|千叶豆腐肉丝/韭黄肉|千张结烧肉|大白菜/豆芽|米饭
3817,丝瓜炒蛋/家常豆腐|包菜粉丝|千叶豆腐肉丝/韭黄肉|扎肉|春卷|米饭|花菜
3818,丝瓜炒蛋/家常豆腐|凉拌海带|千张结烧肉|大白菜/豆芽|米饭|花菜|萝卜丝带鱼|葱油鸡
3819,丝瓜炒蛋/家常豆腐|大白菜/豆芽|扎肉|米饭|葱油鸡
382,口水鸡|土豆丝/大白菜|木耳花菜/青瓜炒蛋|椒盐带鱼/鸡排|油豆腐烧肉|海带丝|米饭|红烧排骨|芹菜香干|茄子豆角|蘑菇小炒肉
3820,扎肉
3821,凉拌海带|千张结烧肉|大白菜/豆芽|春卷|米饭|花菜|葱油鸡
3822,丝瓜炒蛋/家常豆腐|米饭|花菜|萝卜丝带鱼
3823,丝瓜炒蛋/家常豆腐|千叶豆腐肉丝/韭黄肉|春卷|米饭
3824,丝瓜炒蛋/家常豆腐|千张结烧肉|大白菜/豆芽|牛肉|米饭
3825,丝瓜炒蛋/家常豆腐|包菜粉丝|千张结烧肉|米饭|花菜|葱油鸡
3826,千叶豆腐肉丝/韭黄肉|大白菜/豆芽|米饭
3827,丝瓜炒蛋/家常豆腐|凉拌海带|大白菜/豆芽|春卷|米饭|萝卜丝带鱼|葱油鸡
3828,丝瓜炒蛋/家常豆腐|包菜粉丝|千叶豆腐肉丝/韭黄肉|大白菜/豆芽|米饭|萝卜丝带鱼|葱油鸡
3829,千叶豆腐肉丝/韭黄肉|春卷|米饭|花菜|葱油鸡
383,口水鸡|土豆丝/大白菜|木耳花菜/青瓜炒蛋|椒盐带鱼/鸡排|油豆腐烧肉|米饭
3830,包菜粉丝|大白菜/豆芽|米饭|萝卜丝带鱼
3831,丝瓜炒蛋/家常豆腐|包菜粉丝|千张结烧肉|米饭|葱油鸡
3832,千叶豆腐肉丝/韭黄肉|大白菜/豆芽|春卷|米饭|花菜
3833,凉拌海带|包菜粉丝|千叶豆腐肉丝/韭黄肉|大白菜/豆芽|扎肉|米饭|花菜|萝卜丝带鱼
3834,千叶豆腐肉丝/韭黄肉|大白菜/豆芽|春卷|米饭|花菜
3835,包菜粉丝|大白菜/豆芽|扎肉|春卷|米饭|花菜
3836,丝瓜炒蛋/家常豆腐|千叶豆腐肉丝/韭黄肉|米饭|花菜|萝卜丝带鱼|葱油鸡
3837,丝瓜炒蛋/家常豆腐|包菜粉丝|千叶豆腐肉丝/韭黄肉|千张结烧肉|春卷|米饭
3838,大白菜/豆芽|扎肉|米饭|萝卜丝带鱼
3839,丝瓜炒蛋/家常豆腐|千叶豆腐肉丝/韭黄肉|千张结烧肉|扎肉|米饭|花菜
384,土豆丝/大白菜|油豆腐烧肉|海带丝|米饭|红烧排骨|茄子豆角
3840,丝瓜炒蛋/家常豆腐|包菜粉丝|千张结烧肉|米饭|葱油鸡
3841,包菜粉丝|千叶豆腐肉丝/韭黄肉|千张结烧肉|大白菜/豆芽|米饭|花菜
3842,千叶豆腐肉丝/韭黄肉|米饭|花菜
3843,凉拌海带|大白菜/豆芽|春卷|米饭|葱油鸡
3844,凉拌海带|千叶豆腐肉丝/韭黄肉|米饭|花菜|葱油鸡
3845,丝瓜炒蛋/家常豆腐|千叶豆腐肉丝/韭黄肉|大白菜/豆芽|米饭
3846,丝瓜炒蛋/家常豆腐|千叶豆腐肉丝/韭黄肉|千张结烧肉|大白菜/豆芽|米饭|萝卜丝带鱼
3847,丝瓜炒蛋/家常豆腐|凉拌海带|扎肉|米饭|花菜
3848,丝瓜炒蛋/家常豆腐|扎肉|米饭|花菜|萝卜丝带鱼
3849,丝瓜炒蛋/家常豆腐|千叶豆腐肉丝/韭黄肉|米饭|葱油鸡
385,土豆丝/大白菜|椒盐带鱼/鸡排|米饭|红烧排骨
3850,千叶豆腐肉丝/韭黄肉|大白菜/豆芽|牛肉|米饭|花菜
3851,大白菜/豆芽|米饭|花菜|葱油鸡
3852,包菜粉丝|大白菜/豆芽|扎肉|米饭|葱油鸡
3853,包菜粉丝|千张结烧肉|尖椒肉丝小炒|葱油鸡
3854,丝瓜炒蛋/家常豆腐|千叶豆腐肉丝/韭黄肉|大白菜/豆芽|米饭|葱油鸡
3855,千张结烧肉|扎肉
3856,丝瓜炒蛋/家常豆腐|千张结烧肉|扎肉|米饭|葱油鸡
3857,凉拌海带|千叶豆腐肉丝/韭黄肉|千张结烧肉|大白菜/豆芽|米饭
3858,千叶豆腐肉丝/韭黄肉|千张结烧肉|米饭|花菜
3859,包菜粉丝|大白菜/豆芽|尖椒肉丝小炒|米饭|花菜|葱油鸡
386,口水鸡|土豆丝/大白菜|椒盐带鱼/鸡排|米饭
3860,丝瓜炒蛋/家常豆腐|包菜粉丝|扎肉|米饭|花菜|葱油鸡
3861,丝瓜炒蛋/家常豆腐|千张结烧肉|大白菜/豆芽|尖椒肉丝小炒|米饭
3862,千张结烧肉|米饭|花菜|萝卜丝带鱼|葱油鸡
3863,丝瓜炒蛋/家常豆腐|包菜粉丝|扎肉|米饭
3864,大白菜/豆芽|扎肉|米饭|花菜|葱油鸡
3865,丝瓜炒蛋/家常豆腐|千叶豆腐肉丝/韭黄肉|尖椒肉丝小炒|米饭|葱油鸡
3866,丝瓜炒蛋/家常豆腐|尖椒肉丝小炒|扎肉|米饭
3867,扎肉
3868,尖椒肉丝小炒|扎肉|米饭|花菜|萝卜丝带鱼|葱油鸡
3869,丝瓜炒蛋/家常豆腐|尖椒肉丝小炒|扎肉|米饭
387,口水鸡|土豆丝/大白菜|米饭|芹菜香干|蘑菇小炒肉
3870,千叶豆腐肉丝/韭黄肉|千张结烧肉|尖椒肉丝小炒|米饭|葱油鸡
3871,包菜粉丝|千张结烧肉
3872,千张结烧肉
3873,丝瓜炒蛋/家常豆腐|包菜粉丝|千叶豆腐肉丝/韭黄肉|米饭|花菜
3874,丝瓜炒蛋/家常豆腐|尖椒肉丝小炒|扎肉|米饭|葱油鸡
3875,大白菜/豆芽|尖椒肉丝小炒|扎肉|米饭|葱油鸡
3876,千叶豆腐肉丝/韭黄肉|大白菜/豆芽|萝卜丝带鱼|葱油鸡
3877,大白菜/豆芽|尖椒肉丝小炒|扎肉|米饭|花菜
3878,丝瓜炒蛋/家常豆腐|千张结烧肉|大白菜/豆芽|米饭|花菜
3879,千张结烧肉|大白菜/豆芽|尖椒肉丝小炒|米饭|花菜
388,口水鸡|海带丝|米饭|茄子豆角|蘑菇小炒肉
3880,丝瓜炒蛋/家常豆腐|大白菜/豆芽|扎肉|米饭|花菜
3881,大白菜/豆芽|尖椒肉丝小炒|扎肉|米饭|葱油鸡
3882,丝瓜炒蛋/家常豆腐|包菜粉丝|千叶豆腐肉丝/韭黄肉|大白菜/豆芽|扎肉|米饭|花菜
3883,扎肉|米饭|花菜|葱油鸡
3884,包菜粉丝|千叶豆腐肉丝/韭黄肉|扎肉|花菜
3885,丝瓜炒蛋/家常豆腐|千叶豆腐肉丝/韭黄肉|大白菜/豆芽|尖椒肉丝小炒|扎肉
3886,丝瓜炒蛋/家常豆腐|扎肉|米饭|萝卜丝带鱼|葱油鸡
3887,丝瓜炒蛋/家常豆腐|大白菜/豆芽|扎肉|米饭
3888,丝瓜炒蛋/家常豆腐|千叶豆腐肉丝/韭黄肉|扎肉|米饭|花菜|萝卜丝带鱼
3889,大白菜/豆芽|尖椒肉丝小炒|米饭|葱油鸡
389,油豆腐烧肉|海带丝|米饭|芹菜香干
3890,丝瓜炒蛋/家常豆腐|千张结烧肉|米饭|萝卜丝带鱼
3891,千叶豆腐肉丝/韭黄肉|米饭|花菜|萝卜丝带鱼
3892,丝瓜炒蛋/家常豆腐|千张结烧肉|尖椒肉丝小炒|米饭|花菜
3893,千张结烧肉|油爆虾|红烧排骨|蘑菇肉片/雪菜鱿鱼|青椒炒面筋
3894,土豆丝/小青菜|米饭|红烧萝卜/番茄炒鸡蛋|蘑菇肉片/雪菜鱿鱼
3895,米饭
3896,千张结烧肉|土豆丝/小青菜|米饭|蘑菇肉片/雪菜鱿鱼
3897,千张结烧肉
3898,千张结烧肉|土豆丝/小青菜|油爆虾|米饭|红烧萝卜/番茄炒鸡蛋|蘑菇肉片/雪菜鱿鱼|青椒炒面筋
3899,米饭|葱油芋头/莴笋丝|黄豆猪脚
390,口水鸡|土豆丝/大白菜|米饭|红烧排骨|芹菜香干|茄子豆角|蘑菇小炒肉
3900,土豆丝/小青菜|米饭|红烧萝卜/番茄炒鸡蛋|黄豆猪脚
3901,木耳西兰花|米饭|蘑菇肉片/雪菜鱿鱼
3902,木耳西兰花|油爆虾|米饭|红烧排骨|蘑菇肉片/雪菜鱿鱼
3903,土豆丝/青菜|油爆虾|米饭|红烧排骨|红烧萝卜/番茄炒鸡蛋|蘑菇肉片/雪菜鱿鱼|青椒炒面筋
3904,千叶豆腐肉丝|土豆丝/青菜|米饭|红烧排骨|红烧萝卜/番茄炒鸡蛋|葱油芋头/莴笋丝
3905,千张结烧肉|土豆丝/小青菜|木耳西兰花|油爆虾|米饭|红烧萝卜/番茄炒鸡蛋|葱油芋头/莴笋丝|蘑菇肉片/雪菜鱿鱼|黄豆猪脚
3906,米饭|葱油芋头/莴笋丝|蘑菇肉片/雪菜鱿鱼
3907,千张结烧肉|米饭|红烧萝卜/番茄炒鸡蛋|葱油扇贝
3908,土豆丝/青菜|油爆虾|米饭|蘑菇肉片/雪菜鱿鱼
3909,土豆丝/青菜|木耳西兰花|米饭|红烧排骨|蘑菇肉片/雪菜鱿鱼
391,土豆丝/大白菜|椒盐带鱼/鸡排|米饭|茄子豆角
3910,千张结烧肉|米饭|葱油芋头/莴笋丝|黄豆猪脚
3911,土豆丝/小青菜|油爆虾|米饭|葱油扇贝|葱油芋头/莴笋丝|蘑菇肉片/雪菜鱿鱼|青椒炒面筋
3912,千张结烧肉|油爆虾|葱油芋头/莴笋丝|蘑菇肉片/雪菜鱿鱼|黄豆猪脚
3913,油爆虾|蘑菇肉片/雪菜鱿鱼
3914,千叶豆腐肉丝|土豆丝/青菜|米饭|红烧萝卜/番茄炒鸡蛋|葱油芋头/莴笋丝|蘑菇肉片/雪菜鱿鱼
3915,土豆丝/小青菜|油爆虾|米饭|红烧萝卜/番茄炒鸡蛋
3916,土豆丝/小青菜|葱油芋头/莴笋丝|黄豆猪脚
3917,土豆丝/青菜|米饭|红烧排骨|红烧萝卜/番茄炒鸡蛋
3918,土豆丝/小青菜|油爆虾|米饭|红烧萝卜/番茄炒鸡蛋|青椒炒面筋
3919,葱油扇贝|葱油芋头/莴笋丝|蘑菇肉片/雪菜鱿鱼|黄豆猪脚
392,木耳花菜/青瓜炒蛋|椒盐带鱼/鸡排|米饭|茄子豆角
3920,土豆丝/青菜|油爆虾|米饭|红烧萝卜/番茄炒鸡蛋|葱油芋头/莴笋丝|蘑菇肉片/雪菜鱿鱼
3921,土豆丝/青菜|木耳西兰花|米饭|蘑菇肉片/雪菜鱿鱼
3922,千张结烧肉|木耳西兰花|米饭|葱油芋头/莴笋丝
3923,土豆丝/青菜|油爆虾|米饭|蘑菇肉片/雪菜鱿鱼
3924,土豆丝/青菜|米饭|红烧萝卜/番茄炒鸡蛋|蘑菇肉片/雪菜鱿鱼|青椒炒面筋
3925,木耳西兰花|油爆虾|米饭|蘑菇肉片/雪菜鱿鱼|青椒炒面筋
3926,米饭|红烧萝卜/番茄炒鸡蛋|葱油芋头/莴笋丝|蘑菇肉片/雪菜鱿鱼
3927,土豆丝/小青菜|米饭|蘑菇肉片/雪菜鱿鱼|黄豆猪脚
3928,米饭|红烧萝卜/番茄炒鸡蛋|蘑菇肉片/雪菜鱿鱼|青椒炒面筋
3929,土豆丝/小青菜|油爆虾|米饭|红烧萝卜/番茄炒鸡蛋|葱油芋头/莴笋丝|黄豆猪脚
393,土豆丝/大白菜|椒盐带鱼/鸡排|油豆腐烧肉|海带丝|米饭|红烧排骨
3930,土豆丝/青菜|木耳西兰花|米饭|红烧排骨|红烧萝卜/番茄炒鸡蛋|葱油芋头/莴笋丝|蘑菇肉片/雪菜鱿鱼
3931,千张结烧肉|油爆虾|米饭|红烧萝卜/番茄炒鸡蛋|葱油芋头/莴笋丝
3932,千叶豆腐肉丝|米饭|红烧排骨|红烧萝卜/番茄炒鸡蛋|葱油芋头/莴笋丝|蘑菇肉片/雪菜鱿鱼
3933,千张结烧肉|土豆丝/小青菜|米饭|葱油芋头/莴笋丝|蘑菇肉片/雪菜鱿鱼|黄豆猪脚
3934,木耳西兰花|米饭|红烧萝卜/番茄炒鸡蛋|蘑菇肉片/雪菜鱿鱼
3935,千张结烧肉|木耳西兰花|米饭|葱油芋头/莴笋丝|黄豆猪脚
3936,木耳西兰花|米饭|红烧排骨|红烧萝卜/番茄炒鸡蛋|葱油芋头/莴笋丝|蘑菇肉片/雪菜鱿鱼
3937,米饭|红烧萝卜/番茄炒鸡蛋
3938,油爆虾|米饭|红烧萝卜/番茄炒鸡蛋|青椒炒面筋
3939,米饭|红烧排骨|红烧萝卜/番茄炒鸡蛋
394,口水鸡|土豆丝/大白菜|椒盐带鱼/鸡排|米饭|蘑菇小炒肉
3940,土豆丝/青菜|米饭|红烧萝卜/番茄炒鸡蛋|蘑菇肉片/雪菜鱿鱼
3941,千张结烧肉|土豆丝/小青菜|米饭|红烧萝卜/番茄炒鸡蛋|葱油芋头/莴笋丝|蘑菇肉片/雪菜鱿鱼|青椒炒面筋|黄豆猪脚
3942,土豆丝/青菜|油爆虾|米饭|红烧萝卜/番茄炒鸡蛋
3943,米饭|红烧排骨|红烧萝卜/番茄炒鸡蛋|葱油芋头/莴笋丝|蘑菇肉片/雪菜鱿鱼|青椒炒面筋
3944,土豆丝/小青菜|红烧萝卜/番茄炒鸡蛋|葱油芋头/莴笋丝|黄豆猪脚
3945,油爆虾|米饭|红烧萝卜/番茄炒鸡蛋
3946,土豆丝/青菜|米饭|红烧萝卜/番茄炒鸡蛋
3947,千叶豆腐肉丝|土豆丝/青菜|木耳西兰花|米饭|红烧排骨|蘑菇肉片/雪菜鱿鱼
3948,土豆丝/小青菜|米饭|葱油芋头/莴笋丝|黄豆猪脚
3949,千叶豆腐肉丝|木耳西兰花|米饭|红烧排骨|蘑菇肉片/雪菜鱿鱼
395,土豆丝/大白菜|椒盐带鱼/鸡排|油豆腐烧肉|米饭|红烧排骨|蘑菇小炒肉
3950,土豆丝/青菜|米饭|葱油芋头/莴笋丝|蘑菇肉片/雪菜鱿鱼
3951,土豆丝/青菜|木耳西兰花|油爆虾|米饭|红烧萝卜/番茄炒鸡蛋|蘑菇肉片/雪菜鱿鱼
3952,木耳西兰花|米饭|葱油芋头/莴笋丝|黄豆猪脚
3953,千张结烧肉|土豆丝/小青菜|油爆虾|米饭|红烧萝卜/番茄炒鸡蛋|葱油扇贝|蘑菇肉片/雪菜鱿鱼|黄豆猪脚
3954,木耳西兰花|油爆虾|米饭|红烧萝卜/番茄炒鸡蛋|葱油扇贝|葱油芋头/莴笋丝|蘑菇肉片/雪菜鱿鱼|黄豆猪脚
3955,土豆丝/青菜|木耳西兰花|米饭|红烧萝卜/番茄炒鸡蛋
3956,千张结烧肉|木耳西兰花|米饭|红烧萝卜/番茄炒鸡蛋|黄豆猪脚
3957,木耳西兰花|油爆虾|米饭|红烧排骨|红烧萝卜/番茄炒鸡蛋|葱油扇贝|葱油芋头/莴笋丝|青椒炒面筋
3958,土豆丝/青菜|油爆虾|米饭|红烧排骨|葱油芋头/莴笋丝
3959,千叶豆腐肉丝|土豆丝/青菜|木耳西兰花|米饭|红烧排骨|红烧萝卜/番茄炒鸡蛋|葱油芋头/莴笋丝
396,土豆丝/大白菜|椒盐带鱼/鸡排|茄子豆角
3960,千张结烧肉|土豆丝/小青菜|米饭|红烧萝卜/番茄炒鸡蛋|青椒炒面筋|黄豆猪脚
3961,土豆丝/青菜|米饭|红烧排骨|红烧萝卜/番茄炒鸡蛋|蘑菇肉片/雪菜鱿鱼
3962,土豆丝/小青菜|油爆虾|米饭|葱油芋头/莴笋丝|黄豆猪脚
3963,土豆丝/青菜|油爆虾|红烧萝卜/番茄炒鸡蛋|蘑菇肉片/雪菜鱿鱼
3964,千张结烧肉|木耳西兰花|油爆虾|米饭|红烧萝卜/番茄炒鸡蛋|葱油芋头/莴笋丝|青椒炒面筋|黄豆猪脚
3965,千张结烧肉|土豆丝/小青菜|木耳西兰花|油爆虾|米饭|红烧萝卜/番茄炒鸡蛋|葱油芋头/莴笋丝|蘑菇肉片/雪菜鱿鱼|青椒炒面筋|黄豆猪脚
3966,千叶豆腐肉丝|土豆丝/青菜|红烧排骨
3967,红烧排骨|葱油芋头/莴笋丝|蘑菇肉片/雪菜鱿鱼
3968,土豆丝/小青菜|木耳西兰花|油爆虾|米饭|红烧萝卜/番茄炒鸡蛋|青椒炒面筋|黄豆猪脚
3969,千张结烧肉|土豆丝/小青菜|油爆虾|米饭|红烧萝卜/番茄炒鸡蛋|葱油芋头/莴笋丝|青椒炒面筋
397,油豆腐烧肉|米饭|茄子豆角
3970,油爆虾|红烧萝卜/番茄炒鸡蛋|葱油芋头/莴笋丝|蘑菇肉片/雪菜鱿鱼
3971,千张结烧肉|土豆丝/小青菜|木耳西兰花|米饭|蘑菇肉片/雪菜鱿鱼|青椒炒面筋
3972,木耳西兰花|红烧萝卜/番茄炒鸡蛋|葱油芋头/莴笋丝|蘑菇肉片/雪菜鱿鱼|黄豆猪脚
3973,米饭|红烧排骨|红烧萝卜/番茄炒鸡蛋|青椒炒面筋
3974,油爆虾|米饭|红烧萝卜/番茄炒鸡蛋|葱油芋头/莴笋丝
3975,木耳西兰花|米饭|红烧排骨|红烧萝卜/番茄炒鸡蛋|蘑菇肉片/雪菜鱿鱼|青椒炒面筋
3976,千张结烧肉|木耳西兰花|米饭|红烧萝卜/番茄炒鸡蛋
3977,千张结烧肉|米饭|蘑菇肉片/雪菜鱿鱼
3978,千叶豆腐肉丝|土豆丝/青菜|米饭|红烧萝卜/番茄炒鸡蛋|葱油芋头/莴笋丝
3979,米饭|红烧萝卜/番茄炒鸡蛋|葱油扇贝|黄豆猪脚
398,口水鸡|木耳花菜/青瓜炒蛋|米饭
3980,土豆丝/小青菜|木耳西兰花|油爆虾|米饭|红烧萝卜/番茄炒鸡蛋|葱油扇贝|葱油芋头/莴笋丝
3981,千叶豆腐肉丝|土豆丝/青菜|油爆虾|米饭|红烧排骨|葱油芋头/莴笋丝
3982,米饭|红烧萝卜/番茄炒鸡蛋|葱油芋头/莴笋丝|蘑菇肉片/雪菜鱿鱼|青椒炒面筋
3983,土豆丝/小青菜|油爆虾|红烧萝卜/番茄炒鸡蛋|葱油扇贝|青椒炒面筋
3984,土豆丝/小青菜|木耳西兰花|米饭|葱油扇贝|蘑菇肉片/雪菜鱿鱼
3985,土豆丝/小青菜|米饭|红烧萝卜/番茄炒鸡蛋
3986,米饭|红烧排骨|葱油芋头/莴笋丝|蘑菇肉片/雪菜鱿鱼
3987,千张结烧肉|米饭|红烧萝卜/番茄炒鸡蛋|青椒炒面筋|黄豆猪脚
3988,千叶豆腐肉丝|土豆丝/青菜|木耳西兰花|油爆虾|米饭|红烧排骨|蘑菇肉片/雪菜鱿鱼
3989,土豆丝/小青菜|米饭|红烧萝卜/番茄炒鸡蛋|葱油芋头/莴笋丝|蘑菇肉片/雪菜鱿鱼
399,椒盐带鱼/鸡排|海带丝|米饭|芹菜香干|茄子豆角
3990,木耳西兰花|米饭|红烧萝卜/番茄炒鸡蛋|葱油扇贝|葱油芋头/莴笋丝|蘑菇肉片/雪菜鱿鱼|青椒炒面筋
3991,米饭|红烧排骨|葱油芋头/莴笋丝|蘑菇肉片/雪菜鱿鱼
3992,千张结烧肉|土豆丝/小青菜|米饭|蘑菇肉片/雪菜鱿鱼|青椒炒面筋
3993,土豆丝/青菜|米饭|葱油扇贝|蘑菇肉片/雪菜鱿鱼
3994,木耳西兰花|油爆虾|米饭|红烧萝卜/番茄炒鸡蛋
3995,千叶豆腐肉丝|土豆丝/青菜|木耳西兰花|米饭|红烧萝卜/番茄炒鸡蛋|葱油扇贝|蘑菇肉片/雪菜鱿鱼
3996,土豆丝/青菜|米饭|红烧萝卜/番茄炒鸡蛋|蘑菇肉片/雪菜鱿鱼
3997,土豆丝/小青菜|油爆虾|米饭|红烧萝卜/番茄炒鸡蛋|黄豆猪脚
3998,千张结烧肉|土豆丝/小青菜|米饭|红烧萝卜/番茄炒鸡蛋|葱油扇贝|黄豆猪脚
3999,千叶豆腐肉丝|千张结烧肉|米饭|红烧排骨|葱油芋头/莴笋丝
400,土豆丝/大白菜|木耳花菜/青瓜炒蛋|椒盐带鱼/鸡排|油豆腐烧肉|米饭|红烧排骨
4000,土豆丝/青菜|木耳西兰花|米饭|红烧排骨|葱油芋头/莴笋丝
4001,木耳西兰花|油爆虾|米饭|红烧排骨|红烧萝卜/番茄炒鸡蛋|葱油芋头/莴笋丝
4002,千张结烧肉|土豆丝/小青菜|米饭|红烧萝卜/番茄炒鸡蛋|葱油扇贝|黄豆猪脚
4003,木耳西兰花|米饭|红烧排骨|葱油芋头/莴笋丝
4004,土豆丝/小青菜|油爆虾|米饭|红烧萝卜/番茄炒鸡蛋
4005,千张结烧肉|土豆丝/小青菜|米饭|红烧萝卜/番茄炒鸡蛋|蘑菇肉片/雪菜鱿鱼
4006,木耳西兰花|油爆虾|米饭|红烧萝卜/番茄炒鸡蛋|葱油芋头/莴笋丝|蘑菇肉片/雪菜鱿鱼
4007,米饭|红烧排骨|红烧萝卜/番茄炒鸡蛋|蘑菇肉片/雪菜鱿鱼
4008,千叶豆腐肉丝|木耳西兰花|米饭|红烧排骨|红烧萝卜/番茄炒鸡蛋
4009,米饭|红烧萝卜/番茄炒鸡蛋|蘑菇肉片/雪菜鱿鱼|黄豆猪脚
401,椒盐带鱼/鸡排|油豆腐烧肉|芹菜香干
4010,油爆虾|红烧萝卜/番茄炒鸡蛋|蘑菇肉片/雪菜鱿鱼|黄豆猪脚
4011,千叶豆腐肉丝|油爆虾|米饭|蘑菇肉片/雪菜鱿鱼|青椒炒面筋
4012,土豆丝/青菜|木耳西兰花|米饭|红烧排骨|葱油芋头/莴笋丝
4013,千张结烧肉|土豆丝/小青菜|米饭|青椒炒面筋|黄豆猪脚
4014,千叶豆腐肉丝|土豆丝/青菜|木耳西兰花|米饭|红烧萝卜/番茄炒鸡蛋|葱油芋头/莴笋丝
4015,土豆丝/小青菜|油爆虾|米饭|红烧萝卜/番茄炒鸡蛋|蘑菇肉片/雪菜鱿鱼|黄豆猪脚
4016,土豆丝/小青菜|木耳西兰花|米饭|葱油芋头/莴笋丝|蘑菇肉片/雪菜鱿鱼|黄豆猪脚
4017,千张结烧肉|土豆丝/小青菜|木耳西兰花|油爆虾|红烧萝卜/番茄炒鸡蛋
4018,土豆丝/青菜|油爆虾|米饭|葱油芋头/莴笋丝|蘑菇肉片/雪菜鱿鱼
4019,米饭|红烧排骨|红烧萝卜/番茄炒鸡蛋|葱油芋头/莴笋丝|蘑菇肉片/雪菜鱿鱼
402,椒盐带鱼/鸡排|米饭|芹菜香干
4020,土豆丝/小青菜|米饭|红烧萝卜/番茄炒鸡蛋|葱油芋头/莴笋丝|蘑菇肉片/雪菜鱿鱼
4021,千叶豆腐肉丝|米饭|红烧萝卜/番茄炒鸡蛋|葱油芋头/莴笋丝
4022,土豆丝/青菜|木耳西兰花|米饭|红烧排骨|葱油芋头/莴笋丝|蘑菇肉片/雪菜鱿鱼
4023,土豆丝/小青菜|米饭|红烧萝卜/番茄炒鸡蛋|蘑菇肉片/雪菜鱿鱼|黄豆猪脚
4024,油爆虾|米饭|红烧萝卜/番茄炒鸡蛋|葱油芋头/莴笋丝|青椒炒面筋
4025,千叶豆腐肉丝|土豆丝/青菜|木耳西兰花|米饭|葱油芋头/莴笋丝|蘑菇肉片/雪菜鱿鱼|青椒炒面筋
4026,土豆丝/青菜|木耳西兰花|油爆虾|米饭|红烧排骨|红烧萝卜/番茄炒鸡蛋
4027,千张结烧肉|土豆丝/青菜|木耳西兰花|油爆虾|米饭|红烧排骨|红烧萝卜/番茄炒鸡蛋
4028,千张结烧肉|土豆丝/小青菜|米饭|红烧萝卜/番茄炒鸡蛋|葱油芋头/莴笋丝
4029,木耳西兰花|米饭|红烧排骨|红烧萝卜/番茄炒鸡蛋|蘑菇肉片/雪菜鱿鱼
403,土豆丝/大白菜|椒盐带鱼/鸡排|海带丝|米饭
4030,千张结烧肉|木耳西兰花|米饭|红烧萝卜/番茄炒鸡蛋
4031,千叶豆腐肉丝|木耳西兰花|油爆虾|红烧排骨|葱油芋头/莴笋丝|蘑菇肉片/雪菜鱿鱼
4032,葱油扇贝|蘑菇肉片/雪菜鱿鱼|黄豆猪脚
4033,千张结烧肉|土豆丝/小青菜|木耳西兰花|米饭|蘑菇肉片/雪菜鱿鱼
4034,土豆丝/小青菜|木耳西兰花|油爆虾|米饭|红烧萝卜/番茄炒鸡蛋|葱油芋头/莴笋丝|青椒炒面筋
4035,土豆丝/小青菜|米饭|红烧萝卜/番茄炒鸡蛋|葱油芋头/莴笋丝|蘑菇肉片/雪菜鱿鱼
4036,木耳西兰花|米饭|葱油扇贝|葱油芋头/莴笋丝|蘑菇肉片/雪菜鱿鱼
4037,土豆丝/小青菜|米饭|葱油芋头/莴笋丝|蘑菇肉片/雪菜鱿鱼
4038,土豆丝/青菜|米饭|红烧萝卜/番茄炒鸡蛋|葱油芋头/莴笋丝|黄豆猪脚
4039,木耳西兰花|米饭|葱油扇贝|葱油芋头/莴笋丝|蘑菇肉片/雪菜鱿鱼
404,木耳花菜/青瓜炒蛋|椒盐带鱼/鸡排|海带丝|米饭|红烧排骨|芹菜香干|茄子豆角
4040,油爆虾|米饭|红烧排骨|红烧萝卜/番茄炒鸡蛋|葱油芋头/莴笋丝|蘑菇肉片/雪菜鱿鱼
4041,土豆丝/小青菜|葱油芋头/莴笋丝|黄豆猪脚
4042,土豆丝/小青菜|米饭|红烧萝卜/番茄炒鸡蛋|黄豆猪脚
4043,土豆丝/小青菜|米饭|红烧萝卜/番茄炒鸡蛋|青椒炒面筋|黄豆猪脚
4044,土豆丝/青菜|米饭|红烧排骨|红烧萝卜/番茄炒鸡蛋|葱油芋头/莴笋丝|蘑菇肉片/雪菜鱿鱼
4045,千张结烧肉|土豆丝/小青菜|油爆虾|米饭|葱油芋头/莴笋丝|青椒炒面筋
4046,土豆丝/小青菜|木耳西兰花|米饭|红烧萝卜/番茄炒鸡蛋|黄豆猪脚
4047,千叶豆腐肉丝|土豆丝/青菜|油爆虾|米饭|红烧萝卜/番茄炒鸡蛋|葱油芋头/莴笋丝|青椒炒面筋
4048,木耳西兰花|米饭|葱油芋头/莴笋丝
4049,土豆丝/青菜|木耳西兰花|油爆虾|米饭|红烧萝卜/番茄炒鸡蛋|蘑菇肉片/雪菜鱿鱼|青椒炒面筋
405,土豆丝/大白菜|椒盐带鱼/鸡排|海带丝|米饭|红烧排骨|茄子豆角
4050,土豆丝/青菜|木耳西兰花|油爆虾|米饭|红烧排骨|红烧萝卜/番茄炒鸡蛋|葱油扇贝|葱油芋头/莴笋丝|蘑菇肉片/雪菜鱿鱼|青椒炒面筋
4051,千张结烧肉|米饭|蘑菇肉片/雪菜鱿鱼|青椒炒面筋
4052,千叶豆腐肉丝|土豆丝/青菜|油爆虾|米饭|红烧排骨|红烧萝卜/番茄炒鸡蛋|葱油芋头/莴笋丝|青椒炒面筋
4053,千张结烧肉|土豆丝/小青菜|木耳西兰花|米饭|红烧萝卜/番茄炒鸡蛋|蘑菇肉片/雪菜鱿鱼|青椒炒面筋
4054,千叶豆腐肉丝|土豆丝/青菜|木耳西兰花|油爆虾|米饭|红烧排骨|青椒炒面筋
4055,千叶豆腐肉丝|土豆丝/青菜|木耳西兰花|油爆虾|米饭|红烧萝卜/番茄炒鸡蛋
4056,木耳西兰花|油爆虾|米饭|葱油芋头/莴笋丝|蘑菇肉片/雪菜鱿鱼
4057,木耳西兰花|油爆虾|米饭|红烧萝卜/番茄炒鸡蛋|蘑菇肉片/雪菜鱿鱼|青椒炒面筋
4058,千张结烧肉|土豆丝/小青菜|木耳西兰花|油爆虾|米饭|红烧萝卜/番茄炒鸡蛋|茭白肉丝小炒|葱油芋头/莴笋丝|青椒炒面筋|黄豆猪脚
4059,土豆丝/青菜|米饭|红烧排骨|红烧萝卜/番茄炒鸡蛋
406,口水鸡|土豆丝/大白菜|海带丝|米饭|红烧排骨
4060,土豆丝/小青菜|木耳西兰花|米饭|红烧萝卜/番茄炒鸡蛋
4061,土豆丝/青菜|油爆虾|米饭|蘑菇肉片/雪菜鱿鱼
4062,千张结烧肉|土豆丝/小青菜|木耳西兰花|油爆虾|米饭|红烧萝卜/番茄炒鸡蛋|青椒炒面筋|黄豆猪脚
4063,土豆丝/青菜|米饭|红烧排骨
4064,土豆丝/青菜|油爆虾|米饭|红烧萝卜/番茄炒鸡蛋|葱油扇贝|蘑菇肉片/雪菜鱿鱼
4065,千张结烧肉|土豆丝/小青菜|红烧萝卜/番茄炒鸡蛋|茭白肉丝小炒
4066,千叶豆腐肉丝|土豆丝/青菜|木耳西兰花|油爆虾|米饭|红烧排骨|蘑菇肉片/雪菜鱿鱼
4067,土豆丝/小青菜|木耳西兰花|油爆虾|米饭|葱油芋头/莴笋丝|青椒炒面筋|黄豆猪脚
4068,千张结烧肉|土豆丝/小青菜|木耳西兰花|米饭|红烧萝卜/番茄炒鸡蛋|茭白肉丝小炒|葱油芋头/莴笋丝|青椒炒面筋|黄豆猪脚
4069,千叶豆腐肉丝|土豆丝/青菜|米饭|红烧排骨|红烧萝卜/番茄炒鸡蛋|葱油扇贝|葱油芋头/莴笋丝|蘑菇肉片/雪菜鱿鱼
407,土豆丝/大白菜|木耳花菜/青瓜炒蛋|椒盐带鱼/鸡排|油豆腐烧肉|海带丝|米饭|芹菜香干|茄子豆角|蘑菇小炒肉
4070,米饭
4071,千张结烧肉|木耳西兰花|油爆虾|红烧萝卜/番茄炒鸡蛋|茭白肉丝小炒|葱油扇贝|葱油芋头/莴笋丝
4072,土豆丝/小青菜|油爆虾|米饭|茭白肉丝小炒|青椒炒面筋|黄豆猪脚
4073,土豆丝/青菜|木耳西兰花|米饭|蘑菇肉片/雪菜鱿鱼
4074,油爆虾|红烧萝卜/番茄炒鸡蛋|茭白肉丝小炒|葱油扇贝|青椒炒面筋
4075,千张结烧肉|土豆丝/小青菜|木耳西兰花|油爆虾|米饭|红烧萝卜/番茄炒鸡蛋|黄豆猪脚
4076,千叶豆腐肉丝|土豆丝/青菜|油爆虾|米饭|红烧排骨|红烧萝卜/番茄炒鸡蛋|葱油扇贝|葱油芋头/莴笋丝|青椒炒面筋
4077,千张结烧肉|米饭|红烧萝卜/番茄炒鸡蛋|茭白肉丝小炒|葱油芋头/莴笋丝
4078,土豆丝/小青菜|木耳西兰花|米饭|茭白肉丝小炒|黄豆猪脚
4079,土豆丝/青菜|木耳西兰花|油爆虾|米饭|红烧排骨|葱油扇贝
408,椒盐带鱼/鸡排|油豆腐烧肉|海带丝|米饭|芹菜香干|蘑菇小炒肉
4080,千叶豆腐肉丝|土豆丝/青菜|木耳西兰花|油爆虾|米饭|红烧排骨|蘑菇肉片/雪菜鱿鱼|青椒炒面筋
4081,米饭|葱油芋头/莴笋丝|蘑菇肉片/雪菜鱿鱼|青椒炒面筋
4082,土豆丝/小青菜|木耳西兰花|米饭|茭白肉丝小炒|葱油芋头/莴笋丝|青椒炒面筋|黄豆猪脚
4083,油爆虾|米饭|青椒炒面筋
4084,千叶豆腐肉丝|油爆虾|蘑菇肉片/雪菜鱿鱼|青椒炒面筋
4085,米饭|红烧萝卜/番茄炒鸡蛋|茭白肉丝小炒|葱油芋头/莴笋丝
4086,木耳西兰花|米饭|红烧萝卜/番茄炒鸡蛋|茭白肉丝小炒|葱油扇贝|青椒炒面筋|黄豆猪脚
4087,千叶豆腐肉丝|木耳西兰花|油爆虾|米饭|红烧萝卜/番茄炒鸡蛋|蘑菇肉片/雪菜鱿鱼|青椒炒面筋
4088,千叶豆腐肉丝|土豆丝/青菜|木耳西兰花|油爆虾|米饭|红烧排骨|蘑菇肉片/雪菜鱿鱼
4089,土豆丝/小青菜|米饭|红烧萝卜/番茄炒鸡蛋|茭白肉丝小炒|青椒炒面筋
409,土豆丝/大白菜|椒盐带鱼/鸡排|油豆腐烧肉|海带丝|米饭|红烧排骨|茄子豆角|蘑菇小炒肉
4090,土豆丝/青菜|油爆虾|油麦菜|米饭|红烧排骨|葱油芋头/莴笋丝
4091,土豆丝/小青菜|木耳西兰花|米饭|茭白肉丝小炒|葱油芋头/莴笋丝|黄豆猪脚
4092,土豆丝/小青菜|米饭|青椒炒面筋|黄豆猪脚
4093,千张结烧肉|土豆丝/小青菜|米饭|茭白肉丝小炒|葱油芋头/莴笋丝
4094,千叶豆腐肉丝|土豆丝/青菜|木耳西兰花|油爆虾|米饭|葱油扇贝|葱油芋头/莴笋丝
4095,千叶豆腐肉丝|土豆丝/青菜|木耳西兰花|米饭|蘑菇肉片/雪菜鱿鱼|青椒炒面筋
4096,土豆丝/小青菜|米饭|茭白肉丝小炒|葱油芋头/莴笋丝|青椒炒面筋|黄豆猪脚
4097,千张结烧肉|土豆丝/小青菜|米饭|红烧萝卜/番茄炒鸡蛋|葱油芋头/莴笋丝|青椒炒面筋|黄豆猪脚
4098,木耳西兰花|米饭|红烧排骨|蘑菇肉片/雪菜鱿鱼
4099,土豆丝/小青菜|木耳西兰花|油爆虾|米饭
410,口水鸡|木耳花菜/青瓜炒蛋|椒盐带鱼/鸡排|油豆腐烧肉|米饭|红烧排骨
4100,油麦菜|米饭
4101,土豆丝/小青菜|木耳西兰花|米饭|黄豆猪脚
4102,千叶豆腐肉丝|木耳西兰花|油爆虾|油麦菜|米饭
4103,土豆丝/小青菜|木耳西兰花|米饭|茭白肉丝小炒|葱油芋头/莴笋丝
4104,油爆虾|油麦菜|米饭|葱油芋头/莴笋丝|青椒炒面筋
4105,土豆丝/小青菜|油爆虾|米饭|茭白肉丝小炒|葱油芋头/莴笋丝|青椒炒面筋
4106,土豆丝/青菜|油爆虾|米饭|红烧排骨|葱油扇贝|葱油芋头/莴笋丝
4107,油爆虾|油麦菜|米饭|葱油扇贝|蘑菇肉片/雪菜鱿鱼|青椒炒面筋
4108,千叶豆腐肉丝|千张结烧肉|油麦菜|米饭|茭白肉丝小炒|黄豆猪脚
4109,千张结烧肉|土豆丝/小青菜|米饭|红烧萝卜/番茄炒鸡蛋|葱油扇贝|葱油芋头/莴笋丝
411,木耳花菜/青瓜炒蛋|椒盐带鱼/鸡排|米饭|芹菜香干
4110,千叶豆腐肉丝|土豆丝/青菜|米饭|红烧排骨|葱油扇贝|蘑菇肉片/雪菜鱿鱼|青椒炒面筋
4111,千张结烧肉|葱油芋头/莴笋丝|蘑菇肉片/雪菜鱿鱼|青椒炒面筋
4112,油爆虾|油麦菜|米饭|葱油扇贝|葱油芋头/莴笋丝|蘑菇肉片/雪菜鱿鱼|青椒炒面筋
4113,千叶豆腐肉丝|土豆丝/青菜|油爆虾|油麦菜|米饭|红烧排骨|葱油芋头/莴笋丝
4114,千叶豆腐肉丝|土豆丝/青菜|油爆虾|米饭|红烧排骨|葱油扇贝|葱油芋头/莴笋丝
4115,千张结烧肉|土豆丝/小青菜|米饭|红烧萝卜/番茄炒鸡蛋|茭白肉丝小炒|葱油扇贝|葱油芋头/莴笋丝|黄豆猪脚
4116,土豆丝/小青菜|木耳西兰花|油爆虾|油麦菜|米饭|红烧萝卜/番茄炒鸡蛋|茭白肉丝小炒|葱油芋头/莴笋丝
4117,千张结烧肉|土豆丝/小青菜|油爆虾|米饭|红烧萝卜/番茄炒鸡蛋|茭白肉丝小炒|青椒炒面筋|黄豆猪脚
4118,油爆虾|油麦菜|米饭|茭白肉丝小炒|葱油芋头/莴笋丝|蘑菇肉片/雪菜鱿鱼
4119,千张结烧肉|油麦菜|米饭|葱油芋头/莴笋丝
412,木耳花菜/青瓜炒蛋|椒盐带鱼/鸡排|米饭|红烧排骨
4120,土豆丝/小青菜|木耳西兰花|油爆虾|米饭|红烧萝卜/番茄炒鸡蛋|茭白肉丝小炒|葱油芋头/莴笋丝
4121,千张结烧肉|土豆丝/小青菜|木耳西兰花|米饭|茭白肉丝小炒|葱油扇贝|葱油芋头/莴笋丝|青椒炒面筋|黄豆猪脚
4122,土豆丝/青菜|油爆虾|油麦菜|米饭|葱油芋头/莴笋丝|蘑菇肉片/雪菜鱿鱼
4123,千叶豆腐肉丝|千张结烧肉|土豆丝/青菜|油麦菜|米饭|茭白肉丝小炒|葱油扇贝|葱油芋头/莴笋丝
4124,土豆丝/小青菜|米饭|茭白肉丝小炒|葱油扇贝|蘑菇肉片/雪菜鱿鱼|青椒炒面筋
4125,土豆丝/青菜|木耳西兰花|米饭|葱油扇贝|蘑菇肉片/雪菜鱿鱼
4126,土豆丝/小青菜|木耳西兰花|油爆虾|米饭|葱油芋头/莴笋丝|黄豆猪脚
4127,千张结烧肉|木耳西兰花|米饭|红烧萝卜/番茄炒鸡蛋|葱油芋头/莴笋丝|黄豆猪脚
4128,油爆虾|油麦菜|米饭|糖醋里脊|葱油扇贝|葱油芋头/莴笋丝
4129,米饭|糖醋里脊|葱油芋头/莴笋丝|黄豆猪脚
413,椒盐带鱼/鸡排|油豆腐烧肉|米饭|芹菜香干
4130,油爆虾|油麦菜|米饭|红烧排骨|葱油扇贝
4131,千张结烧肉|土豆丝/小青菜|米饭|糖醋里脊|红烧萝卜/番茄炒鸡蛋|葱油扇贝|葱油芋头/莴笋丝
4132,千叶豆腐肉丝|土豆丝/青菜|米饭|红烧排骨|葱油扇贝
4133,千张结烧肉|土豆丝/小青菜|米饭|茭白肉丝小炒|葱油芋头/莴笋丝
4134,油麦菜|米饭|葱油芋头/莴笋丝|蘑菇肉片/雪菜鱿鱼
4135,千叶豆腐肉丝|千张结烧肉|米饭|茭白肉丝小炒|蘑菇肉片/雪菜鱿鱼
4136,油麦菜|米饭|红烧排骨|葱油扇贝|葱油芋头/莴笋丝
4137,土豆丝/青菜|木耳西兰花|油爆虾|油麦菜|米饭|葱油扇贝|葱油芋头/莴笋丝
4138,千张结烧肉|米饭|糖醋里脊|葱油芋头/莴笋丝
4139,土豆丝/青菜|木耳西兰花|油麦菜|糖醋里脊|青椒炒面筋
414,木耳花菜/青瓜炒蛋|椒盐带鱼/鸡排|油豆腐烧肉|米饭
4140,土豆丝/青菜|米饭|葱油芋头/莴笋丝|青椒炒面筋
4141,凉拌海带|千张结烧肉|土豆丝/小青菜|米饭|糖醋里脊|茭白肉丝小炒|葱油芋头/莴笋丝
4142,米饭
4143,油爆虾|米饭|茭白肉丝小炒|葱油芋头/莴笋丝
4144,凉拌海带|土豆丝/小青菜|米饭|糖醋里脊|红烧萝卜/番茄炒鸡蛋|葱油扇贝|葱油芋头/莴笋丝|黄豆猪脚
4145,土豆丝/青菜|木耳西兰花|米饭|糖醋里脊|茭白肉丝小炒|葱油扇贝
4146,千张结烧肉|土豆丝/小青菜|油麦菜|米饭|糖醋里脊|葱油扇贝|葱油芋头/莴笋丝
4147,凉拌海带|千张结烧肉|土豆丝/小青菜|油爆虾|米饭|糖醋里脊|茭白肉丝小炒|葱油芋头/莴笋丝|蘑菇肉片/雪菜鱿鱼
4148,千张结烧肉|木耳西兰花|米饭|糖醋里脊|葱油扇贝|葱油芋头/莴笋丝
4149,糖醋里脊
415,土豆丝/大白菜|木耳花菜/青瓜炒蛋|椒盐带鱼/鸡排|蘑菇小炒肉
4150,凉拌海带|千张结烧肉|油麦菜|米饭|糖醋里脊|葱油扇贝|葱油芋头/莴笋丝|青椒炒面筋
4151,凉拌海带|土豆丝/小青菜|米饭|糖醋里脊|茭白肉丝小炒|葱油扇贝|葱油芋头/莴笋丝|青椒炒面筋
4152,木耳西兰花|糖醋里脊
4153,土豆丝/小青菜|米饭|糖醋里脊|葱油芋头/莴笋丝
4154,千张结烧肉|油麦菜|米饭|糖醋里脊
4155,米饭
4156,凉拌海带|千张结烧肉|米饭|糖醋里脊|葱油扇贝|葱油芋头/莴笋丝
4157,凉拌海带|米饭|糖醋里脊|茭白肉丝小炒|葱油扇贝
4158,米饭|茭白肉丝小炒|葱油扇贝|葱油芋头/莴笋丝
4159,凉拌海带|土豆丝/小青菜|米饭|糖醋里脊|葱油扇贝|葱油芋头/莴笋丝
416,木耳花菜/青瓜炒蛋|椒盐带鱼/鸡排|海带丝|米饭|茄子豆角
4160,土豆丝/小青菜|米饭|葱油芋头/莴笋丝
4161,凉拌海带|米饭|茭白肉丝小炒|葱油芋头/莴笋丝|蘑菇肉片/雪菜鱿鱼
4162,凉拌海带|千张结烧肉|米饭|糖醋里脊|茭白肉丝小炒
4163,油麦菜|米饭|糖醋里脊|葱油扇贝|葱油芋头/莴笋丝
4164,油麦菜|米饭|糖醋里脊|茭白肉丝小炒|葱油芋头/莴笋丝|青椒炒面筋
4165,凉拌海带|土豆丝/小青菜|米饭|糖醋里脊
4166,千张结烧肉|土豆丝/小青菜|米饭|茭白肉丝小炒
4167,土豆丝/小青菜|米饭|茭白肉丝小炒|葱油芋头/莴笋丝
4168,凉拌海带|千张结烧肉|米饭|糖醋里脊
4169,米饭|糖醋里脊|茭白肉丝小炒|葱油芋头/莴笋丝
417,口水鸡|木耳花菜/青瓜炒蛋|椒盐带鱼/鸡排|米饭|红烧排骨
4170,油麦菜|米饭|糖醋里脊|茭白肉丝小炒|葱油芋头/莴笋丝
4171,千张结烧肉|土豆丝/小青菜|米饭|糖醋里脊|茭白肉丝小炒|葱油芋头/莴笋丝|黄豆猪脚
4172,土豆丝/小青菜|米饭|糖醋里脊|茭白肉丝小炒
4173,油麦菜|米饭|糖醋里脊|葱油芋头/莴笋丝
4174,凉拌海带|油麦菜|米饭|糖醋里脊|葱油芋头/莴笋丝
4175,土豆丝/小青菜|油麦菜|米饭|糖醋里脊
4176,土豆丝/小青菜|米饭|茭白肉丝小炒|葱油扇贝|葱油芋头/莴笋丝
4177,土豆丝/小青菜|木耳西兰花|米饭|糖醋里脊|茭白肉丝小炒|葱油芋头/莴笋丝
4178,凉拌海带|油麦菜|米饭|糖醋里脊|茭白肉丝小炒
4179,木耳西兰花|米饭|茭白肉丝小炒
418,椒盐带鱼/鸡排|海带丝|米饭|芹菜香干
4180,米饭|葱油芋头/莴笋丝
4181,凉拌海带|米饭|糖醋里脊|茭白肉丝小炒|黄豆猪脚
4182,米饭|糖醋里脊|茭白肉丝小炒
4183,土豆丝/包菜油付|盐水虾|米饭
4184,土豆丝/包菜油付|大排|家常豆腐|米饭|花椒排骨
4185,土豆丝/包菜油付|大排|春卷|盐水虾|米饭|葱油鸡|西葫芦炒鸡蛋/肉末茄
4186,大排|春卷|盐水虾|米饭|葱油鸡|西葫芦炒鸡蛋/肉末茄
4187,土豆丝/包菜油付|家常豆腐|春卷|米饭
4188,土豆丝/包菜油付|大排|春卷|米饭
4189,春卷|盐水虾|米饭|葱油鸡|西葫芦炒鸡蛋/肉末茄
419,土豆丝/大白菜|木耳花菜/青瓜炒蛋|油豆腐烧肉|米饭
4190,土豆丝/包菜油付|家常豆腐|春卷|盐水虾|米饭|花椒排骨|莴苣/藕片|葱油鸡|西葫芦炒鸡蛋/肉末茄
4191,大排|盐水虾|米饭|莴苣/藕片
4192,土豆丝/包菜油付|春卷|米饭|莴苣/藕片|葱油鸡|青瓜付竹肉片
4193,大排|米饭|莴苣/藕片|葱油鸡|青瓜付竹肉片
4194,土豆丝/包菜油付|春卷|盐水虾|米饭|香菇肉丝
4195,土豆丝/包菜油付|米饭|葱油鸡|西葫芦炒鸡蛋/肉末茄
4196,土豆丝/包菜油付|盐水虾|米饭|葱油鸡|西葫芦炒鸡蛋/肉末茄
4197,土豆丝/包菜油付|米饭|葱油鸡|西葫芦炒鸡蛋/肉末茄|香菇肉丝
4198,土豆丝/包菜油付|春卷|米饭|莴苣/藕片|西葫芦炒鸡蛋/肉末茄
4199,土豆丝/包菜油付|家常豆腐|米饭|葱油鳊鱼|西葫芦炒鸡蛋/肉末茄
420,木耳花菜/青瓜炒蛋|椒盐带鱼/鸡排|油豆腐烧肉|米饭|红烧排骨
4200,家常豆腐|米饭|花椒排骨|莴苣/藕片|葱油鸡|西葫芦炒鸡蛋/肉末茄
4201,土豆丝/包菜油付|家常豆腐|盐水虾|米饭|花椒排骨|西葫芦炒鸡蛋/肉末茄
4202,家常豆腐|盐水虾|米饭|莴苣/藕片|西葫芦炒鸡蛋/肉末茄|香菇肉丝
4203,家常豆腐|盐水虾|米饭|香菇肉丝
4204,土豆丝/包菜油付|家常豆腐|春卷|盐水虾|米饭|花椒排骨|莴苣/藕片|西葫芦炒鸡蛋/肉末茄|香菇肉丝
4205,家常豆腐|盐水虾|米饭|莴苣/藕片|香菇肉丝
4206,土豆丝/包菜油付|米饭|莴苣/藕片|葱油鸡|西葫芦炒鸡蛋/肉末茄
4207,家常豆腐|春卷|米饭|莴苣/藕片|葱油鸡|西葫芦炒鸡蛋/肉末茄
4208,土豆丝/包菜油付|米饭|花椒排骨|葱油鸡
4209,土豆丝/包菜油付|春卷|米饭|葱油鸡|西葫芦炒鸡蛋/肉末茄
421,木耳花菜/青瓜炒蛋|红烧排骨|茄子豆角
4210,家常豆腐|盐水虾|米饭|花椒排骨|西葫芦炒鸡蛋/肉末茄
4211,土豆丝/包菜油付|家常豆腐|米饭|花椒排骨
4212,土豆丝/包菜油付|米饭|葱油鸡
4213,米饭
4214,家常豆腐|盐水虾|米饭|莴苣/藕片|葱油鸡
4215,春卷|米饭|花椒排骨|莴苣/藕片|西葫芦炒鸡蛋/肉末茄
4216,大排|春卷
4217,土豆丝/包菜油付|家常豆腐|米饭|葱油鸡|西葫芦炒鸡蛋/肉末茄
4218,米饭|莴苣/藕片|西葫芦炒鸡蛋/肉末茄
4219,土豆丝/包菜油付|家常豆腐|米饭|葱油鸡
422,口水鸡|椒盐带鱼/鸡排|油豆腐烧肉|海带丝|米饭|红烧排骨|茄子豆角|蘑菇小炒肉
4220,家常豆腐|米饭|花椒排骨|香菇肉丝
4221,土豆丝/包菜油付|家常豆腐|盐水虾|米饭|葱油鸡|西葫芦炒鸡蛋/肉末茄
4222,土豆丝/包菜油付|盐水虾|米饭|花椒排骨|莴苣/藕片|葱油鳊鱼|西葫芦炒鸡蛋/肉末茄|香菇肉丝
4223,米饭|莴苣/藕片
4224,土豆丝/包菜油付|盐水虾|米饭|西葫芦炒鸡蛋/肉末茄|香菇肉丝
4225,家常豆腐|春卷|米饭|莴苣/藕片|葱油鳊鱼|西葫芦炒鸡蛋/肉末茄
4226,盐水虾|米饭|莴苣/藕片|西葫芦炒鸡蛋/肉末茄
4227,家常豆腐|盐水虾|米饭|莴苣/藕片|葱油鸡
4228,土豆丝/包菜油付|米饭|莴苣/藕片|葱油鳊鱼|西葫芦炒鸡蛋/肉末茄
4229,土豆丝/包菜油付|米饭|莴苣/藕片|葱油鸡|西葫芦炒鸡蛋/肉末茄|青瓜付竹肉片
423,椒盐带鱼/鸡排|米饭|茄子豆角|蘑菇小炒肉
4230,土豆丝/包菜油付|家常豆腐|盐水虾|米饭|花椒排骨|莴苣/藕片|葱油鸡
4231,土豆丝/包菜油付|米饭|花椒排骨|莴苣/藕片|西葫芦炒鸡蛋/肉末茄|青瓜付竹肉片
4232,土豆丝/包菜油付|家常豆腐|盐水虾|米饭|花椒排骨|葱油鳊鱼
4233,米饭|葱油鳊鱼|西葫芦炒鸡蛋/肉末茄|香菇肉丝
4234,土豆丝/包菜油付|米饭
4235,土豆丝/包菜油付|米饭|花椒排骨|莴苣/藕片|葱油鸡|西葫芦炒鸡蛋/肉末茄
4236,家常豆腐|春卷|米饭|莴苣/藕片|青瓜付竹肉片
4237,家常豆腐|春卷|米饭|西葫芦炒鸡蛋/肉末茄|青瓜付竹肉片
4238,家常豆腐|春卷|盐水虾|米饭|莴苣/藕片|葱油鳊鱼|葱油鸡
4239,家常豆腐|米饭|花椒排骨|莴苣/藕片|葱油鸡|西葫芦炒鸡蛋/肉末茄|青瓜付竹肉片
424,土豆丝/大白菜|椒盐带鱼/鸡排|油豆腐烧肉|米饭
4240,家常豆腐|米饭|西葫芦炒鸡蛋/肉末茄
4241,土豆丝/包菜油付|家常豆腐|米饭|花椒排骨|葱油鸡|西葫芦炒鸡蛋/肉末茄|青瓜付竹肉片
4242,家常豆腐|米饭|莴苣/藕片|葱油鸡|西葫芦炒鸡蛋/肉末茄|青瓜付竹肉片
4243,土豆丝/包菜油付|春卷|米饭|花椒排骨|青瓜付竹肉片
4244,大排|家常豆腐|盐水虾|米饭|花椒排骨|莴苣/藕片|西葫芦炒鸡蛋/肉末茄|青瓜付竹肉片
4245,米饭|莴苣/藕片|葱油鸡
4246,土豆丝/包菜油付|春卷|盐水虾|米饭|花椒排骨|莴苣/藕片|香菇肉丝
4247,土豆丝/包菜油付|家常豆腐|春卷|米饭|葱油鳊鱼
4248,土豆丝/包菜油付|家常豆腐|盐水虾|米饭|花椒排骨|莴苣/藕片|葱油鸡
4249,大排|米饭|莴苣/藕片|葱油鸡|西葫芦炒鸡蛋/肉末茄|青瓜付竹肉片
425,口水鸡|土豆丝/大白菜|油豆腐烧肉|海带丝|米饭|蘑菇小炒肉
4250,家常豆腐|米饭|葱油鳊鱼|西葫芦炒鸡蛋/肉末茄
4251,米饭|葱油鸡|西葫芦炒鸡蛋/肉末茄|青瓜付竹肉片
4252,土豆丝/包菜油付|家常豆腐|莴苣/藕片
4253,大排|家常豆腐|春卷|米饭|莴苣/藕片|西葫芦炒鸡蛋/肉末茄
4254,米饭
4255,米饭|莴苣/藕片
4256,大排|家常豆腐|盐水虾|米饭|莴苣/藕片|西葫芦炒鸡蛋/肉末茄
4257,土豆丝/包菜油付|家常豆腐|春卷|米饭|西葫芦炒鸡蛋/肉末茄|香菇肉丝
4258,土豆丝/包菜油付|大排|家常豆腐|盐水虾|米饭|莴苣/藕片
4259,春卷|莴苣/藕片|西葫芦炒鸡蛋/肉末茄|香菇肉丝
426,椒盐带鱼/鸡排|海带丝|米饭
4260,米饭
4261,米饭|莴苣/藕片|葱油鸡|青瓜付竹肉片
4262,土豆丝/包菜油付|大排|家常豆腐|春卷|米饭|西葫芦炒鸡蛋/肉末茄
4263,家常豆腐|春卷|盐水虾|米饭
4264,盐水虾|米饭
4265,春卷|盐水虾|米饭|莴苣/藕片|葱油鳊鱼|西葫芦炒鸡蛋/肉末茄|香菇肉丝
4266,家常豆腐|米饭|青瓜付竹肉片
4267,家常豆腐|米饭|香菇肉丝
4268,春卷|米饭|莴苣/藕片|葱油鸡|西葫芦炒鸡蛋/肉末茄|香菇肉丝
4269,土豆丝/包菜油付|大排|春卷|米饭|莴苣/藕片|葱油鸡|西葫芦炒鸡蛋/肉末茄
427,海带丝|茄子豆角|蘑菇小炒肉
4270,米饭|莴苣/藕片|葱油鳊鱼|西葫芦炒鸡蛋/肉末茄
4271,土豆丝/包菜油付|大排|春卷|米饭|西葫芦炒鸡蛋/肉末茄
4272,大排|春卷|米饭|莴苣/藕片|西葫芦炒鸡蛋/肉末茄
4273,盐水虾|米饭|莴苣/藕片|葱油鸡|香菇肉丝
4274,大排|家常豆腐|米饭|莴苣/藕片|西葫芦炒鸡蛋/肉末茄
4275,米饭|葱油鳊鱼|葱油鸡|西葫芦炒鸡蛋/肉末茄
4276,土豆丝/包菜油付|大排|家常豆腐|米饭|莴苣/藕片|青瓜付竹肉片
4277,土豆丝/包菜油付|米饭|葱油鳊鱼|西葫芦炒鸡蛋/肉末茄
4278,土豆丝/包菜油付|米饭|莴苣/藕片|葱油鳊鱼|西葫芦炒鸡蛋/肉末茄
4279,土豆丝/包菜油付|春卷|盐水虾|米饭
428,木耳花菜/青瓜炒蛋|椒盐带鱼/鸡排|米饭|蘑菇小炒肉
4280,大排|家常豆腐|春卷|米饭|西葫芦炒鸡蛋/肉末茄
4281,大排|家常豆腐|春卷|盐水虾|米饭|莴苣/藕片|葱油鸡|青瓜付竹肉片
4282,米饭|香菇肉丝
4283,土豆丝/包菜油付|大排|米饭|葱油鸡|西葫芦炒鸡蛋/肉末茄
4284,土豆丝/包菜油付|家常豆腐|春卷|米饭|葱油鸡
4285,土豆丝/包菜油付|家常豆腐|盐水虾|米饭|花椒排骨|莴苣/藕片
4286,土豆丝/包菜油付|盐水虾|米饭|花椒排骨|莴苣/藕片|葱油鸡|西葫芦炒鸡蛋/肉末茄|香菇肉丝
4287,土豆丝/包菜油付|盐水虾|米饭|莴苣/藕片|葱油鸡|香菇肉丝
4288,土豆丝/包菜油付|春卷|盐水虾|米饭|莴苣/藕片
4289,家常豆腐|莴苣/藕片|西葫芦炒鸡蛋/肉末茄|青瓜付竹肉片
429,口水鸡|土豆丝/大白菜|椒盐带鱼/鸡排|海带丝|米饭|红烧排骨|茄子豆角|蘑菇小炒肉
4290,土豆丝/包菜油付|家常豆腐|米饭|花椒排骨|莴苣/藕片|西葫芦炒鸡蛋/肉末茄
4291,土豆丝/包菜油付|春卷|米饭|葱油鳊鱼|西葫芦炒鸡蛋/肉末茄
4292,大排|春卷|米饭|葱油鸡|西葫芦炒鸡蛋/肉末茄|青瓜付竹肉片
4293,米饭|莴苣/藕片|葱油鸡|西葫芦炒鸡蛋/肉末茄|青瓜付竹肉片
4294,土豆丝/包菜油付|家常豆腐|春卷|米饭|花椒排骨|莴苣/藕片|葱油鸡|西葫芦炒鸡蛋/肉末茄
4295,大排|米饭|花椒排骨|葱油鳊鱼|葱油鸡
4296,土豆丝/包菜油付|家常豆腐|春卷|米饭|花椒排骨|西葫芦炒鸡蛋/肉末茄
4297,土豆丝/包菜油付|米饭
4298,春卷|盐水虾|米饭|花椒排骨|莴苣/藕片|西葫芦炒鸡蛋/肉末茄
4299,土豆丝/包菜油付|盐水虾|米饭|香菇肉丝
430,木耳花菜/青瓜炒蛋|油豆腐烧肉|米饭|红烧排骨|芹菜香干
4300,大排|春卷|葱油鸡|青瓜付竹肉片
4301,土豆丝/包菜油付|米饭|葱油鳊鱼|西葫芦炒鸡蛋/肉末茄|香菇肉丝
4302,大排|米饭|莴苣/藕片|西葫芦炒鸡蛋/肉末茄|青瓜付竹肉片
4303,土豆丝/包菜油付|大排|家常豆腐|米饭|花椒排骨|莴苣/藕片|西葫芦炒鸡蛋/肉末茄
4304,土豆丝/包菜油付|米饭|葱油鸡|西葫芦炒鸡蛋/肉末茄|青瓜付竹肉片
4305,土豆丝/包菜油付|盐水虾|米饭|西葫芦炒鸡蛋/肉末茄|香菇肉丝
4306,家常豆腐|春卷|米饭|莴苣/藕片|西葫芦炒鸡蛋/肉末茄|青瓜付竹肉片
4307,土豆丝/包菜油付|家常豆腐|春卷|盐水虾|米饭|莴苣/藕片|葱油鸡|香菇肉丝
4308,土豆丝/包菜油付|米饭
4309,土豆丝/包菜油付|家常豆腐|春卷|盐水虾|莴苣/藕片|葱油鳊鱼
431,口水鸡|茄子豆角|蘑菇小炒肉
4310,土豆丝/包菜油付|米饭|西葫芦炒鸡蛋/肉末茄
4311,土豆丝/包菜油付|家常豆腐|春卷|米饭|莴苣/藕片|葱油鳊鱼|葱油鸡|西葫芦炒鸡蛋/肉末茄|青瓜付竹肉片
4312,春卷|盐水虾|花椒排骨|葱油鸡
4313,土豆丝/包菜油付|家常豆腐|春卷|米饭|花椒排骨|葱油鸡|青瓜付竹肉片
4314,土豆丝/包菜油付|家常豆腐|春卷|米饭|花椒排骨|葱油鸡|西葫芦炒鸡蛋/肉末茄
4315,盐水虾|花椒排骨|葱油鳊鱼|葱油鸡|香菇肉丝
4316,土豆丝/包菜油付|大排|米饭|莴苣/藕片|葱油鸡|西葫芦炒鸡蛋/肉末茄|青瓜付竹肉片
4317,土豆丝/包菜油付|大排|家常豆腐|春卷|米饭|葱油鸡|西葫芦炒鸡蛋/肉末茄|青瓜付竹肉片
4318,土豆丝/包菜油付|大排|家常豆腐|米饭|莴苣/藕片|西葫芦炒鸡蛋/肉末茄|青瓜付竹肉片
4319,土豆丝/包菜油付|家常豆腐|春卷|米饭
432,木耳花菜/青瓜炒蛋|茄子豆角|蘑菇小炒肉
4320,土豆丝/包菜油付|春卷|米饭|花椒排骨|葱油鳊鱼|西葫芦炒鸡蛋/肉末茄
4321,家常豆腐|米饭|莴苣/藕片
4322,土豆丝/包菜油付|大排|米饭|西葫芦炒鸡蛋/肉末茄
4323,土豆丝/包菜油付|春卷|米饭|香菇肉丝
4324,土豆丝/包菜油付|盐水虾|米饭|花椒排骨|葱油鸡|西葫芦炒鸡蛋/肉末茄|香菇肉丝
4325,土豆丝/包菜油付|大排|春卷|米饭|莴苣/藕片|葱油鳊鱼|西葫芦炒鸡蛋/肉末茄
4326,土豆丝/包菜油付|米饭|葱油鸡|西葫芦炒鸡蛋/肉末茄
4327,土豆丝/包菜油付|家常豆腐|春卷|米饭|莴苣/藕片|葱油鳊鱼|西葫芦炒鸡蛋/肉末茄
4328,土豆丝/包菜油付|大排|家常豆腐|春卷|米饭|花椒排骨|莴苣/藕片|葱油鸡|青瓜付竹肉片
4329,土豆丝/包菜油付|家常豆腐|盐水虾|米饭|西葫芦炒鸡蛋/肉末茄|香菇肉丝
433,土豆丝/大白菜|椒盐带鱼/鸡排|米饭|红烧排骨|茄子豆角
4330,土豆丝/包菜油付|大排|春卷|米饭|莴苣/藕片|青瓜付竹肉片
4331,米饭|葱油鸡|西葫芦炒鸡蛋/肉末茄|青瓜付竹肉片
4332,土豆丝/包菜油付|家常豆腐|米饭|西葫芦炒鸡蛋/肉末茄
4333,土豆丝/包菜油付|家常豆腐|米饭|花椒排骨|葱油鳊鱼
4334,春卷|米饭|莴苣/藕片|葱油鸡|西葫芦炒鸡蛋/肉末茄
4335,家常豆腐|盐水虾|米饭|葱油鸡|青瓜付竹肉片
4336,土豆丝/包菜油付|家常豆腐|春卷|米饭|莴苣/藕片|葱油鳊鱼
4337,土豆丝/包菜油付|家常豆腐|米饭|葱油鸡|西葫芦炒鸡蛋/肉末茄
4338,土豆丝/包菜油付|米饭|莴苣/藕片|葱油鸡
4339,土豆丝/包菜油付|家常豆腐|米饭|葱油鳊鱼|葱油鸡
434,口水鸡|椒盐带鱼/鸡排|海带丝|米饭|茄子豆角|蘑菇小炒肉
4340,盐水虾|米饭|香菇肉丝
4341,土豆丝/包菜油付|春卷|米饭|莴苣/藕片|葱油鳊鱼
4342,凉拌海带|土豆丝/包菜油付|米饭|花椒排骨|莴苣/藕片|葱油鸡|西葫芦炒鸡蛋/肉末茄
4343,土豆丝/包菜油付|米饭|葱油鳊鱼
4344,土豆丝/包菜油付|家常豆腐|盐水虾|米饭|西葫芦炒鸡蛋/肉末茄
4345,凉拌海带|土豆丝/包菜油付|大排|葱油鳊鱼|西葫芦炒鸡蛋/肉末茄
4346,凉拌海带|土豆丝/包菜油付|米饭|莴苣/藕片|葱油鳊鱼|香菇肉丝
4347,凉拌海带|盐水虾|米饭|莴苣/藕片|香菇肉丝
4348,土豆丝/包菜油付|春卷|米饭|花椒排骨|莴苣/藕片|西葫芦炒鸡蛋/肉末茄
4349,大排|盐水虾|米饭|莴苣/藕片|西葫芦炒鸡蛋/肉末茄
435,木耳花菜/青瓜炒蛋|椒盐带鱼/鸡排|油豆腐烧肉|米饭|茄子豆角
4350,土豆丝/包菜油付|米饭|葱油鳊鱼|葱油鸡|西葫芦炒鸡蛋/肉末茄|香菇肉丝
4351,土豆丝/包菜油付|春卷|米饭|花椒排骨|葱油鸡|西葫芦炒鸡蛋/肉末茄
4352,土豆丝/包菜油付|盐水虾|米饭|莴苣/藕片|西葫芦炒鸡蛋/肉末茄
4353,土豆丝/包菜油付|米饭|莴苣/藕片|西葫芦炒鸡蛋/肉末茄
4354,凉拌海带|土豆丝/包菜油付|盐水虾|米饭|葱油鸡|西葫芦炒鸡蛋/肉末茄|香菇肉丝
4355,大排|米饭|葱油鳊鱼|西葫芦炒鸡蛋/肉末茄
4356,土豆丝/包菜油付|大排|米饭|花椒排骨|莴苣/藕片|西葫芦炒鸡蛋/肉末茄
4357,大排|家常豆腐|米饭|莴苣/藕片|青瓜付竹肉片
4358,土豆丝/包菜油付|大排|家常豆腐|米饭|莴苣/藕片|葱油鳊鱼
4359,土豆丝/包菜油付|大排|家常豆腐|米饭|花椒排骨|莴苣/藕片|葱油鳊鱼|葱油鸡|青瓜付竹肉片
436,口水鸡|椒盐带鱼/鸡排|海带丝|米饭|蘑菇小炒肉
4360,土豆丝/包菜油付|米饭|花椒排骨|葱油鸡|西葫芦炒鸡蛋/肉末茄
4361,土豆丝/包菜油付|大排|米饭
4362,春卷|米饭|葱油鳊鱼|西葫芦炒鸡蛋/肉末茄|青瓜付竹肉片
4363,家常豆腐|春卷|米饭|莴苣/藕片|葱油鳊鱼|西葫芦炒鸡蛋/肉末茄
4364,土豆丝/包菜油付|大排|家常豆腐|米饭|西葫芦炒鸡蛋/肉末茄|青瓜付竹肉片
4365,土豆丝/包菜油付|春卷|米饭|花椒排骨|葱油鸡
4366,土豆丝/包菜油付|米饭|西葫芦炒鸡蛋/肉末茄
4367,油麦菜|莴苣/藕片|葱油鸡|西葫芦炒鸡蛋/肉末茄|青瓜付竹肉片
4368,大排|米饭|莴苣/藕片|香菇肉丝
4369,米饭|莴苣/藕片|葱油鳊鱼|西葫芦炒鸡蛋/肉末茄
437,土豆丝/大白菜|椒盐带鱼/鸡排|海带丝|米饭|红烧排骨
4370,土豆丝/包菜油付|春卷|米饭|花椒排骨|香菇肉丝
4371,春卷|油麦菜|米饭|莴苣/藕片|葱油鸡
4372,土豆丝/包菜油付|米饭|红烧大排|莴苣/藕片|西葫芦炒鸡蛋/肉末茄
4373,春卷|油麦菜|米饭|莴苣/藕片|葱油鸡
4374,凉拌海带|土豆丝/包菜油付|米饭|红烧大排|西葫芦炒鸡蛋/肉末茄
4375,土豆丝/包菜油付|春卷|米饭|红烧大排|西葫芦炒鸡蛋/肉末茄
4376,米饭|莴苣/藕片|西葫芦炒鸡蛋/肉末茄|青瓜付竹肉片
4377,凉拌海带|春卷|米饭|莴苣/藕片|葱油鸡
4378,大排|春卷|油麦菜|米饭|西葫芦炒鸡蛋/肉末茄
4379,土豆丝/包菜油付|米饭|葱油鸡|西葫芦炒鸡蛋/肉末茄
438,口水鸡|椒盐带鱼/鸡排|油豆腐烧肉|米饭|红烧排骨|茄子豆角
4380,凉拌海带|土豆丝/包菜油付|米饭|红烧大排
4381,家常豆腐|春卷|油麦菜|米饭|花椒排骨|葱油鸡|青瓜付竹肉片
4382,凉拌海带|土豆丝/包菜油付|油麦菜|米饭|莴苣/藕片
4383,大排|家常豆腐|米饭|莴苣/藕片|西葫芦炒鸡蛋/肉末茄|青瓜付竹肉片
4384,米饭
4385,家常豆腐|油麦菜|米饭|莴苣/藕片|葱油鸡|青瓜付竹肉片
4386,大排|春卷|油麦菜|米饭|葱油鳊鱼|葱油鸡|西葫芦炒鸡蛋/肉末茄
4387,油麦菜|米饭|红烧大排|葱油鸡|西葫芦炒鸡蛋/肉末茄
4388,油麦菜|米饭|花椒排骨|西葫芦炒鸡蛋/肉末茄|青瓜付竹肉片
4389,春卷|油麦菜|米饭|葱油鳊鱼
439,口水鸡|米饭|茄子豆角
4390,凉拌海带|土豆丝/包菜油付|米饭|葱油鳊鱼|葱油鸡|香菇肉丝
4391,土豆丝/包菜油付|家常豆腐|油麦菜|米饭|红烧大排|青瓜付竹肉片
4392,凉拌海带|土豆丝/包菜油付|大排|西葫芦炒鸡蛋/肉末茄
4393,土豆丝/包菜油付|米饭|花椒排骨|莴苣/藕片|葱油鳊鱼|西葫芦炒鸡蛋/肉末茄|香菇肉丝
4394,油麦菜|米饭|莴苣/藕片|葱油鳊鱼
4395,米饭|莴苣/藕片|葱油鸡|西葫芦炒鸡蛋/肉末茄
4396,土豆丝/包菜油付|大排|米饭|香菇肉丝
4397,油麦菜|米饭|葱油鳊鱼|西葫芦炒鸡蛋/肉末茄|青瓜付竹肉片
4398,凉拌海带|春卷|油麦菜|米饭|莴苣/藕片|葱油鳊鱼
4399,凉拌海带|土豆丝/包菜油付|大排|春卷|油麦菜|米饭|西葫芦炒鸡蛋/肉末茄
440,油豆腐烧肉|海带丝|米饭|红烧排骨|蘑菇小炒肉
4400,土豆丝/包菜油付|大排|春卷|米饭|莴苣/藕片|葱油鸡|西葫芦炒鸡蛋/肉末茄|香菇肉丝
4401,凉拌海带|大排|春卷|油麦菜|米饭|西葫芦炒鸡蛋/肉末茄
4402,大排|家常豆腐|春卷|油麦菜|米饭|莴苣/藕片|青瓜付竹肉片
4403,凉拌海带|土豆丝/包菜油付|大排|米饭|花椒排骨|青瓜付竹肉片|香菇肉丝
4404,米饭|葱油鸡|西葫芦炒鸡蛋/肉末茄|香菇肉丝
4405,凉拌海带|土豆丝/包菜油付|大排|米饭|西葫芦炒鸡蛋/肉末茄
4406,米饭|葱油鸡|青瓜付竹肉片
4407,油麦菜|米饭|莴苣/藕片|西葫芦炒鸡蛋/肉末茄
4408,大排|家常豆腐|油麦菜|米饭|莴苣/藕片|西葫芦炒鸡蛋/肉末茄|青瓜付竹肉片
4409,土豆丝/包菜油付|大排|春卷|米饭|莴苣/藕片|香菇肉丝
441,口水鸡|木耳花菜/青瓜炒蛋|椒盐带鱼/鸡排|海带丝|芹菜香干
4410,大排|米饭|莴苣/藕片|葱油鸡|西葫芦炒鸡蛋/肉末茄
4411,春卷|油麦菜|葱油鸡|西葫芦炒鸡蛋/肉末茄
4412,土豆丝/包菜油付|大排|米饭|香菇肉丝
4413,大排|春卷|米饭|葱油鸡|西葫芦炒鸡蛋/肉末茄
4414,土豆丝/包菜油付|米饭|莴苣/藕片|葱油鳊鱼|西葫芦炒鸡蛋/肉末茄
4415,春卷|米饭|花椒排骨|莴苣/藕片|西葫芦炒鸡蛋/肉末茄
4416,凉拌海带|土豆丝/包菜油付|米饭|花椒排骨
4417,土豆丝/包菜油付|春卷|米饭|花椒排骨|葱油鸡|西葫芦炒鸡蛋/肉末茄|香菇肉丝
4418,花椒排骨|莴苣/藕片|葱油鳊鱼|葱油鸡
4419,凉拌海带|油麦菜|米饭|莴苣/藕片|葱油鸡|西葫芦炒鸡蛋/肉末茄
442,土豆丝/大白菜|椒盐带鱼/鸡排|米饭|红烧排骨|茄子豆角|蘑菇小炒肉
4420,凉拌海带|大排|米饭|莴苣/藕片|葱油鸡
4421,凉拌海带|土豆丝/包菜油付|米饭|莴苣/藕片|葱油鸡
4422,凉拌海带|土豆丝/包菜油付|油麦菜|莴苣/藕片|葱油鸡
4423,凉拌海带|大排|米饭|西葫芦炒鸡蛋/肉末茄
4424,土豆丝/包菜油付|米饭|花椒排骨
4425,大排|家常豆腐|米饭|莴苣/藕片|葱油鸡|西葫芦炒鸡蛋/肉末茄
4426,米饭|花椒排骨|西葫芦炒鸡蛋/肉末茄
4427,凉拌海带|米饭|葱油鸡|香菇肉丝
4428,米饭|葱油鳊鱼|西葫芦炒鸡蛋/肉末茄
4429,花椒排骨|西葫芦炒鸡蛋/肉末茄
443,口水鸡|木耳花菜/青瓜炒蛋|椒盐带鱼/鸡排|米饭|红烧排骨|蘑菇小炒肉
4430,土豆丝/包菜油付|大排|米饭
4431,大排|春卷|米饭|香菇肉丝
4432,大排|春卷|米饭|莴苣/藕片|西葫芦炒鸡蛋/肉末茄
4433,土豆丝/包菜油付|春卷|米饭|莴苣/藕片
4434,凉拌海带|土豆丝/包菜油付|米饭|葱油鸡
4435,土豆丝/包菜油付|春卷|米饭|莴苣/藕片|葱油鳊鱼|西葫芦炒鸡蛋/肉末茄
4436,凉拌海带|大排|春卷|米饭|莴苣/藕片
4437,凉拌海带|土豆丝/包菜油付|米饭|莴苣/藕片|葱油鸡
4438,春卷|葱油鸡|青瓜付竹肉片
4439,大排|油麦菜|米饭|莴苣/藕片|葱油鳊鱼|葱油鸡|青瓜付竹肉片
444,土豆丝/大白菜|椒盐带鱼/鸡排|油豆腐烧肉|米饭|茄子豆角
4440,大排|春卷|油麦菜|米饭
4441,米饭|莴苣/藕片|西葫芦炒鸡蛋/肉末茄
4442,土豆丝/包菜油付|米饭|葱油鳊鱼|西葫芦炒鸡蛋/肉末茄
4443,春卷|花椒排骨|莴苣/藕片|香菇肉丝
4444,春卷|米饭|花椒排骨|葱油鸡|西葫芦炒鸡蛋/肉末茄|香菇肉丝
4445,土豆丝/包菜油付|米饭|花椒排骨|葱油鸡|西葫芦炒鸡蛋/肉末茄
4446,大排|米饭|西葫芦炒鸡蛋/肉末茄
4447,凉拌海带|土豆丝/包菜油付|米饭|葱油鳊鱼|香菇肉丝
4448,土豆丝/包菜油付|莴苣/藕片|葱油鸡|香菇肉丝
4449,凉拌海带|土豆丝/包菜油付|大排|米饭|香菇肉丝
445,口水鸡|土豆丝/大白菜|木耳花菜/青瓜炒蛋|椒盐带鱼/鸡排|米饭
4450,土豆丝/包菜油付|大排|米饭|莴苣/藕片|西葫芦炒鸡蛋/肉末茄
4451,凉拌海带|米饭|葱油鸡
4452,土豆丝/包菜油付|大排|春卷|米饭|莴苣/藕片|香菇肉丝
4453,凉拌海带|土豆丝/包菜油付|大排|米饭
4454,春卷|莴苣/藕片|葱油鸡|香菇肉丝
4455,土豆丝/包菜油付|大排|春卷|米饭|西葫芦炒鸡蛋/肉末茄|香菇肉丝
4456,凉拌海带|土豆丝/包菜油付|西葫芦炒鸡蛋/肉末茄|香菇肉丝
4457,米饭
4458,米饭|莴苣/藕片|西葫芦炒鸡蛋/肉末茄|香菇肉丝
4459,土豆丝/包菜油付|米饭|葱油鳊鱼|西葫芦炒鸡蛋/肉末茄|香菇肉丝
446,木耳花菜/青瓜炒蛋|米饭|红烧排骨|蘑菇小炒肉
4460,葱油鳊鱼|香菇肉丝
4461,凉拌海带|米饭|莴苣/藕片|葱油鸡|西葫芦炒鸡蛋/肉末茄
4462,米饭|香菇肉丝
4463,椒盐带鱼|米饭|豆芽/青菜
4464,红烧萝卜/番茄炒鸡蛋|鱼香肉丝/蒜苗香干肉
4465,木耳西兰花|椒盐带鱼|油爆虾|油豆腐烧肉|米饭|葱油娃娃菜|豆芽/青菜|酱爆猪肝|酱鸭|黄豆猪脚
4466,米饭|黄豆猪脚
4467,木耳西兰花|米饭|豆芽/青菜|黄豆猪脚
4468,木耳西兰花|米饭|豆芽/青菜|酱爆猪肝
4469,油豆腐烧肉|米饭|红烧萝卜/番茄炒鸡蛋|葱油娃娃菜
447,土豆丝/大白菜|椒盐带鱼/鸡排|海带丝|红烧排骨|茄子豆角|蘑菇小炒肉
4470,木耳西兰花|油豆腐烧肉|清烧南瓜/葱油芋头|米饭|红烧萝卜/番茄炒鸡蛋
4471,油爆虾|米饭|红烧萝卜/番茄炒鸡蛋
4472,清烧南瓜/葱油芋头|米饭|红烧萝卜/番茄炒鸡蛋|豆芽/青菜|酱鸭
4473,米饭|豆芽/青菜|酱鸭|鱼香肉丝/蒜苗香干肉
4474,油豆腐烧肉|米饭|葱油娃娃菜|豆芽/青菜|鱼香肉丝/蒜苗香干肉
4475,椒盐带鱼|清烧南瓜/葱油芋头|米饭|红烧萝卜/番茄炒鸡蛋|豆芽/青菜|鱼香肉丝/蒜苗香干肉|黄豆猪脚
4476,木耳西兰花|米饭|豆芽/青菜|黄豆猪脚
4477,木耳西兰花|清烧南瓜/葱油芋头|米饭|红烧萝卜/番茄炒鸡蛋|鱼香肉丝/蒜苗香干肉
4478,椒盐带鱼|清烧南瓜/葱油芋头|米饭|葱油娃娃菜|豆芽/青菜|鱼香肉丝/蒜苗香干肉|黄豆猪脚
4479,椒盐带鱼|油豆腐烧肉|米饭|红烧萝卜/番茄炒鸡蛋|豆芽/青菜|鱼香肉丝/蒜苗香干肉
448,口水鸡|土豆丝/大白菜|油豆腐烧肉|海带丝|米饭|红烧排骨|芹菜香干|蘑菇小炒肉
4480,木耳西兰花|椒盐带鱼|油爆虾|清烧南瓜/葱油芋头|米饭|红烧萝卜/番茄炒鸡蛋|豆芽/青菜
4481,米饭|红烧萝卜/番茄炒鸡蛋|葱油娃娃菜|酱爆猪肝|鱼香肉丝/蒜苗香干肉|黄豆猪脚
4482,油豆腐烧肉|米饭|红烧萝卜/番茄炒鸡蛋|葱油娃娃菜|豆芽/青菜|黄豆猪脚
4483,椒盐带鱼|米饭|红烧萝卜/番茄炒鸡蛋|豆芽/青菜|鱼香肉丝/蒜苗香干肉|黄豆猪脚
4484,清烧南瓜/葱油芋头|米饭|红烧萝卜/番茄炒鸡蛋|鱼香肉丝/蒜苗香干肉
4485,木耳西兰花|椒盐带鱼|油豆腐烧肉|清烧南瓜/葱油芋头|米饭|豆芽/青菜
4486,椒盐带鱼|米饭|红烧萝卜/番茄炒鸡蛋|豆芽/青菜
4487,木耳西兰花|米饭|红烧萝卜/番茄炒鸡蛋|酱爆猪肝|酱鸭
4488,油豆腐烧肉|清烧南瓜/葱油芋头|米饭|红烧萝卜/番茄炒鸡蛋|豆芽/青菜|黄豆猪脚
4489,米饭|红烧萝卜/番茄炒鸡蛋|葱油娃娃菜|豆芽/青菜|黄豆猪脚
449,土豆丝/大白菜|椒盐带鱼/鸡排|油豆腐烧肉|海带丝|米饭
4490,木耳西兰花|椒盐带鱼|清烧南瓜/葱油芋头|米饭|红烧萝卜/番茄炒鸡蛋|豆芽/青菜|酱爆猪肝|黄豆猪脚
4491,米饭|红烧萝卜/番茄炒鸡蛋|鱼香肉丝/蒜苗香干肉|黄豆猪脚
4492,椒盐带鱼|米饭|红烧萝卜/番茄炒鸡蛋|葱油娃娃菜|酱爆猪肝|鱼香肉丝/蒜苗香干肉|黄豆猪脚
4493,椒盐带鱼|油爆虾|米饭|红烧萝卜/番茄炒鸡蛋|豆芽/青菜|酱爆猪肝|酱鸭|黄豆猪脚
4494,椒盐带鱼|清烧南瓜/葱油芋头|米饭|红烧萝卜/番茄炒鸡蛋|葱油娃娃菜|豆芽/青菜|鱼香肉丝/蒜苗香干肉|黄豆猪脚
4495,木耳西兰花|清烧南瓜/葱油芋头|米饭|红烧萝卜/番茄炒鸡蛋|豆芽/青菜|酱鸭
4496,油爆虾|米饭|红烧萝卜/番茄炒鸡蛋|葱油娃娃菜|豆芽/青菜|酱爆猪肝|酱鸭|鱼香肉丝/蒜苗香干肉
4497,木耳西兰花|米饭|红烧萝卜/番茄炒鸡蛋|葱油娃娃菜|豆芽/青菜|酱鸭|鱼香肉丝/蒜苗香干肉
4498,油豆腐烧肉|米饭|豆芽/青菜
4499,木耳西兰花|油爆虾|清烧南瓜/葱油芋头|红烧萝卜/番茄炒鸡蛋|豆芽/青菜|酱鸭|鱼香肉丝/蒜苗香干肉|黄豆猪脚
450,椒盐带鱼/鸡排|油豆腐烧肉|芹菜香干|蘑菇小炒肉
4500,椒盐带鱼|油爆虾|葱油娃娃菜|豆芽/青菜
4501,椒盐带鱼|油豆腐烧肉|米饭|葱油娃娃菜|豆芽/青菜|酱爆猪肝|黄豆猪脚
4502,米饭|红烧萝卜/番茄炒鸡蛋|鱼香肉丝/蒜苗香干肉|黄豆猪脚
4503,木耳西兰花|椒盐带鱼|红烧萝卜/番茄炒鸡蛋|葱油娃娃菜|鱼香肉丝/蒜苗香干肉
4504,椒盐带鱼|米饭|红烧萝卜/番茄炒鸡蛋|黄豆猪脚
4505,清烧南瓜/葱油芋头|红烧萝卜/番茄炒鸡蛋|豆芽/青菜|黄豆猪脚
4506,米饭|红烧萝卜/番茄炒鸡蛋|葱油娃娃菜|鱼香肉丝/蒜苗香干肉
4507,木耳西兰花|椒盐带鱼|清烧南瓜/葱油芋头|米饭|红烧萝卜/番茄炒鸡蛋|葱油娃娃菜|鱼香肉丝/蒜苗香干肉|黄豆猪脚
4508,椒盐带鱼|清烧南瓜/葱油芋头|米饭|葱油娃娃菜|豆芽/青菜|酱爆猪肝|黄豆猪脚
4509,椒盐带鱼|米饭|葱油娃娃菜|鱼香肉丝/蒜苗香干肉
451,口水鸡|椒盐带鱼/鸡排|油豆腐烧肉|米饭|红烧排骨|芹菜香干
4510,椒盐带鱼|油豆腐烧肉|清烧南瓜/葱油芋头|米饭|红烧萝卜/番茄炒鸡蛋|葱油娃娃菜|豆芽/青菜
4511,清烧南瓜/葱油芋头|葱油娃娃菜|酱爆猪肝|鱼香肉丝/蒜苗香干肉
4512,木耳西兰花|椒盐带鱼|米饭|葱油娃娃菜|黄豆猪脚
4513,米饭|红烧萝卜/番茄炒鸡蛋|豆芽/青菜|黄豆猪脚
4514,椒盐带鱼|米饭|红烧萝卜/番茄炒鸡蛋|豆芽/青菜|酱爆猪肝|鱼香肉丝/蒜苗香干肉
4515,木耳西兰花|椒盐带鱼|油豆腐烧肉|清烧南瓜/葱油芋头|米饭|豆芽/青菜
4516,木耳西兰花|椒盐带鱼|米饭|葱油娃娃菜|豆芽/青菜|黄豆猪脚
4517,木耳西兰花|椒盐带鱼|米饭|红烧萝卜/番茄炒鸡蛋|豆芽/青菜
4518,米饭|葱油娃娃菜|鱼香肉丝/蒜苗香干肉|黄豆猪脚
4519,木耳西兰花|椒盐带鱼|米饭|红烧萝卜/番茄炒鸡蛋|黄豆猪脚
452,椒盐带鱼/鸡排|米饭|红烧排骨|芹菜香干|茄子豆角
4520,椒盐带鱼|清烧南瓜/葱油芋头|米饭|红烧萝卜/番茄炒鸡蛋|豆芽/青菜
4521,木耳西兰花|米饭|豆芽/青菜|鱼香肉丝/蒜苗香干肉|黄豆猪脚
4522,椒盐带鱼|油豆腐烧肉|米饭|红烧萝卜/番茄炒鸡蛋|豆芽/青菜
4523,椒盐带鱼|米饭|红烧萝卜/番茄炒鸡蛋|葱油娃娃菜|鱼香肉丝/蒜苗香干肉|黄豆猪脚
4524,木耳西兰花|椒盐带鱼|米饭|豆芽/青菜|黄豆猪脚
4525,木耳西兰花|椒盐带鱼|清烧南瓜/葱油芋头|米饭
4526,米饭|红烧萝卜/番茄炒鸡蛋|葱油娃娃菜|酱鸭|鱼香肉丝/蒜苗香干肉
4527,木耳西兰花|椒盐带鱼|油爆虾|米饭|红烧萝卜/番茄炒鸡蛋|葱油娃娃菜|黄豆猪脚
4528,椒盐带鱼|油爆虾|米饭|红烧萝卜/番茄炒鸡蛋|葱油娃娃菜|鱼香肉丝/蒜苗香干肉|黄豆猪脚
4529,米饭|红烧萝卜/番茄炒鸡蛋|葱油娃娃菜|鱼香肉丝/蒜苗香干肉
453,口水鸡|木耳花菜/青瓜炒蛋|椒盐带鱼/鸡排|米饭|蘑菇小炒肉
4530,木耳西兰花|椒盐带鱼|清烧南瓜/葱油芋头|米饭|红烧萝卜/番茄炒鸡蛋|葱油娃娃菜|黄豆猪脚
4531,椒盐带鱼|清烧南瓜/葱油芋头|米饭|葱油娃娃菜|酱爆猪肝|鱼香肉丝/蒜苗香干肉
4532,椒盐带鱼|清烧南瓜/葱油芋头|米饭|红烧萝卜/番茄炒鸡蛋|豆芽/青菜|酱爆猪肝|酱鸭
4533,木耳西兰花|椒盐带鱼|油豆腐烧肉|清烧南瓜/葱油芋头|米饭|红烧萝卜/番茄炒鸡蛋|酱鸭
4534,椒盐带鱼|米饭|葱油娃娃菜|酱鸭|黄豆猪脚
4535,椒盐带鱼|油爆虾|米饭|红烧萝卜/番茄炒鸡蛋|葱油娃娃菜|豆芽/青菜|黄豆猪脚
4536,油爆虾|米饭|豆芽/青菜|酱鸭|鱼香肉丝/蒜苗香干肉
4537,木耳西兰花|油豆腐烧肉|米饭|红烧萝卜/番茄炒鸡蛋|葱油娃娃菜|豆芽/青菜|鱼香肉丝/蒜苗香干肉|黄豆猪脚
4538,木耳西兰花|椒盐带鱼|米饭|红烧萝卜/番茄炒鸡蛋|酱鸭
4539,清烧南瓜/葱油芋头|米饭|红烧萝卜/番茄炒鸡蛋|酱鸭
454,土豆丝/大白菜|米饭|红烧排骨|芹菜香干|蘑菇小炒肉
4540,油豆腐烧肉|米饭|酱爆猪肝|鱼香肉丝/蒜苗香干肉
4541,木耳西兰花|米饭|红烧萝卜/番茄炒鸡蛋|豆芽/青菜|酱鸭
4542,椒盐带鱼|清烧南瓜/葱油芋头|米饭|豆芽/青菜|酱爆猪肝|鱼香肉丝/蒜苗香干肉
4543,木耳西兰花|椒盐带鱼|米饭|红烧萝卜/番茄炒鸡蛋|豆芽/青菜
4544,木耳西兰花|椒盐带鱼|清烧南瓜/葱油芋头|葱油娃娃菜|豆芽/青菜
4545,椒盐带鱼|清烧南瓜/葱油芋头|米饭|豆芽/青菜
4546,木耳西兰花|清烧南瓜/葱油芋头|米饭|红烧萝卜/番茄炒鸡蛋|葱油娃娃菜|豆芽/青菜
4547,椒盐带鱼|米饭|葱油娃娃菜|酱鸭|鱼香肉丝/蒜苗香干肉|黄豆猪脚
4548,椒盐带鱼|油爆虾|米饭|红烧萝卜/番茄炒鸡蛋|黄豆猪脚
4549,木耳西兰花|椒盐带鱼|油豆腐烧肉|米饭|豆芽/青菜|黄豆猪脚
455,土豆丝/大白菜|椒盐带鱼/鸡排|米饭|红烧排骨|芹菜香干
4550,木耳西兰花|椒盐带鱼|油豆腐烧肉|米饭|豆芽/青菜|鱼香肉丝/蒜苗香干肉
4551,椒盐带鱼|清烧南瓜/葱油芋头|米饭|鱼香肉丝/蒜苗香干肉
4552,油豆腐烧肉|米饭|酱鸭|鱼香肉丝/蒜苗香干肉
4553,木耳西兰花|油爆虾|米饭|红烧萝卜/番茄炒鸡蛋|豆芽/青菜|酱鸭
4554,椒盐带鱼|油豆腐烧肉|清烧南瓜/葱油芋头|米饭|葱油娃娃菜|豆芽/青菜|黄豆猪脚
4555,木耳西兰花|椒盐带鱼|清烧南瓜/葱油芋头|米饭|红烧萝卜/番茄炒鸡蛋|豆芽/青菜|酱鸭|黄豆猪脚
4556,椒盐带鱼|油豆腐烧肉|米饭|红烧萝卜/番茄炒鸡蛋|酱爆猪肝|鱼香肉丝/蒜苗香干肉|黄豆猪脚
4557,木耳西兰花|椒盐带鱼|米饭|红烧萝卜/番茄炒鸡蛋|豆芽/青菜|黄豆猪脚
4558,椒盐带鱼|清烧南瓜/葱油芋头|米饭|红烧萝卜/番茄炒鸡蛋|豆芽/青菜|酱鸭|鱼香肉丝/蒜苗香干肉
4559,木耳西兰花|椒盐带鱼|油豆腐烧肉|米饭|红烧萝卜/番茄炒鸡蛋|葱油娃娃菜|鱼香肉丝/蒜苗香干肉|黄豆猪脚
456,口水鸡|土豆丝/大白菜|木耳花菜/青瓜炒蛋|米饭|红烧排骨
4560,木耳西兰花|椒盐带鱼|油爆虾|清烧南瓜/葱油芋头|米饭|红烧萝卜/番茄炒鸡蛋|酱鸭|鱼香肉丝/蒜苗香干肉|黄豆猪脚
4561,椒盐带鱼|油豆腐烧肉|清烧南瓜/葱油芋头|米饭|红烧萝卜/番茄炒鸡蛋|葱油娃娃菜|鱼香肉丝/蒜苗香干肉
4562,木耳西兰花|米饭|红烧萝卜/番茄炒鸡蛋|葱油娃娃菜|酱爆猪肝|鱼香肉丝/蒜苗香干肉|黄豆猪脚
4563,木耳西兰花|油爆虾|清烧南瓜/葱油芋头|米饭|红烧萝卜/番茄炒鸡蛋|酱鸭
4564,椒盐带鱼|油爆虾|清烧南瓜/葱油芋头|米饭|红烧萝卜/番茄炒鸡蛋
4565,椒盐带鱼|清烧南瓜/葱油芋头|米饭|葱油娃娃菜|鱼香肉丝/蒜苗香干肉|黄豆猪脚
4566,油豆腐烧肉|米饭|红烧萝卜/番茄炒鸡蛋|鱼香肉丝/蒜苗香干肉
4567,椒盐带鱼|米饭|红烧萝卜/番茄炒鸡蛋|鱼香肉丝/蒜苗香干肉|黄豆猪脚
4568,木耳西兰花|油爆虾|清烧南瓜/葱油芋头|米饭|红烧萝卜/番茄炒鸡蛋|豆芽/青菜|鱼香肉丝/蒜苗香干肉
4569,木耳西兰花|油爆虾|清烧南瓜/葱油芋头|米饭|红烧萝卜/番茄炒鸡蛋|豆芽/青菜|酱鸭|鱼香肉丝/蒜苗香干肉|黄豆猪脚
457,木耳花菜/青瓜炒蛋|椒盐带鱼/鸡排|米饭|芹菜香干|蘑菇小炒肉
4570,木耳西兰花|油爆虾|米饭|红烧萝卜/番茄炒鸡蛋|葱油娃娃菜|酱爆猪肝|酱鸭|鱼香肉丝/蒜苗香干肉
4571,木耳西兰花|油豆腐烧肉|米饭|红烧萝卜/番茄炒鸡蛋|葱油娃娃菜|豆芽/青菜|酱爆猪肝|鱼香肉丝/蒜苗香干肉|黄豆猪脚
4572,木耳西兰花|椒盐带鱼|米饭|红烧萝卜/番茄炒鸡蛋|葱油娃娃菜|黄豆猪脚
4573,木耳西兰花|椒盐带鱼|米饭|豆芽/青菜|黄豆猪脚
4574,椒盐带鱼|油豆腐烧肉|米饭|红烧萝卜/番茄炒鸡蛋|葱油娃娃菜|豆芽/青菜
4575,椒盐带鱼|米饭|葱油娃娃菜|豆芽/青菜|酱鸭|鱼香肉丝/蒜苗香干肉
4576,椒盐带鱼|油豆腐烧肉|米饭|红烧萝卜/番茄炒鸡蛋|葱油娃娃菜
4577,木耳西兰花|油爆虾|米饭|葱油娃娃菜|豆芽/青菜
4578,木耳西兰花|油豆腐烧肉|米饭|葱油娃娃菜|豆芽/青菜|酱爆猪肝|黄豆猪脚
4579,木耳西兰花|椒盐带鱼|油爆虾|清烧南瓜/葱油芋头|葱油娃娃菜|酱鸭|鱼香肉丝/蒜苗香干肉|黄豆猪脚
458,口水鸡|椒盐带鱼/鸡排|油豆腐烧肉|海带丝|米饭|芹菜香干
4580,椒盐带鱼|油豆腐烧肉|米饭|葱油娃娃菜|酱鸭
4581,木耳西兰花|椒盐带鱼|清烧南瓜/葱油芋头|米饭|红烧萝卜/番茄炒鸡蛋|鱼香肉丝/蒜苗香干肉
4582,米饭|葱油娃娃菜|豆芽/青菜|鱼香肉丝/蒜苗香干肉
4583,木耳西兰花|油豆腐烧肉|米饭|葱油娃娃菜|鱼香肉丝/蒜苗香干肉
4584,椒盐带鱼|清烧南瓜/葱油芋头|米饭|红烧萝卜/番茄炒鸡蛋|葱油娃娃菜
4585,油豆腐烧肉|米饭|红烧萝卜/番茄炒鸡蛋|葱油娃娃菜|豆芽/青菜
4586,椒盐带鱼|油爆虾|米饭|葱油娃娃菜|豆芽/青菜|鱼香肉丝/蒜苗香干肉
4587,米饭|红烧萝卜/番茄炒鸡蛋|豆芽/青菜|酱鸭|鱼香肉丝/蒜苗香干肉|黄豆猪脚
4588,木耳西兰花|油爆虾|清烧南瓜/葱油芋头|米饭|红烧萝卜/番茄炒鸡蛋|葱油娃娃菜|豆芽/青菜|酱鸭|鱼香肉丝/蒜苗香干肉
4589,椒盐带鱼|清烧南瓜/葱油芋头|米饭|葱油娃娃菜|鱼香肉丝/蒜苗香干肉|黄豆猪脚
459,土豆丝/大白菜|海带丝|米饭|红烧排骨
4590,木耳西兰花|米饭|红烧萝卜/番茄炒鸡蛋|葱油娃娃菜|酱爆猪肝|鱼香肉丝/蒜苗香干肉|黄豆猪脚
4591,木耳西兰花|米饭|葱油娃娃菜|酱鸭
4592,米饭|红烧萝卜/番茄炒鸡蛋|葱油娃娃菜|豆芽/青菜|鱼香肉丝/蒜苗香干肉
4593,米饭|红烧萝卜/番茄炒鸡蛋|葱油娃娃菜|豆芽/青菜|酱爆猪肝|鱼香肉丝/蒜苗香干肉
4594,木耳西兰花|椒盐带鱼|清烧南瓜/葱油芋头|米饭|葱油娃娃菜|豆芽/青菜|酱鸭|黄豆猪脚
4595,木耳西兰花|椒盐带鱼|油豆腐烧肉|米饭|红烧萝卜/番茄炒鸡蛋|葱油娃娃菜|豆芽/青菜|酱爆猪肝|鱼香肉丝/蒜苗香干肉
4596,木耳西兰花|油豆腐烧肉|清烧南瓜/葱油芋头|米饭|酱爆猪肝|鱼香肉丝/蒜苗香干肉|黄豆猪脚
4597,米饭
4598,椒盐带鱼|清烧南瓜/葱油芋头|米饭|豆芽/青菜|黄豆猪脚
4599,油爆虾|米饭|酱鸭|黄豆猪脚
460,土豆丝/大白菜|椒盐带鱼/鸡排|油豆腐烧肉|米饭
4600,木耳西兰花|油豆腐烧肉|清烧南瓜/葱油芋头|米饭|豆芽/青菜|酱爆猪肝|黄豆猪脚
4601,椒盐带鱼|米饭|红烧萝卜/番茄炒鸡蛋|豆芽/青菜|酱鸭|鱼香肉丝/蒜苗香干肉
4602,椒盐带鱼|清烧南瓜/葱油芋头|米饭|葱油娃娃菜|豆芽/青菜|黄豆猪脚
4603,木耳西兰花|油豆腐烧肉|米饭|红烧萝卜/番茄炒鸡蛋|葱油娃娃菜|酱爆猪肝|鱼香肉丝/蒜苗香干肉|黄豆猪脚
4604,椒盐带鱼|油豆腐烧肉|清烧南瓜/葱油芋头|红烧萝卜/番茄炒鸡蛋|葱油娃娃菜
4605,油爆虾|清烧南瓜/葱油芋头|米饭|红烧萝卜/番茄炒鸡蛋|葱油娃娃菜|豆芽/青菜|鱼香肉丝/蒜苗香干肉
4606,椒盐带鱼|清烧南瓜/葱油芋头|米饭|葱油娃娃菜|豆芽/青菜|黄豆猪脚
4607,椒盐带鱼|清烧南瓜/葱油芋头|米饭|红烧萝卜/番茄炒鸡蛋|豆芽/青菜|黄豆猪脚
4608,椒盐带鱼|米饭|红烧萝卜/番茄炒鸡蛋|鱼香肉丝/蒜苗香干肉
4609,木耳西兰花|米饭|红烧萝卜/番茄炒鸡蛋|鱼香肉丝/蒜苗香干肉|黄豆猪脚
461,口水鸡|土豆丝/大白菜|木耳花菜/青瓜炒蛋|椒盐带鱼/鸡排|海带丝|米饭|蘑菇小炒肉
4610,油爆虾|清烧南瓜/葱油芋头|米饭|红烧萝卜/番茄炒鸡蛋|葱油娃娃菜|豆芽/青菜|黄豆猪脚
4611,椒盐带鱼|米饭|红烧萝卜/番茄炒鸡蛋|葱油娃娃菜|豆芽/青菜|酱爆猪肝|鱼香肉丝/蒜苗香干肉|黄豆猪脚
4612,米饭|红烧萝卜/番茄炒鸡蛋|豆芽/青菜|黄豆猪脚
4613,油豆腐烧肉|米饭|葱油娃娃菜|豆芽/青菜|鱼香肉丝/蒜苗香干肉|黄豆猪脚
4614,木耳西兰花|椒盐带鱼|油爆虾|清烧南瓜/葱油芋头|红烧萝卜/番茄炒鸡蛋|葱油娃娃菜|酱鸭|鱼香肉丝/蒜苗香干肉
4615,木耳西兰花|椒盐带鱼|清烧南瓜/葱油芋头|米饭|红烧萝卜/番茄炒鸡蛋|葱油娃娃菜|豆芽/青菜
4616,米饭|葱油娃娃菜|酱鸭|鱼香肉丝/蒜苗香干肉|黄豆猪脚
4617,木耳西兰花|椒盐带鱼|清烧南瓜/葱油芋头|米饭|葱油娃娃菜|豆芽/青菜|黄豆猪脚
4618,木耳西兰花|椒盐带鱼|油爆虾|米饭|葱油娃娃菜|酱鸭
4619,木耳西兰花|椒盐带鱼|清烧南瓜/葱油芋头|米饭|葱油娃娃菜
462,口水鸡|木耳花菜/青瓜炒蛋|椒盐带鱼/鸡排|米饭|红烧排骨|蘑菇小炒肉
4620,木耳西兰花|椒盐带鱼|米饭|红烧萝卜/番茄炒鸡蛋|葱油娃娃菜|酱鸭
4621,木耳西兰花|椒盐带鱼|油豆腐烧肉|清烧南瓜/葱油芋头|米饭|红烧萝卜/番茄炒鸡蛋|豆芽/青菜
4622,米饭|葱油娃娃菜|酱鸭|鱼香肉丝/蒜苗香干肉
4623,清烧南瓜/葱油芋头|米饭|葱油娃娃菜|鱼香肉丝/蒜苗香干肉
4624,椒盐带鱼|米饭|红烧萝卜/番茄炒鸡蛋|葱油娃娃菜|豆芽/青菜|鱼香肉丝/蒜苗香干肉
4625,米饭|红烧萝卜/番茄炒鸡蛋|豆芽/青菜|黄豆猪脚
4626,油爆虾|米饭|红烧萝卜/番茄炒鸡蛋|葱油娃娃菜|鱼香肉丝/蒜苗香干肉|黄豆猪脚
4627,木耳西兰花|米饭|豆芽/青菜|酱鸭|鱼香肉丝/蒜苗香干肉|黄豆猪脚
4628,米饭|红烧萝卜/番茄炒鸡蛋|豆芽/青菜|酱鸭|鱼香肉丝/蒜苗香干肉
4629,木耳西兰花|米饭|豆芽/青菜|酱爆猪肝|鱼香肉丝/蒜苗香干肉|黄豆猪脚
463,口水鸡|椒盐带鱼/鸡排|米饭|茄子豆角
4630,木耳西兰花|豆芽/青菜|鱼香肉丝/蒜苗香干肉|黄豆猪脚
4631,椒盐带鱼|清烧南瓜/葱油芋头|米饭|红烧萝卜/番茄炒鸡蛋|鱼香肉丝/蒜苗香干肉|黄豆猪脚
4632,米饭|红烧萝卜/番茄炒鸡蛋|豆芽/青菜|鱼香肉丝/蒜苗香干肉|黄豆猪脚
4633,木耳西兰花|油爆虾|清烧南瓜/葱油芋头|豆芽/青菜|酱爆猪肝
4634,米饭|葱油娃娃菜|豆芽/青菜|酱鸭|鱼香肉丝/蒜苗香干肉
4635,木耳西兰花|清烧南瓜/葱油芋头|米饭|豆芽/青菜|鱼香肉丝/蒜苗香干肉|黄豆猪脚
4636,木耳西兰花|油爆虾|清烧南瓜/葱油芋头|米饭|豆芽/青菜|酱爆猪肝
4637,木耳西兰花|椒盐带鱼|米饭|红烧萝卜/番茄炒鸡蛋|黄豆猪脚
4638,米饭|红烧萝卜/番茄炒鸡蛋|葱油娃娃菜|鱼香肉丝/蒜苗香干肉|黄豆猪脚
4639,油豆腐烧肉|清烧南瓜/葱油芋头|米饭|红烧萝卜/番茄炒鸡蛋|葱油娃娃菜|鱼香肉丝/蒜苗香干肉
464,口水鸡|椒盐带鱼/鸡排|海带丝|米饭|红烧排骨|芹菜香干|蘑菇小炒肉
4640,木耳西兰花|米饭|葱油娃娃菜|酱鸭
4641,米饭|红烧萝卜/番茄炒鸡蛋|葱油娃娃菜|豆芽/青菜|鱼香肉丝/蒜苗香干肉
4642,椒盐带鱼|清烧南瓜/葱油芋头|米饭|酱鸭|鱼香肉丝/蒜苗香干肉
4643,椒盐带鱼|米饭|豆芽/青菜|酱鸭|鱼香肉丝/蒜苗香干肉
4644,油爆虾|米饭|葱油娃娃菜|鱼香肉丝/蒜苗香干肉
4645,椒盐带鱼|油豆腐烧肉|清烧南瓜/葱油芋头|米饭|豆芽/青菜
4646,油爆虾|米饭|豆芽/青菜|酱鸭|鱼香肉丝/蒜苗香干肉
4647,木耳西兰花|椒盐带鱼|油豆腐烧肉|清烧南瓜/葱油芋头|米饭|豆芽/青菜|黄豆猪脚
4648,木耳西兰花|米饭|葱油娃娃菜|豆芽/青菜|酱鸭
4649,木耳西兰花|椒盐带鱼|米饭|豆芽/青菜|鱼香肉丝/蒜苗香干肉
465,口水鸡|木耳花菜/青瓜炒蛋|椒盐带鱼/鸡排|米饭|红烧排骨|蘑菇小炒肉
4650,油豆腐烧肉|米饭|红烧萝卜/番茄炒鸡蛋|豆芽/青菜|鱼香肉丝/蒜苗香干肉
4651,椒盐带鱼|清烧南瓜/葱油芋头|鱼香肉丝/蒜苗香干肉|黄豆猪脚
4652,油爆虾|清烧南瓜/葱油芋头|米饭|葱油娃娃菜|豆芽/青菜|鱼香肉丝/蒜苗香干肉|黄豆猪脚
4653,椒盐带鱼|红烧萝卜/番茄炒鸡蛋|葱油娃娃菜|豆芽/青菜|酱爆猪肝|鱼香肉丝/蒜苗香干肉|黄豆猪脚
4654,油爆虾|米饭|红烧萝卜/番茄炒鸡蛋|葱油娃娃菜|酱鸭|黄豆猪脚
4655,油爆虾|清烧南瓜/葱油芋头|米饭|红烧萝卜/番茄炒鸡蛋|豆芽/青菜|酱鸭|鱼香肉丝/蒜苗香干肉|黄豆猪脚
4656,油爆虾|清烧南瓜/葱油芋头|米饭|红烧萝卜/番茄炒鸡蛋
4657,木耳西兰花|椒盐带鱼|清烧南瓜/葱油芋头|米饭|酱鸭
4658,椒盐带鱼|米饭|红烧萝卜/番茄炒鸡蛋|鱼香肉丝/蒜苗香干肉
4659,清烧南瓜/葱油芋头|米饭|葱油娃娃菜|豆芽/青菜|酱鸭|黄豆猪脚
466,口水鸡|椒盐带鱼/鸡排|油豆腐烧肉|米饭|红烧排骨|茄子豆角
4660,椒盐带鱼|米饭|葱油娃娃菜|豆芽/青菜
4661,木耳西兰花|油爆虾|油豆腐烧肉|清烧南瓜/葱油芋头|米饭|葱油娃娃菜|鱼香肉丝/蒜苗香干肉|黄豆猪脚
4662,木耳西兰花|油爆虾|清烧南瓜/葱油芋头|米饭|葱油娃娃菜|酱鸭|鱼香肉丝/蒜苗香干肉|黄豆猪脚
4663,油爆虾|米饭|葱油娃娃菜|鱼香肉丝/蒜苗香干肉|黄豆猪脚
4664,椒盐带鱼|油豆腐烧肉|葱油娃娃菜|豆芽/青菜|黄豆猪脚
4665,椒盐带鱼|红烧萝卜/番茄炒鸡蛋|葱油娃娃菜
4666,椒盐带鱼|清烧南瓜/葱油芋头|米饭|葱油娃娃菜|豆芽/青菜|酱爆猪肝
4667,清烧南瓜/葱油芋头|米饭|红烧萝卜/番茄炒鸡蛋|酱鸭
4668,椒盐带鱼|清烧南瓜/葱油芋头|米饭|红烧萝卜/番茄炒鸡蛋|葱油娃娃菜|豆芽/青菜|黄豆猪脚
4669,米饭|红烧萝卜/番茄炒鸡蛋|葱油娃娃菜
467,土豆丝/大白菜|木耳花菜/青瓜炒蛋|椒盐带鱼/鸡排|海带丝|米饭|茄子豆角
4670,米饭|豆芽/青菜|鱼香肉丝/蒜苗香干肉|黄豆猪脚
4671,木耳西兰花|油豆腐烧肉|葱油娃娃菜|豆芽/青菜
4672,木耳西兰花|米饭|红烧萝卜/番茄炒鸡蛋|豆芽/青菜|酱鸭|鱼香肉丝/蒜苗香干肉
4673,油豆腐烧肉|清烧南瓜/葱油芋头|米饭|葱油娃娃菜|鱼香肉丝/蒜苗香干肉
4674,木耳西兰花|椒盐带鱼|清烧南瓜/葱油芋头|米饭|红烧萝卜/番茄炒鸡蛋|豆芽/青菜|鱼香肉丝/蒜苗香干肉
4675,椒盐带鱼|米饭|红烧萝卜/番茄炒鸡蛋|豆芽/青菜|酱爆猪肝|鱼香肉丝/蒜苗香干肉
4676,椒盐带鱼|米饭|红烧萝卜/番茄炒鸡蛋|葱油娃娃菜|豆芽/青菜|酱鸭|鱼香肉丝/蒜苗香干肉
4677,清烧南瓜/葱油芋头|米饭|红烧萝卜/番茄炒鸡蛋|酱爆猪肝|黄豆猪脚
4678,木耳西兰花|红烧萝卜/番茄炒鸡蛋|葱油娃娃菜|豆芽/青菜|黄豆猪脚
4679,木耳西兰花|清烧南瓜/葱油芋头|米饭|酱爆猪肝|鱼香肉丝/蒜苗香干肉|黄豆猪脚
468,木耳花菜/青瓜炒蛋|椒盐带鱼/鸡排|米饭|芹菜香干
4680,木耳西兰花|椒盐带鱼|清烧南瓜/葱油芋头|米饭|黄豆猪脚
4681,木耳西兰花|油豆腐烧肉|米饭|红烧萝卜/番茄炒鸡蛋|豆芽/青菜|黄豆猪脚
4682,木耳西兰花|油爆虾|油豆腐烧肉|清烧南瓜/葱油芋头|豆芽/青菜|鱼香肉丝/蒜苗香干肉|黄豆猪脚
4683,油爆虾|油豆腐烧肉|清烧南瓜/葱油芋头|米饭|豆芽/青菜|鱼香肉丝/蒜苗香干肉|黄豆猪脚
4684,木耳西兰花|油豆腐烧肉|米饭|红烧萝卜/番茄炒鸡蛋|豆芽/青菜
4685,木耳西兰花|油豆腐烧肉|米饭|豆芽/青菜|鱼香肉丝/蒜苗香干肉|黄豆猪脚
4686,米饭
4687,椒盐带鱼|油爆虾|清烧南瓜/葱油芋头|米饭|葱油娃娃菜|豆芽/青菜|酱鸭|鱼香肉丝/蒜苗香干肉
4688,椒盐带鱼|油爆虾|清烧南瓜/葱油芋头|米饭|红烧萝卜/番茄炒鸡蛋|葱油娃娃菜|酱鸭|鱼香肉丝/蒜苗香干肉|黄豆猪脚
4689,椒盐带鱼|米饭|豆芽/青菜|鱼香肉丝/蒜苗香干肉|黄豆猪脚
469,口水鸡|土豆丝/大白菜|椒盐带鱼/鸡排|油豆腐烧肉|米饭|茄子豆角|蘑菇小炒肉
4690,油爆虾|油豆腐烧肉|米饭|红烧萝卜/番茄炒鸡蛋|酱爆猪肝|鱼香肉丝/蒜苗香干肉
4691,木耳西兰花|油爆虾|清烧南瓜/葱油芋头|米饭|鱼香肉丝/蒜苗香干肉
4692,木耳西兰花|油爆虾|油豆腐烧肉|米饭|红烧萝卜/番茄炒鸡蛋|豆芽/青菜|鱼香肉丝/蒜苗香干肉
4693,木耳西兰花|油豆腐烧肉|清烧南瓜/葱油芋头|米饭|红烧萝卜/番茄炒鸡蛋|豆芽/青菜|鱼香肉丝/蒜苗香干肉|黄豆猪脚
4694,木耳西兰花|椒盐带鱼|油爆虾|油豆腐烧肉|清烧南瓜/葱油芋头|米饭|红烧萝卜/番茄炒鸡蛋|葱油娃娃菜|豆芽/青菜|鱼香肉丝/蒜苗香干肉|黄豆猪脚
4695,木耳芹菜|木耳西兰花|椒盐带鱼|米饭|鱼香肉丝/蒜苗香干肉
4696,椒盐带鱼|油爆虾|清烧南瓜/葱油芋头|米饭|酱爆猪肝|鱼香肉丝/蒜苗香干肉
4697,木耳芹菜|清烧南瓜/葱油芋头|米饭|鱼香肉丝/蒜苗香干肉|黄豆猪脚
4698,木耳西兰花|椒盐带鱼|米饭|红烧萝卜/番茄炒鸡蛋|豆芽/青菜|酱爆猪肝|鱼香肉丝/蒜苗香干肉
4699,木耳西兰花|椒盐带鱼|清烧南瓜/葱油芋头|米饭|豆芽/青菜|鱼香肉丝/蒜苗香干肉
470,口水鸡|土豆丝/大白菜|椒盐带鱼/鸡排|油豆腐烧肉|米饭|红烧排骨
4700,木耳芹菜|木耳西兰花|油爆虾|米饭|红烧萝卜/番茄炒鸡蛋|黄豆猪脚
4701,木耳芹菜|木耳西兰花|椒盐带鱼|油爆虾|清烧南瓜/葱油芋头|米饭|酱爆猪肝|鱼香肉丝/蒜苗香干肉|黄豆猪脚
4702,木耳西兰花|油豆腐烧肉|清烧南瓜/葱油芋头|米饭|酱爆猪肝|酱鸭|鱼香肉丝/蒜苗香干肉
4703,清烧南瓜/葱油芋头|米饭|酱爆猪肝|酱鸭
4704,椒盐带鱼|油爆虾|油豆腐烧肉|清烧南瓜/葱油芋头|米饭|豆芽/青菜|酱鸭
4705,木耳芹菜|清烧南瓜/葱油芋头|米饭|红烧萝卜/番茄炒鸡蛋
4706,木耳西兰花|清烧南瓜/葱油芋头|米饭|豆芽/青菜|酱鸭
4707,酱鸭
4708,米饭|红烧萝卜/番茄炒鸡蛋|豆芽/青菜|酱爆猪肝|酱鸭
4709,木耳芹菜|清烧南瓜/葱油芋头|米饭|红烧萝卜/番茄炒鸡蛋|豆芽/青菜|鱼香肉丝/蒜苗香干肉
471,口水鸡|木耳花菜/青瓜炒蛋|椒盐带鱼/鸡排|油豆腐烧肉
4710,木耳芹菜|油豆腐烧肉|清烧南瓜/葱油芋头|米饭|红烧萝卜/番茄炒鸡蛋
4711,木耳西兰花|红烧萝卜/番茄炒鸡蛋
4712,米饭|鱼香肉丝/蒜苗香干肉
4713,木耳芹菜|木耳西兰花|椒盐带鱼|油豆腐烧肉|豆芽/青菜
4714,油豆腐烧肉|清烧南瓜/葱油芋头|米饭|豆芽/青菜|鱼香肉丝/蒜苗香干肉
4715,油豆腐烧肉|米饭|红烧萝卜/番茄炒鸡蛋|豆芽/青菜|鱼香肉丝/蒜苗香干肉
4716,椒盐带鱼|清烧南瓜/葱油芋头|米饭|豆芽/青菜
4717,木耳西兰花|椒盐带鱼|米饭|鱼香肉丝/蒜苗香干肉
4718,木耳芹菜|椒盐带鱼|油豆腐烧肉|米饭|豆芽/青菜
4719,木耳西兰花|油豆腐烧肉|清烧南瓜/葱油芋头|米饭|鱼香肉丝/蒜苗香干肉
472,土豆丝/大白菜|木耳花菜/青瓜炒蛋|椒盐带鱼/鸡排|油豆腐烧肉|海带丝|米饭
4720,木耳西兰花|米饭|豆芽/青菜|酱爆猪肝|酱鸭
4721,油豆腐烧肉|清烧南瓜/葱油芋头|米饭|鱼香肉丝/蒜苗香干肉
4722,木耳西兰花|米饭|酱鸭|鱼香肉丝/蒜苗香干肉
4723,米饭|红烧萝卜/番茄炒鸡蛋|酱鸭|鱼香肉丝/蒜苗香干肉
4724,清烧南瓜/葱油芋头|米饭|酱爆猪肝|酱鸭
4725,木耳芹菜|油豆腐烧肉|米饭|豆芽/青菜|酱鸭
4726,木耳芹菜|木耳西兰花|米饭|酱爆猪肝|酱鸭|鱼香肉丝/蒜苗香干肉
4727,木耳芹菜|油豆腐烧肉|清烧南瓜/葱油芋头|米饭|红烧萝卜/番茄炒鸡蛋|酱爆猪肝|酱鸭|黄豆猪脚
4728,木耳芹菜|木耳西兰花|油豆腐烧肉|米饭|红烧萝卜/番茄炒鸡蛋|豆芽/青菜|酱爆猪肝|酱鸭
4729,酱鸭
473,土豆丝/大白菜|椒盐带鱼/鸡排|油豆腐烧肉|海带丝|米饭|茄子豆角
4730,米饭|红烧萝卜/番茄炒鸡蛋|酱鸭|鱼香肉丝/蒜苗香干肉
4731,木耳西兰花|油豆腐烧肉|清烧南瓜/葱油芋头|米饭
4732,木耳芹菜|木耳西兰花|油豆腐烧肉|米饭|豆芽/青菜|酱鸭|鱼香肉丝/蒜苗香干肉
4733,木耳西兰花|清烧南瓜/葱油芋头|米饭|红烧萝卜/番茄炒鸡蛋|酱鸭|黄豆猪脚
4734,油豆腐烧肉|米饭|鱼香肉丝/蒜苗香干肉
4735,木耳芹菜|油豆腐烧肉|米饭|红烧萝卜/番茄炒鸡蛋|鱼香肉丝/蒜苗香干肉
4736,木耳芹菜|油豆腐烧肉|米饭|鱼香肉丝/蒜苗香干肉
4737,木耳芹菜|油豆腐烧肉|清烧南瓜/葱油芋头|米饭|豆芽/青菜|鱼香肉丝/蒜苗香干肉|黄豆猪脚
4738,木耳芹菜|木耳西兰花|油豆腐烧肉|清烧南瓜/葱油芋头|米饭|豆芽/青菜|酱鸭|鱼香肉丝/蒜苗香干肉
4739,木耳芹菜|木耳西兰花|米饭|红烧萝卜/番茄炒鸡蛋|酱鸭|鱼香肉丝/蒜苗香干肉
474,土豆丝/大白菜|椒盐带鱼/鸡排|红烧排骨|芹菜香干|蘑菇小炒肉
4740,木耳西兰花|清烧南瓜/葱油芋头|米饭|酱爆猪肝|黄豆猪脚
4741,油豆腐烧肉|米饭|红烧萝卜/番茄炒鸡蛋
4742,米饭|红烧萝卜/番茄炒鸡蛋|豆芽/青菜|鱼香肉丝/蒜苗香干肉
4743,清烧南瓜/葱油芋头
4744,盐水虾|米饭|葱油鸡|酸辣土豆丝|青椒面筋/西葫芦炒蛋
4745,春卷|米饭|红烧肉|青椒面筋/西葫芦炒蛋
4746,盐水虾|米饭|红烧肉|花菜|葱油鸡|虎皮青椒/茄子长豆|青椒面筋/西葫芦炒蛋
4747,米饭|红烧肉|虎皮青椒/茄子长豆|酸辣土豆丝
4748,米饭|红烧肉|花菜|虎皮青椒/茄子长豆
4749,盐水虾|茭白肉丝小炒|葱油鸡
475,口水鸡|土豆丝/大白菜|木耳花菜/青瓜炒蛋|椒盐带鱼/鸡排|米饭|红烧排骨|茄子豆角
4750,白菜千张丝|盐水虾|红烧肉|酸辣土豆丝
4751,红烧肉
4752,盐水虾|米饭|红烧肉|花菜|青椒面筋/西葫芦炒蛋
4753,米饭|红烧肉|花菜|葱油鸡|酸辣土豆丝|青椒面筋/西葫芦炒蛋
4754,盐水虾|米饭|红烧肉|莴笋目鱼花|虎皮青椒/茄子长豆|酸辣土豆丝|青椒面筋/西葫芦炒蛋
4755,白菜千张丝|米饭|红烧肉|青椒面筋/西葫芦炒蛋
4756,米饭|红烧肉|花菜
4757,白菜千张丝|米饭|红烧肉|花椒排骨|青椒面筋/西葫芦炒蛋
4758,米饭|虎皮青椒/茄子长豆
4759,米饭|葱油扇贝|虎皮青椒/茄子长豆
476,土豆丝/大白菜|米饭|芹菜香干|茄子豆角
4760,米饭|莴笋目鱼花|虎皮青椒/茄子长豆|青椒面筋/西葫芦炒蛋
4761,春卷|米饭|红烧肉|青椒面筋/西葫芦炒蛋
4762,春卷|米饭|红烧肉|虎皮青椒/茄子长豆
4763,春卷|白菜千张丝|米饭|红烧肉|茭白肉丝小炒|莴笋目鱼花
4764,盐水虾|米饭|花菜|葱油鸡|虎皮青椒/茄子长豆|青椒面筋/西葫芦炒蛋
4765,春卷|米饭|红烧肉|茭白肉丝小炒|葱油鸡|虎皮青椒/茄子长豆|酸辣土豆丝
4766,白菜千张丝|盐水虾|米饭|茭白肉丝小炒|虎皮青椒/茄子长豆|酸辣土豆丝|青椒面筋/西葫芦炒蛋
4767,米饭|红烧肉|莴笋目鱼花|虎皮青椒/茄子长豆|青椒面筋/西葫芦炒蛋
4768,米饭|红烧肉|花菜|莴笋目鱼花|葱油鸡|虎皮青椒/茄子长豆|酸辣土豆丝|青椒面筋/西葫芦炒蛋
4769,白菜千张丝|米饭|红烧肉|虎皮青椒/茄子长豆|青椒面筋/西葫芦炒蛋
477,木耳花菜/青瓜炒蛋|椒盐带鱼/鸡排|油豆腐烧肉|米饭|红烧排骨|芹菜香干
4770,米饭|红烧肉|花菜|葱油鸡|虎皮青椒/茄子长豆|青椒面筋/西葫芦炒蛋
4771,盐水虾|米饭|红烧肉|花菜
4772,米饭|茭白肉丝小炒|葱油扇贝|虎皮青椒/茄子长豆|酸辣土豆丝
4773,白菜千张丝|米饭|红烧肉|葱油鸡|虎皮青椒/茄子长豆|青椒面筋/西葫芦炒蛋
4774,盐水虾|米饭|红烧肉|花菜|葱油扇贝|虎皮青椒/茄子长豆
4775,米饭|花菜|莴笋目鱼花|葱油鸡|酸辣土豆丝|青椒面筋/西葫芦炒蛋
4776,盐水虾|米饭|花椒排骨|虎皮青椒/茄子长豆
4777,春卷|白菜千张丝|米饭|花椒排骨|茭白肉丝小炒|虎皮青椒/茄子长豆
4778,春卷|白菜千张丝|米饭|花菜|茭白肉丝小炒|葱油鸡|虎皮青椒/茄子长豆|青椒面筋/西葫芦炒蛋
4779,盐水虾|红烧肉|莴笋目鱼花|虎皮青椒/茄子长豆|酸辣土豆丝|青椒面筋/西葫芦炒蛋
478,土豆丝/大白菜|椒盐带鱼/鸡排|油豆腐烧肉|海带丝|米饭|芹菜香干
4780,白菜千张丝|米饭|茭白肉丝小炒|葱油扇贝|虎皮青椒/茄子长豆|青椒面筋/西葫芦炒蛋
4781,米饭|茭白肉丝小炒|虎皮青椒/茄子长豆|青椒面筋/西葫芦炒蛋
4782,米饭|红烧肉|虎皮青椒/茄子长豆|青椒面筋/西葫芦炒蛋
4783,春卷|米饭|葱油扇贝|葱油鸡|酸辣土豆丝
4784,盐水虾|米饭|花菜|葱油鸡|虎皮青椒/茄子长豆|酸辣土豆丝
4785,春卷|米饭|花菜|青椒面筋/西葫芦炒蛋
47850,卤鸭|海带丝|米饭|茭白肉丝小炒
47851,卤鸭|培红菜蘑菇毛豆肉丝|盐水虾|米饭|红烧茄子|长豆香干
47852,卤鸭|米饭|红烧大排|红烧肉|茭白肉丝小炒|西葫芦炒蛋|长豆香干
47853,木耳娃娃菜|米饭|红烧肉|西葫芦炒蛋|青椒素鸡
47854,春卷|木耳娃娃菜|木耳花菜|盐水虾|米饭|红烧冬瓜|红烧大排
47855,千张结烧肉|培红菜蘑菇毛豆肉丝|米饭|红烧大排
47856,春卷|木耳娃娃菜|米饭|红烧冬瓜|葱油鸡|青椒素鸡
47857,千张结烧肉|快胶菜|木耳娃娃菜|木耳花菜|米饭|红烧冬瓜|红烧肉|红烧茄子|茭白肉丝小炒|葱油金针菇|葱油鸡|西葫芦炒蛋|长豆香干
47858,快胶菜|盐水虾|米饭|红烧大排|红烧肉|青椒素鸡
47859,海带丝|米饭|茭白肉丝小炒|葱油金针菇|西葫芦炒蛋|青瓜付竹肉片
4786,米饭|青椒面筋/西葫芦炒蛋
47860,春卷|木耳娃娃菜|盐水虾|米饭|红烧大排|红烧茄子
47861,卤鸭|海带丝|米饭|茭白肉丝小炒|西葫芦炒蛋|青椒素鸡
47862,培红菜蘑菇毛豆肉丝|春卷|海带丝|米饭|红烧大排|青椒素鸡
47863,千张结烧肉|快胶菜|木耳娃娃菜|米饭|红烧大排|红烧肉|红烧茄子|茭白肉丝小炒
47864,卤鸭|快胶菜|木耳娃娃菜|米饭|红烧肉|茭白肉丝小炒|葱油金针菇|葱油鸡
47865,木耳花菜|米饭|红烧茄子|茭白肉丝小炒|葱油鸡|西葫芦炒蛋|青椒素鸡
47866,卤鸭|盐水虾|米饭|红烧肉|葱油鸡|长豆香干|青椒素鸡
47867,春卷
47868,千张结烧肉|快胶菜|米饭|红烧大排|红烧肉|茭白肉丝小炒|青椒素鸡|青瓜付竹肉片
47869,卤鸭|快胶菜|木耳娃娃菜|盐水虾|米饭|红烧冬瓜|红烧大排|红烧茄子|茭白肉丝小炒|葱油金针菇|葱油鸡|长豆香干
4787,春卷|米饭|花菜|酸辣土豆丝|青椒面筋/西葫芦炒蛋
47870,卤鸭|木耳花菜|海带丝|米饭|红烧冬瓜|茭白肉丝小炒|葱油金针菇|长豆香干
47871,培红菜蘑菇毛豆肉丝|春卷|米饭|红烧冬瓜|红烧大排|红烧茄子|长豆香干|青椒素鸡
47872,千张结烧肉|快胶菜|木耳花菜|海带丝|红烧大排|红烧茄子|茭白肉丝小炒|葱油金针菇|青椒素鸡|青瓜付竹肉片
47873,卤鸭|培红菜蘑菇毛豆肉丝|米饭|红烧大排|葱油金针菇|西葫芦炒蛋
47874,培红菜蘑菇毛豆肉丝|快胶菜|春卷|木耳花菜|米饭|红烧肉|茭白肉丝小炒|葱油金针菇|长豆香干
47875,培红菜蘑菇毛豆肉丝|木耳娃娃菜|米饭|茭白肉丝小炒|长豆香干
47876,木耳花菜|海带丝|葱油金针菇|葱油鸡|西葫芦炒蛋
47877,米饭|红烧肉|葱油金针菇|长豆香干
47878,千张结烧肉|木耳娃娃菜|红烧冬瓜|红烧茄子|葱油金针菇|葱油鸡|青椒素鸡
47879,卤鸭|培红菜蘑菇毛豆肉丝|木耳娃娃菜|红烧肉|茭白肉丝小炒|葱油金针菇|葱油鸡|青椒素鸡
4788,白菜千张丝|米饭|青椒面筋/西葫芦炒蛋
47880,海带丝|红烧肉|茭白肉丝小炒
47881,米饭|红烧冬瓜|红烧茄子|花椒鸡腿
47882,千张结烧肉|米饭|红烧茄子|花椒鸡腿|青椒素鸡
47883,卤鸭|米饭|红烧肉|葱油金针菇|西葫芦炒蛋
47884,木耳娃娃菜|米饭|红烧茄子|葱油鸡
47885,米饭|红烧大排|蒜泥生菜|长豆香干
47886,卤鸭|培红菜蘑菇毛豆肉丝|快胶菜|木耳娃娃菜|木耳花菜|米饭|花椒鸡腿|西葫芦炒蛋
47887,卤鸭|培红菜蘑菇毛豆肉丝|春卷|米饭|茭白肉丝小炒|西葫芦炒蛋|青椒素鸡
47888,木耳花菜|米饭|红烧肉|花椒鸡腿|茭白肉丝小炒|青椒素鸡|青瓜付竹肉片
47889,春卷|米饭|红烧茄子|葱油鸡|蒜泥生菜|青椒素鸡
4789,米饭|酸辣土豆丝
47890,米饭|红烧冬瓜|红烧肉|红烧茄子
47891,培红菜蘑菇毛豆肉丝|米饭|红烧肉|茭白肉丝小炒|西葫芦炒蛋
47892,米饭|蒜泥生菜|青瓜付竹肉片
47893,卤鸭|培红菜蘑菇毛豆肉丝|米饭|红烧肉|葱油金针菇|葱油鸡|西葫芦炒蛋|青椒素鸡
47894,春卷|米饭|茭白肉丝小炒|葱油鸡|西葫芦炒蛋|青椒素鸡
47895,千张结烧肉|春卷|木耳花菜|海带丝|米饭|茭白肉丝小炒|蒜泥生菜
47896,春卷|米饭|红烧大排|茭白肉丝小炒|蒜泥生菜
47897,卤鸭|木耳花菜|米饭|葱油金针菇|蒜泥生菜|青椒素鸡
47898,木耳娃娃菜|木耳花菜|红烧冬瓜|茭白肉丝小炒|葱油金针菇|青椒素鸡
479,土豆丝/大白菜|木耳花菜/青瓜炒蛋|油豆腐烧肉|海带丝|米饭|红烧排骨|茄子豆角
4790,白菜千张丝|米饭|红烧肉|葱油扇贝|青椒面筋/西葫芦炒蛋
4791,白菜千张丝|米饭|红烧肉|葱油鸡|虎皮青椒/茄子长豆
4792,盐水虾|米饭|红烧肉|花菜|莴笋目鱼花|葱油鸡
4793,春卷|白菜千张丝|米饭|红烧肉|花椒排骨|青椒面筋/西葫芦炒蛋
4794,盐水虾|米饭|红烧肉|葱油鸡|虎皮青椒/茄子长豆|酸辣土豆丝
4795,盐水虾|米饭|红烧肉|葱油扇贝|葱油鸡
4796,米饭|红烧肉|茭白肉丝小炒|酸辣土豆丝|青椒面筋/西葫芦炒蛋
4797,春卷|盐水虾|米饭|红烧肉|莴笋目鱼花|虎皮青椒/茄子长豆
4798,米饭|红烧肉|花菜|葱油鸡|虎皮青椒/茄子长豆|青椒面筋/西葫芦炒蛋
4799,春卷|白菜千张丝|盐水虾|米饭|红烧肉|酸辣土豆丝
480,土豆丝/大白菜|椒盐带鱼/鸡排|油豆腐烧肉|米饭|茄子豆角
4800,盐水虾|米饭|红烧肉|葱油鸡|酸辣土豆丝
4801,春卷|米饭|莴笋目鱼花|葱油鸡|虎皮青椒/茄子长豆|酸辣土豆丝|青椒面筋/西葫芦炒蛋
4802,白菜千张丝|米饭|红烧肉|茭白肉丝小炒|葱油鸡|虎皮青椒/茄子长豆
4803,春卷|米饭|红烧肉|虎皮青椒/茄子长豆|青椒面筋/西葫芦炒蛋
4804,米饭|茭白肉丝小炒|葱油鸡|青椒面筋/西葫芦炒蛋
4805,春卷|米饭|红烧肉|葱油鸡|虎皮青椒/茄子长豆|酸辣土豆丝|青椒面筋/西葫芦炒蛋
4806,春卷|白菜千张丝|米饭|花椒排骨|花菜|青椒面筋/西葫芦炒蛋
4807,白菜千张丝|盐水虾|米饭|花椒排骨|花菜|茭白肉丝小炒|莴笋目鱼花|葱油扇贝|虎皮青椒/茄子长豆|酸辣土豆丝|青椒面筋/西葫芦炒蛋
4808,米饭|花菜|茭白肉丝小炒|葱油鸡
4809,盐水虾|米饭|红烧肉|莴笋目鱼花|葱油扇贝|虎皮青椒/茄子长豆
481,土豆丝/大白菜|木耳花菜/青瓜炒蛋|椒盐带鱼/鸡排|米饭
4810,白菜千张丝|米饭|红烧肉|花椒排骨|花菜|茭白肉丝小炒|虎皮青椒/茄子长豆
4811,米饭|青椒面筋/西葫芦炒蛋
4812,米饭|花菜|葱油鸡|虎皮青椒/茄子长豆
4813,盐水虾|米饭|花菜|莴笋目鱼花|虎皮青椒/茄子长豆
4814,白菜千张丝|米饭|红烧肉|花菜|茭白肉丝小炒|莴笋目鱼花
4815,春卷|米饭|红烧肉|虎皮青椒/茄子长豆
4816,白菜千张丝|米饭|花椒排骨|花菜
4817,米饭|红烧肉|花椒排骨|花菜
4818,春卷|盐水虾|米饭|红烧肉|花菜|虎皮青椒/茄子长豆
4819,春卷|米饭|红烧肉|葱油鸡|青椒面筋/西葫芦炒蛋
482,土豆丝/大白菜|椒盐带鱼/鸡排|米饭|蘑菇小炒肉
4820,米饭|红烧肉|花菜|葱油鸡
4821,春卷|米饭|红烧肉|葱油扇贝|葱油鸡|虎皮青椒/茄子长豆
4822,盐水虾|米饭|红烧肉|虎皮青椒/茄子长豆
4823,米饭|红烧肉|花菜|青椒面筋/西葫芦炒蛋
4824,盐水虾|米饭|红烧肉|莴笋目鱼花|虎皮青椒/茄子长豆|酸辣土豆丝
4825,米饭|花菜|茭白肉丝小炒|虎皮青椒/茄子长豆
4826,春卷|米饭|红烧肉|花菜|茭白肉丝小炒|虎皮青椒/茄子长豆
4827,米饭|葱油鸡|虎皮青椒/茄子长豆|青椒面筋/西葫芦炒蛋
4828,米饭|红烧肉|花菜|葱油扇贝|葱油鸡|酸辣土豆丝
4829,米饭|红烧肉|葱油鸡|虎皮青椒/茄子长豆|青椒面筋/西葫芦炒蛋
483,椒盐带鱼/鸡排|米饭|红烧排骨|芹菜香干|茄子豆角|蘑菇小炒肉
4830,春卷|米饭|红烧肉|花椒排骨|葱油鸡
4831,春卷|盐水虾|米饭|莴笋目鱼花|葱油扇贝|虎皮青椒/茄子长豆|青椒面筋/西葫芦炒蛋
4832,春卷|米饭|花菜|青椒面筋/西葫芦炒蛋
4833,春卷|米饭|红烧肉|花椒排骨|茭白肉丝小炒|虎皮青椒/茄子长豆
4834,米饭|花椒排骨|花菜
4835,盐水虾|米饭|红烧肉|莴笋目鱼花|虎皮青椒/茄子长豆
4836,白菜千张丝|米饭|红烧肉|花椒排骨|花菜|茭白肉丝小炒|葱油鸡|虎皮青椒/茄子长豆|青椒面筋/西葫芦炒蛋
4837,盐水虾|米饭|虎皮青椒/茄子长豆|青椒面筋/西葫芦炒蛋
4838,米饭|茭白肉丝小炒|青椒面筋/西葫芦炒蛋
4839,春卷|米饭|红烧肉|虎皮青椒/茄子长豆
484,土豆丝/大白菜|椒盐带鱼/鸡排|油豆腐烧肉|海带丝|米饭|芹菜香干|蘑菇小炒肉
4840,米饭|红烧肉|虎皮青椒/茄子长豆|酸辣土豆丝|青椒面筋/西葫芦炒蛋
4841,春卷|米饭|虎皮青椒/茄子长豆|青椒面筋/西葫芦炒蛋
4842,春卷|米饭|红烧肉|青椒面筋/西葫芦炒蛋
4843,盐水虾|米饭|花菜|葱油鸡|青椒面筋/西葫芦炒蛋
4844,白菜千张丝|葱油鸡|虎皮青椒/茄子长豆|青椒面筋/西葫芦炒蛋
4845,米饭|茭白肉丝小炒|酸辣土豆丝|青椒面筋/西葫芦炒蛋
4846,春卷|米饭|茭白肉丝小炒|虎皮青椒/茄子长豆|青椒面筋/西葫芦炒蛋
4847,米饭|花菜|莴笋目鱼花|青椒面筋/西葫芦炒蛋
4848,春卷|米饭|红烧肉|葱油鸡|虎皮青椒/茄子长豆|青椒面筋/西葫芦炒蛋
4849,盐水虾|米饭|红烧肉|酸辣土豆丝
485,口水鸡|木耳花菜/青瓜炒蛋|椒盐带鱼/鸡排|海带丝|米饭|芹菜香干
4850,盐水虾|米饭|葱油鸡|虎皮青椒/茄子长豆
4851,盐水虾|米饭|红烧肉|虎皮青椒/茄子长豆|青椒面筋/西葫芦炒蛋
4852,白菜千张丝|米饭|红烧肉|虎皮青椒/茄子长豆|青椒面筋/西葫芦炒蛋
4853,米饭|葱油鸡|酸辣土豆丝|青椒面筋/西葫芦炒蛋
4854,白菜千张丝|米饭|花菜
4855,春卷|米饭|红烧肉|葱油扇贝|虎皮青椒/茄子长豆|青椒面筋/西葫芦炒蛋
4856,米饭|红烧肉|花椒排骨|茭白肉丝小炒|虎皮青椒/茄子长豆|青椒面筋/西葫芦炒蛋
4857,盐水虾|米饭|红烧肉|莴笋目鱼花|葱油扇贝|虎皮青椒/茄子长豆|青椒面筋/西葫芦炒蛋
4858,白菜千张丝|米饭|红烧肉|茭白肉丝小炒
4859,盐水虾|米饭|莴笋目鱼花|青椒面筋/西葫芦炒蛋
486,口水鸡|椒盐带鱼/鸡排|油豆腐烧肉|海带丝|米饭|红烧排骨|蘑菇小炒肉
4860,米饭|花椒排骨|花菜|虎皮青椒/茄子长豆
4861,盐水虾|米饭|花菜
4862,盐水虾|红烧肉|花菜|葱油鸡|虎皮青椒/茄子长豆
4863,盐水虾|米饭|红烧肉|花菜|青椒面筋/西葫芦炒蛋
4864,米饭|红烧肉|茭白肉丝小炒|虎皮青椒/茄子长豆
4865,盐水虾|米饭|红烧肉|花椒排骨|虎皮青椒/茄子长豆|青椒面筋/西葫芦炒蛋
4866,米饭|红烧肉|茭白肉丝小炒|莴笋目鱼花|虎皮青椒/茄子长豆
4867,春卷|米饭|红烧肉|花菜|葱油鸡
4868,春卷|白菜千张丝|米饭|红烧肉|茭白肉丝小炒|虎皮青椒/茄子长豆
4869,米饭|红烧肉|花菜|葱油鸡|青椒面筋/西葫芦炒蛋
487,口水鸡|木耳花菜/青瓜炒蛋|米饭
4870,春卷|米饭|红烧肉|花菜|葱油鸡|青椒面筋/西葫芦炒蛋
4871,白菜千张丝|米饭|红烧肉|花菜|茭白肉丝小炒|葱油鸡|青椒面筋/西葫芦炒蛋
4872,米饭|花椒排骨|葱油扇贝|青椒面筋/西葫芦炒蛋
4873,米饭|红烧肉|花菜|葱油鸡|酸辣土豆丝
4874,白菜千张丝|米饭|花椒排骨|茭白肉丝小炒|葱油扇贝|青椒面筋/西葫芦炒蛋
4875,春卷|米饭|红烧肉|花菜|茭白肉丝小炒|虎皮青椒/茄子长豆|青椒面筋/西葫芦炒蛋
4876,米饭|花菜|青椒面筋/西葫芦炒蛋
4877,春卷|白菜千张丝|米饭|茭白肉丝小炒|葱油鸡|虎皮青椒/茄子长豆|青椒面筋/西葫芦炒蛋
4878,盐水虾|米饭|红烧肉|葱油鸡
4879,盐水虾|米饭|红烧肉|莴笋目鱼花|青椒面筋/西葫芦炒蛋
488,土豆丝/大白菜|椒盐带鱼/鸡排|油豆腐烧肉|米饭|茄子豆角|蘑菇小炒肉
4880,米饭|红烧肉|花菜|葱油鸡|青椒面筋/西葫芦炒蛋
4881,米饭|花椒排骨|花菜|莴笋目鱼花|葱油扇贝
4882,米饭|红烧肉|茭白肉丝小炒|葱油扇贝|虎皮青椒/茄子长豆
4883,盐水虾|米饭|花椒排骨|花菜|酸辣土豆丝|青椒面筋/西葫芦炒蛋
4884,白菜千张丝|米饭|红烧肉|花椒排骨|葱油鸡|虎皮青椒/茄子长豆|青椒面筋/西葫芦炒蛋
4885,米饭|花椒排骨|虎皮青椒/茄子长豆|酸辣土豆丝
4886,红烧肉|花菜|虎皮青椒/茄子长豆
4887,盐水虾|米饭|红烧肉|花菜|青椒面筋/西葫芦炒蛋
4888,盐水虾|红烧肉|花菜|莴笋目鱼花|虎皮青椒/茄子长豆|青椒面筋/西葫芦炒蛋
4889,白菜千张丝|米饭|红烧肉|茭白肉丝小炒|虎皮青椒/茄子长豆
489,海带丝|米饭|红烧排骨|茄子豆角
4890,春卷|白菜千张丝|米饭|酸辣土豆丝
4891,米饭|花菜|葱油扇贝|青椒面筋/西葫芦炒蛋
4892,盐水虾|米饭|红烧肉|花菜|葱油鸡
4893,盐水虾|花菜|虎皮青椒/茄子长豆
4894,白菜千张丝|盐水虾|米饭|红烧肉|花菜|虎皮青椒/茄子长豆|青椒面筋/西葫芦炒蛋
4895,春卷|白菜千张丝|米饭|红烧肉|花菜|葱油鸡|虎皮青椒/茄子长豆
4896,盐水虾|米饭|红烧肉|花菜|虎皮青椒/茄子长豆|酸辣土豆丝
4897,米饭|红烧肉|莴笋目鱼花|虎皮青椒/茄子长豆|青椒面筋/西葫芦炒蛋
4898,米饭|茭白肉丝小炒|虎皮青椒/茄子长豆|青椒面筋/西葫芦炒蛋
4899,白菜千张丝|米饭|花菜|葱油扇贝|葱油鸡
490,土豆丝/大白菜|油豆腐烧肉|米饭|茄子豆角
4900,盐水虾|米饭|葱油扇贝|葱油鸡|虎皮青椒/茄子长豆
4901,米饭|茭白肉丝小炒|虎皮青椒/茄子长豆|青椒面筋/西葫芦炒蛋
4902,油豆腐烧肉|白菜千张丝|米饭|花椒排骨|青椒面筋/西葫芦炒蛋
4903,米饭|花椒排骨|花菜|虎皮青椒/茄子长豆|青椒面筋/西葫芦炒蛋
4904,油豆腐烧肉|米饭|葱油扇贝|青椒面筋/西葫芦炒蛋
4905,春卷|米饭|红烧肉|花菜|葱油扇贝|酸辣土豆丝
4906,大白菜|盐水虾|米饭|葱油鸡
4907,春卷|盐水虾|米饭|红烧肉|虎皮青椒/茄子长豆|青椒面筋/西葫芦炒蛋
4908,盐水虾|米饭|莴笋目鱼花|虎皮青椒/茄子长豆|青椒面筋/西葫芦炒蛋
4909,大白菜|盐水虾|米饭|红烧肉|茭白肉丝小炒|葱油鸡|酸辣土豆丝|青椒面筋/西葫芦炒蛋
491,土豆丝/大白菜|海带丝|米饭|红烧排骨|蘑菇小炒肉
4910,大白菜|盐水虾|米饭|花椒排骨|茭白肉丝小炒|莴笋目鱼花|葱油鸡
4911,白菜千张丝|米饭|花椒排骨|葱油鸡|虎皮青椒/茄子长豆
4912,大白菜|红烧肉|葱油鸡|青椒面筋/西葫芦炒蛋
4913,大白菜|油豆腐烧肉|盐水虾|米饭|花椒排骨|葱油鸡|虎皮青椒/茄子长豆
4914,米饭|红烧肉|茭白肉丝小炒|青椒面筋/西葫芦炒蛋
4915,春卷|白菜千张丝|盐水虾|米饭|红烧肉|花菜|莴笋目鱼花|葱油鸡|虎皮青椒/茄子长豆|青椒面筋/西葫芦炒蛋
4916,白菜千张丝|米饭|茭白肉丝小炒|虎皮青椒/茄子长豆
4917,大白菜|米饭|茭白肉丝小炒|莴笋目鱼花|青椒面筋/西葫芦炒蛋
4918,油豆腐烧肉|米饭|红烧肉|虎皮青椒/茄子长豆
4919,油豆腐烧肉|米饭|红烧肉|花菜|茭白肉丝小炒|虎皮青椒/茄子长豆
492,椒盐带鱼/鸡排|油豆腐烧肉|红烧排骨|芹菜香干|茄子豆角|蘑菇小炒肉
4920,大白菜|米饭|红烧肉|葱油鸡|虎皮青椒/茄子长豆
4921,米饭|茭白肉丝小炒|虎皮青椒/茄子长豆|青椒面筋/西葫芦炒蛋
4922,盐水虾|米饭|红烧肉|葱油鸡|虎皮青椒/茄子长豆|酸辣土豆丝|青椒面筋/西葫芦炒蛋
4923,米饭|花菜|葱油鸡|虎皮青椒/茄子长豆|青椒面筋/西葫芦炒蛋
4924,油豆腐烧肉|米饭|红烧肉|葱油鸡|虎皮青椒/茄子长豆|酸辣土豆丝
4925,大白菜|米饭|葱油鸡|虎皮青椒/茄子长豆|酸辣土豆丝
4926,米饭|花菜|莴笋目鱼花|葱油鸡
4927,油豆腐烧肉|白菜千张丝|米饭|花菜|葱油鸡|青椒面筋/西葫芦炒蛋
4928,大白菜|米饭|红烧肉|花菜|酸辣土豆丝|青椒面筋/西葫芦炒蛋
4929,米饭|花椒排骨|花菜|茭白肉丝小炒|葱油扇贝|葱油鸡
493,口水鸡|土豆丝/大白菜|木耳花菜/青瓜炒蛋|椒盐带鱼/鸡排|米饭|茄子豆角
4930,油豆腐烧肉|米饭|红烧肉|葱油扇贝|虎皮青椒/茄子长豆
4931,大白菜|米饭|红烧肉|花菜|葱油鸡|酸辣土豆丝
4932,米饭|红烧肉|花菜|葱油鸡|青椒面筋/西葫芦炒蛋
4933,大白菜|米饭|葱油鸡|虎皮青椒/茄子长豆|酸辣土豆丝
4934,白菜千张丝|米饭|红烧肉|花椒排骨|茭白肉丝小炒|虎皮青椒/茄子长豆|青椒面筋/西葫芦炒蛋
4935,米饭|花菜|莴笋目鱼花|酸辣土豆丝|青椒面筋/西葫芦炒蛋
4936,米饭|红烧肉|葱油扇贝|葱油鸡|酸辣土豆丝|青椒面筋/西葫芦炒蛋
4937,白菜千张丝|红烧肉|茭白肉丝小炒|葱油鸡
4938,油豆腐烧肉|白菜千张丝|米饭|茭白肉丝小炒|青椒面筋/西葫芦炒蛋
4939,米饭|红烧肉|酸辣土豆丝|青椒面筋/西葫芦炒蛋
494,土豆丝/大白菜|油豆腐烧肉|米饭|芹菜香干
4940,大白菜|米饭|红烧肉|莴笋目鱼花|葱油鸡|虎皮青椒/茄子长豆|青椒面筋/西葫芦炒蛋
4941,米饭|莴笋肉丝小炒|葱油鸡|虎皮青椒/茄子长豆|青椒面筋/西葫芦炒蛋
4942,米饭|红烧肉|茭白肉丝小炒|虎皮青椒/茄子长豆|青椒面筋/西葫芦炒蛋
4943,米饭|红烧肉|葱油鸡|虎皮青椒/茄子长豆|酸辣土豆丝|青椒面筋/西葫芦炒蛋
4944,大白菜|盐水虾|米饭|花菜|莴笋肉丝小炒|葱油扇贝|葱油鸡|酸辣土豆丝
4945,油豆腐烧肉|白菜千张丝|米饭|红烧肉|花椒排骨|茭白肉丝小炒|虎皮青椒/茄子长豆|青椒面筋/西葫芦炒蛋
4946,大白菜|米饭|红烧肉|花菜|葱油鸡|青椒面筋/西葫芦炒蛋
4947,油豆腐烧肉|米饭|花菜|茭白肉丝小炒|葱油扇贝|虎皮青椒/茄子长豆
4948,米饭|红烧肉|葱油扇贝|虎皮青椒/茄子长豆|青椒面筋/西葫芦炒蛋
4949,白菜千张丝|米饭|红烧肉|花菜|葱油鸡
495,口水鸡|土豆丝/大白菜|木耳花菜/青瓜炒蛋|椒盐带鱼/鸡排|米饭|茄子豆角
4950,米饭|红烧肉|茭白肉丝小炒|葱油鸡|虎皮青椒/茄子长豆|酸辣土豆丝
4951,米饭|红烧肉|花菜|虎皮青椒/茄子长豆
4952,米饭|莴笋肉丝小炒|葱油扇贝|葱油鸡
4953,大白菜|米饭|红烧肉|葱油扇贝|葱油鸡|酸辣土豆丝
4954,大白菜|红烧肉|莴笋肉丝小炒|葱油鸡|虎皮青椒/茄子长豆|青椒面筋/西葫芦炒蛋
4955,米饭|红烧肉|花菜
4956,米饭|花椒排骨|花菜|茭白肉丝小炒
4957,大白菜|油豆腐烧肉|米饭|花椒排骨|葱油鸡|酸辣土豆丝|青椒面筋/西葫芦炒蛋
4958,白菜千张丝|米饭|茭白肉丝小炒|莴笋肉丝小炒
4959,油豆腐烧肉|米饭|茭白肉丝小炒|莴笋肉丝小炒|葱油扇贝|虎皮青椒/茄子长豆|酸辣土豆丝|青椒面筋/西葫芦炒蛋
496,口水鸡|土豆丝/大白菜|椒盐带鱼/鸡排|油豆腐烧肉|米饭|茄子豆角
4960,大白菜|油豆腐烧肉|米饭|红烧肉|花椒排骨|花菜|茭白肉丝小炒|莴笋肉丝小炒|葱油扇贝|葱油鸡|青椒面筋/西葫芦炒蛋
4961,大白菜|米饭|红烧肉|茭白肉丝小炒|葱油鸡|虎皮青椒/茄子长豆|酸辣土豆丝
4962,大白菜|米饭|莴笋肉丝小炒|葱油鸡|青椒面筋/西葫芦炒蛋
4963,大白菜|米饭|花菜|莴笋肉丝小炒|青椒面筋/西葫芦炒蛋
4964,大白菜|米饭|花菜|莴笋肉丝小炒|酸辣土豆丝|青椒面筋/西葫芦炒蛋
4965,大白菜|米饭|红烧肉|花菜|酸辣土豆丝
4966,大白菜|米饭|红烧肉|莴笋肉丝小炒|葱油鸡|虎皮青椒/茄子长豆|酸辣土豆丝
4967,油豆腐烧肉|米饭|茭白肉丝小炒|葱油扇贝
4968,白菜千张丝|米饭|红烧肉|花椒排骨|葱油扇贝|葱油鸡|青椒面筋/西葫芦炒蛋
4969,米饭|莴笋肉丝小炒|葱油鸡|酸辣土豆丝|青椒面筋/西葫芦炒蛋
497,口水鸡|土豆丝/大白菜|木耳花菜/青瓜炒蛋|米饭|红烧排骨
4970,大白菜|米饭|红烧肉|花菜|莴笋肉丝小炒|酸辣土豆丝|青椒面筋/西葫芦炒蛋
4971,大白菜|米饭|花菜
4972,米饭|红烧肉|酸辣土豆丝
4973,米饭|红烧排骨|莴笋肉丝小炒|酸辣土豆丝|青椒面筋/西葫芦炒蛋
4974,大白菜|米饭|红烧排骨|茭白肉丝小炒|虎皮青椒/茄子长豆
4975,米饭|红烧肉|花菜|葱油鸡|酸辣土豆丝
4976,大白菜|米饭|红烧排骨|红烧肉|茭白肉丝小炒|虎皮青椒/茄子长豆
4977,米饭|莴笋肉丝小炒|葱油扇贝|青椒面筋/西葫芦炒蛋
4978,油豆腐烧肉|米饭|红烧排骨|莴笋肉丝小炒|虎皮青椒/茄子长豆|青椒面筋/西葫芦炒蛋
4979,米饭|红烧排骨|花菜|虎皮青椒/茄子长豆|酸辣土豆丝|青椒面筋/西葫芦炒蛋
498,口水鸡|土豆丝/大白菜|椒盐带鱼/鸡排|海带丝|米饭|芹菜香干|茄子豆角
4980,大白菜|油豆腐烧肉|米饭|花菜|葱油扇贝|青椒面筋/西葫芦炒蛋
4981,大白菜|油豆腐烧肉|米饭|花菜
4982,油豆腐烧肉|米饭|虎皮青椒/茄子长豆
4983,米饭|红烧肉|虎皮青椒/茄子长豆|酸辣土豆丝
4984,油豆腐烧肉|米饭|花菜|青椒面筋/西葫芦炒蛋
4985,米饭|虎皮青椒/茄子长豆|酸辣土豆丝|青椒面筋/西葫芦炒蛋
4986,大白菜|油豆腐烧肉|米饭|红烧排骨|红烧肉|莴笋肉丝小炒|葱油扇贝|虎皮青椒/茄子长豆|酸辣土豆丝|青椒面筋/西葫芦炒蛋
4987,米饭|红烧排骨|莴笋肉丝小炒|虎皮青椒/茄子长豆|青椒面筋/西葫芦炒蛋
4988,大白菜|油豆腐烧肉|米饭|红烧排骨|花菜|莴笋肉丝小炒|葱油扇贝
4989,大白菜|米饭|花菜|青椒面筋/西葫芦炒蛋
499,土豆丝/大白菜|椒盐带鱼/鸡排|米饭
4990,红烧排骨|虎皮青椒/茄子长豆|酸辣土豆丝|青椒面筋/西葫芦炒蛋
4991,大白菜|油豆腐烧肉|米饭|红烧排骨|葱油扇贝|虎皮青椒/茄子长豆|酸辣土豆丝|青椒面筋/西葫芦炒蛋
4992,大白菜|油豆腐烧肉|米饭|红烧排骨|花菜|虎皮青椒/茄子长豆|酸辣土豆丝|青椒面筋/西葫芦炒蛋
4993,油豆腐烧肉|米饭|莴笋肉丝小炒|葱油扇贝|酸辣土豆丝|青椒面筋/西葫芦炒蛋
4994,大白菜|米饭|莴笋肉丝小炒
4995,大白菜|油豆腐烧肉|米饭|莴笋肉丝小炒|葱油扇贝|酸辣土豆丝|青椒面筋/西葫芦炒蛋
4996,大白菜|油豆腐烧肉|米饭|红烧排骨|虎皮青椒/茄子长豆|青椒面筋/西葫芦炒蛋
4997,大白菜|油豆腐烧肉|米饭|红烧肉|葱油扇贝|青椒面筋/西葫芦炒蛋
4998,大白菜|莴笋肉丝小炒|青椒面筋/西葫芦炒蛋
4999,米饭|红烧排骨|花菜|莴笋肉丝小炒|青椒面筋/西葫芦炒蛋
500,米饭|红烧排骨|茄子豆角|蘑菇小炒肉
5000,油豆腐烧肉|米饭
5001,米饭|莴笋肉丝小炒|葱油扇贝|酸辣土豆丝|青椒面筋/西葫芦炒蛋
5002,大白菜|油豆腐烧肉|米饭|红烧肉|莴笋肉丝小炒|葱油扇贝|青椒面筋/西葫芦炒蛋
5003,大白菜|红烧排骨|酸辣土豆丝
5004,大白菜|油豆腐烧肉|米饭|葱油扇贝|虎皮青椒/茄子长豆|青椒面筋/西葫芦炒蛋
5005,红烧排骨|葱油扇贝|青椒面筋/西葫芦炒蛋
5006,大白菜|米饭|莴笋肉丝小炒
5007,花菜|葱油扇贝
5008,大白菜|米饭|红烧排骨|莴笋肉丝小炒|青椒面筋/西葫芦炒蛋
5009,大白菜|米饭
501,土豆丝/大白菜|椒盐带鱼/鸡排|海带丝|米饭|茄子豆角|蘑菇小炒肉
5010,大白菜|油豆腐烧肉|米饭|红烧排骨|红烧肉|莴笋肉丝小炒|酸辣土豆丝
5011,大白菜|米饭|红烧排骨|酸辣土豆丝
5012,米饭|莴笋肉丝小炒|葱油扇贝|青椒面筋/西葫芦炒蛋
5013,大白菜|油豆腐烧肉|米饭|红烧排骨|葱油扇贝|青椒面筋/西葫芦炒蛋
5014,大白菜|米饭|酸辣土豆丝|青椒面筋/西葫芦炒蛋
5015,花菜
5016,包菜粉丝|宫保鸡丁|家常豆腐|米饭
5017,千张结烧肉|家常豆腐|木耳芹菜|米饭|长江豆肉丝/香菇肉丝|青瓜炒蛋/莴笋小炒
5018,付皮包|扎肉|椒盐土豆/藕片|炸鸡排|米饭|长江豆肉丝/香菇肉丝|青瓜炒蛋/莴笋小炒
5019,付皮包|包菜粉丝|家常豆腐|扎肉|椒盐土豆/藕片|炸鸡排|米饭|长江豆肉丝/香菇肉丝|青瓜炒蛋/莴笋小炒
502,木耳花菜/青瓜炒蛋|米饭|芹菜香干|蘑菇小炒肉
5020,千张结烧肉|宫保鸡丁|椒盐土豆/藕片|米饭
5021,包菜粉丝|椒盐土豆/藕片|油爆虾|米饭|青瓜炒蛋/莴笋小炒
5022,扎肉|油爆虾|米饭|长江豆肉丝/香菇肉丝
5023,包菜粉丝|扎肉|米饭|长江豆肉丝/香菇肉丝|青瓜炒蛋/莴笋小炒
5024,包菜粉丝|米饭|长江豆肉丝/香菇肉丝|青瓜炒蛋/莴笋小炒
5025,宫保鸡丁|扎肉|米饭|青瓜炒蛋/莴笋小炒
5026,宫保鸡丁|扎肉|椒盐土豆/藕片|油爆虾|炸鸡排|米饭|豆芽/木耳青菜|长江豆肉丝/香菇肉丝|青瓜炒蛋/莴笋小炒
5027,豆芽/木耳青菜
5028,家常豆腐|椒盐土豆/藕片|炸鸡排|米饭
5029,家常豆腐|油爆虾|米饭|豆芽/木耳青菜|长江豆肉丝/香菇肉丝|青瓜炒蛋/莴笋小炒
503,土豆丝/大白菜|椒盐带鱼/鸡排|海带丝|米饭|芹菜香干|茄子豆角
5030,扎肉|椒盐土豆/藕片|油爆虾|米饭|豆芽/木耳青菜|青瓜炒蛋/莴笋小炒
5031,家常豆腐|扎肉|米饭|长江豆肉丝/香菇肉丝|青瓜炒蛋/莴笋小炒
5032,包菜粉丝|宫保鸡丁|家常豆腐|扎肉|油爆虾|米饭|长江豆肉丝/香菇肉丝|青瓜炒蛋/莴笋小炒
5033,包菜粉丝|家常豆腐|小黄鱼|扎肉|米饭|豆芽/木耳青菜|青瓜炒蛋/莴笋小炒
5034,米饭|豆芽/木耳青菜
5035,千张结烧肉|宫保鸡丁|米饭|长江豆肉丝/香菇肉丝
5036,扎肉|椒盐土豆/藕片|油爆虾|米饭|长江豆肉丝/香菇肉丝|青瓜炒蛋/莴笋小炒
5037,包菜粉丝|家常豆腐|扎肉|米饭|豆芽/木耳青菜|长江豆肉丝/香菇肉丝
5038,扎肉|米饭|长江豆肉丝/香菇肉丝
5039,包菜粉丝|小黄鱼|椒盐土豆/藕片|米饭|豆芽/木耳青菜
504,土豆丝/大白菜|椒盐带鱼/鸡排|油豆腐烧肉|米饭|红烧排骨|芹菜香干
5040,家常豆腐|炸鸡排|米饭|青瓜炒蛋/莴笋小炒
5041,炸鸡排|米饭|豆芽/木耳青菜|青瓜炒蛋/莴笋小炒
5042,付皮包|扎肉|米饭|长江豆肉丝/香菇肉丝|青瓜炒蛋/莴笋小炒
5043,家常豆腐|扎肉|米饭|青瓜炒蛋/莴笋小炒
5044,扎肉|米饭|豆芽/木耳青菜|长江豆肉丝/香菇肉丝
5045,包菜粉丝|家常豆腐|小黄鱼|扎肉|炸鸡排|米饭|长江豆肉丝/香菇肉丝|青瓜炒蛋/莴笋小炒
5046,宫保鸡丁|扎肉|长江豆肉丝/香菇肉丝|青瓜炒蛋/莴笋小炒
5047,包菜粉丝|小黄鱼|米饭|长江豆肉丝/香菇肉丝
5048,家常豆腐|米饭|豆芽/木耳青菜|长江豆肉丝/香菇肉丝|青瓜炒蛋/莴笋小炒
5049,宫保鸡丁|椒盐土豆/藕片|油爆虾|炸鸡排|米饭|豆芽/木耳青菜|青瓜炒蛋/莴笋小炒
505,口水鸡|土豆丝/大白菜|木耳花菜/青瓜炒蛋|椒盐带鱼/鸡排|油豆腐烧肉|米饭|芹菜香干|茄子豆角|蘑菇小炒肉
5050,包菜粉丝|千张结烧肉|宫保鸡丁|椒盐土豆/藕片|米饭|长江豆肉丝/香菇肉丝|青瓜炒蛋/莴笋小炒
5051,宫保鸡丁|油爆虾|长江豆肉丝/香菇肉丝
5052,宫保鸡丁|椒盐土豆/藕片|油爆虾|米饭|豆芽/木耳青菜|长江豆肉丝/香菇肉丝|青瓜炒蛋/莴笋小炒
5053,包菜粉丝|家常豆腐|扎肉|米饭
5054,包菜粉丝|宫保鸡丁|椒盐土豆/藕片|炸鸡排|米饭|长江豆肉丝/香菇肉丝|青瓜炒蛋/莴笋小炒
5055,包菜粉丝|宫保鸡丁|家常豆腐|椒盐土豆/藕片|米饭|豆芽/木耳青菜|长江豆肉丝/香菇肉丝|青瓜炒蛋/莴笋小炒
5056,付皮包|宫保鸡丁|豆芽/木耳青菜|长江豆肉丝/香菇肉丝
5057,椒盐土豆/藕片|油爆虾|米饭|长江豆肉丝/香菇肉丝
5058,宫保鸡丁|长江豆肉丝/香菇肉丝|青瓜炒蛋/莴笋小炒
5059,包菜粉丝|千张结烧肉|豆芽/木耳青菜
506,口水鸡|土豆丝/大白菜|木耳花菜/青瓜炒蛋|米饭
5060,米饭
5061,米饭
5062,扎肉|椒盐土豆/藕片|米饭|豆芽/木耳青菜|长江豆肉丝/香菇肉丝|青瓜炒蛋/莴笋小炒
5063,包菜粉丝|千张结烧肉|家常豆腐|米饭|长江豆肉丝/香菇肉丝
5064,米饭|豆芽/木耳青菜|长江豆肉丝/香菇肉丝
5065,扎肉|椒盐土豆/藕片|米饭|豆芽/木耳青菜|青瓜炒蛋/莴笋小炒
5066,包菜粉丝|米饭
5067,千张结烧肉|宫保鸡丁|米饭|豆芽/木耳青菜|青瓜炒蛋/莴笋小炒
5068,米饭|豆芽/木耳青菜
5069,扎肉|米饭|豆芽/木耳青菜|长江豆肉丝/香菇肉丝
507,口水鸡|木耳花菜/青瓜炒蛋|椒盐带鱼/鸡排|油豆腐烧肉|海带丝|米饭|芹菜香干
5070,小黄鱼|扎肉|油爆虾|米饭|豆芽/木耳青菜|长江豆肉丝/香菇肉丝
5071,千张结烧肉|宫保鸡丁|米饭|豆芽/木耳青菜|长江豆肉丝/香菇肉丝
5072,扎肉|椒盐土豆/藕片|米饭|长江豆肉丝/香菇肉丝|青瓜炒蛋/莴笋小炒
5073,付皮包|千张结烧肉|家常豆腐|米饭|长江豆肉丝/香菇肉丝
5074,家常豆腐|扎肉|米饭|长江豆肉丝/香菇肉丝
5075,家常豆腐|油爆虾|米饭|长江豆肉丝/香菇肉丝
5076,千张结烧肉|米饭|豆芽/木耳青菜
5077,扎肉|椒盐土豆/藕片|炸鸡排|米饭|豆芽/木耳青菜
5078,千张结烧肉|宫保鸡丁|椒盐土豆/藕片|油爆虾|米饭|青瓜炒蛋/莴笋小炒
5079,千张结烧肉|家常豆腐|米饭|豆芽/木耳青菜
508,土豆丝/大白菜|椒盐带鱼/鸡排|油豆腐烧肉|海带丝|米饭|红烧排骨|茄子豆角|蘑菇小炒肉
5080,付皮包|椒盐土豆/藕片|炸鸡排|米饭|豆芽/木耳青菜|长江豆肉丝/香菇肉丝|青瓜炒蛋/莴笋小炒
5081,包菜粉丝|家常豆腐|米饭|长江豆肉丝/香菇肉丝
5082,包菜粉丝|千张结烧肉|家常豆腐|小黄鱼|油爆虾|米饭|长江豆肉丝/香菇肉丝|青瓜炒蛋/莴笋小炒
5083,椒盐土豆/藕片|油爆虾|炸鸡排|米饭|长江豆肉丝/香菇肉丝|青瓜炒蛋/莴笋小炒
5084,家常豆腐|米饭|豆芽/木耳青菜|长江豆肉丝/香菇肉丝|青瓜炒蛋/莴笋小炒
5085,扎肉|椒盐土豆/藕片|米饭|青瓜炒蛋/莴笋小炒
5086,扎肉|椒盐土豆/藕片|米饭|豆芽/木耳青菜|长江豆肉丝/香菇肉丝|青瓜炒蛋/莴笋小炒
5087,付皮包|扎肉|椒盐土豆/藕片|炸鸡排|米饭|长江豆肉丝/香菇肉丝|青瓜炒蛋/莴笋小炒
5088,付皮包|家常豆腐|炸鸡排|米饭|豆芽/木耳青菜
5089,付皮包|扎肉|米饭|豆芽/木耳青菜|青瓜炒蛋/莴笋小炒
509,土豆丝/大白菜|木耳花菜/青瓜炒蛋|椒盐带鱼/鸡排|海带丝|米饭|红烧排骨|茄子豆角
5090,付皮包|家常豆腐|扎肉|椒盐土豆/藕片|炸鸡排|米饭|青瓜炒蛋/莴笋小炒
5091,千张结烧肉|宫保鸡丁|家常豆腐|米饭|豆芽/木耳青菜|长江豆肉丝/香菇肉丝
5092,宫保鸡丁|椒盐土豆/藕片|米饭|豆芽/木耳青菜|长江豆肉丝/香菇肉丝|青瓜炒蛋/莴笋小炒
5093,炸鸡排|米饭|长江豆肉丝/香菇肉丝
5094,付皮包|小黄鱼|扎肉|米饭|豆芽/木耳青菜|长江豆肉丝/香菇肉丝|青瓜炒蛋/莴笋小炒
5095,宫保鸡丁|扎肉|米饭|豆芽/木耳青菜
5096,付皮包|包菜粉丝|千张结烧肉|米饭
5097,付皮包|家常豆腐|椒盐土豆/藕片|炸鸡排|米饭|豆芽/木耳青菜|青瓜炒蛋/莴笋小炒
5098,千张结烧肉|家常豆腐|炸鸡排|米饭|豆芽/木耳青菜|青瓜炒蛋/莴笋小炒
5099,包菜粉丝|扎肉|椒盐土豆/藕片|米饭|青瓜炒蛋/莴笋小炒
510,土豆丝/大白菜|木耳花菜/青瓜炒蛋|椒盐带鱼/鸡排|油豆腐烧肉|米饭|茄子豆角
5100,家常豆腐|扎肉|椒盐土豆/藕片|米饭|长江豆肉丝/香菇肉丝
5101,椒盐土豆/藕片|米饭|长江豆肉丝/香菇肉丝|青瓜炒蛋/莴笋小炒
5102,付皮包|千张结烧肉|宫保鸡丁|家常豆腐|油爆虾|米饭|豆芽/木耳青菜|长江豆肉丝/香菇肉丝|青瓜炒蛋/莴笋小炒
5103,付皮包|家常豆腐|小黄鱼|椒盐土豆/藕片|油爆虾|米饭
5104,扎肉|椒盐土豆/藕片|炸鸡排|米饭|豆芽/木耳青菜|长江豆肉丝/香菇肉丝
5105,包菜粉丝|宫保鸡丁|扎肉|椒盐土豆/藕片|米饭|长江豆肉丝/香菇肉丝
5106,家常豆腐|米饭|豆芽/木耳青菜|青瓜炒蛋/莴笋小炒
5107,扎肉|油爆虾|米饭|长江豆肉丝/香菇肉丝|青瓜炒蛋/莴笋小炒
5108,千张结烧肉|宫保鸡丁|米饭|青瓜炒蛋/莴笋小炒
5109,家常豆腐|小黄鱼|扎肉|椒盐土豆/藕片|米饭|豆芽/木耳青菜
511,木耳花菜/青瓜炒蛋|椒盐带鱼/鸡排|油豆腐烧肉|海带丝|米饭|红烧排骨|芹菜香干
5110,包菜粉丝|扎肉|米饭|长江豆肉丝/香菇肉丝|青瓜炒蛋/莴笋小炒
5111,千张结烧肉|宫保鸡丁|扎肉|米饭
5112,付皮包|炸鸡排|米饭|豆芽/木耳青菜
5113,家常豆腐|米饭|长江豆肉丝/香菇肉丝
5114,家常豆腐|扎肉|米饭|豆芽/木耳青菜|青瓜炒蛋/莴笋小炒
5115,付皮包|炸鸡排|米饭|青瓜炒蛋/莴笋小炒
5116,家常豆腐|炸鸡排|米饭|长江豆肉丝/香菇肉丝
5117,小黄鱼|扎肉|椒盐土豆/藕片|油爆虾|米饭
5118,千张结烧肉|家常豆腐|椒盐土豆/藕片|炸鸡排|米饭|长江豆肉丝/香菇肉丝
5119,小黄鱼|椒盐土豆/藕片|油爆虾|炸鸡排|米饭|青瓜炒蛋/莴笋小炒
512,椒盐带鱼/鸡排|米饭|芹菜香干|茄子豆角|蘑菇小炒肉
5120,包菜粉丝|椒盐土豆/藕片|油爆虾|米饭|豆芽/木耳青菜|长江豆肉丝/香菇肉丝|青瓜炒蛋/莴笋小炒
5121,付皮包|家常豆腐|米饭|豆芽/木耳青菜|长江豆肉丝/香菇肉丝
5122,包菜粉丝|宫保鸡丁|家常豆腐|米饭|豆芽/木耳青菜|长江豆肉丝/香菇肉丝|青瓜炒蛋/莴笋小炒
5123,包菜粉丝|家常豆腐|扎肉|椒盐土豆/藕片|炸鸡排|米饭|长江豆肉丝/香菇肉丝
5124,付皮包|家常豆腐|椒盐土豆/藕片|炸鸡排|米饭|豆芽/木耳青菜
5125,包菜粉丝|千张结烧肉|宫保鸡丁|家常豆腐|油爆虾|米饭|青瓜炒蛋/莴笋小炒
5126,家常豆腐|米饭|豆芽/木耳青菜
5127,千张结烧肉|家常豆腐|椒盐土豆/藕片|米饭|长江豆肉丝/香菇肉丝
5128,米饭|豆芽/木耳青菜|长江豆肉丝/香菇肉丝|青瓜炒蛋/莴笋小炒
5129,米饭|长江豆肉丝/香菇肉丝|青瓜炒蛋/莴笋小炒
513,椒盐带鱼/鸡排|米饭|芹菜香干
5130,扎肉|椒盐土豆/藕片|炸鸡排|米饭|豆芽/木耳青菜|长江豆肉丝/香菇肉丝|青瓜炒蛋/莴笋小炒
5131,包菜粉丝|家常豆腐|椒盐土豆/藕片|炸鸡排|米饭|青瓜炒蛋/莴笋小炒
5132,付皮包|家常豆腐|扎肉|椒盐土豆/藕片|米饭|豆芽/木耳青菜
5133,包菜粉丝|千张结烧肉|宫保鸡丁|椒盐土豆/藕片|米饭|豆芽/木耳青菜
5134,付皮包|炸鸡排|米饭|青瓜炒蛋/莴笋小炒
5135,包菜粉丝|椒盐土豆/藕片|油爆虾|米饭|长江豆肉丝/香菇肉丝|青瓜炒蛋/莴笋小炒
5136,椒盐土豆/藕片|油爆虾|豆芽/木耳青菜|长江豆肉丝/香菇肉丝
5137,付皮包|宫保鸡丁|米饭|长江豆肉丝/香菇肉丝
5138,宫保鸡丁|椒盐土豆/藕片|油爆虾|米饭|豆芽/木耳青菜|长江豆肉丝/香菇肉丝|青瓜炒蛋/莴笋小炒
5139,椒盐土豆/藕片|油爆虾|米饭|长江豆肉丝/香菇肉丝|青瓜炒蛋/莴笋小炒
514,口水鸡|土豆丝/大白菜|海带丝|红烧排骨|芹菜香干|茄子豆角
5140,椒盐土豆/藕片|炸鸡排|米饭|青瓜炒蛋/莴笋小炒
5141,千张结烧肉|炸鸡排|米饭|豆芽/木耳青菜
5142,付皮包|千张结烧肉|豆芽/木耳青菜|青瓜炒蛋/莴笋小炒
5143,椒盐土豆/藕片|油爆虾|米饭|长江豆肉丝/香菇肉丝|青瓜炒蛋/莴笋小炒
5144,宫保鸡丁|椒盐土豆/藕片|油爆虾|米饭|豆芽/木耳青菜|长江豆肉丝/香菇肉丝|青瓜炒蛋/莴笋小炒
5145,炸鸡排|米饭|长江豆肉丝/香菇肉丝
5146,椒盐土豆/藕片|米饭|豆芽/木耳青菜|长江豆肉丝/香菇肉丝
5147,包菜粉丝|千张结烧肉|椒盐土豆/藕片|炸鸡排|米饭|长江豆肉丝/香菇肉丝
5148,椒盐土豆/藕片|炸鸡排|米饭|长江豆肉丝/香菇肉丝|青瓜炒蛋/莴笋小炒
5149,包菜粉丝|家常豆腐|油爆虾|米饭|豆芽/木耳青菜
515,口水鸡|土豆丝/大白菜|椒盐带鱼/鸡排|海带丝|米饭|红烧排骨
5150,付皮包|扎肉|米饭|豆芽/木耳青菜|青瓜炒蛋/莴笋小炒
5151,椒盐土豆/藕片|炸鸡排|米饭|青瓜炒蛋/莴笋小炒
5152,付皮包|宫保鸡丁|椒盐土豆/藕片|炸鸡排|豆芽/木耳青菜|长江豆肉丝/香菇肉丝|青瓜炒蛋/莴笋小炒
5153,家常豆腐|扎肉|米饭|长江豆肉丝/香菇肉丝|青瓜炒蛋/莴笋小炒
5154,宫保鸡丁|椒盐土豆/藕片|米饭|豆芽/木耳青菜|长江豆肉丝/香菇肉丝
5155,家常豆腐|小黄鱼|豆芽/木耳青菜|青瓜炒蛋/莴笋小炒
5156,宫保鸡丁|家常豆腐|米饭|豆芽/木耳青菜
5157,付皮包|千张结烧肉|椒盐土豆/藕片|油爆虾|豆芽/木耳青菜|长江豆肉丝/香菇肉丝|青瓜炒蛋/莴笋小炒
5158,付皮包|小黄鱼|豆芽/木耳青菜|长江豆肉丝/香菇肉丝|青瓜炒蛋/莴笋小炒
5159,宫保鸡丁|椒盐土豆/藕片|油爆虾|米饭
516,木耳花菜/青瓜炒蛋|椒盐带鱼/鸡排|油豆腐烧肉|海带丝|红烧排骨|茄子豆角
5160,包菜粉丝|家常豆腐|小黄鱼|椒盐土豆/藕片|油爆虾|豆芽/木耳青菜
5161,包菜粉丝|扎肉|椒盐土豆/藕片|米饭
5162,千张结烧肉|宫保鸡丁|扎肉|米饭|长江豆肉丝/香菇肉丝|青瓜炒蛋/莴笋小炒
5163,包菜粉丝|宫保鸡丁|椒盐土豆/藕片|米饭|豆芽/木耳青菜|长江豆肉丝/香菇肉丝
5164,宫保鸡丁|家常豆腐|椒盐土豆/藕片|油爆虾|炸鸡排|米饭
5165,扎肉|油爆虾|米饭|糖醋里脊|青瓜炒蛋/莴笋小炒
5166,小黄鱼|扎肉|椒盐土豆/藕片|米饭|糖醋里脊|豆芽/木耳青菜
5167,千张结烧肉|扎肉|米饭|豆芽/木耳青菜|长江豆肉丝/香菇肉丝|青瓜炒蛋/莴笋小炒
5168,千张结烧肉|宫保鸡丁|米饭|豆芽/木耳青菜
5169,包菜粉丝|宫保鸡丁|椒盐土豆/藕片|米饭|长江豆肉丝/香菇肉丝
517,口水鸡|米饭
5170,包菜粉丝|米饭|糖醋里脊|青瓜炒蛋/莴笋小炒
5171,付皮包|家常豆腐|米饭|豆芽/木耳青菜|长江豆肉丝/香菇肉丝
5172,包菜粉丝|米饭|糖醋里脊|豆芽/木耳青菜|长江豆肉丝/香菇肉丝|青瓜炒蛋/莴笋小炒
5173,扎肉|米饭|豆芽/木耳青菜|长江豆肉丝/香菇肉丝
5174,付皮包|米饭|糖醋里脊|豆芽/木耳青菜|长江豆肉丝/香菇肉丝
5175,付皮包|包菜粉丝|椒盐土豆/藕片|米饭|豆芽/木耳青菜|青瓜炒蛋/莴笋小炒
5176,千张结烧肉|宫保鸡丁|家常豆腐|椒盐土豆/藕片|米饭|糖醋里脊
5177,付皮包|千张结烧肉|宫保鸡丁|家常豆腐|椒盐土豆/藕片|米饭|糖醋里脊|青瓜炒蛋/莴笋小炒
5178,椒盐土豆/藕片|米饭|糖醋里脊|豆芽/木耳青菜|长江豆肉丝/香菇肉丝|青瓜炒蛋/莴笋小炒
5179,付皮包|小黄鱼|米饭|豆芽/木耳青菜|长江豆肉丝/香菇肉丝
518,土豆丝/大白菜|木耳花菜/青瓜炒蛋|米饭|茄子豆角
5180,油爆虾|米饭|青瓜炒蛋/莴笋小炒
5181,椒盐土豆/藕片|油爆虾|糖醋里脊|长江豆肉丝/香菇肉丝|青瓜炒蛋/莴笋小炒
5182,包菜粉丝|油爆虾|米饭|糖醋里脊|豆芽/木耳青菜
5183,包菜粉丝|家常豆腐|扎肉|米饭|豆芽/木耳青菜
5184,米饭|糖醋里脊|豆芽/木耳青菜|青瓜炒蛋/莴笋小炒
5185,包菜粉丝|椒盐土豆/藕片|米饭|糖醋里脊|豆芽/木耳青菜|长江豆肉丝/香菇肉丝|青瓜炒蛋/莴笋小炒
5186,包菜粉丝|椒盐土豆/藕片|米饭|糖醋里脊|豆芽/木耳青菜|长江豆肉丝/香菇肉丝|青瓜炒蛋/莴笋小炒
5187,小黄鱼|扎肉|椒盐土豆/藕片|米饭|豆芽/木耳青菜|长江豆肉丝/香菇肉丝|青瓜炒蛋/莴笋小炒
5188,包菜粉丝|小黄鱼|米饭|糖醋里脊|青瓜炒蛋/莴笋小炒
5189,付皮包|包菜粉丝|扎肉|米饭|豆芽/木耳青菜|长江豆肉丝/香菇肉丝
519,土豆丝/大白菜|米饭|红烧排骨|茄子豆角|蘑菇小炒肉
5190,付皮包|家常豆腐|椒盐土豆/藕片|米饭|豆芽/木耳青菜
5191,包菜粉丝|家常豆腐|小黄鱼|椒盐土豆/藕片|米饭|糖醋里脊|豆芽/木耳青菜|长江豆肉丝/香菇肉丝
5192,扎肉|米饭|糖醋里脊|豆芽/木耳青菜|青瓜炒蛋/莴笋小炒
5193,付皮包|家常豆腐|小黄鱼|米饭|青瓜炒蛋/莴笋小炒
5194,千张结烧肉|家常豆腐|小黄鱼|豆芽/木耳青菜|青瓜炒蛋/莴笋小炒
5195,家常豆腐|油爆虾|米饭|青瓜炒蛋/莴笋小炒
5196,小黄鱼|扎肉|椒盐土豆/藕片|米饭|豆芽/木耳青菜|青瓜炒蛋/莴笋小炒
5197,包菜粉丝|千张结烧肉|米饭|豆芽/木耳青菜|长江豆肉丝/香菇肉丝
5198,包菜粉丝|家常豆腐|椒盐土豆/藕片|米饭|糖醋里脊|长江豆肉丝/香菇肉丝
5199,家常豆腐|扎肉|米饭|豆芽/木耳青菜|长江豆肉丝/香菇肉丝
520,土豆丝/大白菜|椒盐带鱼/鸡排|米饭|茄子豆角
5200,付皮包|扎肉|米饭|长江豆肉丝/香菇肉丝|青瓜炒蛋/莴笋小炒
5201,家常豆腐|椒盐土豆/藕片|米饭|糖醋里脊|豆芽/木耳青菜|长江豆肉丝/香菇肉丝
5202,包菜粉丝|千张结烧肉|米饭|豆芽/木耳青菜
5203,付皮包|家常豆腐|米饭|糖醋里脊|豆芽/木耳青菜
5204,付皮包|包菜粉丝|家常豆腐|小黄鱼|米饭|青瓜炒蛋/莴笋小炒
5205,米饭
5206,千张结烧肉|扎肉|油爆虾|米饭
5207,家常豆腐|扎肉|米饭|豆芽/木耳青菜|长江豆肉丝/香菇肉丝|青瓜炒蛋/莴笋小炒
5208,付皮包|小黄鱼|糖醋里脊|青瓜炒蛋/莴笋小炒
5209,包菜粉丝|家常豆腐|油爆虾|糖醋里脊
521,口水鸡|土豆丝/大白菜|米饭|茄子豆角|蘑菇小炒肉
5210,付皮包|包菜粉丝|米饭|糖醋里脊|豆芽/木耳青菜
5211,付皮包|椒盐土豆/藕片|米饭|青瓜炒蛋/莴笋小炒
5212,家常豆腐|米饭|长江豆肉丝/香菇肉丝|青瓜炒蛋/莴笋小炒
5213,宫保鸡丁|米饭|豆芽/木耳青菜|长江豆肉丝/香菇肉丝|青瓜炒蛋/莴笋小炒
5214,千张结烧肉|米饭|长江豆肉丝/香菇肉丝|青瓜炒蛋/莴笋小炒
5215,宫保鸡丁|扎肉|椒盐土豆/藕片|米饭|豆芽/木耳青菜|长江豆肉丝/香菇肉丝
5216,付皮包|包菜粉丝|家常豆腐|椒盐土豆/藕片|米饭|糖醋里脊
5217,包菜粉丝|家常豆腐|椒盐土豆/藕片|油爆虾|米饭|长江豆肉丝/香菇肉丝
5218,家常豆腐|扎肉|椒盐土豆/藕片|油爆虾|米饭|青瓜炒蛋/莴笋小炒
5219,包菜粉丝|宫保鸡丁|家常豆腐|椒盐土豆/藕片|油爆虾|米饭|糖醋里脊|豆芽/木耳青菜
522,椒盐带鱼/鸡排|米饭|红烧排骨|芹菜香干|茄子豆角
5220,包菜粉丝|宫保鸡丁|家常豆腐|扎肉|米饭|糖醋里脊|长江豆肉丝/香菇肉丝
5221,扎肉|椒盐土豆/藕片|油爆虾|米饭|长江豆肉丝/香菇肉丝|青瓜炒蛋/莴笋小炒
5222,付皮包|包菜粉丝|椒盐土豆/藕片|油爆虾|米饭|长江豆肉丝/香菇肉丝
5223,付皮包|包菜粉丝|椒盐土豆/藕片|米饭|青瓜炒蛋/莴笋小炒
5224,宫保鸡丁|家常豆腐|扎肉|椒盐土豆/藕片|米饭|青瓜炒蛋/莴笋小炒
5225,包菜粉丝|家常豆腐|椒盐土豆/藕片|米饭|糖醋里脊|豆芽/木耳青菜|长江豆肉丝/香菇肉丝|青瓜炒蛋/莴笋小炒
5226,宫保鸡丁|扎肉|椒盐土豆/藕片|米饭|豆芽/木耳青菜|青瓜炒蛋/莴笋小炒
5227,包菜粉丝|扎肉|米饭|糖醋里脊|豆芽/木耳青菜
5228,付皮包|椒盐土豆/藕片|油爆虾|米饭|茭白肉丝小炒|豆芽/木耳青菜|青瓜炒蛋/莴笋小炒
5229,包菜粉丝|千张结烧肉|家常豆腐|米饭|豆芽/木耳青菜
523,土豆丝/大白菜|木耳花菜/青瓜炒蛋|椒盐带鱼/鸡排|米饭|茄子豆角
5230,宫保鸡丁|扎肉|椒盐土豆/藕片|米饭|豆芽/木耳青菜
5231,扎肉|椒盐土豆/藕片|米饭|茭白肉丝小炒|豆芽/木耳青菜
5232,宫保鸡丁|油爆虾|米饭|糖醋里脊|豆芽/木耳青菜
5233,付皮包|米饭|糖醋里脊|茭白肉丝小炒|豆芽/木耳青菜
5234,小黄鱼|扎肉|米饭|豆芽/木耳青菜
5235,包菜粉丝|宫保鸡丁|椒盐土豆/藕片|米饭|长江豆肉丝/香菇肉丝
5236,包菜粉丝|小黄鱼|椒盐土豆/藕片|米饭|长江豆肉丝/香菇肉丝|青瓜炒蛋/莴笋小炒
5237,包菜粉丝|扎肉|椒盐土豆/藕片|米饭|茭白肉丝小炒|豆芽/木耳青菜|青瓜炒蛋/莴笋小炒
5238,宫保鸡丁|家常豆腐|米饭
5239,包菜粉丝|宫保鸡丁|家常豆腐|椒盐土豆/藕片|米饭|长江豆肉丝/香菇肉丝
524,土豆丝/大白菜|木耳花菜/青瓜炒蛋|椒盐带鱼/鸡排|米饭|茄子豆角
5240,千张结烧肉|宫保鸡丁|家常豆腐|椒盐土豆/藕片|油爆虾|米饭|长江豆肉丝/香菇肉丝
5241,付皮包|小黄鱼|椒盐土豆/藕片|米饭|糖醋里脊|茭白肉丝小炒|豆芽/木耳青菜
5242,包菜粉丝|椒盐土豆/藕片|油爆虾|糖醋里脊|长江豆肉丝/香菇肉丝
5243,付皮包|扎肉|椒盐土豆/藕片|米饭|豆芽/木耳青菜
5244,千张结烧肉|扎肉|椒盐土豆/藕片|油爆虾|米饭
5245,付皮包|扎肉|椒盐土豆/藕片|米饭|豆芽/木耳青菜
5246,扎肉|椒盐土豆/藕片|米饭|茭白肉丝小炒|长江豆肉丝/香菇肉丝|青瓜炒蛋/莴笋小炒
5247,扎肉|米饭|长江豆肉丝/香菇肉丝
5248,扎肉|椒盐土豆/藕片|油爆虾|米饭
5249,付皮包|油爆虾|米饭|青瓜炒蛋/莴笋小炒
525,木耳花菜/青瓜炒蛋|椒盐带鱼/鸡排|米饭|茄子豆角
5250,付皮包|包菜粉丝|家常豆腐|扎肉|椒盐土豆/藕片|米饭
5251,家常豆腐|扎肉|椒盐土豆/藕片|油爆虾|米饭|糖醋里脊|长江豆肉丝/香菇肉丝
5252,宫保鸡丁|油爆虾|米饭|茭白肉丝小炒
5253,米饭|豆芽/木耳青菜|长江豆肉丝/香菇肉丝
5254,付皮包|家常豆腐|扎肉|米饭|茭白肉丝小炒
5255,千张结烧肉|宫保鸡丁|家常豆腐|米饭|豆芽/木耳青菜|长江豆肉丝/香菇肉丝
5256,付皮包|椒盐土豆/藕片|米饭|茭白肉丝小炒|豆芽/木耳青菜|青瓜炒蛋/莴笋小炒
5257,小黄鱼|扎肉|椒盐土豆/藕片|米饭|茭白肉丝小炒|豆芽/木耳青菜
5258,宫保鸡丁|家常豆腐|扎肉|米饭|豆芽/木耳青菜|长江豆肉丝/香菇肉丝
5259,米饭|糖醋里脊|茭白肉丝小炒|豆芽/木耳青菜
526,口水鸡|土豆丝/大白菜|椒盐带鱼/鸡排|米饭|红烧排骨|芹菜香干|茄子豆角
5260,家常豆腐|扎肉|长江豆肉丝/香菇肉丝|青瓜炒蛋/莴笋小炒
5261,包菜粉丝|米饭|豆芽/木耳青菜
5262,扎肉|米饭|豆芽/木耳青菜
5263,扎肉|椒盐土豆/藕片|米饭|糖醋里脊|豆芽/木耳青菜
5264,包菜粉丝|扎肉|油爆虾|米饭|豆芽/木耳青菜|长江豆肉丝/香菇肉丝|青瓜炒蛋/莴笋小炒
5265,付皮包|家常豆腐|小黄鱼|扎肉|米饭|茭白肉丝小炒|豆芽/木耳青菜
5266,扎肉|米饭|茭白肉丝小炒
5267,扎肉|椒盐土豆/藕片|油爆虾|米饭|长江豆肉丝/香菇肉丝
5268,宫保鸡丁|扎肉|油爆虾|米饭|豆芽/木耳青菜|长江豆肉丝/香菇肉丝|青瓜炒蛋/莴笋小炒
5269,包菜粉丝|家常豆腐|椒盐土豆/藕片|油爆虾|米饭|长江豆肉丝/香菇肉丝
527,口水鸡|土豆丝/大白菜|木耳花菜/青瓜炒蛋|米饭|茄子豆角
5270,付皮包|千张结烧肉|扎肉|米饭|豆芽/木耳青菜
5271,付皮包|小黄鱼|豆芽/木耳青菜
5272,付皮包|扎肉|椒盐土豆/藕片|油爆虾|米饭|茭白肉丝小炒
5273,千张结烧肉|宫保鸡丁|家常豆腐|扎肉|椒盐土豆/藕片|米饭|豆芽/木耳青菜|长江豆肉丝/香菇肉丝
5274,宫保鸡丁|小黄鱼|扎肉|椒盐土豆/藕片|米饭|茭白肉丝小炒|豆芽/木耳青菜
5275,千张结烧肉|宫保鸡丁|米饭|豆芽/木耳青菜|长江豆肉丝/香菇肉丝|青瓜炒蛋/莴笋小炒
5276,米饭|豆芽/木耳青菜|长江豆肉丝/香菇肉丝|青瓜炒蛋/莴笋小炒
5277,千张结烧肉|扎肉|椒盐土豆/藕片|油爆虾|米饭|茭白肉丝小炒
5278,千张结烧肉|家常豆腐|椒盐土豆/藕片|米饭|茭白肉丝小炒|葱油鸡|豆芽/木耳青菜|青瓜炒蛋/莴笋小炒
5279,千张结烧肉|扎肉|椒盐土豆/藕片|米饭|茭白肉丝小炒|豆芽/木耳青菜|长江豆肉丝/香菇肉丝|青瓜炒蛋/莴笋小炒
528,口水鸡|土豆丝/大白菜|木耳花菜/青瓜炒蛋|米饭|红烧排骨|茄子豆角
5280,米饭|长江豆肉丝/香菇肉丝
5281,家常豆腐|椒盐土豆/藕片|米饭|青瓜炒蛋/莴笋小炒
5282,包菜粉丝|扎肉|椒盐土豆/藕片|米饭|葱油鸡|长江豆肉丝/香菇肉丝
5283,千张结烧肉|家常豆腐|米饭|葱油鸡|豆芽/木耳青菜|长江豆肉丝/香菇肉丝|青瓜炒蛋/莴笋小炒
5284,米饭|葱油鸡|豆芽/木耳青菜
5285,付皮包|葱油鸡
5286,扎肉|米饭|葱油鸡|豆芽/木耳青菜|青瓜炒蛋/莴笋小炒
5287,包菜粉丝|米饭|长江豆肉丝/香菇肉丝
5288,椒盐土豆/藕片|海带丝|米饭|葱油鸡|豆芽/木耳青菜
5289,付皮包|千张结烧肉|椒盐土豆/藕片|米饭|葱油鸡|豆芽/木耳青菜|长江豆肉丝/香菇肉丝
529,口水鸡|土豆丝/大白菜|椒盐带鱼/鸡排|油豆腐烧肉|米饭|芹菜香干
5290,包菜粉丝|椒盐土豆/藕片|海带丝|米饭|葱油鸡|豆芽/木耳青菜
5291,付皮包|千张结烧肉|葱油芋头/莴笋丝|豆芽/木耳青菜|长江豆肉丝/香菇肉丝
5292,包菜粉丝|千张结烧肉|油爆虾|米饭|葱油芋头/莴笋丝
5293,扎肉|椒盐土豆/藕片|米饭|葱油芋头/莴笋丝
5294,扎肉|米饭|葱油芋头/莴笋丝
5295,扎肉|米饭|葱油鸡|豆芽/木耳青菜
5296,包菜粉丝|千张结烧肉|扎肉|椒盐土豆/藕片|米饭|葱油芋头/莴笋丝|豆芽/木耳青菜|青瓜炒蛋/莴笋小炒
5297,千张结烧肉|扎肉|米饭|豆芽/木耳青菜|青瓜炒蛋/莴笋小炒
5298,千张结烧肉|扎肉|油爆虾|米饭|葱油鸡
5299,椒盐土豆/藕片|米饭|葱油芋头/莴笋丝
530,口水鸡|土豆丝/大白菜|木耳花菜/青瓜炒蛋|海带丝|米饭|红烧排骨|茄子豆角|蘑菇小炒肉
5300,千张结烧肉|米饭|葱油芋头/莴笋丝
5301,包菜粉丝|扎肉|油爆虾|米饭|葱油芋头/莴笋丝
5302,扎肉|葱油芋头/莴笋丝
5303,扎肉|海带丝|米饭|葱油芋头/莴笋丝
5304,扎肉|海带丝|豆芽/木耳青菜
5305,扎肉|椒盐土豆/藕片|海带丝|米饭
5306,扎肉|米饭|豆芽/木耳青菜
5307,包菜粉丝|扎肉|米饭|葱油芋头/莴笋丝|豆芽/木耳青菜
5308,千张结烧肉
5309,木耳娃娃菜/黄豆芽|米饭|西葫芦炒蛋/素鸡|酱鸭
531,木耳花菜/青瓜炒蛋|椒盐带鱼/鸡排|油豆腐烧肉|米饭|茄子豆角
5310,小青菜|木耳娃娃菜/黄豆芽|牛肉|米饭|红烧排骨|葱油芋头|西葫芦炒蛋/素鸡|酱鸭
5311,大排|牛肉|米饭|蘑菇肉片|西葫芦炒蛋/素鸡
5312,木耳娃娃菜/黄豆芽|牛肉|米饭|蘑菇肉片|西葫芦炒蛋/素鸡
5313,木耳娃娃菜/黄豆芽|米饭|花菜|蘑菇肉片|酱鸭
5314,牛肉|米饭|葱油芋头
5315,米饭|蘑菇肉片|酱鸭
5316,小青菜|木耳娃娃菜/黄豆芽|牛肉|米饭|红烧排骨|西葫芦炒蛋/素鸡
5317,千张结烧肉|油麦菜|牛肉|米饭|茭白肉丝小炒|西葫芦炒蛋/素鸡|酱鸭
5318,千张结烧肉|油麦菜|牛肉|米饭|花菜|鱼香杏鲍菇炒肉
5319,木耳娃娃菜/黄豆芽|米饭|红烧排骨|葱油芋头|西葫芦炒蛋/素鸡|酱鸭
532,木耳花菜/青瓜炒蛋|椒盐带鱼/鸡排|米饭|红烧排骨|茄子豆角
5320,油麦菜|牛肉|米饭|西葫芦炒蛋/素鸡
5321,牛肉|红烧排骨|西葫芦炒蛋/素鸡|酱鸭
5322,油麦菜|牛肉|花菜|茭白肉丝小炒|蘑菇肉片
5323,小青菜|木耳娃娃菜/黄豆芽|牛肉|米饭|红烧排骨|葱油芋头|蘑菇肉片|西葫芦炒蛋/素鸡
5324,米饭
5325,大排|木耳娃娃菜/黄豆芽|牛肉|米饭|葱油芋头|蘑菇肉片|西葫芦炒蛋/素鸡
5326,大排|小青菜|米饭|西葫芦炒蛋/素鸡|酱鸭
5327,油麦菜|牛肉|米饭|花菜|茭白肉丝小炒|西葫芦炒蛋/素鸡|酱鸭
5328,千张结烧肉|油麦菜|牛肉|米饭|茭白肉丝小炒
5329,大排|油麦菜|米饭|茭白肉丝小炒|西葫芦炒蛋/素鸡
533,口水鸡|椒盐带鱼/鸡排|油豆腐烧肉|海带丝|米饭|芹菜香干|茄子豆角
5330,大排|牛肉|米饭|花菜|西葫芦炒蛋/素鸡
5331,木耳娃娃菜/黄豆芽|米饭|蘑菇肉片|酱鸭
5332,大排|牛肉|米饭|花菜|葱油芋头|西葫芦炒蛋/素鸡
5333,大排|木耳娃娃菜/黄豆芽|牛肉|米饭|花菜|西葫芦炒蛋/素鸡|酱鸭
5334,油麦菜|牛肉|米饭|西葫芦炒蛋/素鸡
5335,大排|小青菜|木耳娃娃菜/黄豆芽|米饭
5336,小青菜|米饭|西葫芦炒蛋/素鸡|酱鸭
5337,小青菜|米饭|葱油芋头|蘑菇肉片|西葫芦炒蛋/素鸡|酱鸭
5338,大排|米饭|花菜|茭白肉丝小炒
5339,大排|牛肉|米饭|蘑菇肉片|西葫芦炒蛋/素鸡
534,土豆丝/大白菜|木耳花菜/青瓜炒蛋|椒盐带鱼/鸡排|海带丝|米饭
5340,千张结烧肉|木耳娃娃菜/黄豆芽|牛肉|米饭|西葫芦炒蛋/素鸡
5341,木耳娃娃菜/黄豆芽|牛肉|米饭|红烧排骨|花菜|蘑菇肉片|西葫芦炒蛋/素鸡
5342,牛肉|米饭|西葫芦炒蛋/素鸡|酱鸭|鱼香杏鲍菇炒肉
5343,油麦菜|牛肉|米饭|花菜|茭白肉丝小炒|酱鸭|鱼香杏鲍菇炒肉
5344,木耳娃娃菜/黄豆芽|米饭|红烧排骨|花菜|西葫芦炒蛋/素鸡|酱鸭
5345,米饭
5346,牛肉|米饭|酱鸭|鱼香杏鲍菇炒肉
5347,油麦菜|米饭|蘑菇肉片|西葫芦炒蛋/素鸡
5348,木耳娃娃菜/黄豆芽|米饭|葱油芋头|蘑菇肉片|西葫芦炒蛋/素鸡|酱鸭
5349,小青菜|牛肉|米饭|花菜|蘑菇肉片|酱鸭
535,口水鸡|土豆丝/大白菜|米饭|茄子豆角|蘑菇小炒肉
5350,小青菜|木耳娃娃菜/黄豆芽|牛肉|米饭|红烧排骨|花菜|葱油芋头|蘑菇肉片|西葫芦炒蛋/素鸡
5351,大排|木耳娃娃菜/黄豆芽|牛肉|米饭|葱油芋头|西葫芦炒蛋/素鸡
5352,大排|小青菜|米饭|蘑菇肉片
5353,小青菜|木耳娃娃菜/黄豆芽|米饭|茭白肉丝小炒|酱鸭
5354,木耳娃娃菜/黄豆芽|牛肉|米饭|西葫芦炒蛋/素鸡
5355,木耳娃娃菜/黄豆芽|牛肉|米饭|花菜|茭白肉丝小炒|西葫芦炒蛋/素鸡
5356,小青菜|木耳娃娃菜/黄豆芽|牛肉|米饭|西葫芦炒蛋/素鸡|酱鸭
5357,千张结烧肉|小青菜|油麦菜|米饭|茭白肉丝小炒|葱油芋头|酱鸭
5358,千张结烧肉|木耳娃娃菜/黄豆芽|牛肉|米饭|花菜
5359,小青菜|米饭|蘑菇肉片|西葫芦炒蛋/素鸡
536,口水鸡|土豆丝/大白菜|椒盐带鱼/鸡排|米饭|茄子豆角
5360,小青菜|米饭|茭白肉丝小炒|酱鸭
5361,小青菜|木耳娃娃菜/黄豆芽|米饭|红烧排骨|葱油芋头|西葫芦炒蛋/素鸡
5362,木耳娃娃菜/黄豆芽|牛肉|米饭|葱油芋头|酱鸭
5363,木耳娃娃菜/黄豆芽|油麦菜|牛肉|米饭|酱鸭
5364,千张结烧肉|油麦菜|牛肉|米饭|西葫芦炒蛋/素鸡
5365,小青菜|米饭|茭白肉丝小炒|西葫芦炒蛋/素鸡|酱鸭
5366,油麦菜|牛肉|米饭|西葫芦炒蛋/素鸡
5367,小青菜|木耳娃娃菜/黄豆芽|牛肉|米饭|红烧排骨|葱油芋头|西葫芦炒蛋/素鸡|酱鸭
5368,小青菜|牛肉|米饭|花菜|茭白肉丝小炒|西葫芦炒蛋/素鸡
5369,千张结烧肉|小青菜|米饭|葱油芋头|蘑菇肉片|西葫芦炒蛋/素鸡
537,椒盐带鱼/鸡排|油豆腐烧肉|海带丝|米饭
5370,大排|小青菜|米饭|花菜|西葫芦炒蛋/素鸡|酱鸭
5371,米饭|葱油芋头|蘑菇肉片|西葫芦炒蛋/素鸡
5372,大排|木耳娃娃菜/黄豆芽|牛肉|米饭|葱油芋头|西葫芦炒蛋/素鸡|鱼香杏鲍菇炒肉
5373,小青菜|牛肉|米饭|葱油芋头|西葫芦炒蛋/素鸡|酱鸭
5374,大排|小青菜|米饭|红烧排骨|西葫芦炒蛋/素鸡
5375,大排|小青菜|米饭|花菜
5376,木耳娃娃菜/黄豆芽|牛肉|米饭|葱油芋头
5377,木耳娃娃菜/黄豆芽|牛肉|米饭|蘑菇肉片|西葫芦炒蛋/素鸡
5378,小青菜|木耳娃娃菜/黄豆芽|牛肉|米饭|花菜
5379,小青菜|牛肉|米饭|花菜|西葫芦炒蛋/素鸡
538,口水鸡|土豆丝/大白菜|木耳花菜/青瓜炒蛋|海带丝|米饭|茄子豆角
5380,米饭|红烧排骨|花菜|蘑菇肉片|西葫芦炒蛋/素鸡
5381,千张结烧肉|小青菜|牛肉|米饭|西葫芦炒蛋/素鸡
5382,千张结烧肉|大排|小青菜|木耳娃娃菜/黄豆芽|牛肉|米饭|花菜
5383,米饭|红烧排骨|蘑菇肉片
5384,小青菜|牛肉|米饭|西葫芦炒蛋/素鸡
5385,小青菜|牛肉|米饭|西葫芦炒蛋/素鸡|酱鸭
5386,千张结烧肉|米饭|红烧排骨|酱鸭
5387,木耳娃娃菜/黄豆芽|牛肉|米饭|花菜|葱油芋头|酱鸭
5388,千张结烧肉|小青菜|木耳娃娃菜/黄豆芽|牛肉|米饭|蘑菇肉片|西葫芦炒蛋/素鸡
5389,牛肉|米饭|红烧排骨|花菜|西葫芦炒蛋/素鸡
539,口水鸡|土豆丝/大白菜|海带丝|米饭|芹菜香干|茄子豆角|蘑菇小炒肉
5390,千张结烧肉|大排|小青菜|木耳娃娃菜/黄豆芽|牛肉|米饭|茭白肉丝小炒
5391,油麦菜|牛肉|米饭|西葫芦炒蛋/素鸡
5392,千张结烧肉|小青菜|木耳娃娃菜/黄豆芽|牛肉|米饭|西葫芦炒蛋/素鸡|酱鸭
5393,小青菜|木耳娃娃菜/黄豆芽|牛肉|米饭|红烧排骨|花菜|葱油芋头|西葫芦炒蛋/素鸡|酱鸭
5394,木耳娃娃菜/黄豆芽|牛肉|米饭|西葫芦炒蛋/素鸡
5395,大排|小青菜|木耳娃娃菜/黄豆芽|米饭|蘑菇肉片
5396,油麦菜|牛肉|米饭|酱鸭
5397,大排|木耳娃娃菜/黄豆芽|牛肉|米饭|花菜
5398,大排|油麦菜|牛肉|米饭|西葫芦炒蛋/素鸡
5399,小青菜|牛肉|米饭|葱油芋头|蘑菇肉片|西葫芦炒蛋/素鸡
540,木耳花菜/青瓜炒蛋|椒盐带鱼/鸡排|米饭|红烧排骨|茄子豆角
5400,大排|小青菜|牛肉|米饭|西葫芦炒蛋/素鸡
5401,木耳娃娃菜/黄豆芽|油麦菜|牛肉|米饭|花菜|酱鸭
5402,千张结烧肉|牛肉|米饭|茭白肉丝小炒|西葫芦炒蛋/素鸡|酱鸭
5403,牛肉|米饭|花菜|葱油芋头|西葫芦炒蛋/素鸡
5404,小青菜|木耳娃娃菜/黄豆芽|牛肉|米饭|红烧排骨|蘑菇肉片|西葫芦炒蛋/素鸡|酱鸭
5405,牛肉|米饭|蘑菇肉片|西葫芦炒蛋/素鸡
5406,木耳娃娃菜/黄豆芽|油麦菜|牛肉|米饭|茭白肉丝小炒|西葫芦炒蛋/素鸡|酱鸭
5407,木耳娃娃菜/黄豆芽|牛肉|米饭|葱油芋头|蘑菇肉片|西葫芦炒蛋/素鸡
5408,木耳娃娃菜/黄豆芽|牛肉|米饭|茭白肉丝小炒|西葫芦炒蛋/素鸡
5409,大排|木耳娃娃菜/黄豆芽|西葫芦炒蛋/素鸡
541,木耳花菜/青瓜炒蛋|椒盐带鱼/鸡排|米饭|红烧排骨|芹菜香干
5410,千张结烧肉|小青菜|木耳娃娃菜/黄豆芽|油麦菜|米饭|花菜|茭白肉丝小炒|西葫芦炒蛋/素鸡|酱鸭
5411,米饭|蘑菇肉片|西葫芦炒蛋/素鸡|酱鸭
5412,大排|木耳娃娃菜/黄豆芽|米饭|红烧排骨|蘑菇肉片|西葫芦炒蛋/素鸡
5413,大排|木耳娃娃菜/黄豆芽|油麦菜|牛肉|米饭|西葫芦炒蛋/素鸡
5414,大排|小青菜|牛肉|米饭|西葫芦炒蛋/素鸡
5415,牛肉|米饭|蘑菇肉片|西葫芦炒蛋/素鸡|酱鸭
5416,大排|木耳娃娃菜/黄豆芽|米饭|蘑菇肉片|西葫芦炒蛋/素鸡
5417,千张结烧肉|油麦菜|牛肉|米饭|花菜|西葫芦炒蛋/素鸡|酱鸭
5418,大排|小青菜|米饭|花菜|蘑菇肉片
5419,木耳娃娃菜/黄豆芽|牛肉|米饭|红烧排骨|蘑菇肉片
542,土豆丝/大白菜|木耳花菜/青瓜炒蛋|油豆腐烧肉|海带丝|米饭|茄子豆角|蘑菇小炒肉
5420,千张结烧肉|木耳娃娃菜/黄豆芽|牛肉|米饭|茭白肉丝小炒
5421,小青菜|木耳娃娃菜/黄豆芽|牛肉|米饭|红烧排骨|花菜|蘑菇肉片
5422,木耳娃娃菜/黄豆芽|油麦菜|米饭
5423,大排|小青菜|米饭
5424,大排|小青菜|木耳娃娃菜/黄豆芽|油麦菜|米饭|花菜|葱油芋头|酱鸭
5425,大排|油麦菜|花菜
5426,大排|油麦菜|牛肉|米饭
5427,大排|小青菜|木耳娃娃菜/黄豆芽|牛肉|米饭
5428,千张结烧肉|油麦菜|米饭|花菜|酱鸭
5429,大排|木耳娃娃菜/黄豆芽|牛肉|米饭|花菜|西葫芦炒蛋/素鸡|酱鸭
543,口水鸡|土豆丝/大白菜|椒盐带鱼/鸡排|海带丝|米饭|芹菜香干|蘑菇小炒肉
5430,千张结烧肉|油麦菜|牛肉|米饭|花菜
5431,油麦菜|米饭|茭白肉丝小炒|西葫芦炒蛋/素鸡|酱鸭
5432,木耳娃娃菜/黄豆芽|牛肉|米饭|花菜|葱油芋头|酱鸭
5433,油麦菜|米饭|花菜|西葫芦炒蛋/素鸡
5434,小青菜|牛肉|米饭|蘑菇肉片|西葫芦炒蛋/素鸡
5435,油麦菜|牛肉|米饭|红烧排骨|茭白肉丝小炒
5436,牛肉|米饭|红烧排骨|花菜|葱油芋头|西葫芦炒蛋/素鸡
5437,小青菜|牛肉|红烧排骨|酱鸭
5438,大排|小青菜|米饭|茭白肉丝小炒
5439,牛肉|红烧排骨|葱油芋头|蘑菇肉片|西葫芦炒蛋/素鸡
544,土豆丝/大白菜|木耳花菜/青瓜炒蛋|米饭|红烧排骨
5440,牛肉|花菜|西葫芦炒蛋/素鸡|酱鸭
5441,木耳娃娃菜/黄豆芽|牛肉|花菜|蘑菇肉片|西葫芦炒蛋/素鸡
5442,小青菜|木耳娃娃菜/黄豆芽|米饭|葱油芋头
5443,大排|木耳娃娃菜/黄豆芽|油麦菜|牛肉|米饭|西葫芦炒蛋/素鸡|酱鸭
5444,大排|油麦菜|米饭|西葫芦炒蛋/素鸡|酱鸭
5445,木耳娃娃菜/黄豆芽|牛肉|米饭|花菜|葱油芋头|蘑菇肉片
5446,油麦菜|米饭|西葫芦炒蛋/素鸡|酱鸭
5447,木耳娃娃菜/黄豆芽|牛肉|米饭|蘑菇肉片|西葫芦炒蛋/素鸡
5448,木耳娃娃菜/黄豆芽|牛肉|米饭|西葫芦炒蛋/素鸡|酱鸭
5449,小青菜|米饭|花菜|酱鸭
545,口水鸡|茄子豆角
5450,大排|木耳娃娃菜/黄豆芽|油麦菜|米饭|茭白肉丝小炒|西葫芦炒蛋/素鸡
5451,大排|木耳娃娃菜/黄豆芽|牛肉|米饭|葱油芋头
5452,木耳娃娃菜/黄豆芽|米饭|花菜|酱鸭
5453,木耳娃娃菜/黄豆芽|米饭|花菜
5454,千张结烧肉|大排|小青菜|米饭|花菜
5455,小青菜|牛肉|米饭|红烧排骨|葱油芋头|蘑菇肉片|西葫芦炒蛋/素鸡
5456,木耳娃娃菜/黄豆芽|米饭|蘑菇肉片|西葫芦炒蛋/素鸡
5457,木耳娃娃菜/黄豆芽|米饭|红烧排骨|花菜|葱油芋头|酱鸭
5458,小青菜|牛肉|米饭|葱油芋头|蘑菇肉片|酱鸭
5459,木耳娃娃菜/黄豆芽|油麦菜|牛肉|米饭|茭白肉丝小炒|西葫芦炒蛋/素鸡
546,土豆丝/大白菜|椒盐带鱼/鸡排|油豆腐烧肉|海带丝|米饭|红烧排骨|芹菜香干|蘑菇小炒肉
5460,大排|木耳娃娃菜/黄豆芽|油麦菜|米饭|西葫芦炒蛋/素鸡
5461,千张结烧肉|大排|米饭|西葫芦炒蛋/素鸡
5462,小青菜|木耳娃娃菜/黄豆芽|牛肉|米饭|花菜|茭白肉丝小炒
5463,大排|小青菜|木耳娃娃菜/黄豆芽|牛肉|米饭|西葫芦炒蛋/素鸡
5464,大排|小青菜|牛肉|米饭|西葫芦炒蛋/素鸡
5465,木耳娃娃菜/黄豆芽|牛肉|米饭|蘑菇肉片
5466,木耳娃娃菜/黄豆芽|米饭|红烧排骨|西葫芦炒蛋/素鸡|酱鸭
5467,牛肉|米饭|蘑菇肉片|西葫芦炒蛋/素鸡|酱鸭
5468,木耳娃娃菜/黄豆芽|米饭|红烧排骨|西葫芦炒蛋/素鸡|酱鸭
5469,大排|油麦菜|牛肉|米饭|西葫芦炒蛋/素鸡
547,土豆丝/大白菜|木耳花菜/青瓜炒蛋|椒盐带鱼/鸡排|米饭|蘑菇小炒肉
5470,油麦菜|牛肉|米饭|茭白肉丝小炒|西葫芦炒蛋/素鸡
5471,大排|小青菜|木耳娃娃菜/黄豆芽|牛肉|米饭|西葫芦炒蛋/素鸡
5472,牛肉|米饭|红烧排骨|花菜|西葫芦炒蛋/素鸡|酱鸭
5473,小青菜|油麦菜|牛肉|米饭
5474,小青菜|米饭|花菜|西葫芦炒蛋/素鸡
5475,木耳娃娃菜/黄豆芽|牛肉|米饭|蘑菇肉片|西葫芦炒蛋/素鸡
5476,小青菜|牛肉|米饭|花菜|葱油芋头
5477,木耳娃娃菜/黄豆芽|牛肉|米饭|花菜|蘑菇肉片
5478,油麦菜|米饭|茭白肉丝小炒|西葫芦炒蛋/素鸡
5479,木耳娃娃菜/黄豆芽|牛肉|米饭|红烧排骨|酱鸭
548,土豆丝/大白菜|油豆腐烧肉|米饭|茄子豆角
5480,木耳娃娃菜/黄豆芽|牛肉|米饭|红烧排骨|花菜|蘑菇肉片
5481,木耳娃娃菜/黄豆芽|牛肉|红烧排骨|葱油芋头|蘑菇肉片
5482,大排|小青菜|牛肉|米饭|花菜|茭白肉丝小炒|西葫芦炒蛋/素鸡
5483,牛肉|米饭|茭白肉丝小炒|西葫芦炒蛋/素鸡|酱鸭
5484,米饭
5485,木耳娃娃菜/黄豆芽|牛肉|米饭|红烧排骨|花菜|芹菜香干|葱油芋头|蘑菇肉片|西葫芦炒蛋/素鸡|酱鸭
5486,牛肉|米饭|红烧排骨|芹菜香干|西葫芦炒蛋/素鸡
5487,木耳娃娃菜/黄豆芽|米饭|红烧排骨|芹菜香干|葱油芋头|蘑菇肉片|西葫芦炒蛋/素鸡
5488,大排|木耳娃娃菜/黄豆芽|米饭|芹菜香干|葱油芋头
5489,千张结烧肉|大排|木耳娃娃菜/黄豆芽|牛肉|米饭|花菜|芹菜香干|葱油芋头|蘑菇肉片
549,口水鸡|海带丝|米饭|茄子豆角|蘑菇小炒肉
5490,米饭|花菜|芹菜香干|蘑菇肉片|酱鸭
5491,大排|木耳娃娃菜/黄豆芽|牛肉|米饭|花菜|芹菜香干|茭白肉丝小炒|西葫芦炒蛋/素鸡
5492,木耳娃娃菜/黄豆芽|牛肉|米饭|葱油芋头
5493,小青菜|牛肉|米饭|花菜|蘑菇肉片|酱鸭
5494,牛肉|米饭|西葫芦炒蛋/素鸡
5495,大排|木耳娃娃菜/黄豆芽|米饭|芹菜香干|蘑菇肉片
5496,大排|木耳娃娃菜/黄豆芽|牛肉|米饭|葱油芋头|西葫芦炒蛋/素鸡
5497,大排|木耳娃娃菜/黄豆芽|油麦菜|牛肉|米饭|茭白肉丝小炒|西葫芦炒蛋/素鸡
5498,大排|木耳娃娃菜/黄豆芽|油麦菜|米饭|酱鸭
5499,米饭|红烧排骨|芹菜香干|茭白肉丝小炒|酱鸭
550,口水鸡|木耳花菜/青瓜炒蛋|米饭|芹菜香干|茄子豆角
5500,木耳娃娃菜/黄豆芽|牛肉|米饭|红烧排骨|芹菜香干|葱油芋头|蘑菇肉片|酱鸭
5501,大排|木耳娃娃菜/黄豆芽|牛肉|米饭|芹菜香干|西葫芦炒蛋/素鸡
5502,牛肉|米饭|花菜|葱油芋头
5503,牛肉|米饭|花菜|茭白肉丝小炒|蘑菇肉片|西葫芦炒蛋/素鸡
5504,牛肉|米饭|芹菜香干|西葫芦炒蛋/素鸡
5505,米饭|红烧排骨|蘑菇肉片
5506,千张结烧肉|牛肉|米饭|花菜|茭白肉丝小炒
5507,木耳娃娃菜/黄豆芽|牛肉|米饭|红烧排骨|芹菜香干|蘑菇肉片|西葫芦炒蛋/素鸡
5508,木耳娃娃菜/黄豆芽|油麦菜|牛肉|米饭|茭白肉丝小炒|西葫芦炒蛋/素鸡
5509,小青菜|牛肉|米饭|茭白肉丝小炒|西葫芦炒蛋/素鸡
551,土豆丝/大白菜|米饭|红烧排骨|茄子豆角
5510,千张结烧肉|大排|木耳娃娃菜/黄豆芽|米饭
5511,千张结烧肉|米饭|茭白肉丝小炒|西葫芦炒蛋/素鸡
5512,木耳娃娃菜/黄豆芽|牛肉|米饭|芹菜香干|西葫芦炒蛋/素鸡
5513,小青菜|木耳娃娃菜/黄豆芽|牛肉|米饭|蘑菇肉片|西葫芦炒蛋/素鸡
5514,大排|牛肉|米饭|芹菜香干|西葫芦炒蛋/素鸡
5515,木耳娃娃菜/黄豆芽|牛肉|米饭|红烧排骨|花菜|西葫芦炒蛋/素鸡
5516,千张结烧肉|大排|小青菜|木耳娃娃菜/黄豆芽|牛肉|米饭|芹菜香干|西葫芦炒蛋/素鸡
5517,大排|米饭|花菜|葱油芋头|蘑菇肉片
5518,千张结烧肉|牛肉|米饭|红烧排骨|芹菜香干|茭白肉丝小炒|西葫芦炒蛋/素鸡
5519,牛肉|米饭|红烧排骨|芹菜香干|茭白肉丝小炒|西葫芦炒蛋/素鸡
552,土豆丝/大白菜|油豆腐烧肉|米饭|红烧排骨|茄子豆角|蘑菇小炒肉
5520,牛肉|米饭|红烧排骨|花菜|芹菜香干|葱油芋头
5521,牛肉|米饭|花菜|茭白肉丝小炒|蘑菇肉片|酱鸭
5522,大排|木耳娃娃菜/黄豆芽|牛肉|米饭|红烧排骨|花菜|葱油芋头
5523,大排|木耳娃娃菜/黄豆芽|米饭|葱油芋头
5524,米饭|芹菜香干|茭白肉丝小炒|酱鸭
5525,大排|木耳娃娃菜/黄豆芽|米饭|西葫芦炒蛋/素鸡
5526,米饭|红烧排骨|葱油芋头|西葫芦炒蛋/素鸡
5527,米饭|红烧排骨|葱油芋头|西葫芦炒蛋/素鸡
5528,米饭|红烧排骨|花菜|芹菜香干|西葫芦炒蛋/素鸡
5529,木耳娃娃菜/黄豆芽|米饭|红烧排骨|花菜|西葫芦炒蛋/素鸡
553,土豆丝/大白菜|椒盐带鱼/鸡排|海带丝|米饭|红烧排骨|芹菜香干
5530,大排|牛肉|红烧排骨|茭白肉丝小炒
5531,大排|木耳娃娃菜/黄豆芽|牛肉|米饭|花菜|茭白肉丝小炒
5532,米饭
5533,牛肉|米饭|花菜|葱油芋头|酱鸭
5534,木耳娃娃菜/黄豆芽|牛肉
5535,木耳娃娃菜/黄豆芽|牛肉|米饭|西葫芦炒蛋/素鸡
5536,千张结烧肉|大排|木耳娃娃菜/黄豆芽|米饭|茭白肉丝小炒
5537,小青菜|木耳娃娃菜/黄豆芽|牛肉|米饭|红烧排骨
5538,大排|米饭|花菜|酱鸭
5539,大排|木耳娃娃菜/黄豆芽|米饭|葱油芋头
554,土豆丝/大白菜|米饭|红烧排骨|茄子豆角|蘑菇小炒肉
5540,木耳娃娃菜/黄豆芽|牛肉|米饭|葱油芋头
5541,酱鸭
5542,木耳娃娃菜/黄豆芽|牛肉|米饭|花菜|芹菜香干|茭白肉丝小炒
5543,米饭|红烧排骨|花菜
5544,大排|木耳娃娃菜/黄豆芽|牛肉|米饭|花菜
5545,千张结烧肉|木耳娃娃菜/黄豆芽|米饭|红烧排骨|茭白肉丝小炒|西葫芦炒蛋/素鸡
5546,红烧排骨|茭白肉丝小炒|葱油芋头
5547,千张结烧肉|米饭|花菜|芹菜香干|西葫芦炒蛋/素鸡
5548,付皮包|山药卷|油豆腐烧肉|盐水虾|米饭|葱油广东菜心|葱油鸡|蘑菇小炒肉
5549,红烧带鱼|葱油广东菜心
555,口水鸡|木耳花菜/青瓜炒蛋|米饭|芹菜香干|茄子豆角
5550,包菜油付/绿豆芽|山药卷|米饭|红烧排骨|葱油广东菜心|蘑菇小炒肉
5551,包菜油付/绿豆芽|四季豆肉丝|家常豆腐|米饭|葱油广东菜心|葱油鸡|西红柿炒蛋/葱油芋艿
5552,包菜油付/绿豆芽|家常豆腐|米饭|葱油鸡
5553,包菜油付/绿豆芽|四季豆肉丝|米饭|葱油鸡
5554,包菜油付/绿豆芽|家常豆腐|米饭|红烧排骨|葱油广东菜心|葱油鳊鱼
5555,家常豆腐|红烧排骨|葱油广东菜心|葱油鸡
5556,包菜油付/绿豆芽|油豆腐烧肉|盐水虾|米饭|葱油广东菜心|葱油鸡|西红柿炒蛋/葱油芋艿
5557,包菜油付/绿豆芽|家常豆腐|米饭|葱油鸡
5558,包菜油付/绿豆芽|山药卷|油豆腐烧肉|米饭|红烧排骨|葱油广东菜心|葱油鳊鱼|蘑菇小炒肉|西红柿炒蛋/葱油芋艿
5559,包菜油付/绿豆芽|家常豆腐|盐水虾|米饭|红烧带鱼|葱油鸡|西红柿炒蛋/葱油芋艿
556,土豆丝/大白菜|木耳花菜/青瓜炒蛋|椒盐带鱼/鸡排|海带丝|米饭
5560,包菜油付/绿豆芽|米饭|葱油鸡|蘑菇小炒肉
5561,包菜油付/绿豆芽|米饭|蘑菇小炒肉|西红柿炒蛋/葱油芋艿
5562,包菜油付/绿豆芽|山药卷|米饭|葱油广东菜心|葱油鳊鱼|葱油鸡
5563,包菜油付/绿豆芽|山药卷|米饭|红烧排骨|葱油广东菜心|葱油鸡|西红柿炒蛋/葱油芋艿
5564,包菜油付/绿豆芽|家常豆腐|盐水虾|米饭|红烧排骨|葱油广东菜心|西红柿炒蛋/葱油芋艿
5565,家常豆腐|山药卷|米饭|葱油广东菜心|葱油鸡|蘑菇小炒肉
5566,家常豆腐|油豆腐烧肉|米饭|红烧排骨
5567,包菜油付/绿豆芽|四季豆肉丝|盐水虾|米饭|红烧排骨|葱油广东菜心|西红柿炒蛋/葱油芋艿
5568,包菜油付/绿豆芽|家常豆腐|盐水虾|米饭|红烧带鱼|红烧排骨|葱油广东菜心|西红柿炒蛋/葱油芋艿
5569,包菜油付/绿豆芽|家常豆腐|米饭|红烧排骨|蘑菇小炒肉
557,椒盐带鱼/鸡排|米饭|芹菜香干|蘑菇小炒肉
5570,包菜油付/绿豆芽|四季豆肉丝|山药卷|盐水虾|米饭|红烧带鱼|红烧排骨|葱油鸡|西红柿炒蛋/葱油芋艿
5571,包菜油付/绿豆芽|家常豆腐|盐水虾|米饭|蘑菇小炒肉|西红柿炒蛋/葱油芋艿
5572,付皮包|家常豆腐|米饭|红烧排骨|西红柿炒蛋/葱油芋艿
5573,付皮包|包菜油付/绿豆芽|米饭|蘑菇小炒肉|西红柿炒蛋/葱油芋艿
5574,付皮包|家常豆腐|盐水虾|米饭|红烧带鱼|红烧排骨|葱油广东菜心|西红柿炒蛋/葱油芋艿
5575,包菜油付/绿豆芽|家常豆腐|山药卷|盐水虾|米饭|红烧带鱼|红烧排骨|葱油广东菜心|西红柿炒蛋/葱油芋艿
5576,四季豆肉丝|家常豆腐|盐水虾|米饭|红烧带鱼|葱油鸡
5577,包菜油付/绿豆芽|四季豆肉丝|盐水虾|米饭|蘑菇小炒肉
5578,家常豆腐|山药卷|米饭|葱油鸡|蘑菇小炒肉
5579,包菜油付/绿豆芽|四季豆肉丝|家常豆腐|油豆腐烧肉|米饭
558,口水鸡|土豆丝/大白菜|芹菜香干|茄子豆角
5580,付皮包|米饭|蘑菇小炒肉|西红柿炒蛋/葱油芋艿
5581,包菜油付/绿豆芽|盐水虾|米饭|葱油广东菜心|葱油鸡
5582,四季豆肉丝|米饭|葱油鸡|蘑菇小炒肉|西红柿炒蛋/葱油芋艿
5583,包菜油付/绿豆芽|四季豆肉丝|家常豆腐|油豆腐烧肉|盐水虾|米饭|葱油鸡|西红柿炒蛋/葱油芋艿
5584,包菜油付/绿豆芽|四季豆肉丝|油豆腐烧肉|盐水虾|米饭|葱油鸡|西红柿炒蛋/葱油芋艿
5585,包菜油付/绿豆芽|四季豆肉丝|油豆腐烧肉|米饭|葱油广东菜心|西红柿炒蛋/葱油芋艿
5586,四季豆肉丝|家常豆腐|米饭|红烧排骨|西红柿炒蛋/葱油芋艿
5587,付皮包|包菜油付/绿豆芽|家常豆腐|山药卷|米饭|红烧排骨|葱油鸡|蘑菇小炒肉
5588,包菜油付/绿豆芽|米饭|葱油鸡|西红柿炒蛋/葱油芋艿
5589,包菜油付/绿豆芽|家常豆腐|米饭|葱油鸡|蘑菇小炒肉
559,土豆丝/大白菜|椒盐带鱼/鸡排|米饭|茄子豆角|蘑菇小炒肉
5590,包菜油付/绿豆芽|米饭|葱油广东菜心|葱油鸡
5591,付皮包|包菜油付/绿豆芽|四季豆肉丝|米饭|西红柿炒蛋/葱油芋艿
5592,家常豆腐|油豆腐烧肉|米饭|蘑菇小炒肉|西红柿炒蛋/葱油芋艿
5593,付皮包|家常豆腐|山药卷|盐水虾|米饭|葱油广东菜心|葱油鸡|蘑菇小炒肉
5594,包菜油付/绿豆芽|米饭|红烧排骨|葱油鳊鱼
5595,付皮包|家常豆腐|米饭|葱油广东菜心
5596,包菜油付/绿豆芽|家常豆腐|油豆腐烧肉|米饭
5597,包菜油付/绿豆芽|四季豆肉丝|米饭|红烧排骨
5598,家常豆腐|米饭|葱油广东菜心|葱油鳊鱼
5599,包菜油付/绿豆芽|山药卷|米饭|红烧排骨|葱油鸡|西红柿炒蛋/葱油芋艿
560,口水鸡|土豆丝/大白菜|木耳花菜/青瓜炒蛋|米饭|茄子豆角
5600,包菜油付/绿豆芽|四季豆肉丝|油豆腐烧肉|米饭
5601,付皮包|包菜油付/绿豆芽|山药卷|米饭|红烧排骨|西红柿炒蛋/葱油芋艿
5602,付皮包|包菜油付/绿豆芽|米饭|蘑菇小炒肉
5603,付皮包|山药卷|油豆腐烧肉|米饭|葱油广东菜心|西红柿炒蛋/葱油芋艿
5604,包菜油付/绿豆芽|米饭|红烧排骨|葱油广东菜心|葱油鸡|蘑菇小炒肉|西红柿炒蛋/葱油芋艿
5605,包菜油付/绿豆芽|四季豆肉丝|家常豆腐|米饭|红烧带鱼|红烧排骨|葱油广东菜心
5606,付皮包|包菜油付/绿豆芽|米饭|葱油鳊鱼|西红柿炒蛋/葱油芋艿
5607,包菜油付/绿豆芽|油豆腐烧肉|米饭
5608,包菜油付/绿豆芽|米饭|葱油广东菜心|葱油鸡|蘑菇小炒肉|西红柿炒蛋/葱油芋艿
5609,四季豆肉丝|家常豆腐|米饭|葱油鸡|西红柿炒蛋/葱油芋艿
561,土豆丝/大白菜|椒盐带鱼/鸡排|米饭|红烧排骨|茄子豆角|蘑菇小炒肉
5610,包菜油付/绿豆芽|家常豆腐|油豆腐烧肉|盐水虾|米饭|葱油鸡|西红柿炒蛋/葱油芋艿
5611,付皮包|米饭|蘑菇小炒肉
5612,四季豆肉丝|家常豆腐|山药卷|盐水虾|米饭|葱油广东菜心|葱油鳊鱼|葱油鸡|蘑菇小炒肉
5613,油豆腐烧肉|米饭|红烧带鱼|西红柿炒蛋/葱油芋艿
5614,付皮包|家常豆腐|米饭|蘑菇小炒肉
5615,包菜油付/绿豆芽|家常豆腐|葱油广东菜心|葱油鸡|西红柿炒蛋/葱油芋艿
5616,付皮包|包菜油付/绿豆芽|家常豆腐|山药卷|盐水虾|米饭|红烧带鱼|葱油广东菜心|葱油鸡|蘑菇小炒肉|西红柿炒蛋/葱油芋艿
5617,包菜油付/绿豆芽|家常豆腐|油豆腐烧肉|盐水虾|米饭|红烧带鱼|西红柿炒蛋/葱油芋艿
5618,包菜油付/绿豆芽|家常豆腐|油豆腐烧肉|米饭|红烧带鱼|西红柿炒蛋/葱油芋艿
5619,米饭|葱油广东菜心|葱油鸡|西红柿炒蛋/葱油芋艿
562,口水鸡|椒盐带鱼/鸡排|海带丝|米饭|红烧排骨
5620,付皮包|包菜油付/绿豆芽|米饭|红烧排骨
5621,付皮包|包菜油付/绿豆芽|家常豆腐|米饭|葱油广东菜心|葱油鳊鱼
5622,付皮包|包菜油付/绿豆芽|米饭|葱油广东菜心|葱油鸡
5623,包菜油付/绿豆芽|油豆腐烧肉|盐水虾|葱油广东菜心
5624,付皮包|包菜油付/绿豆芽|油豆腐烧肉|盐水虾|米饭|红烧带鱼|葱油广东菜心|蘑菇小炒肉
5625,四季豆肉丝|家常豆腐|米饭|红烧带鱼|葱油广东菜心
5626,家常豆腐|米饭|红烧排骨|葱油广东菜心|蘑菇小炒肉
5627,四季豆肉丝|油豆腐烧肉|米饭|红烧带鱼|葱油鸡
5628,包菜油付/绿豆芽|家常豆腐|葱油广东菜心|葱油鸡
5629,付皮包|包菜油付/绿豆芽|家常豆腐|油豆腐烧肉|米饭
563,土豆丝/大白菜|木耳花菜/青瓜炒蛋|椒盐带鱼/鸡排|油豆腐烧肉|海带丝|米饭|红烧排骨|芹菜香干
5630,山药卷|米饭|葱油广东菜心|葱油鸡|西红柿炒蛋/葱油芋艿
5631,付皮包|山药卷|米饭|葱油广东菜心
5632,包菜油付/绿豆芽|米饭|葱油鸡|西红柿炒蛋/葱油芋艿
5633,包菜油付/绿豆芽|山药卷|米饭|西红柿炒蛋/葱油芋艿
5634,付皮包|包菜油付/绿豆芽|家常豆腐|米饭|红烧排骨|西红柿炒蛋/葱油芋艿
5635,包菜油付/绿豆芽|盐水虾|米饭|红烧排骨|葱油广东菜心|西红柿炒蛋/葱油芋艿
5636,付皮包|包菜油付/绿豆芽|油豆腐烧肉|米饭|蘑菇小炒肉|西红柿炒蛋/葱油芋艿
5637,付皮包|包菜油付/绿豆芽|家常豆腐|米饭|葱油广东菜心
5638,包菜油付/绿豆芽|四季豆肉丝|山药卷|盐水虾|米饭|红烧排骨|葱油鸡|西红柿炒蛋/葱油芋艿
5639,山药卷|米饭|红烧带鱼|蘑菇小炒肉|西红柿炒蛋/葱油芋艿
564,口水鸡|土豆丝/大白菜|椒盐带鱼/鸡排|海带丝|米饭|茄子豆角
5640,包菜油付/绿豆芽|山药卷|盐水虾|米饭|红烧排骨|蘑菇小炒肉|西红柿炒蛋/葱油芋艿
5641,付皮包|包菜油付/绿豆芽|家常豆腐|米饭|红烧排骨|葱油鸡|蘑菇小炒肉|西红柿炒蛋/葱油芋艿
5642,包菜油付/绿豆芽|四季豆肉丝|家常豆腐|盐水虾|米饭|红烧排骨|葱油广东菜心|葱油鸡|西红柿炒蛋/葱油芋艿
5643,包菜油付/绿豆芽|四季豆肉丝|家常豆腐|油豆腐烧肉|米饭|葱油广东菜心|葱油鸡
5644,包菜油付/绿豆芽|四季豆肉丝|家常豆腐|盐水虾|米饭|葱油鸡
5645,付皮包|家常豆腐|山药卷|米饭|西红柿炒蛋/葱油芋艿
5646,包菜油付/绿豆芽|油豆腐烧肉|盐水虾|米饭|红烧带鱼
5647,包菜油付/绿豆芽|米饭|葱油广东菜心|葱油鸡
5648,包菜油付/绿豆芽|米饭|葱油鸡|蘑菇小炒肉
5649,家常豆腐|盐水虾|米饭|红烧排骨|葱油广东菜心
565,口水鸡|椒盐带鱼/鸡排|油豆腐烧肉|米饭|蘑菇小炒肉
5650,四季豆肉丝|米饭|红烧排骨|西红柿炒蛋/葱油芋艿
5651,包菜油付/绿豆芽|油豆腐烧肉|米饭|红烧带鱼|西红柿炒蛋/葱油芋艿
5652,盐水虾|米饭|红烧带鱼|西红柿炒蛋/葱油芋艿
5653,包菜油付/绿豆芽|四季豆肉丝|米饭|葱油广东菜心|蘑菇小炒肉|西红柿炒蛋/葱油芋艿
5654,包菜油付/绿豆芽|四季豆肉丝|油豆腐烧肉|盐水虾|米饭|红烧带鱼|葱油广东菜心|西红柿炒蛋/葱油芋艿
5655,付皮包|包菜油付/绿豆芽|家常豆腐|山药卷|米饭|红烧排骨|葱油广东菜心|葱油鸡
5656,家常豆腐|米饭|葱油广东菜心|西红柿炒蛋/葱油芋艿
5657,包菜油付/绿豆芽|米饭|西红柿炒蛋/葱油芋艿
5658,付皮包|包菜油付/绿豆芽|家常豆腐|油豆腐烧肉|米饭|红烧带鱼|红烧排骨
5659,包菜油付/绿豆芽|家常豆腐|山药卷|米饭|红烧带鱼|红烧排骨|葱油广东菜心|葱油鸡
566,木耳花菜/青瓜炒蛋|椒盐带鱼/鸡排|油豆腐烧肉|米饭
5660,家常豆腐|油豆腐烧肉|盐水虾|红烧带鱼|葱油广东菜心|西红柿炒蛋/葱油芋艿
5661,付皮包|包菜油付/绿豆芽|山药卷|米饭|葱油鸡|蘑菇小炒肉
5662,包菜油付/绿豆芽|四季豆肉丝|油豆腐烧肉|米饭|葱油鸡|西红柿炒蛋/葱油芋艿
5663,包菜油付/绿豆芽|米饭|葱油广东菜心|葱油鳊鱼|蘑菇小炒肉|西红柿炒蛋/葱油芋艿
5664,四季豆肉丝|家常豆腐|盐水虾|米饭
5665,山药卷|米饭|红烧排骨|蘑菇小炒肉|西红柿炒蛋/葱油芋艿
5666,四季豆肉丝|家常豆腐|盐水虾|米饭|葱油广东菜心|蘑菇小炒肉
5667,家常豆腐|米饭|葱油广东菜心|西红柿炒蛋/葱油芋艿
5668,四季豆肉丝|米饭|红烧带鱼|西红柿炒蛋/葱油芋艿
5669,包菜油付/绿豆芽|家常豆腐|米饭|红烧带鱼
567,土豆丝/大白菜|椒盐带鱼/鸡排|米饭|茄子豆角
5670,米饭|葱油广东菜心|蘑菇小炒肉|西红柿炒蛋/葱油芋艿
5671,包菜油付/绿豆芽|家常豆腐|山药卷|米饭|葱油鳊鱼|蘑菇小炒肉|西红柿炒蛋/葱油芋艿
5672,付皮包|包菜油付/绿豆芽|家常豆腐|盐水虾|米饭|葱油鳊鱼|西红柿炒蛋/葱油芋艿
5673,包菜油付/绿豆芽|米饭|葱油鸡|西红柿炒蛋/葱油芋艿
5674,四季豆肉丝|油豆腐烧肉|米饭|红烧排骨|葱油广东菜心|西红柿炒蛋/葱油芋艿
5675,包菜油付/绿豆芽|油豆腐烧肉|米饭|红烧带鱼|葱油广东菜心|西红柿炒蛋/葱油芋艿
5676,米饭|红烧带鱼|红烧排骨|葱油广东菜心|葱油鸡|蘑菇小炒肉|西红柿炒蛋/葱油芋艿
5677,付皮包|包菜油付/绿豆芽|家常豆腐|山药卷|油豆腐烧肉|盐水虾|米饭|红烧带鱼|红烧排骨|葱油广东菜心|葱油鸡|西红柿炒蛋/葱油芋艿
5678,付皮包|包菜油付/绿豆芽|米饭|葱油鳊鱼|葱油鸡|西红柿炒蛋/葱油芋艿
5679,包菜油付/绿豆芽|四季豆肉丝|油豆腐烧肉|米饭|红烧排骨|葱油鸡
568,口水鸡|土豆丝/大白菜|椒盐带鱼/鸡排|海带丝|米饭|芹菜香干|蘑菇小炒肉
5680,付皮包|米饭|葱油鸡|蘑菇小炒肉|西红柿炒蛋/葱油芋艿
5681,家常豆腐|米饭|红烧排骨|葱油广东菜心|蘑菇小炒肉|西红柿炒蛋/葱油芋艿
5682,付皮包|包菜油付/绿豆芽|家常豆腐|米饭|葱油鸡|西红柿炒蛋/葱油芋艿
5683,家常豆腐|米饭|红烧排骨|葱油广东菜心|葱油鸡|西红柿炒蛋/葱油芋艿
5684,包菜油付/绿豆芽|四季豆肉丝|家常豆腐|米饭|红烧带鱼|葱油广东菜心|西红柿炒蛋/葱油芋艿
5685,包菜油付/绿豆芽|四季豆肉丝|家常豆腐|盐水虾|米饭|红烧排骨|西红柿炒蛋/葱油芋艿
5686,家常豆腐|山药卷|盐水虾|米饭|红烧排骨
5687,山药卷|米饭|红烧排骨|葱油广东菜心|葱油鳊鱼|蘑菇小炒肉
5688,四季豆肉丝|米饭|红烧带鱼|葱油广东菜心
5689,包菜油付/绿豆芽|米饭|红烧排骨|葱油广东菜心|蘑菇小炒肉|西红柿炒蛋/葱油芋艿
569,米饭|茄子豆角|蘑菇小炒肉
5690,油豆腐烧肉|米饭|葱油广东菜心|西红柿炒蛋/葱油芋艿
5691,包菜油付/绿豆芽|四季豆肉丝|米饭|红烧带鱼|西红柿炒蛋/葱油芋艿
5692,包菜油付/绿豆芽|四季豆肉丝|米饭|红烧带鱼|红烧排骨|葱油广东菜心
5693,包菜油付/绿豆芽|米饭|红烧排骨|蘑菇小炒肉|西红柿炒蛋/葱油芋艿
5694,包菜油付/绿豆芽|家常豆腐|米饭|葱油鳊鱼|蘑菇小炒肉|西红柿炒蛋/葱油芋艿
5695,付皮包|包菜油付/绿豆芽|山药卷|米饭|葱油鳊鱼
5696,四季豆肉丝|家常豆腐|油豆腐烧肉|米饭|红烧带鱼|葱油广东菜心|葱油鸡|西红柿炒蛋/葱油芋艿
5697,山药卷|米饭|红烧排骨|葱油广东菜心|葱油鸡|西红柿炒蛋/葱油芋艿
5698,包菜油付/绿豆芽|四季豆肉丝|米饭|红烧带鱼|红烧排骨
5699,包菜油付/绿豆芽|家常豆腐|米饭|红烧带鱼
570,口水鸡|土豆丝/大白菜|木耳花菜/青瓜炒蛋|米饭|红烧排骨
5700,付皮包|米饭|红烧排骨|葱油广东菜心|蘑菇小炒肉
5701,山药卷|米饭|葱油广东菜心|蘑菇小炒肉
5702,四季豆肉丝|家常豆腐|米饭|红烧带鱼|葱油鳊鱼|蘑菇小炒肉
5703,包菜油付/绿豆芽|家常豆腐|米饭|红烧排骨|葱油鸡|西红柿炒蛋/葱油芋艿
5704,家常豆腐|盐水虾|米饭|红烧带鱼
5705,包菜油付/绿豆芽|米饭
5706,包菜油付/绿豆芽|四季豆肉丝|家常豆腐|米饭|红烧带鱼|红烧排骨|西红柿炒蛋/葱油芋艿
5707,包菜油付/绿豆芽|四季豆肉丝|家常豆腐|米饭|红烧带鱼|葱油广东菜心|葱油鸡
5708,付皮包|包菜油付/绿豆芽|山药卷|米饭|红烧排骨|葱油广东菜心|西红柿炒蛋/葱油芋艿
5709,包菜油付/绿豆芽|四季豆肉丝|家常豆腐|油豆腐烧肉|盐水虾|米饭|葱油广东菜心|西红柿炒蛋/葱油芋艿
571,口水鸡|木耳花菜/青瓜炒蛋|米饭|红烧排骨|芹菜香干
5710,包菜油付/绿豆芽|家常豆腐|红烧排骨|葱油广东菜心|葱油鳊鱼|葱油鸡|西红柿炒蛋/葱油芋艿
5711,山药卷|米饭|红烧带鱼|红烧排骨|葱油鸡|蘑菇小炒肉|西红柿炒蛋/葱油芋艿
5712,四季豆肉丝|盐水虾|米饭|红烧排骨|葱油广东菜心|西红柿炒蛋/葱油芋艿
5713,家常豆腐|油豆腐烧肉|米饭|红烧带鱼|葱油广东菜心|西红柿炒蛋/葱油芋艿
5714,包菜油付/绿豆芽|米饭|红烧带鱼|葱油广东菜心|葱油鸡|西红柿炒蛋/葱油芋艿
5715,付皮包|包菜油付/绿豆芽|米饭|蘑菇小炒肉|西红柿炒蛋/葱油芋艿
5716,家常豆腐|盐水虾|米饭|红烧排骨|葱油广东菜心|西红柿炒蛋/葱油芋艿
5717,家常豆腐|油豆腐烧肉|米饭|葱油广东菜心|西红柿炒蛋/葱油芋艿
5718,包菜油付/绿豆芽|山药卷|米饭|红烧排骨|葱油鸡|蘑菇小炒肉|西红柿炒蛋/葱油芋艿
5719,包菜油付/绿豆芽|家常豆腐|山药卷|米饭|红烧带鱼|红烧排骨|葱油广东菜心|西红柿炒蛋/葱油芋艿
572,土豆丝/大白菜|海带丝|米饭|蘑菇小炒肉
5720,付皮包|米饭|葱油鸡
5721,包菜油付/绿豆芽|四季豆肉丝|油豆腐烧肉|盐水虾|米饭|葱油广东菜心
5722,家常豆腐|山药卷|米饭|红烧排骨|西红柿炒蛋/葱油芋艿
5723,包菜油付/绿豆芽|家常豆腐|盐水虾|米饭|红烧带鱼|葱油广东菜心|西红柿炒蛋/葱油芋艿
5724,包菜油付/绿豆芽|四季豆肉丝|米饭|葱油广东菜心|葱油鸡
5725,包菜油付/绿豆芽|家常豆腐|米饭|红烧带鱼|蘑菇小炒肉
5726,付皮包|米饭|蘑菇小炒肉|西红柿炒蛋/葱油芋艿
5727,包菜油付/绿豆芽|家常豆腐|米饭|葱油鸡|西红柿炒蛋/葱油芋艿
5728,付皮包|包菜油付/绿豆芽|山药卷|米饭|红烧排骨|西红柿炒蛋/葱油芋艿
5729,付皮包|包菜油付/绿豆芽|家常豆腐|米饭|红烧排骨|西红柿炒蛋/葱油芋艿
573,口水鸡|木耳花菜/青瓜炒蛋|椒盐带鱼/鸡排|米饭|红烧排骨|茄子豆角|蘑菇小炒肉
5730,包菜油付/绿豆芽|红烧排骨|葱油鸡|西红柿炒蛋/葱油芋艿
5731,包菜油付/绿豆芽|家常豆腐|山药卷|米饭|蘑菇小炒肉|西红柿炒蛋/葱油芋艿
5732,包菜油付/绿豆芽|家常豆腐|米饭|红烧带鱼|葱油广东菜心
5733,付皮包|米饭|红烧排骨|葱油广东菜心
5734,包菜油付/绿豆芽|油豆腐烧肉|盐水虾|米饭|红烧排骨
5735,包菜油付/绿豆芽|油豆腐烧肉|米饭|西红柿炒蛋/葱油芋艿
5736,包菜油付/绿豆芽|米饭|红烧带鱼|红烧排骨|西红柿炒蛋/葱油芋艿
5737,米饭|红烧带鱼|西红柿炒蛋/葱油芋艿
5738,付皮包|包菜油付/绿豆芽|米饭|葱油广东菜心|西红柿炒蛋/葱油芋艿
5739,包菜油付/绿豆芽|葱油鸡|蘑菇小炒肉|西红柿炒蛋/葱油芋艿
574,土豆丝/大白菜|椒盐带鱼/鸡排|米饭|红烧排骨|茄子豆角|蘑菇小炒肉
5740,付皮包|包菜油付/绿豆芽|家常豆腐|米饭|蘑菇小炒肉
5741,包菜油付/绿豆芽|家常豆腐|油豆腐烧肉|米饭|西红柿炒蛋/葱油芋艿
5742,包菜油付/绿豆芽|四季豆肉丝|家常豆腐|油豆腐烧肉|米饭|红烧带鱼|红烧排骨|西红柿炒蛋/葱油芋艿
5743,付皮包|四季豆肉丝|米饭|葱油鸡|蘑菇小炒肉|西红柿炒蛋/葱油芋艿
5744,包菜油付/绿豆芽|家常豆腐|山药卷|米饭|红烧带鱼|葱油鸡|西红柿炒蛋/葱油芋艿
5745,家常豆腐|山药卷|米饭|葱油鸡|西红柿炒蛋/葱油芋艿
5746,付皮包|包菜油付/绿豆芽|米饭|红烧带鱼|西红柿炒蛋/葱油芋艿
5747,包菜油付/绿豆芽|四季豆肉丝|盐水虾|米饭|红烧排骨|西红柿炒蛋/葱油芋艿
5748,包菜油付/绿豆芽|山药卷|米饭|红烧带鱼|葱油鸡|蘑菇小炒肉|西红柿炒蛋/葱油芋艿
5749,家常豆腐|米饭|红烧带鱼|西红柿炒蛋/葱油芋艿
575,木耳花菜/青瓜炒蛋|椒盐带鱼/鸡排|米饭|红烧排骨|芹菜香干
5750,包菜油付/绿豆芽|米饭|红烧带鱼|红烧排骨|葱油广东菜心|葱油鸡|西红柿炒蛋/葱油芋艿
5751,包菜油付/绿豆芽|山药卷|米饭|红烧带鱼|红烧排骨|葱油广东菜心|西红柿炒蛋/葱油芋艿
5752,包菜油付/绿豆芽|四季豆肉丝|油豆腐烧肉|米饭|红烧排骨|葱油鸡
5753,包菜油付/绿豆芽|米饭|红烧带鱼|葱油鸡
5754,付皮包|包菜油付/绿豆芽|山药卷|米饭|葱油广东菜心|葱油鸡
5755,包菜油付/绿豆芽|家常豆腐|油豆腐烧肉|米饭|红烧带鱼|红烧排骨|葱油鸡|西红柿炒蛋/葱油芋艿
5756,家常豆腐|木耳芹菜|米饭|红烧带鱼|葱油广东菜心
5757,四季豆肉丝|家常豆腐|米饭|红烧带鱼|葱油鸡|西红柿炒蛋/葱油芋艿
5758,木耳芹菜|米饭|红烧带鱼|蘑菇小炒肉
5759,包菜油付/绿豆芽|四季豆肉丝|家常豆腐|米饭|红烧带鱼|葱油鸡|西红柿炒蛋/葱油芋艿
576,口水鸡|土豆丝/大白菜|椒盐带鱼/鸡排|海带丝|米饭|红烧排骨
5760,包菜油付/绿豆芽|油豆腐烧肉|米饭|红烧带鱼|葱油广东菜心
5761,付皮包|包菜油付/绿豆芽|山药卷|木耳芹菜|米饭|红烧排骨|蘑菇小炒肉|西红柿炒蛋/葱油芋艿
5762,付皮包|包菜油付/绿豆芽|山药卷|米饭|红烧带鱼|红烧排骨|蘑菇小炒肉
5763,付皮包|山药卷|米饭|葱油鸡|蘑菇小炒肉
5764,包菜油付/绿豆芽|四季豆肉丝|油豆腐烧肉|盐水虾|米饭|葱油鸡|西红柿炒蛋/葱油芋艿
5765,付皮包|木耳芹菜|盐水虾|红烧带鱼|葱油鸡|西红柿炒蛋/葱油芋艿
5766,包菜油付/绿豆芽|木耳芹菜|米饭|红烧带鱼|葱油鸡|西红柿炒蛋/葱油芋艿
5767,包菜油付/绿豆芽|家常豆腐|油豆腐烧肉|米饭|葱油鸡
5768,包菜油付/绿豆芽|木耳芹菜|米饭|蘑菇小炒肉|西红柿炒蛋/葱油芋艿
5769,包菜油付/绿豆芽|木耳芹菜|米饭|葱油鸡
577,口水鸡|木耳花菜/青瓜炒蛋|米饭|红烧排骨
5770,付皮包|木耳芹菜|米饭|葱油鸡|西红柿炒蛋/葱油芋艿
5771,包菜油付/绿豆芽|家常豆腐|油豆腐烧肉|米饭|葱油鸡|西红柿炒蛋/葱油芋艿
5772,包菜油付/绿豆芽|木耳芹菜|米饭|红烧带鱼|红烧排骨|西红柿炒蛋/葱油芋艿
5773,四季豆肉丝|油豆腐烧肉|米饭|葱油广东菜心|西红柿炒蛋/葱油芋艿
5774,家常豆腐|木耳芹菜|米饭|红烧带鱼|蘑菇小炒肉
5775,付皮包|米饭|葱油鸡
5776,付皮包|木耳芹菜|米饭|红烧带鱼|红烧排骨|蘑菇小炒肉
5777,包菜油付/绿豆芽|家常豆腐|山药卷|木耳芹菜|米饭|葱油广东菜心|西红柿炒蛋/葱油芋艿
5778,包菜油付/绿豆芽|家常豆腐|米饭|红烧排骨|葱油鸡|西红柿炒蛋/葱油芋艿
5779,付皮包|包菜油付/绿豆芽|四季豆肉丝|木耳芹菜|米饭|红烧带鱼|葱油广东菜心|蘑菇小炒肉|西红柿炒蛋/葱油芋艿
578,口水鸡|土豆丝/大白菜|木耳花菜/青瓜炒蛋|椒盐带鱼/鸡排|油豆腐烧肉|米饭
5780,包菜油付/绿豆芽|家常豆腐|米饭|红烧带鱼|红烧排骨|西红柿炒蛋/葱油芋艿
5781,付皮包|包菜油付/绿豆芽|四季豆肉丝|家常豆腐|山药卷|米饭
5782,包菜油付/绿豆芽|四季豆肉丝|家常豆腐|木耳芹菜|红烧带鱼|红烧排骨|葱油鸡|蘑菇小炒肉|西红柿炒蛋/葱油芋艿
5783,付皮包|木耳芹菜|米饭|葱油鸡
5784,包菜油付/绿豆芽|木耳芹菜|米饭|红烧排骨|葱油鸡|西红柿炒蛋/葱油芋艿
5785,付皮包|家常豆腐|山药卷|油豆腐烧肉|米饭|西红柿炒蛋/葱油芋艿
5786,米饭
5787,四季豆肉丝|米饭|花菜|葱油鸡
5788,付皮包|四季豆肉丝|山药卷|米饭|红烧排骨|花菜|葱油鸡
5789,四季豆肉丝|家常豆腐|米饭|红烧带鱼|红烧排骨|花菜
579,口水鸡|木耳花菜/青瓜炒蛋|海带丝|米饭|芹菜香干
5790,包菜油付/绿豆芽|四季豆肉丝|盐水虾|西红柿炒蛋/葱油芋艿
5791,油豆腐烧肉|西红柿炒蛋/葱油芋艿
5792,木耳芹菜|油豆腐烧肉|米饭|葱油鸡|蘑菇小炒肉
5793,包菜油付/绿豆芽|油豆腐烧肉|米饭|葱油鸡|西红柿炒蛋/葱油芋艿
5794,四季豆肉丝|木耳芹菜|油豆腐烧肉|米饭|蘑菇小炒肉
5795,付皮包|家常豆腐|木耳芹菜|米饭|红烧排骨|花菜|葱油鸡|蘑菇小炒肉
5796,付皮包|包菜油付/绿豆芽|家常豆腐|木耳芹菜|油豆腐烧肉|米饭|西红柿炒蛋/葱油芋艿
5797,付皮包|包菜油付/绿豆芽|家常豆腐|木耳芹菜|油豆腐烧肉|米饭|西红柿炒蛋/葱油芋艿
5798,包菜油付/绿豆芽|家常豆腐|山药卷|油豆腐烧肉|米饭|红烧带鱼|红烧排骨|花菜
5799,家常豆腐|米饭|红烧带鱼|花菜|西红柿炒蛋/葱油芋艿
580,口水鸡|土豆丝/大白菜|米饭|红烧排骨
5800,付皮包|四季豆肉丝|蘑菇小炒肉
5801,包菜油付/绿豆芽|米饭|葱油鸡|西红柿炒蛋/葱油芋艿
5802,付皮包|包菜油付/绿豆芽|四季豆肉丝|山药卷|米饭|红烧排骨
5803,包菜油付/绿豆芽|山药卷|米饭|红烧带鱼|红烧排骨|葱油鸡
5804,包菜油付/绿豆芽|四季豆肉丝|米饭|红烧排骨|西红柿炒蛋/葱油芋艿
5805,付皮包|包菜油付/绿豆芽|四季豆肉丝|家常豆腐|油豆腐烧肉|米饭|红烧排骨|花菜
5806,四季豆肉丝|油豆腐烧肉|米饭|红烧带鱼
5807,付皮包|包菜油付/绿豆芽|米饭|西红柿炒蛋/葱油芋艿
5808,油豆腐烧肉|米饭|葱油鸡|西红柿炒蛋/葱油芋艿
5809,包菜油付/绿豆芽|油豆腐烧肉|米饭|红烧带鱼
581,木耳花菜/青瓜炒蛋|椒盐带鱼/鸡排|海带丝|米饭|芹菜香干
5810,米饭|红烧带鱼|红烧排骨|葱油鸡|西红柿炒蛋/葱油芋艿
5811,包菜油付/绿豆芽|四季豆肉丝|西红柿炒蛋/葱油芋艿
5812,包菜油付/绿豆芽|四季豆肉丝|山药卷|油豆腐烧肉|米饭|红烧排骨|花菜|西红柿炒蛋/葱油芋艿
5813,包菜油付/绿豆芽|山药卷|米饭|红烧带鱼|花菜|葱油鸡
5814,米饭|红烧排骨|蘑菇小炒肉|西红柿炒蛋/葱油芋艿
5815,油豆腐烧肉|米饭|红烧排骨|蘑菇小炒肉
5816,家常豆腐|油豆腐烧肉|米饭|花菜|西红柿炒蛋/葱油芋艿
5817,付皮包|家常豆腐|米饭|花菜|葱油鸡|西红柿炒蛋/葱油芋艿
5818,米饭|红烧排骨|花菜|蘑菇小炒肉
5819,付皮包|米饭|红烧带鱼|花菜
582,口水鸡|茄子豆角
5820,四季豆肉丝|油豆腐烧肉|米饭|花菜|西红柿炒蛋/葱油芋艿
5821,米饭
5822,葱油鸡
5823,土豆丝/小青菜|小黄鱼|米饭|花菜
5824,板栗烧猪脚|米饭|雪菜毛豆/西葫芦炒蛋
5825,土豆丝/小青菜|米饭|花菜|鱼香杏鲍菇肉丝
5826,油豆腐烧肉|米饭|红烧萝卜|雪菜毛豆/西葫芦炒蛋|鱼香杏鲍菇肉丝
5827,大排|米饭|花菜|青椒水面筋|韭黄肉丝小炒
5828,卤鸭|板栗烧猪脚|米饭|红烧萝卜|青椒田藕
5829,卤鸭|大排|米饭|雪菜毛豆/西葫芦炒蛋|青椒水面筋|鱼香杏鲍菇肉丝
583,口水鸡|土豆丝/大白菜|木耳花菜/青瓜炒蛋|椒盐带鱼/鸡排|海带丝|米饭|蘑菇小炒肉
5830,卤鸭|板栗烧猪脚|米饭|花菜|青椒田藕
5831,卤鸭|板栗烧猪脚|米饭|雪菜毛豆/西葫芦炒蛋|青椒水面筋|韭黄肉丝小炒
5832,卤鸭|盐水虾|米饭|雪菜毛豆/西葫芦炒蛋|青椒田藕
5833,土豆丝/小青菜|板栗烧猪脚|米饭|红烧萝卜|花菜
5834,卤鸭|土豆丝/小青菜|米饭|雪菜毛豆/西葫芦炒蛋|韭黄肉丝小炒
5835,土豆丝/小青菜|板栗烧猪脚|米饭|青椒田藕|鱼香杏鲍菇肉丝
5836,土豆丝/小青菜|板栗烧猪脚|米饭|花菜|鱼香杏鲍菇肉丝
5837,土豆丝/小青菜|大排|盐水虾|米饭|花菜|雪菜毛豆/西葫芦炒蛋|韭黄肉丝小炒
5838,土豆丝/小青菜|大排|米饭|雪菜毛豆/西葫芦炒蛋|青椒水面筋|青椒田藕|鱼香杏鲍菇肉丝
5839,卤鸭|土豆丝/小青菜|盐水虾|米饭|雪菜毛豆/西葫芦炒蛋
584,口水鸡|土豆丝/大白菜|木耳花菜/青瓜炒蛋|油豆腐烧肉|米饭|红烧排骨
5840,卤鸭|土豆丝/小青菜|大排|板栗烧猪脚|油豆腐烧肉|雪菜毛豆/西葫芦炒蛋|青椒水面筋|韭黄肉丝小炒
5841,土豆丝/小青菜|板栗烧猪脚|米饭|雪菜毛豆/西葫芦炒蛋|韭黄肉丝小炒
5842,盐水虾|米饭|花菜|雪菜毛豆/西葫芦炒蛋|青椒水面筋|青椒田藕|鱼香杏鲍菇肉丝
5843,卤鸭|土豆丝/小青菜|小黄鱼|盐水虾|米饭|花菜|雪菜毛豆/西葫芦炒蛋|青椒田藕
5844,卤鸭|小黄鱼|米饭|青椒田藕|韭黄肉丝小炒
5845,土豆丝/小青菜|大排|米饭|雪菜毛豆/西葫芦炒蛋|青椒水面筋|青椒田藕
5846,卤鸭|板栗烧猪脚|米饭|红烧萝卜|花菜|韭黄肉丝小炒
5847,卤鸭|土豆丝/小青菜|米饭|花菜|雪菜毛豆/西葫芦炒蛋|青椒水面筋
5848,卤鸭|土豆丝/小青菜|盐水虾|米饭|雪菜毛豆/西葫芦炒蛋|青椒水面筋|青椒田藕|鱼香杏鲍菇肉丝
5849,卤鸭|土豆丝/小青菜|板栗烧猪脚|米饭|红烧萝卜|雪菜毛豆/西葫芦炒蛋|青椒水面筋|青椒田藕|鱼香杏鲍菇肉丝
585,口水鸡|土豆丝/大白菜|米饭|茄子豆角|蘑菇小炒肉
5850,大排|小黄鱼|米饭|花菜|青椒田藕
5851,土豆丝/小青菜|板栗烧猪脚|盐水虾|米饭|雪菜毛豆/西葫芦炒蛋|韭黄肉丝小炒
5852,红烧萝卜
5853,卤鸭|土豆丝/小青菜|盐水虾|米饭|雪菜毛豆/西葫芦炒蛋|青椒水面筋
5854,小黄鱼|板栗烧猪脚|米饭|花菜|雪菜毛豆/西葫芦炒蛋|青椒水面筋
5855,土豆丝/小青菜|大排|米饭|青椒水面筋|青椒田藕|鱼香杏鲍菇肉丝
5856,卤鸭|土豆丝/小青菜|板栗烧猪脚|花菜
5857,土豆丝/小青菜|大排|米饭|青椒水面筋
5858,卤鸭|土豆丝/小青菜|油豆腐烧肉|花菜|雪菜毛豆/西葫芦炒蛋|韭黄肉丝小炒
5859,大排|米饭|花菜
586,口水鸡|木耳花菜/青瓜炒蛋|椒盐带鱼/鸡排|米饭|茄子豆角|蘑菇小炒肉
5860,板栗烧猪脚|米饭|青椒水面筋|鱼香杏鲍菇肉丝
5861,卤鸭|土豆丝/小青菜|米饭|红烧萝卜|花菜|雪菜毛豆/西葫芦炒蛋|青椒田藕
5862,土豆丝/小青菜|大排|小黄鱼|米饭|雪菜毛豆/西葫芦炒蛋|青椒田藕|韭黄肉丝小炒|鱼香杏鲍菇肉丝
5863,盐水虾|米饭|雪菜毛豆/西葫芦炒蛋|青椒水面筋|韭黄肉丝小炒|鱼香杏鲍菇肉丝
5864,板栗烧猪脚|油豆腐烧肉|米饭|红烧萝卜
5865,盐水虾|米饭|花菜|青椒水面筋|鱼香杏鲍菇肉丝
5866,土豆丝/小青菜|大排|米饭|雪菜毛豆/西葫芦炒蛋
5867,土豆丝/小青菜|大排|米饭|花菜
5868,板栗烧猪脚|米饭|雪菜毛豆/西葫芦炒蛋
5869,土豆丝/小青菜|大排|雪菜毛豆/西葫芦炒蛋
587,土豆丝/大白菜|油豆腐烧肉|海带丝|米饭|茄子豆角
5870,土豆丝/小青菜|油豆腐烧肉|盐水虾|米饭|红烧萝卜|花菜|雪菜毛豆/西葫芦炒蛋|青椒水面筋
5871,土豆丝/小青菜|板栗烧猪脚|米饭|花菜|雪菜毛豆/西葫芦炒蛋
5872,卤鸭|米饭|花菜|雪菜毛豆/西葫芦炒蛋
5873,卤鸭|土豆丝/小青菜|大排|米饭|鱼香杏鲍菇肉丝
5874,小黄鱼|板栗烧猪脚|米饭|青椒水面筋|青椒田藕
5875,米饭
5876,板栗烧猪脚|米饭|雪菜毛豆/西葫芦炒蛋|韭黄肉丝小炒
5877,板栗烧猪脚|盐水虾|米饭|红烧萝卜|花菜|雪菜毛豆/西葫芦炒蛋|韭黄肉丝小炒
5878,土豆丝/小青菜|板栗烧猪脚|米饭|青椒田藕
5879,大排|米饭|花菜|雪菜毛豆/西葫芦炒蛋|青椒水面筋|韭黄肉丝小炒|鱼香杏鲍菇肉丝
588,口水鸡|木耳花菜/青瓜炒蛋|椒盐带鱼/鸡排|油豆腐烧肉|海带丝|米饭
5880,板栗烧猪脚|米饭|雪菜毛豆/西葫芦炒蛋|鱼香杏鲍菇肉丝
5881,米饭|红烧萝卜|雪菜毛豆/西葫芦炒蛋
5882,土豆丝/小青菜|盐水虾|米饭|雪菜毛豆/西葫芦炒蛋|青椒水面筋|鱼香杏鲍菇肉丝
5883,大排|米饭|雪菜毛豆/西葫芦炒蛋
5884,卤鸭|土豆丝/小青菜|米饭|雪菜毛豆/西葫芦炒蛋
5885,土豆丝/小青菜|板栗烧猪脚|盐水虾|雪菜毛豆/西葫芦炒蛋
5886,土豆丝/小青菜|米饭|红烧萝卜
5887,卤鸭|油豆腐烧肉|盐水虾|米饭|花菜|雪菜毛豆/西葫芦炒蛋|青椒水面筋
5888,板栗烧猪脚|油豆腐烧肉|米饭|雪菜毛豆/西葫芦炒蛋|青椒水面筋|鱼香杏鲍菇肉丝
5889,卤鸭|土豆丝/小青菜|板栗烧猪脚|米饭|雪菜毛豆/西葫芦炒蛋|青椒水面筋|鱼香杏鲍菇肉丝
589,口水鸡|米饭|茄子豆角|蘑菇小炒肉
5890,卤鸭|土豆丝/小青菜|板栗烧猪脚|米饭|红烧萝卜|花菜|韭黄肉丝小炒
5891,卤鸭|土豆丝/小青菜|板栗烧猪脚|米饭|雪菜毛豆/西葫芦炒蛋|青椒水面筋|鱼香杏鲍菇肉丝
5892,大排|米饭|花菜|青椒水面筋|韭黄肉丝小炒
5893,土豆丝/小青菜|板栗烧猪脚|米饭|雪菜毛豆/西葫芦炒蛋|青椒水面筋
5894,盐水虾|米饭|红烧萝卜|青椒水面筋
5895,土豆丝/小青菜|板栗烧猪脚|米饭|雪菜毛豆/西葫芦炒蛋|青椒水面筋|鱼香杏鲍菇肉丝
5896,卤鸭|土豆丝/小青菜|小黄鱼|米饭|花菜|雪菜毛豆/西葫芦炒蛋|青椒水面筋|青椒田藕
5897,卤鸭|土豆丝/小青菜|板栗烧猪脚|米饭|雪菜毛豆/西葫芦炒蛋|青椒水面筋|青椒田藕
5898,土豆丝/小青菜|板栗烧猪脚|油豆腐烧肉|盐水虾|米饭|红烧萝卜|花菜|雪菜毛豆/西葫芦炒蛋|青椒水面筋
5899,卤鸭|米饭|花菜|雪菜毛豆/西葫芦炒蛋|鱼香杏鲍菇肉丝
590,土豆丝/大白菜|木耳花菜/青瓜炒蛋|椒盐带鱼/鸡排|米饭
5900,卤鸭|土豆丝/小青菜|盐水虾|米饭|花菜|雪菜毛豆/西葫芦炒蛋|青椒田藕
5901,土豆丝/小青菜|米饭|雪菜毛豆/西葫芦炒蛋
5902,卤鸭|土豆丝/小青菜|板栗烧猪脚|米饭|雪菜毛豆/西葫芦炒蛋|青椒田藕|鱼香杏鲍菇肉丝
5903,土豆丝/小青菜|盐水虾|米饭|雪菜毛豆/西葫芦炒蛋|青椒水面筋|鱼香杏鲍菇肉丝
5904,板栗烧猪脚|韭黄肉丝小炒
5905,板栗烧猪脚|米饭|雪菜毛豆/西葫芦炒蛋|鱼香杏鲍菇肉丝
5906,卤鸭|板栗烧猪脚|米饭|雪菜毛豆/西葫芦炒蛋
5907,板栗烧猪脚|盐水虾|米饭|雪菜毛豆/西葫芦炒蛋
5908,小黄鱼|板栗烧猪脚|米饭|雪菜毛豆/西葫芦炒蛋|青椒水面筋
5909,土豆丝/小青菜|板栗烧猪脚|油豆腐烧肉|盐水虾|米饭|雪菜毛豆/西葫芦炒蛋
591,椒盐带鱼/鸡排|油豆腐烧肉|米饭|蘑菇小炒肉
5910,卤鸭|土豆丝/小青菜|大排|米饭|雪菜毛豆/西葫芦炒蛋|青椒水面筋|青椒田藕
5911,土豆丝/小青菜|大排|米饭|红烧萝卜|雪菜毛豆/西葫芦炒蛋|韭黄肉丝小炒
5912,卤鸭|土豆丝/小青菜|板栗烧猪脚|油豆腐烧肉|米饭|雪菜毛豆/西葫芦炒蛋|青椒水面筋
5913,大排|米饭|雪菜毛豆/西葫芦炒蛋|青椒水面筋|青椒田藕|鱼香杏鲍菇肉丝
5914,土豆丝/小青菜|大排|板栗烧猪脚|米饭|花菜|青椒田藕|鱼香杏鲍菇肉丝
5915,卤鸭|土豆丝/小青菜|小黄鱼|盐水虾|米饭|雪菜毛豆/西葫芦炒蛋|青椒水面筋|青椒田藕
5916,土豆丝/小青菜|米饭|青椒水面筋|韭黄肉丝小炒
5917,米饭|花菜|雪菜毛豆/西葫芦炒蛋|青椒水面筋
5918,卤鸭|土豆丝/小青菜|板栗烧猪脚|油豆腐烧肉|米饭|鱼香杏鲍菇肉丝
5919,土豆丝/小青菜|米饭|雪菜毛豆/西葫芦炒蛋
592,口水鸡|木耳花菜/青瓜炒蛋|米饭|茄子豆角
5920,卤鸭|土豆丝/小青菜|小黄鱼|板栗烧猪脚|米饭|花菜|雪菜毛豆/西葫芦炒蛋|青椒田藕
5921,卤鸭|土豆丝/小青菜|小黄鱼|雪菜毛豆/西葫芦炒蛋|青椒田藕
5922,土豆丝/小青菜|米饭|花菜|雪菜毛豆/西葫芦炒蛋
5923,油豆腐烧肉|盐水虾|米饭|红烧萝卜|雪菜毛豆/西葫芦炒蛋|韭黄肉丝小炒
5924,大排|米饭|花菜|雪菜毛豆/西葫芦炒蛋|鱼香杏鲍菇肉丝
5925,土豆丝/小青菜|盐水虾|米饭|红烧萝卜|雪菜毛豆/西葫芦炒蛋|青椒田藕|韭黄肉丝小炒|鱼香杏鲍菇肉丝
5926,卤鸭|小黄鱼|米饭|雪菜毛豆/西葫芦炒蛋
5927,油豆腐烧肉|盐水虾|米饭|红烧萝卜|雪菜毛豆/西葫芦炒蛋|青椒水面筋|韭黄肉丝小炒
59278,培红菜蘑菇毛豆肉丝|木耳莴笋|番茄炒蛋|米饭|花椒鸭|虎皮尖椒|青椒土豆丝|韭黄肉丝小炒
59279,米饭|葱油娃娃菜|虎皮尖椒|酱爆猪肝
5928,卤鸭|土豆丝/小青菜|盐水虾|米饭|红烧萝卜|雪菜毛豆/西葫芦炒蛋
59280,快胶菜|油豆腐烧肉|米饭|红烧肉|花椒鸭|葱油金针菇|虎皮尖椒
59281,快胶菜|米饭|花椒鸭|虾饼
59282,快胶菜|木耳莴笋|椒盐带鱼|米饭|青椒土豆丝
59283,椒盐带鱼|油豆腐烧肉|米饭|葱油金针菇|虾饼
59284,木耳花菜|木耳莴笋|椒盐带鱼|番茄炒蛋|米饭|红烧鸡块|花椒鸭|葱油娃娃菜|葱油金针菇|虾饼|酱爆猪肝
59285,培红菜蘑菇毛豆肉丝|快胶菜|椒盐带鱼|油片豆芽小炒|米饭|虎皮尖椒
59286,木耳花菜|椒盐带鱼|油豆腐烧肉|番茄炒蛋|米饭|红烧鸡块|青椒土豆丝
59287,培红菜蘑菇毛豆肉丝|快胶菜|木耳花菜|木耳莴笋|油片豆芽小炒|米饭|葱油金针菇|青椒土豆丝
59288,付皮包|快胶菜|油豆腐烧肉|番茄炒蛋|米饭|红烧鸡块|花椒鸭|葱油娃娃菜|虎皮尖椒|虾饼|酱爆猪肝|青椒土豆丝
59289,付皮包|木耳花菜|椒盐带鱼|米饭|红烧鸡块|茄子长江豆|葱油娃娃菜|葱油金针菇|虾饼|韭黄肉丝小炒
5929,土豆丝/小青菜|米饭|花菜|雪菜毛豆/西葫芦炒蛋|韭黄肉丝小炒
59290,快胶菜|椒盐带鱼|米饭|红烧鸡块|虾饼|青椒土豆丝
59291,付皮包|快胶菜|木耳莴笋|椒盐带鱼|番茄炒蛋|米饭|葱油金针菇|虾饼|青椒土豆丝
59292,付皮包|木耳花菜|米饭|韭黄肉丝小炒
59293,木耳莴笋|米饭|虾饼
59294,油豆腐烧肉|番茄炒蛋|米饭|红烧肉|虾饼|酱爆猪肝|韭黄肉丝小炒
59295,培红菜蘑菇毛豆肉丝|木耳花菜|番茄炒蛋|米饭|红烧肉
59296,付皮包|米饭|葱油娃娃菜|青椒土豆丝|韭黄肉丝小炒
59297,付皮包|木耳花菜|木耳莴笋|米饭|葱油娃娃菜
59298,木耳莴笋|椒盐带鱼|米饭|花椒鸭|青椒土豆丝|韭黄肉丝小炒
59299,付皮包|椒盐带鱼|米饭|红烧肉|红烧鸡块|花椒鸭|葱油金针菇|虎皮尖椒|虾饼
593,土豆丝/大白菜|木耳花菜/青瓜炒蛋|米饭|红烧排骨
5930,卤鸭|土豆丝/小青菜|板栗烧猪脚|米饭|雪菜毛豆/西葫芦炒蛋|青椒水面筋|韭黄肉丝小炒
59300,付皮包|木耳莴笋|油豆腐烧肉|米饭|红烧鸡块|葱油金针菇
59301,培红菜蘑菇毛豆肉丝|米饭|花椒鸭|葱油娃娃菜|韭黄肉丝小炒
59302,付皮包|培红菜蘑菇毛豆肉丝|木耳花菜|木耳莴笋|茄子长江豆|虎皮尖椒|青椒土豆丝|韭黄肉丝小炒
59303,番茄炒蛋|米饭|虎皮尖椒|虾饼|韭黄肉丝小炒
59304,培红菜蘑菇毛豆肉丝|快胶菜|油片豆芽小炒|油豆腐烧肉|米饭|茄子长江豆|葱油金针菇|酱爆猪肝
59305,快胶菜|木耳花菜|木耳莴笋|椒盐带鱼|油片豆芽小炒|番茄炒蛋|米饭|茄子长江豆|虎皮尖椒|青椒土豆丝|韭黄肉丝小炒
59306,番茄炒蛋|米饭|葱油金针菇|虾饼|酱爆猪肝
59307,培红菜蘑菇毛豆肉丝|番茄炒蛋|米饭|花椒鸭|韭黄肉丝小炒
59308,木耳莴笋|椒盐带鱼|米饭|红烧鸡块|葱油娃娃菜|酱爆猪肝
59309,椒盐带鱼|油片豆芽小炒|葱油娃娃菜
5931,大排|米饭|花菜|青椒水面筋
59310,付皮包|椒盐带鱼|番茄炒蛋|米饭|花椒鸭|酱爆猪肝
59311,培红菜蘑菇毛豆肉丝|油豆腐烧肉|米饭|葱油娃娃菜
59312,付皮包|椒盐带鱼|米饭|红烧肉|葱油金针菇
59313,付皮包|培红菜蘑菇毛豆肉丝|木耳莴笋|油豆腐烧肉|米饭|红烧肉|虾饼|青椒土豆丝
59314,木耳花菜|木耳莴笋|油片豆芽小炒|米饭|红烧鸡块
59315,培红菜蘑菇毛豆肉丝|快胶菜|番茄炒蛋|米饭|青椒土豆丝
59316,木耳莴笋|油豆腐烧肉|番茄炒蛋|米饭|虾饼
59317,木耳花菜|椒盐带鱼|番茄炒蛋|米饭|红烧鸡块
59318,培红菜蘑菇毛豆肉丝|油片豆芽小炒|油豆腐烧肉|米饭|酱爆猪肝
59319,培红菜蘑菇毛豆肉丝|快胶菜|椒盐带鱼|米饭|茄子长江豆|葱油金针菇
5932,卤鸭|土豆丝/小青菜|油豆腐烧肉|盐水虾|米饭|花菜|雪菜毛豆/西葫芦炒蛋
59320,付皮包|木耳花菜|木耳莴笋|椒盐带鱼|米饭|红烧肉|葱油娃娃菜|青椒土豆丝
59321,付皮包|卤鸭|木耳花菜|木耳莴笋|米饭|虎皮尖椒|青椒土豆丝|韭黄肉丝小炒
59322,付皮包|培红菜蘑菇毛豆肉丝|快胶菜|油豆腐烧肉|米饭|茄子长江豆|虾饼|酱爆猪肝
59323,卤鸭|米饭|葱油娃娃菜|虎皮尖椒
59324,付皮包|培红菜蘑菇毛豆肉丝|快胶菜|番茄炒蛋|米饭|葱油金针菇|虎皮尖椒
59325,快胶菜|木耳花菜|木耳莴笋|番茄炒蛋|米饭|红烧肉
59326,培红菜蘑菇毛豆肉丝|木耳莴笋|椒盐带鱼|番茄炒蛋|米饭|葱油娃娃菜|酱爆猪肝|青椒土豆丝|韭黄肉丝小炒
59327,卤鸭|快胶菜|番茄炒蛋|米饭|红烧肉|虾饼
59328,快胶菜|椒盐带鱼|米饭|茄子长江豆|虎皮尖椒|虾饼
59329,卤鸭|油片豆芽小炒|米饭|酱爆猪肝|青椒土豆丝
5933,大排|米饭|花菜|雪菜毛豆/西葫芦炒蛋
59330,椒盐带鱼|番茄炒蛋|米饭|红烧鸡块|虾饼|青椒土豆丝
59331,番茄炒蛋|米饭|葱油娃娃菜|葱油金针菇
59332,油片豆芽小炒|米饭|红烧鸡块|葱油金针菇|虎皮尖椒|虾饼
59333,卤鸭|培红菜蘑菇毛豆肉丝|快胶菜|油豆腐烧肉|红烧鸡块|茄子长江豆|葱油金针菇|虎皮尖椒|虾饼
59334,木耳莴笋|番茄炒蛋|米饭|红烧肉|红烧鸡块|虾饼
59335,卤鸭|培红菜蘑菇毛豆肉丝|油片豆芽小炒|油豆腐烧肉|虾饼
59336,培红菜蘑菇毛豆肉丝|番茄炒蛋|米饭|红烧鸡块|茄子长江豆|葱油娃娃菜|青椒土豆丝
59337,椒盐带鱼|米饭|葱油娃娃菜|青椒土豆丝
59338,付皮包|卤鸭|木耳花菜|米饭
59339,椒盐带鱼|油豆腐烧肉|米饭|葱油娃娃菜|虾饼
5934,板栗烧猪脚|米饭|花菜|雪菜毛豆/西葫芦炒蛋|青椒水面筋
59340,油豆腐烧肉|米饭|茄子长江豆|虎皮尖椒|虾饼
59341,椒盐带鱼|油片豆芽小炒|米饭|红烧肉|葱油金针菇|酱爆猪肝
59342,快胶菜|油豆腐烧肉|米饭|酱爆猪肝
59343,付皮包|木耳莴笋|油豆腐烧肉|米饭|葱油娃娃菜|韭黄肉丝小炒
59344,木耳西兰花|油片豆芽小炒|番茄炒蛋|米饭|茄子长江豆|虾饼
59345,付皮包|培红菜蘑菇毛豆肉丝|米饭|茄子长江豆|葱油娃娃菜|酱爆猪肝|韭黄肉丝小炒
59346,米饭|红烧鸡块|葱油娃娃菜|虾饼|酱爆猪肝|青椒土豆丝
59347,卤鸭|木耳莴笋|油豆腐烧肉|米饭|茄子长江豆|虾饼
59348,付皮包|卤鸭|木耳花菜|木耳莴笋|油豆腐烧肉|番茄炒蛋|米饭|茄子长江豆|虾饼
59349,卤鸭|木耳花菜|油豆腐烧肉|番茄炒蛋|米饭|葱油金针菇|虾饼|青椒土豆丝|韭黄肉丝小炒
5935,板栗烧猪脚|米饭|雪菜毛豆/西葫芦炒蛋|青椒田藕
59350,培红菜蘑菇毛豆肉丝|木耳西兰花|番茄炒蛋|米饭|茄子长江豆|葱油鸡
59351,卤鸭|椒盐带鱼|米饭|虎皮尖椒|酱爆猪肝|青椒土豆丝
59352,木耳莴笋|椒盐带鱼|米饭|红烧肉|葱油娃娃菜|虎皮尖椒|青椒土豆丝
59353,付皮包|木耳花菜|木耳莴笋|油片豆芽小炒|米饭|茄子长江豆|葱油鸡|虾饼
59354,油片豆芽小炒|米饭|茄子长江豆|葱油金针菇|酱爆猪肝
59355,木耳莴笋|米饭|红烧肉|葱油娃娃菜|虎皮尖椒|青椒土豆丝
59356,付皮包|米饭|红烧肉|葱油金针菇|虾饼
59357,木耳莴笋|油片豆芽小炒|番茄炒蛋|米饭|虾饼|青椒土豆丝
59358,培红菜蘑菇毛豆肉丝|椒盐带鱼|油片豆芽小炒|油豆腐烧肉|米饭|茄子长江豆|酱爆猪肝
59359,培红菜蘑菇毛豆肉丝|油片豆芽小炒|番茄炒蛋|米饭|葱油金针菇|虾饼
5936,板栗烧猪脚|米饭|青椒田藕|鱼香杏鲍菇肉丝
59360,油豆腐烧肉|米饭|芹菜千张丝|茄子长江豆|葱油金针菇
59361,椒盐带鱼|油片豆芽小炒|米饭|茄子长江豆|葱油金针菇|虎皮尖椒
59362,木耳莴笋|椒盐带鱼|米饭|芹菜千张丝|虎皮尖椒
59363,付皮包|卤鸭|木耳花菜|木耳莴笋|米饭|葱油娃娃菜|虎皮尖椒|青椒土豆丝
59364,木耳莴笋|椒盐带鱼|米饭|红烧肉|葱油娃娃菜|青椒土豆丝|韭黄肉丝小炒
59365,培红菜蘑菇毛豆肉丝|木耳花菜|油片豆芽小炒|油豆腐烧肉|米饭|葱油娃娃菜|虾饼
59366,付皮包|木耳西兰花|油片豆芽小炒|米饭
59367,付皮包|米饭|葱油娃娃菜|韭黄肉丝小炒
59368,木耳莴笋|米饭|红烧肉|葱油娃娃菜|青椒土豆丝|韭黄肉丝小炒
59369,付皮包|木耳花菜|木耳莴笋|米饭|葱油金针菇|虾饼
5937,卤鸭|大排|米饭|雪菜毛豆/西葫芦炒蛋|青椒田藕
59370,米饭|葱油金针菇|虾饼
59371,木耳西兰花|米饭|虾饼|酱爆猪肝
59372,卤鸭|油片豆芽小炒|米饭|红烧肉
59373,木耳西兰花|番茄炒蛋|芹菜千张丝|茄子长江豆|葱油金针菇|虾饼
59374,椒盐带鱼|米饭|葱油娃娃菜|葱油鸡|青椒土豆丝
59375,木耳莴笋|米饭|葱油娃娃菜|葱油鸡|酱爆猪肝
59376,付皮包|木耳莴笋|米饭|红烧肉|葱油娃娃菜|青椒土豆丝|韭黄肉丝小炒
59377,卤鸭|米饭|芹菜千张丝|葱油鸡|青椒土豆丝
59378,木耳花菜|米饭|红烧肉|葱油娃娃菜|虎皮尖椒|韭黄肉丝小炒
59379,卤鸭|木耳花菜|木耳莴笋|米饭|芹菜千张丝|葱油娃娃菜|葱油金针菇|葱油鸡|虎皮尖椒|韭黄肉丝小炒
5938,板栗烧猪脚|油豆腐烧肉|米饭|红烧萝卜|花菜|青椒水面筋|韭黄肉丝小炒
59380,米饭|葱油娃娃菜|葱油鸡|虾饼
59381,米饭|葱油娃娃菜|虎皮尖椒|韭黄肉丝小炒
59382,付皮包|木耳花菜|椒盐带鱼|米饭|葱油娃娃菜|虾饼
59383,木耳西兰花|椒盐带鱼|米饭|芹菜千张丝|茄子长江豆|虾饼
59384,卤鸭|木耳花菜|木耳莴笋|青椒土豆丝|韭黄肉丝小炒
59385,椒盐带鱼|油豆腐烧肉|番茄炒蛋|米饭|芹菜千张丝|葱油金针菇|虎皮尖椒|青椒土豆丝
59386,米饭|芹菜千张丝|葱油娃娃菜|虎皮尖椒
59387,油片豆芽小炒|油豆腐烧肉|油麦菜|番茄炒蛋|米饭|葱油娃娃菜|葱油鸡
59388,卤鸭|番茄炒蛋|米饭|葱油鸡|虎皮尖椒|虾饼
59389,油豆腐烧肉|米饭|芹菜千张丝|葱油鸡
5939,米饭|雪菜毛豆/西葫芦炒蛋|青椒田藕|鱼香杏鲍菇肉丝
59390,木耳西兰花|油豆腐烧肉|米饭|芹菜千张丝|茄子长江豆|葱油金针菇
59391,椒盐带鱼|油片豆芽小炒|油豆腐烧肉|番茄炒蛋|米饭|葱油鸡|虾饼|青椒土豆丝
59392,卤鸭|米饭|红烧肉|葱油娃娃菜|葱油鸡|青椒土豆丝
59393,米饭|葱油娃娃菜|葱油鸡|虎皮尖椒
59394,油麦菜|米饭|红烧肉|葱油娃娃菜|葱油鸡
59395,卤鸭|木耳莴笋|椒盐带鱼|米饭|红烧肉|葱油鸡|青椒土豆丝|韭黄肉丝小炒
59396,油麦菜|米饭|葱油娃娃菜|葱油鸡
59397,油片豆芽小炒|米饭|茄子长江豆|葱油鸡|酱爆猪肝|青瓜付竹肉片
59398,小青菜|木耳西兰花|油豆腐烧肉|米饭|葱油金针菇|葱油鸡
59399,油麦菜|米饭|葱油金针菇|青瓜付竹肉片
594,土豆丝/大白菜|木耳花菜/青瓜炒蛋|椒盐带鱼/鸡排|米饭
5940,米饭|花菜|雪菜毛豆/西葫芦炒蛋|青椒田藕|鱼香杏鲍菇肉丝
59400,油片豆芽小炒|油豆腐烧肉|米饭|茄子长江豆
59401,米饭|芹菜千张丝|葱油娃娃菜|葱油鸡|青椒土豆丝
59402,木耳西兰花|椒盐带鱼|米饭|青椒土豆丝|韭黄肉丝小炒
59403,木耳西兰花|米饭|葱油金针菇|葱油鸡
59404,木耳莴笋|油豆腐烧肉|米饭|葱油鸡|酱爆猪肝
59405,木耳莴笋|椒盐带鱼|米饭|红烧肉|芹菜千张丝|葱油娃娃菜|葱油鸡|青椒土豆丝
59406,木耳莴笋|木耳西兰花|油片豆芽小炒|红烧肉|茄子长江豆|青瓜付竹肉片
5941,土豆丝/小青菜|大排|板栗烧猪脚|盐水虾|米饭
5942,卤鸭|板栗烧猪脚|油豆腐烧肉|米饭|红烧萝卜|雪菜毛豆/西葫芦炒蛋|韭黄肉丝小炒
5943,卤鸭|土豆丝/小青菜|大排|米饭|鱼香杏鲍菇肉丝
5944,土豆丝/小青菜|小黄鱼|米饭|花菜|雪菜毛豆/西葫芦炒蛋|青椒水面筋|鱼香杏鲍菇肉丝
5945,土豆丝/小青菜|板栗烧猪脚|油豆腐烧肉|米饭|雪菜毛豆/西葫芦炒蛋
5946,大排|米饭|花菜|雪菜毛豆/西葫芦炒蛋
5947,土豆丝/小青菜|板栗烧猪脚|油豆腐烧肉|米饭|红烧萝卜|花菜|雪菜毛豆/西葫芦炒蛋|青椒水面筋|韭黄肉丝小炒
5948,卤鸭|土豆丝/小青菜|大排|米饭|花菜|青椒水面筋
5949,卤鸭|米饭|红烧萝卜|雪菜毛豆/西葫芦炒蛋|韭黄肉丝小炒
595,木耳花菜/青瓜炒蛋|海带丝|米饭|红烧排骨
5950,土豆丝/小青菜|大排|板栗烧猪脚|米饭|红烧萝卜|花菜|雪菜毛豆/西葫芦炒蛋|青椒水面筋
5951,卤鸭|小黄鱼|板栗烧猪脚|米饭|花菜|雪菜毛豆/西葫芦炒蛋|青椒水面筋|青椒田藕|鱼香杏鲍菇肉丝
5952,卤鸭|土豆丝/小青菜|油豆腐烧肉|盐水虾|米饭
5953,大排|板栗烧猪脚|米饭|花菜|雪菜毛豆/西葫芦炒蛋
5954,卤鸭|板栗烧猪脚|米饭|红烧萝卜|花菜|雪菜毛豆/西葫芦炒蛋|青椒水面筋
5955,卤鸭|板栗烧猪脚|米饭|红烧萝卜|韭黄肉丝小炒
5956,卤鸭|板栗烧猪脚|油豆腐烧肉|盐水虾|米饭|花菜|雪菜毛豆/西葫芦炒蛋|青椒水面筋
5957,卤鸭|土豆丝/小青菜|米饭|雪菜毛豆/西葫芦炒蛋|青椒水面筋
5958,土豆丝/小青菜|米饭|花菜|雪菜毛豆/西葫芦炒蛋
5959,卤鸭|米饭|红烧萝卜|花菜|青椒水面筋
596,口水鸡|土豆丝/大白菜|木耳花菜/青瓜炒蛋|椒盐带鱼/鸡排|茄子豆角
5960,土豆丝/小青菜|大排|米饭|红烧萝卜|青椒水面筋|青椒田藕
5961,油豆腐烧肉|米饭|花菜|雪菜毛豆/西葫芦炒蛋|韭黄肉丝小炒
5962,小黄鱼|米饭|红烧萝卜|韭黄肉丝小炒|鱼香杏鲍菇肉丝
5963,卤鸭|板栗烧猪脚|花菜|鱼香杏鲍菇肉丝
5964,大排|小黄鱼|米饭|雪菜毛豆/西葫芦炒蛋|鱼香杏鲍菇肉丝
5965,卤鸭|板栗烧猪脚|米饭|花菜|雪菜毛豆/西葫芦炒蛋|青椒水面筋|青椒田藕|鱼香杏鲍菇肉丝
5966,卤鸭|小黄鱼|米饭|花菜|雪菜毛豆/西葫芦炒蛋|鱼香杏鲍菇肉丝
5967,卤鸭|土豆丝/小青菜|盐水虾|米饭|红烧萝卜|雪菜毛豆/西葫芦炒蛋|青椒水面筋|青椒田藕
5968,小黄鱼|米饭|花菜|青椒田藕|鱼香杏鲍菇肉丝
5969,米饭|红烧萝卜|花菜|韭黄肉丝小炒
597,口水鸡|木耳花菜/青瓜炒蛋|海带丝|米饭|茄子豆角
5970,土豆丝/小青菜|大排|米饭|雪菜毛豆/西葫芦炒蛋|韭黄肉丝小炒|鱼香杏鲍菇肉丝
5971,大排|小黄鱼|米饭|雪菜毛豆/西葫芦炒蛋|青椒田藕
5972,土豆丝/小青菜|大排|油豆腐烧肉|米饭|花菜|韭黄肉丝小炒
5973,卤鸭|土豆丝/小青菜|板栗烧猪脚|米饭|花菜|雪菜毛豆/西葫芦炒蛋|青椒水面筋
5974,板栗烧猪脚|米饭|雪菜毛豆/西葫芦炒蛋|青椒田藕|鱼香杏鲍菇肉丝
5975,土豆丝/小青菜|大排|米饭|雪菜毛豆/西葫芦炒蛋|青椒水面筋|青椒田藕|鱼香杏鲍菇肉丝
5976,卤鸭|米饭|花菜|青椒田藕
5977,卤鸭|土豆丝/小青菜|米饭|红烧萝卜|花菜
5978,卤鸭|土豆丝/小青菜|米饭|红烧萝卜|花菜
5979,板栗烧猪脚|米饭|花菜|雪菜毛豆/西葫芦炒蛋|青椒田藕|鱼香杏鲍菇肉丝
598,口水鸡|土豆丝/大白菜|木耳花菜/青瓜炒蛋|椒盐带鱼/鸡排
5980,土豆丝/小青菜|油豆腐烧肉|米饭|雪菜毛豆/西葫芦炒蛋|青椒水面筋
5981,板栗烧猪脚|米饭|花菜|青椒田藕|鱼香杏鲍菇肉丝
5982,土豆丝/小青菜|油豆腐烧肉|米饭|雪菜毛豆/西葫芦炒蛋|青椒水面筋
5983,卤鸭|土豆丝/小青菜|大排|米饭|雪菜毛豆/西葫芦炒蛋|青椒田藕|鱼香杏鲍菇肉丝
5984,土豆丝/小青菜|大排|米饭|花菜|青椒田藕
5985,土豆丝/小青菜|盐水虾|米饭|红烧萝卜|雪菜毛豆/西葫芦炒蛋|青椒水面筋|韭黄肉丝小炒
5986,油豆腐烧肉|米饭|雪菜毛豆/西葫芦炒蛋|青椒水面筋
5987,卤鸭|土豆丝/小青菜|米饭|雪菜毛豆/西葫芦炒蛋|青椒水面筋
5988,土豆丝/小青菜|大排|米饭|青椒田藕|鱼香杏鲍菇肉丝
5989,卤鸭|土豆丝/小青菜|米饭|雪菜毛豆/西葫芦炒蛋|青椒水面筋
599,土豆丝/大白菜|米饭|红烧排骨|芹菜香干
5990,米饭|花菜|雪菜毛豆/西葫芦炒蛋
5991,卤鸭|土豆丝/小青菜|大排|板栗烧猪脚|米饭|花菜
5992,土豆丝/小青菜|米饭|红烧萝卜|花菜
5993,卤鸭|大排|米饭|雪菜毛豆/西葫芦炒蛋|青椒田藕
5994,卤鸭|大排|青椒田藕|鱼香杏鲍菇肉丝
5995,土豆丝/小青菜|大排|小黄鱼|板栗烧猪脚|米饭|雪菜毛豆/西葫芦炒蛋|青椒水面筋|青椒田藕|鱼香杏鲍菇肉丝
5996,大排|米饭|雪菜毛豆/西葫芦炒蛋|青椒田藕|韭黄肉丝小炒
5997,土豆丝/小青菜|板栗烧猪脚|盐水虾|米饭|雪菜毛豆/西葫芦炒蛋|青椒田藕
5998,卤鸭|土豆丝/小青菜|大排|板栗烧猪脚|米饭|花菜|青椒田藕|鱼香杏鲍菇肉丝
5999,卤鸭|土豆丝/小青菜|板栗烧猪脚|油豆腐烧肉|盐水虾|米饭|花菜|青椒水面筋|韭黄肉丝小炒
600,土豆丝/大白菜|海带丝|米饭|红烧排骨
6000,卤鸭|土豆丝/小青菜|大排|米饭|花菜|青椒水面筋
6001,土豆丝/小青菜|米饭|雪菜毛豆/西葫芦炒蛋|青椒田藕
6002,卤鸭|土豆丝/小青菜|大排|米饭|雪菜毛豆/西葫芦炒蛋
6003,卤鸭|土豆丝/小青菜|油豆腐烧肉|米饭|花菜|青椒水面筋|韭黄肉丝小炒|鱼香杏鲍菇肉丝
6004,土豆丝/小青菜|板栗烧猪脚|油豆腐烧肉|米饭|红烧萝卜|花菜|雪菜毛豆/西葫芦炒蛋|青椒水面筋|韭黄肉丝小炒
6005,土豆丝/小青菜|大排|板栗烧猪脚|米饭|花菜|雪菜毛豆/西葫芦炒蛋|青椒水面筋|鱼香杏鲍菇肉丝
6006,卤鸭|土豆丝/小青菜|板栗烧猪脚|油豆腐烧肉|米饭|花菜|雪菜毛豆/西葫芦炒蛋|青椒水面筋|青椒田藕
6007,米饭|花菜|青椒水面筋|青椒田藕|鱼香杏鲍菇肉丝
6008,卤鸭|土豆丝/小青菜|油豆腐烧肉|盐水虾|米饭|花菜|雪菜毛豆/西葫芦炒蛋|青椒水面筋
6009,卤鸭|土豆丝/小青菜|大排|米饭|雪菜毛豆/西葫芦炒蛋|鱼香杏鲍菇肉丝
601,口水鸡|土豆丝/大白菜|海带丝|米饭|红烧排骨
6010,卤鸭|土豆丝/小青菜|小黄鱼|米饭|雪菜毛豆/西葫芦炒蛋|青椒水面筋|青椒田藕
6011,土豆丝/小青菜|板栗烧猪脚|油豆腐烧肉|米饭|雪菜毛豆/西葫芦炒蛋|青椒水面筋|韭黄肉丝小炒
6012,油豆腐烧肉|盐水虾|米饭|花菜|雪菜毛豆/西葫芦炒蛋|青椒水面筋
6013,土豆丝/小青菜|小黄鱼|米饭|雪菜毛豆/西葫芦炒蛋|青椒田藕
6014,土豆丝/小青菜|大排|米饭|红烧萝卜|花菜|雪菜毛豆/西葫芦炒蛋
6015,卤鸭|土豆丝/小青菜|板栗烧猪脚|米饭|青椒水面筋|鱼香杏鲍菇肉丝
6016,卤鸭|土豆丝/小青菜|板栗烧猪脚|米饭|红烧萝卜|花菜|雪菜毛豆/西葫芦炒蛋|韭黄肉丝小炒
6017,土豆丝/小青菜|米饭|青椒水面筋|鱼香杏鲍菇肉丝
6018,土豆丝/小青菜|大排|米饭|雪菜毛豆/西葫芦炒蛋|青椒田藕
6019,卤鸭|土豆丝/小青菜|板栗烧猪脚|油豆腐烧肉|米饭|花菜|雪菜毛豆/西葫芦炒蛋|青椒水面筋|韭黄肉丝小炒
602,土豆丝/大白菜|椒盐带鱼/鸡排|油豆腐烧肉|米饭|茄子豆角
6020,卤鸭|土豆丝/小青菜|油豆腐烧肉|米饭|花菜
6021,卤鸭|土豆丝/小青菜|花菜|青椒水面筋|青椒田藕|韭黄肉丝小炒|鸡米花
6022,卤鸭|土豆丝/小青菜|小黄鱼|米饭|红烧萝卜|青椒田藕
6023,土豆丝/小青菜|板栗烧猪脚|米饭|花菜|青椒水面筋|鱼香杏鲍菇肉丝
6024,土豆丝/小青菜|板栗烧猪脚|盐水虾|米饭|红烧萝卜|雪菜毛豆/西葫芦炒蛋|韭黄肉丝小炒
6025,卤鸭|土豆丝/小青菜|板栗烧猪脚|油豆腐烧肉|米饭|花菜
6026,板栗烧猪脚|米饭|雪菜毛豆/西葫芦炒蛋
6027,大排|盐水虾|米饭|红烧萝卜|花菜
6028,土豆丝/小青菜|板栗烧猪脚|米饭|雪菜毛豆/西葫芦炒蛋|鱼香杏鲍菇肉丝
6029,土豆丝/小青菜|板栗烧猪脚|米饭|花菜|雪菜毛豆/西葫芦炒蛋|鸡米花
603,口水鸡|木耳花菜/青瓜炒蛋|红烧排骨|茄子豆角
6030,土豆丝/小青菜|板栗烧猪脚|油豆腐烧肉|米饭|花菜|青椒水面筋|韭黄肉丝小炒
6031,板栗烧猪脚|米饭|红烧萝卜|雪菜毛豆/西葫芦炒蛋|青椒田藕|鸡米花
6032,卤鸭|土豆丝/小青菜|花菜|青椒田藕|鸡米花
6033,卤鸭|油豆腐烧肉|米饭|花菜|雪菜毛豆/西葫芦炒蛋|青椒水面筋
6034,卤鸭|土豆丝/小青菜|板栗烧猪脚|米饭|红烧萝卜|雪菜毛豆/西葫芦炒蛋|青椒水面筋|鸡米花
6035,土豆丝/小青菜|米饭|雪菜毛豆/西葫芦炒蛋|青椒田藕|韭黄肉丝小炒|鱼香杏鲍菇肉丝|鸡米花
6036,土豆丝/小青菜|板栗烧猪脚|米饭|雪菜毛豆/西葫芦炒蛋|韭黄肉丝小炒
6037,土豆丝/小青菜|板栗烧猪脚|油豆腐烧肉|米饭|红烧萝卜|雪菜毛豆/西葫芦炒蛋|韭黄肉丝小炒
6038,板栗烧猪脚|米饭|雪菜毛豆/西葫芦炒蛋|青椒田藕|鸡米花
6039,土豆丝/小青菜|米饭|花菜
604,土豆丝/大白菜|油豆腐烧肉|米饭|蘑菇小炒肉
6040,土豆丝/小青菜|小黄鱼|红烧萝卜|青椒水面筋
6041,小黄鱼|油豆腐烧肉|米饭|花菜|蒜苗香干肉丝|青椒田藕|韭黄肉丝小炒|鸡米花
6042,卤鸭|板栗烧猪脚|油豆腐烧肉|米饭|蒜苗香干肉丝|鸡米花
6043,板栗烧猪脚|油豆腐烧肉|米饭|花菜|雪菜毛豆/西葫芦炒蛋|青椒田藕
6044,卤鸭|板栗烧猪脚|米饭|花菜|青椒田藕|鱼香杏鲍菇肉丝|鸡米花
6045,土豆丝/小青菜|板栗烧猪脚|米饭|蒜苗香干肉丝|雪菜毛豆/西葫芦炒蛋
6046,土豆丝/小青菜|板栗烧猪脚|油豆腐烧肉|米饭|青椒水面筋|鱼香杏鲍菇肉丝
6047,土豆丝/小青菜|小黄鱼|米饭|蒜苗香干肉丝
6048,板栗烧猪脚|米饭|雪菜毛豆/西葫芦炒蛋|青椒水面筋|青椒田藕|鱼香杏鲍菇肉丝
6049,土豆丝/小青菜|板栗烧猪脚|米饭|花菜|蒜苗香干肉丝|青椒田藕
605,油豆腐烧肉|米饭|红烧排骨|茄子豆角
6050,卤鸭|板栗烧猪脚|米饭|蒜苗香干肉丝|青椒水面筋|青椒田藕|鱼香杏鲍菇肉丝
6051,卤鸭|土豆丝/小青菜|米饭|蒜苗香干肉丝|青椒田藕
6052,米饭|花菜|蒜苗香干肉丝|雪菜毛豆/西葫芦炒蛋|青椒田藕
6053,土豆丝/小青菜|米饭|蒜苗香干肉丝|青椒水面筋|鸡米花
6054,板栗烧猪脚|米饭|花菜|雪菜毛豆/西葫芦炒蛋|青椒田藕
6055,小黄鱼|板栗烧猪脚|米饭|蒜苗香干肉丝|雪菜毛豆/西葫芦炒蛋
6056,板栗烧猪脚|油麦菜|米饭|鱼香杏鲍菇肉丝
6057,板栗烧猪脚|油麦菜|米饭
6058,土豆丝/小青菜|油麦菜|米饭|雪菜毛豆/西葫芦炒蛋|青椒田藕|鸡米花
6059,板栗烧猪脚|油豆腐烧肉|米饭|花菜
606,口水鸡|土豆丝/大白菜|木耳花菜/青瓜炒蛋|油豆腐烧肉|海带丝|米饭|红烧排骨|芹菜香干
6060,土豆丝/小青菜|米饭|雪菜毛豆/西葫芦炒蛋|青椒田藕|韭黄肉丝小炒
6061,土豆丝/小青菜|板栗烧猪脚|油豆腐烧肉|油麦菜|米饭|蒜苗香干肉丝|青椒水面筋|鱼香杏鲍菇肉丝
6062,土豆丝/小青菜|板栗烧猪脚|油麦菜|米饭|蒜苗香干肉丝|青椒田藕|鸡米花
6063,卤鸭|油豆腐烧肉|油麦菜|米饭|花菜|蒜苗香干肉丝|青椒水面筋
6064,油麦菜|米饭|花菜|蒜苗香干肉丝
6065,土豆丝/小青菜|板栗烧猪脚|油麦菜|米饭|花菜|蒜苗香干肉丝|雪菜毛豆/西葫芦炒蛋|青椒水面筋
6066,油豆腐烧肉|油麦菜|米饭|鱼香杏鲍菇肉丝
6067,油麦菜|米饭|雪菜毛豆/西葫芦炒蛋|青椒水面筋
6068,油豆腐烧肉|油麦菜|米饭|蒜苗香干肉丝|雪菜毛豆/西葫芦炒蛋
6069,土豆丝/小青菜|板栗烧猪脚|油麦菜|米饭|花菜|青椒水面筋
607,木耳花菜/青瓜炒蛋|米饭|红烧排骨|茄子豆角
6070,土豆丝/小青菜|板栗烧猪脚|油麦菜|米饭|花菜|雪菜毛豆/西葫芦炒蛋|鸡米花
6071,板栗烧猪脚|蒜苗香干肉丝|青椒水面筋
6072,土豆丝/小青菜|油麦菜|米饭|蒜苗香干肉丝|青椒田藕
6073,油麦菜|米饭|花菜|鱼香杏鲍菇肉丝|鸡米花
6074,土豆丝/小青菜|板栗烧猪脚|米饭|花菜|雪菜毛豆/西葫芦炒蛋
6075,土豆丝/小青菜|板栗烧猪脚|油麦菜|米饭|蒜苗香干肉丝|青椒田藕
6076,土豆丝/小青菜|油豆腐烧肉|米饭|花菜|蒜苗香干肉丝|青椒田藕|鸡米花
6077,油豆腐烧肉|油麦菜|米饭|青椒水面筋
6078,油豆腐烧肉|油麦菜|米饭|蒜苗香干肉丝|青椒田藕
6079,花菜|蒜苗香干肉丝|青椒田藕|鸡米花
608,口水鸡|木耳花菜/青瓜炒蛋|椒盐带鱼/鸡排|米饭|芹菜香干
6080,土豆丝/小青菜|米饭|花菜|青椒水面筋
6081,土豆丝/小青菜|油麦菜|米饭|青椒田藕
6082,土豆丝/小青菜|板栗烧猪脚|米饭|蒜苗香干肉丝
6083,土豆丝/小青菜|米饭|青椒水面筋|鸡米花
6084,木耳南瓜/青瓜炒蛋|米饭|红烧带鱼|茄子长豆/青椒素鸡
6085,扎肉|木耳南瓜/青瓜炒蛋|米饭|酱爆猪肝|香菇肉丝
6086,米饭|红烧带鱼|茄子长豆/青椒素鸡|葱油广东菜心
6087,茄子长豆/青椒素鸡|鱼香肉丝
6088,木耳娃娃菜|米饭|红烧带鱼|花椒鸡腿|茄子长豆/青椒素鸡|酱爆猪肝
6089,椒盐虾|米饭|红烧带鱼|葱油广东菜心|酥鱼|酱爆猪肝
609,土豆丝/大白菜|椒盐带鱼/鸡排|油豆腐烧肉|海带丝|米饭
6090,木耳娃娃菜|米饭|红烧带鱼|茄子长豆/青椒素鸡
6091,三色绿豆芽|木耳莴笋|米饭|香菇肉丝
6092,米饭|酥鱼|香菇肉丝|鱼香肉丝
6093,扎肉|木耳南瓜/青瓜炒蛋|木耳莴笋|米饭|茄子长豆/青椒素鸡|酥鱼|鱼香肉丝
6094,三色绿豆芽|木耳南瓜/青瓜炒蛋|木耳莴笋|椒盐虾|米饭|红烧带鱼|红烧排骨|葱油广东菜心
6095,三色绿豆芽|木耳南瓜/青瓜炒蛋|米饭|红烧带鱼|红烧排骨|茄子长豆/青椒素鸡|葱油广东菜心|香菇肉丝
6096,木耳南瓜/青瓜炒蛋|木耳娃娃菜|米饭|红烧排骨|茄子长豆/青椒素鸡|葱油广东菜心|酱爆猪肝|鱼香肉丝
6097,扎肉|椒盐虾|米饭|茄子长豆/青椒素鸡|鱼香肉丝
6098,三色绿豆芽|扎肉|米饭|茄子长豆/青椒素鸡|酥鱼
6099,扎肉|木耳娃娃菜|米饭|茄子长豆/青椒素鸡
610,口水鸡|木耳花菜/青瓜炒蛋|海带丝|米饭
6100,三色绿豆芽|扎肉|木耳娃娃菜|米饭|茄子长豆/青椒素鸡
6101,木耳娃娃菜|椒盐虾|茄子长豆/青椒素鸡|香菇肉丝
6102,木耳南瓜/青瓜炒蛋|木耳莴笋|米饭|酥鱼|鱼香肉丝
6103,三色绿豆芽|扎肉|米饭|茄子长豆/青椒素鸡|香菇肉丝
6104,三色绿豆芽|米饭|红烧带鱼|茄子长豆/青椒素鸡|葱油广东菜心|酱爆猪肝|香菇肉丝
6105,三色绿豆芽|木耳娃娃菜|椒盐虾|米饭|茄子长豆/青椒素鸡
6106,三色绿豆芽|米饭|红烧排骨|花椒鸡腿|茄子长豆/青椒素鸡
6107,木耳娃娃菜|椒盐虾|米饭|茄子长豆/青椒素鸡|鱼香肉丝
6108,木耳南瓜/青瓜炒蛋|米饭|茄子长豆/青椒素鸡|香菇肉丝|鱼香肉丝
6109,木耳南瓜/青瓜炒蛋|米饭|茄子长豆/青椒素鸡|酥鱼
611,土豆丝/大白菜|木耳花菜/青瓜炒蛋|油豆腐烧肉|米饭|茄子豆角
6110,三色绿豆芽|米饭|红烧排骨|花椒鸡腿|茄子长豆/青椒素鸡|葱油广东菜心
6111,木耳南瓜/青瓜炒蛋|木耳娃娃菜|椒盐虾|米饭|茄子长豆/青椒素鸡|鱼香肉丝
6112,木耳南瓜/青瓜炒蛋|米饭|红烧带鱼|茄子长豆/青椒素鸡|香菇肉丝
6113,木耳娃娃菜|木耳莴笋|米饭|红烧排骨|茄子长豆/青椒素鸡|鱼香肉丝
6114,木耳南瓜/青瓜炒蛋|木耳莴笋|米饭|红烧带鱼|茄子长豆/青椒素鸡
6115,三色绿豆芽|木耳南瓜/青瓜炒蛋|木耳娃娃菜|米饭|花椒鸡腿|茄子长豆/青椒素鸡|酱爆猪肝|香菇肉丝
6116,三色绿豆芽|木耳莴笋|椒盐虾|米饭|红烧带鱼|红烧排骨|茄子长豆/青椒素鸡|葱油广东菜心|酱爆猪肝|香菇肉丝|鱼香肉丝
6117,扎肉|木耳南瓜/青瓜炒蛋|木耳娃娃菜|米饭|茄子长豆/青椒素鸡|酱爆猪肝
6118,木耳南瓜/青瓜炒蛋|米饭|红烧排骨|茄子长豆/青椒素鸡|葱油广东菜心|鱼香肉丝
6119,三色绿豆芽|扎肉|米饭|红烧带鱼|葱油广东菜心|酱爆猪肝|香菇肉丝
612,口水鸡|土豆丝/大白菜|木耳花菜/青瓜炒蛋|椒盐带鱼/鸡排|海带丝|米饭
6120,扎肉|木耳莴笋|米饭|茄子长豆/青椒素鸡
6121,三色绿豆芽|扎肉|米饭|红烧带鱼|葱油广东菜心|酱爆猪肝|香菇肉丝
6122,三色绿豆芽|扎肉|木耳南瓜/青瓜炒蛋|木耳娃娃菜|米饭|红烧带鱼|茄子长豆/青椒素鸡|葱油广东菜心
6123,三色绿豆芽|木耳莴笋|米饭|红烧排骨|茄子长豆/青椒素鸡|酥鱼|鱼香肉丝
6124,三色绿豆芽|扎肉|米饭|香菇肉丝
6125,扎肉|木耳莴笋|椒盐虾|米饭
6126,三色绿豆芽|木耳娃娃菜|米饭|花椒鸡腿|葱油广东菜心|酱爆猪肝
6127,三色绿豆芽|椒盐虾|米饭|酱爆猪肝|鱼香肉丝
6128,三色绿豆芽|木耳娃娃菜|米饭|茄子长豆/青椒素鸡|酱爆猪肝
6129,扎肉|木耳南瓜/青瓜炒蛋|木耳娃娃菜|米饭
613,土豆丝/大白菜|海带丝|米饭|红烧排骨|蘑菇小炒肉
6130,三色绿豆芽|扎肉|椒盐虾|米饭|葱油广东菜心|酥鱼
6131,木耳南瓜/青瓜炒蛋|木耳莴笋|椒盐虾|米饭|花椒鸡腿|茄子长豆/青椒素鸡|酥鱼
6132,三色绿豆芽|扎肉|木耳南瓜/青瓜炒蛋|木耳莴笋|米饭|酥鱼
6133,木耳莴笋|米饭|酥鱼|香菇肉丝
6134,木耳南瓜/青瓜炒蛋|木耳娃娃菜|木耳莴笋|米饭|花椒鸡腿|酥鱼|酱爆猪肝
6135,三色绿豆芽|扎肉|木耳娃娃菜|米饭|茄子长豆/青椒素鸡|酥鱼|香菇肉丝
6136,木耳南瓜/青瓜炒蛋|木耳莴笋|椒盐虾|米饭|茄子长豆/青椒素鸡|酥鱼
6137,三色绿豆芽|扎肉|木耳南瓜/青瓜炒蛋|木耳莴笋|椒盐虾|米饭
6138,三色绿豆芽|木耳娃娃菜|花椒鸡腿|茄子长豆/青椒素鸡
6139,三色绿豆芽|米饭|茄子长豆/青椒素鸡|葱油广东菜心|酥鱼
614,土豆丝/大白菜|米饭|红烧排骨|蘑菇小炒肉
6140,三色绿豆芽|木耳莴笋|米饭|红烧排骨|茄子长豆/青椒素鸡|酥鱼|鱼香肉丝
6141,三色绿豆芽|扎肉|米饭|茄子长豆/青椒素鸡
6142,扎肉|木耳南瓜/青瓜炒蛋|米饭|香菇肉丝
6143,木耳南瓜/青瓜炒蛋|米饭|红烧排骨|茄子长豆/青椒素鸡|酥鱼
6144,三色绿豆芽|扎肉|木耳南瓜/青瓜炒蛋|米饭
6145,扎肉|木耳南瓜/青瓜炒蛋|木耳莴笋|米饭|茄子长豆/青椒素鸡|葱油广东菜心|酥鱼
6146,三色绿豆芽|木耳南瓜/青瓜炒蛋|木耳娃娃菜|米饭|茄子长豆/青椒素鸡|葱油广东菜心|酱爆猪肝|香菇肉丝
6147,木耳南瓜/青瓜炒蛋|木耳娃娃菜|米饭|红烧带鱼|葱油广东菜心|酱爆猪肝
6148,木耳南瓜/青瓜炒蛋|木耳莴笋|米饭|红烧排骨
6149,三色绿豆芽|木耳莴笋|米饭|葱油广东菜心
615,土豆丝/大白菜|木耳花菜/青瓜炒蛋|椒盐带鱼/鸡排|海带丝|米饭|红烧排骨
6150,扎肉|木耳娃娃菜|米饭|酱爆猪肝|香菇肉丝
6151,红烧带鱼|葱油广东菜心|酱爆猪肝|香菇肉丝
6152,扎肉|木耳莴笋|椒盐虾|米饭|茄子长豆/青椒素鸡|鱼香肉丝
6153,扎肉|木耳南瓜/青瓜炒蛋|米饭|茄子长豆/青椒素鸡
6154,三色绿豆芽|木耳南瓜/青瓜炒蛋|木耳莴笋|米饭|葱油广东菜心|酥鱼|鱼香肉丝
6155,三色绿豆芽|扎肉|米饭|茄子长豆/青椒素鸡|葱油广东菜心|香菇肉丝
6156,木耳南瓜/青瓜炒蛋|米饭|茄子长豆/青椒素鸡|葱油广东菜心|香菇肉丝
6157,三色绿豆芽|木耳娃娃菜|椒盐虾|米饭|红烧排骨
6158,木耳南瓜/青瓜炒蛋|米饭|茄子长豆/青椒素鸡|葱油广东菜心|香菇肉丝
6159,三色绿豆芽|木耳南瓜/青瓜炒蛋|木耳莴笋|米饭|酥鱼|鱼香肉丝
616,木耳花菜/青瓜炒蛋|米饭|红烧排骨|芹菜香干
6160,木耳娃娃菜|米饭|葱油广东菜心|酱爆猪肝
6161,木耳南瓜/青瓜炒蛋|木耳莴笋|米饭|茄子长豆/青椒素鸡|酥鱼|鱼香肉丝
6162,三色绿豆芽|木耳南瓜/青瓜炒蛋|米饭|红烧排骨|茄子长豆/青椒素鸡|酥鱼|鱼香肉丝
6163,三色绿豆芽|木耳南瓜/青瓜炒蛋|木耳娃娃菜|米饭|茄子长豆/青椒素鸡|香菇肉丝
6164,三色绿豆芽|木耳娃娃菜|米饭|花椒鸡腿|酱爆猪肝|香菇肉丝
6165,米饭|红烧带鱼|茄子长豆/青椒素鸡|葱油广东菜心|香菇肉丝
6166,三色绿豆芽|木耳娃娃菜|木耳莴笋|米饭|红烧带鱼|茄子长豆/青椒素鸡
6167,木耳莴笋|米饭|葱油广东菜心|香菇肉丝
6168,木耳南瓜/青瓜炒蛋|木耳莴笋|椒盐虾|米饭|茄子长豆/青椒素鸡|酥鱼|鱼香肉丝
6169,三色绿豆芽|米饭|红烧带鱼|茄子长豆/青椒素鸡
617,土豆丝/大白菜|木耳花菜/青瓜炒蛋|椒盐带鱼/鸡排|油豆腐烧肉|海带丝|米饭|红烧排骨
6170,米饭|葱油广东菜心|鱼香肉丝
6171,三色绿豆芽|木耳南瓜/青瓜炒蛋|椒盐虾|米饭|葱油广东菜心
6172,扎肉|木耳莴笋|椒盐虾|米饭|葱油广东菜心|酥鱼|鱼香肉丝
6173,木耳南瓜/青瓜炒蛋|木耳娃娃菜|木耳莴笋|椒盐虾|米饭|花椒鸡腿
6174,三色绿豆芽|木耳南瓜/青瓜炒蛋|米饭|红烧排骨|茄子长豆/青椒素鸡|鱼香肉丝
6175,扎肉|木耳南瓜/青瓜炒蛋|米饭|鱼香肉丝
6176,三色绿豆芽|木耳娃娃菜|米饭|茄子长豆/青椒素鸡|酱爆猪肝|香菇肉丝
6177,米饭|红烧带鱼|茄子长豆/青椒素鸡|葱油广东菜心|香菇肉丝
6178,木耳莴笋|米饭|红烧排骨|茄子长豆/青椒素鸡|葱油广东菜心|鱼香肉丝
6179,扎肉|木耳南瓜/青瓜炒蛋|木耳娃娃菜|米饭|红烧带鱼|茄子长豆/青椒素鸡|葱油广东菜心
618,口水鸡|木耳花菜/青瓜炒蛋|米饭|芹菜香干
6180,木耳南瓜/青瓜炒蛋|木耳娃娃菜|米饭|红烧带鱼|葱油广东菜心|酱爆猪肝|香菇肉丝
6181,木耳莴笋|米饭|红烧带鱼|花椒鸡腿|茄子长豆/青椒素鸡|葱油广东菜心
6182,扎肉|木耳南瓜/青瓜炒蛋|米饭|葱油广东菜心|香菇肉丝
6183,木耳南瓜/青瓜炒蛋|椒盐虾|米饭|红烧排骨|茄子长豆/青椒素鸡|酥鱼
6184,三色绿豆芽|扎肉|米饭|红烧排骨|茄子长豆/青椒素鸡|葱油广东菜心|酥鱼
6185,三色绿豆芽|木耳娃娃菜|米饭|红烧带鱼|茄子长豆/青椒素鸡|葱油广东菜心
6186,三色绿豆芽|木耳莴笋|米饭|茄子长豆/青椒素鸡|葱油广东菜心|酥鱼|酱爆猪肝|鱼香肉丝
6187,木耳娃娃菜|米饭|红烧带鱼|茄子长豆/青椒素鸡
6188,三色绿豆芽|米饭|葱油广东菜心
6189,三色绿豆芽|扎肉|木耳南瓜/青瓜炒蛋|木耳娃娃菜|米饭|茄子长豆/青椒素鸡|酱爆猪肝|香菇肉丝
619,口水鸡|土豆丝/大白菜|木耳花菜/青瓜炒蛋|米饭
6190,扎肉|木耳南瓜/青瓜炒蛋|米饭|茄子长豆/青椒素鸡|酥鱼
6191,木耳莴笋|米饭|葱油广东菜心|酥鱼
6192,三色绿豆芽|卤鸭|小黄鱼|扎肉|木耳南瓜/青瓜炒蛋|板栗烧猪脚|米饭|红烧萝卜/藕片|雪菜毛豆/西葫芦炒蛋|青椒水面筋
6193,三色绿豆芽|木耳南瓜/青瓜炒蛋|木耳莴笋|米饭|红烧排骨|酥鱼|鱼香肉丝
6194,三色绿豆芽|扎肉|木耳南瓜/青瓜炒蛋|木耳娃娃菜|米饭
6195,三色绿豆芽|木耳南瓜/青瓜炒蛋|米饭|红烧带鱼|花椒鸡腿|茄子长豆/青椒素鸡
6196,三色绿豆芽|扎肉|木耳南瓜/青瓜炒蛋|木耳娃娃菜|米饭|花椒鸡腿|茄子长豆/青椒素鸡|香菇肉丝
6197,木耳南瓜/青瓜炒蛋|米饭|茄子长豆/青椒素鸡|酥鱼|鱼香肉丝
6198,木耳娃娃菜|米饭|花椒鸡腿|香菇肉丝
6199,木耳南瓜/青瓜炒蛋|米饭|红烧带鱼|花椒鸡腿|茄子长豆/青椒素鸡
620,木耳花菜/青瓜炒蛋|米饭|红烧排骨|芹菜香干
6200,三色绿豆芽|米饭|茄子长豆/青椒素鸡|葱油广东菜心|酥鱼|鱼香肉丝
6201,扎肉|木耳南瓜/青瓜炒蛋|椒盐虾|米饭
6202,扎肉|米饭|茄子长豆/青椒素鸡|葱油广东菜心|酱爆猪肝
6203,三色绿豆芽|扎肉|木耳南瓜/青瓜炒蛋|米饭|茄子长豆/青椒素鸡|鱼香肉丝
6204,三色绿豆芽|茄子长豆/青椒素鸡|葱油鸡|酱爆猪肝
6205,三色绿豆芽|木耳娃娃菜|米饭|红烧带鱼
6206,扎肉|木耳南瓜/青瓜炒蛋|木耳莴笋|椒盐虾|米饭|茄子长豆/青椒素鸡|葱油鸡|鱼香肉丝
6207,三色绿豆芽|木耳南瓜/青瓜炒蛋|木耳娃娃菜|米饭|花椒鸡腿|茄子长豆/青椒素鸡|酥鱼|香菇肉丝
6208,三色绿豆芽|木耳南瓜/青瓜炒蛋|椒盐虾|米饭|红烧排骨|茄子长豆/青椒素鸡|鱼香肉丝
6209,三色绿豆芽|椒盐虾|米饭|红烧排骨
621,木耳花菜/青瓜炒蛋|米饭|红烧排骨|茄子豆角
6210,三色绿豆芽|木耳莴笋|米饭|茄子长豆/青椒素鸡|葱油广东菜心|酥鱼|鱼香肉丝
6211,木耳莴笋|米饭|葱油鸡|酥鱼|鱼香肉丝
6212,三色绿豆芽|木耳南瓜/青瓜炒蛋|米饭|茄子长豆/青椒素鸡
6213,三色绿豆芽|木耳娃娃菜|米饭|红烧带鱼|酱爆猪肝
6214,木耳南瓜/青瓜炒蛋|椒盐虾|米饭|葱油鸡
6215,三色绿豆芽|木耳南瓜/青瓜炒蛋|木耳莴笋|米饭|红烧排骨|茄子长豆/青椒素鸡|酥鱼
6216,三色绿豆芽|木耳莴笋|椒盐虾|米饭|葱油广东菜心|鱼香肉丝
6217,三色绿豆芽|木耳南瓜/青瓜炒蛋|米饭|红烧带鱼|葱油广东菜心|酱爆猪肝
6218,三色绿豆芽|木耳南瓜/青瓜炒蛋|椒盐虾|茄子长豆/青椒素鸡|葱油广东菜心
6219,木耳娃娃菜|红烧带鱼|茄子长豆/青椒素鸡|葱油广东菜心|葱油鸡|酱爆猪肝|香菇肉丝
622,土豆丝/大白菜|木耳花菜/青瓜炒蛋|油豆腐烧肉|海带丝|米饭
6220,木耳娃娃菜|米饭|红烧带鱼|茄子长豆/青椒素鸡|葱油鸡|酱爆猪肝|香菇肉丝
6221,三色绿豆芽|木耳南瓜/青瓜炒蛋|木耳莴笋|椒盐虾|米饭|红烧排骨|茄子长豆/青椒素鸡|鱼香肉丝
6222,木耳南瓜/青瓜炒蛋|米饭|葱油鸡|香菇肉丝
6223,木耳莴笋|米饭|茄子长豆/青椒素鸡|葱油广东菜心|酥鱼
6224,扎肉|木耳南瓜/青瓜炒蛋|木耳娃娃菜|米饭
6225,三色绿豆芽|扎肉|木耳南瓜/青瓜炒蛋|木耳娃娃菜|米饭|葱油广东菜心|葱油鸡|酱爆猪肝
6226,三色绿豆芽|木耳南瓜/青瓜炒蛋|木耳莴笋|椒盐虾|米饭|茄子长豆/青椒素鸡|鱼香肉丝
6227,木耳南瓜/青瓜炒蛋|米饭|茄子长豆/青椒素鸡|鱼香肉丝
6228,木耳南瓜/青瓜炒蛋|木耳娃娃菜|米饭|茄子长豆/青椒素鸡|葱油广东菜心|酱爆猪肝|香菇肉丝
6229,三色绿豆芽|米饭|茄子长豆/青椒素鸡|葱油广东菜心
623,椒盐带鱼/鸡排|油豆腐烧肉|米饭|芹菜香干|茄子豆角
6230,扎肉|木耳南瓜/青瓜炒蛋|米饭|茄子长豆/青椒素鸡|葱油广东菜心
6231,扎肉|木耳娃娃菜|米饭|葱油广东菜心|葱油鸡
6232,三色绿豆芽|木耳南瓜/青瓜炒蛋|木耳莴笋|椒盐虾|米饭|红烧排骨|茄子长豆/青椒素鸡
6233,三色绿豆芽|木耳南瓜/青瓜炒蛋|椒盐虾|米饭|茄子长豆/青椒素鸡
6234,三色绿豆芽|扎肉|木耳南瓜/青瓜炒蛋|木耳莴笋|米饭|酥鱼
6235,木耳莴笋|椒盐虾|红烧带鱼|红烧排骨|茄子长豆/青椒素鸡|葱油广东菜心|酱爆猪肝|鱼香肉丝
6236,木耳南瓜/青瓜炒蛋|米饭|酥鱼|鱼香肉丝
6237,木耳娃娃菜|米饭|葱油广东菜心|葱油鸡|香菇肉丝
6238,扎肉|木耳娃娃菜|米饭|香菇肉丝
6239,三色绿豆芽|木耳南瓜/青瓜炒蛋|米饭|茄子长豆/青椒素鸡|葱油鸡
624,油豆腐烧肉|海带丝|米饭|茄子豆角
6240,木耳莴笋|米饭|茄子长豆/青椒素鸡|酥鱼
6241,木耳娃娃菜|米饭|葱油广东菜心|葱油鸡|酱爆猪肝
6242,扎肉|木耳娃娃菜|米饭|葱油广东菜心
6243,木耳南瓜/青瓜炒蛋|木耳娃娃菜|米饭|红烧带鱼|红烧排骨|茄子长豆/青椒素鸡|葱油鸡|酥鱼
6244,三色绿豆芽|扎肉|木耳娃娃菜|米饭|红烧带鱼|茄子长豆/青椒素鸡|葱油广东菜心
6245,三色绿豆芽|扎肉|木耳娃娃菜|米饭|红烧带鱼|葱油广东菜心|葱油鸡
6246,三色绿豆芽|木耳南瓜/青瓜炒蛋|木耳莴笋|米饭|茄子长豆/青椒素鸡|酥鱼
6247,三色绿豆芽|米饭|茄子长豆/青椒素鸡|酥鱼
6248,木耳南瓜/青瓜炒蛋|米饭|红烧排骨|茄子长豆/青椒素鸡|葱油广东菜心|鱼香肉丝
6249,三色绿豆芽|扎肉|木耳娃娃菜|米饭|红烧带鱼|葱油广东菜心
625,木耳花菜/青瓜炒蛋|米饭|红烧排骨|芹菜香干
6250,三色绿豆芽|米饭|茄子长豆/青椒素鸡|葱油广东菜心|葱油鸡
6251,木耳莴笋|米饭|茄子长豆/青椒素鸡|鱼香肉丝
6252,木耳南瓜/青瓜炒蛋|米饭
6253,三色绿豆芽|木耳南瓜/青瓜炒蛋|木耳莴笋|椒盐虾|米饭|红烧排骨|酥鱼|鱼香肉丝
6254,三色绿豆芽|米饭|茄子长豆/青椒素鸡|葱油鸡
6255,米饭|茄子长豆/青椒素鸡|酥鱼
6256,木耳南瓜/青瓜炒蛋|米饭|葱油广东菜心|葱油鸡
6257,三色绿豆芽|木耳南瓜/青瓜炒蛋|木耳娃娃菜|米饭|红烧排骨|鱼香肉丝
6258,三色绿豆芽|椒盐虾|米饭|茄子长豆/青椒素鸡|葱油广东菜心|葱油鸡
6259,三色绿豆芽|米饭|茄子长豆/青椒素鸡|葱油鸡
626,土豆丝/大白菜|木耳花菜/青瓜炒蛋|椒盐带鱼/鸡排|米饭|红烧排骨|茄子豆角
6260,木耳南瓜/青瓜炒蛋|木耳娃娃菜|木耳芹菜|米饭|酥鱼
6261,木耳娃娃菜|木耳莴笋|米饭|葱油广东菜心|葱油鸡
6262,三色绿豆芽|扎肉|木耳南瓜/青瓜炒蛋|木耳芹菜|椒盐虾|米饭|红烧排骨|茄子长豆/青椒素鸡|鱼香肉丝
6263,扎肉|木耳娃娃菜|米饭|茄子长豆/青椒素鸡|葱油广东菜心|葱油鸡
6264,三色绿豆芽|木耳南瓜/青瓜炒蛋|木耳芹菜|椒盐虾|米饭|红烧排骨|茄子长豆/青椒素鸡|酥鱼|鱼香肉丝
6265,三色绿豆芽|扎肉|米饭|茄子长豆/青椒素鸡|葱油广东菜心
6266,三色绿豆芽|扎肉|米饭|红烧带鱼|葱油鸡|香菇肉丝
6267,木耳芹菜|木耳莴笋|米饭|酥鱼
6268,三色绿豆芽|扎肉|木耳芹菜|木耳莴笋|米饭|鱼香肉丝
6269,木耳南瓜/青瓜炒蛋|椒盐虾|米饭|茄子长豆/青椒素鸡|葱油鸡
627,土豆丝/大白菜|木耳花菜/青瓜炒蛋|椒盐带鱼/鸡排|米饭|红烧排骨
6270,木耳芹菜|木耳莴笋|米饭|酥鱼|鱼香肉丝
6271,三色绿豆芽|米饭|茄子长豆/青椒素鸡|葱油鸡|酱爆猪肝|香菇肉丝
6272,三色绿豆芽|木耳南瓜/青瓜炒蛋|米饭|葱油鸡|酥鱼|香菇肉丝
6273,三色绿豆芽|木耳南瓜/青瓜炒蛋|木耳娃娃菜|米饭|茄子长豆/青椒素鸡|葱油鸡|香菇肉丝
6274,三色绿豆芽|木耳芹菜|米饭|茄子长豆/青椒素鸡|酥鱼|香菇肉丝
6275,木耳南瓜/青瓜炒蛋|木耳芹菜|木耳莴笋|米饭|茄子长豆/青椒素鸡|酥鱼
6276,扎肉|木耳南瓜/青瓜炒蛋|米饭|茄子长豆/青椒素鸡|鱼香肉丝
6277,三色绿豆芽|扎肉|茄子长豆/青椒素鸡|葱油广东菜心
6278,三色绿豆芽|扎肉|木耳芹菜|木耳莴笋|米饭|香菇肉丝
6279,木耳南瓜/青瓜炒蛋|木耳娃娃菜|木耳芹菜|米饭|茄子长豆/青椒素鸡|葱油广东菜心|葱油鸡|香菇肉丝
628,土豆丝/大白菜|木耳花菜/青瓜炒蛋|油豆腐烧肉|米饭|芹菜香干
6280,木耳娃娃菜|米饭|红烧带鱼|茄子长豆/青椒素鸡|葱油广东菜心|鱼香肉丝
6281,扎肉|木耳娃娃菜|米饭|葱油广东菜心|酥鱼|酱爆猪肝
6282,木耳南瓜/青瓜炒蛋|木耳娃娃菜|米饭|红烧带鱼
6283,扎肉|木耳南瓜/青瓜炒蛋|木耳娃娃菜|米饭|红烧带鱼|茄子长豆/青椒素鸡
6284,扎肉|木耳莴笋|米饭|茄子长豆/青椒素鸡
6285,木耳芹菜|木耳莴笋|椒盐虾|米饭|葱油广东菜心|鱼香肉丝
6286,木耳芹菜|木耳莴笋|椒盐虾|米饭|茄子长豆/青椒素鸡|酥鱼
6287,扎肉|木耳南瓜/青瓜炒蛋|米饭|红烧带鱼|葱油广东菜心
6288,木耳南瓜/青瓜炒蛋|木耳娃娃菜|米饭|茄子长豆/青椒素鸡|葱油鸡|香菇肉丝
6289,木耳南瓜/青瓜炒蛋|木耳娃娃菜|米饭|葱油广东菜心|葱油鸡|酱爆猪肝|香菇肉丝
629,海带丝|米饭|红烧排骨|芹菜香干
6290,木耳南瓜/青瓜炒蛋|木耳芹菜|木耳莴笋|米饭
6291,扎肉|米饭|葱油广东菜心|香菇肉丝
6292,木耳南瓜/青瓜炒蛋|椒盐虾|米饭|红烧排骨|茄子长豆/青椒素鸡|葱油鸡|酥鱼|鱼香肉丝
6293,三色绿豆芽|木耳娃娃菜|米饭|香菇肉丝
6294,扎肉|木耳娃娃菜|米饭|香菇肉丝
6295,木耳南瓜/青瓜炒蛋|木耳芹菜|米饭|茄子长豆/青椒素鸡
6296,木耳芹菜|米饭|葱油鸡|鱼香肉丝
6297,米饭|红烧带鱼|葱油鸡|香菇肉丝
6298,木耳娃娃菜|米饭|茄子长豆/青椒素鸡|葱油鸡|鱼香肉丝
6299,扎肉|木耳娃娃菜|米饭|酱爆猪肝
630,土豆丝/大白菜|椒盐带鱼/鸡排|米饭|红烧排骨|芹菜香干
6300,三色绿豆芽|扎肉|米饭|茄子长豆/青椒素鸡|葱油鸡|酱爆猪肝
6301,木耳芹菜|木耳莴笋|米饭|红烧排骨|鱼香肉丝
6302,三色绿豆芽|扎肉|木耳南瓜/青瓜炒蛋|木耳娃娃菜|米饭|茄子长豆/青椒素鸡|葱油广东菜心
6303,木耳娃娃菜|葱油鸡|酱爆猪肝
6304,三色绿豆芽|米饭|红烧带鱼
6305,三色绿豆芽|木耳南瓜/青瓜炒蛋|木耳芹菜|米饭|红烧排骨|葱油鸡|鱼香肉丝
6306,扎肉|木耳芹菜|米饭|葱油广东菜心
6307,三色绿豆芽|木耳南瓜/青瓜炒蛋|木耳芹菜|木耳莴笋|米饭|红烧排骨|鱼香肉丝
6308,三色绿豆芽|木耳莴笋|茄子长豆/青椒素鸡|葱油广东菜心|酱爆猪肝|香菇肉丝
6309,米饭|葱油广东菜心|葱油鸡|酱爆猪肝|鱼香肉丝
631,土豆丝/大白菜|椒盐带鱼/鸡排|油豆腐烧肉|海带丝|米饭|茄子豆角
6310,木耳娃娃菜|木耳芹菜|米饭|红烧排骨|葱油鸡
6311,三色绿豆芽|扎肉|米饭|茄子长豆/青椒素鸡|葱油鸡
6312,木耳南瓜/青瓜炒蛋|木耳芹菜|米饭|红烧排骨|茄子长豆/青椒素鸡|葱油鸡
6313,木耳南瓜/青瓜炒蛋|椒盐虾|米饭|鱼香肉丝
6314,三色绿豆芽|米饭|茄子长豆/青椒素鸡
6315,三色绿豆芽|米饭|红烧带鱼|茄子长豆/青椒素鸡
6316,三色绿豆芽|木耳娃娃菜|木耳芹菜|米饭|茄子长豆/青椒素鸡
6317,三色绿豆芽|木耳南瓜/青瓜炒蛋|米饭|红烧排骨|葱油鸡|鱼香肉丝
6318,木耳南瓜/青瓜炒蛋|木耳芹菜|椒盐虾|米饭|红烧带鱼|茄子长豆/青椒素鸡|酱爆猪肝
6319,三色绿豆芽|扎肉|米饭|鱼香肉丝
632,木耳花菜/青瓜炒蛋|椒盐带鱼/鸡排|米饭|红烧排骨
6320,木耳南瓜/青瓜炒蛋|米饭|酱爆猪肝
6321,三色绿豆芽|木耳娃娃菜|木耳莴笋|米饭|红烧带鱼|茄子长豆/青椒素鸡|葱油鸡
6322,三色绿豆芽|扎肉|木耳娃娃菜|木耳莴笋|米饭|红烧排骨|葱油鸡|香菇肉丝
6323,扎肉|木耳南瓜/青瓜炒蛋|米饭|葱油广东菜心|葱油鸡
6324,三色绿豆芽|木耳芹菜|木耳莴笋|米饭|葱油鸡|鱼香肉丝
6325,三色绿豆芽|木耳南瓜/青瓜炒蛋|木耳芹菜|木耳莴笋|米饭|茄子长豆/青椒素鸡|葱油鸡
6326,三色绿豆芽|米饭|红烧排骨|葱油广东菜心|葱油鸡|酱爆猪肝
6327,三色绿豆芽|扎肉|木耳南瓜/青瓜炒蛋|木耳娃娃菜|米饭|香菇肉丝
6328,三色绿豆芽|扎肉|木耳娃娃菜|葱油鸡
6329,葱油鸡|酱爆猪肝|鱼香肉丝
633,木耳花菜/青瓜炒蛋|椒盐带鱼/鸡排|油豆腐烧肉|海带丝|米饭
6330,木耳娃娃菜|木耳莴笋|米饭|葱油鸡|鱼香肉丝
6331,三色绿豆芽|扎肉|米饭|茄子长豆/青椒素鸡|鱼香肉丝
6332,三色绿豆芽|木耳娃娃菜|米饭|红烧带鱼|葱油广东菜心|葱油鸡|香菇肉丝
6333,三色绿豆芽|木耳芹菜|米饭|红烧排骨|葱油鸡
6334,木耳娃娃菜|米饭|茄子长豆/青椒素鸡|葱油鸡
6335,木耳娃娃菜|木耳芹菜|木耳莴笋|红烧排骨|葱油鸡|香菇肉丝
6336,木耳南瓜/青瓜炒蛋|木耳芹菜|米饭|茄子长豆/青椒素鸡|葱油广东菜心|葱油鸡
6337,扎肉|米饭|葱油广东菜心|香菇肉丝|鱼香肉丝
6338,三色绿豆芽|木耳南瓜/青瓜炒蛋|米饭|红烧排骨|茄子长豆/青椒素鸡|葱油广东菜心|酱爆猪肝
6339,扎肉|木耳南瓜/青瓜炒蛋|米饭|茄子长豆/青椒素鸡
634,土豆丝/大白菜|木耳花菜/青瓜炒蛋|米饭|红烧排骨
6340,扎肉|米饭|茄子长豆/青椒素鸡|葱油广东菜心|香菇肉丝
6341,木耳娃娃菜|米饭|茄子长豆/青椒素鸡|葱油广东菜心|葱油鸡|酱爆猪肝
6342,木耳南瓜/青瓜炒蛋|木耳莴笋|米饭|葱油鸡|香菇肉丝
6343,三色绿豆芽|木耳南瓜/青瓜炒蛋|木耳娃娃菜|米饭|茄子长豆/青椒素鸡|葱油鸡
6344,三色绿豆芽|扎肉|木耳芹菜|米饭
6345,扎肉|木耳芹菜|木耳莴笋|米饭|红烧带鱼|茄子长豆/青椒素鸡
6346,木耳芹菜|木耳莴笋|米饭|红烧带鱼|红烧排骨|葱油鸡
6347,扎肉|木耳娃娃菜|米饭|鱼香肉丝
6348,扎肉|木耳南瓜/青瓜炒蛋|木耳娃娃菜|木耳芹菜|米饭|香菇肉丝
6349,木耳南瓜/青瓜炒蛋|木耳芹菜|红烧排骨|鱼香肉丝
635,土豆丝/大白菜|米饭|红烧排骨|茄子豆角
6350,米饭
6351,扎肉|木耳娃娃菜|木耳芹菜|米饭|红烧排骨|鱼香肉丝
6352,米饭|红烧带鱼|红烧排骨|茄子长豆/青椒素鸡|葱油广东菜心|葱油鸡|鱼香肉丝
6353,扎肉|木耳娃娃菜|木耳莴笋|米饭|红烧带鱼|茄子长豆/青椒素鸡
6354,木耳南瓜/青瓜炒蛋|米饭|红烧带鱼|茄子长豆/青椒素鸡|香菇肉丝
6355,木耳芹菜|米饭|葱油广东菜心|葱油鸡
6356,扎肉|木耳芹菜|米饭|茄子长豆/青椒素鸡|葱油鸡|鱼香肉丝
6357,茄子长豆/青椒素鸡|葱油广东菜心
6358,扎肉|木耳南瓜/青瓜炒蛋|木耳娃娃菜|木耳芹菜|米饭
6359,木耳娃娃菜|米饭|香菇肉丝
636,口水鸡|土豆丝/大白菜|木耳花菜/青瓜炒蛋|米饭
6360,木耳娃娃菜|茄子长豆/青椒素鸡|葱油鸡
6361,木耳娃娃菜|香菇肉丝|鱼香肉丝
6362,扎肉|米饭|酱爆猪肝|鱼香肉丝
6363,包菜粉丝|木耳南瓜/青瓜炒蛋|米饭|红烧带鱼
6364,扎肉|米饭|香菇肉丝
6365,包菜粉丝|木耳娃娃菜|米饭|鱼香肉丝
6366,包菜粉丝
6367,三色绿豆芽|包菜粉丝|扎肉|米饭|葱油广东菜心
6368,包菜粉丝|扎肉|米饭|酱爆猪肝
6369,包菜粉丝|扎肉|木耳南瓜/青瓜炒蛋|米饭
637,木耳花菜/青瓜炒蛋|米饭|红烧排骨|芹菜香干
6370,三色绿豆芽|包菜粉丝|木耳南瓜/青瓜炒蛋|木耳娃娃菜|米饭|香菇肉丝
6371,三色绿豆芽|包菜粉丝|木耳南瓜/青瓜炒蛋|木耳娃娃菜|米饭
6372,包菜粉丝|扎肉|木耳南瓜/青瓜炒蛋|木耳娃娃菜|米饭
6373,包菜粉丝|扎肉|米饭
6374,包菜粉丝|扎肉|木耳南瓜/青瓜炒蛋
6375,包菜粉丝|扎肉|木耳南瓜/青瓜炒蛋|米饭|莴笋目鱼花
6376,木耳南瓜/青瓜炒蛋|木耳芹菜|米饭|葱油广东菜心|酱爆猪肝|鱼香肉丝
6377,包菜粉丝|木耳南瓜/青瓜炒蛋|米饭|莴笋目鱼花|香菇肉丝
6378,三色绿豆芽|包菜粉丝|米饭
6379,三色绿豆芽|米饭|莴笋目鱼花|酱爆猪肝
638,土豆丝/大白菜|木耳花菜/青瓜炒蛋|米饭|红烧排骨|芹菜香干
6380,米饭|莴笋目鱼花|酱爆猪肝|香菇肉丝
6381,扎肉|木耳娃娃菜|米饭|莴笋目鱼花
6382,木耳芹菜|米饭|莴笋目鱼花|葱油广东菜心
6383,木耳南瓜/青瓜炒蛋|米饭|红烧排骨|香菇肉丝
6384,扎肉|鱼香肉丝
6385,扎肉|米饭|茄子豆角|莴笋目鱼花
6386,包菜粉丝|木耳芹菜|米饭|茄子豆角|莴笋目鱼花
6387,宫保鸡丁|小黄鱼|盐水虾|米饭|莴笋山药/虎皮尖椒|葱油娃娃菜|西红柿炒蛋/葱油芋艿|酸辣土豆丝|香菇鸭块
6388,家常豆腐|米饭|西红柿炒蛋/葱油芋艿|鸟蛋烧肉
6389,宫保鸡丁|米饭|西红柿炒蛋/葱油芋艿
639,木耳花菜/青瓜炒蛋|油豆腐烧肉|米饭|芹菜香干|茄子豆角
6390,宫保鸡丁|米饭|酸辣土豆丝|鸟蛋烧肉
6391,付皮包|家常豆腐|米饭|蘑菇肉片
6392,付皮包|家常豆腐|盐水虾|米饭|莴笋山药/虎皮尖椒|莴笋目鱼花|蘑菇肉片
6393,宫保鸡丁|盐水虾|米饭|莴笋山药/虎皮尖椒|蘑菇肉片|香菇鸭块
6394,米饭|莴笋山药/虎皮尖椒|葱油娃娃菜|西红柿炒蛋/葱油芋艿|鸟蛋烧肉
6395,宫保鸡丁|盐水虾|米饭|莴笋山药/虎皮尖椒|葱油娃娃菜|西红柿炒蛋/葱油芋艿|酸辣土豆丝|香菇鸭块|鸟蛋烧肉
6396,米饭|红烧萝卜|胖干烧肉|莴笋山药/虎皮尖椒|蘑菇肉片|西红柿炒蛋/葱油芋艿
6397,宫保鸡丁|家常豆腐|盐水虾|米饭|葱油娃娃菜|西红柿炒蛋/葱油芋艿|酸辣土豆丝|鸟蛋烧肉
6398,宫保鸡丁|米饭|红烧萝卜|胖干烧肉|葱油娃娃菜|香菇鸭块|鸟蛋烧肉
6399,米饭|蘑菇肉片|西红柿炒蛋/葱油芋艿|酸辣土豆丝
640,口水鸡|木耳花菜/青瓜炒蛋|米饭|红烧排骨|茄子豆角
6400,宫保鸡丁|家常豆腐|盐水虾|米饭|莴笋山药/虎皮尖椒|莴笋目鱼花|葱油娃娃菜|西红柿炒蛋/葱油芋艿|酸辣土豆丝|香菇鸭块|鸟蛋烧肉
6401,宫保鸡丁|家常豆腐|米饭|胖干烧肉|莴笋目鱼花|葱油娃娃菜|西红柿炒蛋/葱油芋艿|鸟蛋烧肉
6402,家常豆腐|米饭|莴笋山药/虎皮尖椒
6403,家常豆腐|盐水虾|米饭|红烧萝卜|西红柿炒蛋/葱油芋艿|香菇鸭块
6404,宫保鸡丁|米饭|红烧萝卜|莴笋山药/虎皮尖椒|鸟蛋烧肉
6405,家常豆腐|米饭|莴笋山药/虎皮尖椒|西红柿炒蛋/葱油芋艿|鸟蛋烧肉
6406,盐水虾|米饭|葱油娃娃菜|西红柿炒蛋/葱油芋艿|鸟蛋烧肉
6407,宫保鸡丁|家常豆腐|米饭|红烧萝卜|胖干烧肉|葱油娃娃菜|西红柿炒蛋/葱油芋艿|酸辣土豆丝
6408,宫保鸡丁|家常豆腐|盐水虾|西红柿炒蛋/葱油芋艿|酸辣土豆丝|鸟蛋烧肉
6409,付皮包|米饭|葱油娃娃菜|蘑菇肉片|鸟蛋烧肉
641,木耳花菜/青瓜炒蛋|油豆腐烧肉|米饭|茄子豆角|蘑菇小炒肉
6410,宫保鸡丁|家常豆腐|米饭|莴笋山药/虎皮尖椒|莴笋目鱼花|西红柿炒蛋/葱油芋艿|鸟蛋烧肉
6411,米饭|红烧萝卜|胖干烧肉
6412,宫保鸡丁|家常豆腐|小黄鱼|米饭|西红柿炒蛋/葱油芋艿|香菇鸭块
6413,付皮包|米饭|胖干烧肉|莴笋目鱼花|葱油娃娃菜|西红柿炒蛋/葱油芋艿
6414,小黄鱼|米饭|西红柿炒蛋/葱油芋艿|酸辣土豆丝|鸟蛋烧肉
6415,米饭|红烧萝卜|莴笋山药/虎皮尖椒|西红柿炒蛋/葱油芋艿|鸟蛋烧肉
6416,宫保鸡丁|家常豆腐|盐水虾|米饭|西红柿炒蛋/葱油芋艿|酸辣土豆丝
6417,付皮包|米饭|莴笋目鱼花|蘑菇肉片|鸟蛋烧肉
6418,盐水虾|米饭|胖干烧肉|莴笋山药/虎皮尖椒|葱油娃娃菜|蘑菇肉片|西红柿炒蛋/葱油芋艿|酸辣土豆丝
6419,米饭|莴笋山药/虎皮尖椒|蘑菇肉片
642,土豆丝/大白菜|木耳花菜/青瓜炒蛋|米饭|红烧排骨
6420,宫保鸡丁|家常豆腐|盐水虾|米饭|莴笋山药/虎皮尖椒|西红柿炒蛋/葱油芋艿|酸辣土豆丝|鸟蛋烧肉
6421,家常豆腐|米饭|葱油娃娃菜|蘑菇肉片|鸟蛋烧肉
6422,米饭|莴笋山药/虎皮尖椒|香菇鸭块
6423,宫保鸡丁|家常豆腐|米饭|莴笋山药/虎皮尖椒|香菇鸭块
6424,家常豆腐|小黄鱼|盐水虾|米饭|莴笋山药/虎皮尖椒|葱油娃娃菜|西红柿炒蛋/葱油芋艿
6425,付皮包|米饭|葱油娃娃菜|蘑菇肉片|酸辣土豆丝|鸟蛋烧肉
6426,家常豆腐|米饭|红烧萝卜|莴笋山药/虎皮尖椒|鸟蛋烧肉
6427,家常豆腐|米饭|红烧萝卜|葱油娃娃菜|鸟蛋烧肉
6428,家常豆腐|盐水虾|米饭|红烧萝卜|莴笋山药/虎皮尖椒|蘑菇肉片|西红柿炒蛋/葱油芋艿|香菇鸭块
6429,付皮包|家常豆腐|米饭|红烧萝卜|莴笋目鱼花|葱油娃娃菜
643,土豆丝/大白菜|木耳花菜/青瓜炒蛋|油豆腐烧肉|米饭|红烧排骨
6430,宫保鸡丁|家常豆腐|米饭|莴笋山药/虎皮尖椒|西红柿炒蛋/葱油芋艿|鸟蛋烧肉
6431,宫保鸡丁|家常豆腐|米饭|西红柿炒蛋/葱油芋艿|酸辣土豆丝|鸟蛋烧肉
6432,家常豆腐|米饭|胖干烧肉|葱油娃娃菜|酸辣土豆丝|鸟蛋烧肉
6433,宫保鸡丁|小黄鱼|盐水虾|米饭|莴笋山药/虎皮尖椒|鸟蛋烧肉
6434,米饭|红烧萝卜|莴笋目鱼花|西红柿炒蛋/葱油芋艿|鸟蛋烧肉
6435,家常豆腐|米饭|莴笋山药/虎皮尖椒|葱油娃娃菜|西红柿炒蛋/葱油芋艿|酸辣土豆丝|香菇鸭块|鸟蛋烧肉
6436,家常豆腐|米饭|红烧萝卜|胖干烧肉|莴笋山药/虎皮尖椒|莴笋目鱼花|蘑菇肉片|西红柿炒蛋/葱油芋艿|鸟蛋烧肉
6437,家常豆腐|米饭|莴笋山药/虎皮尖椒|葱油娃娃菜|香菇鸭块
6438,宫保鸡丁|家常豆腐|盐水虾|米饭|葱油娃娃菜|西红柿炒蛋/葱油芋艿
6439,家常豆腐|米饭|胖干烧肉|葱油娃娃菜|蘑菇肉片|鸟蛋烧肉
644,米饭|芹菜香干|茄子豆角|蘑菇小炒肉
6440,家常豆腐|小黄鱼|米饭|莴笋山药/虎皮尖椒|葱油娃娃菜|蘑菇肉片|西红柿炒蛋/葱油芋艿
6441,宫保鸡丁|家常豆腐|米饭|胖干烧肉|莴笋目鱼花|葱油娃娃菜|西红柿炒蛋/葱油芋艿|鸟蛋烧肉
6442,宫保鸡丁|米饭|莴笋山药/虎皮尖椒|香菇鸭块
6443,付皮包|家常豆腐|米饭|胖干烧肉|葱油娃娃菜|西红柿炒蛋/葱油芋艿
6444,家常豆腐|米饭|红烧萝卜|胖干烧肉|莴笋山药/虎皮尖椒|西红柿炒蛋/葱油芋艿|鸟蛋烧肉
6445,宫保鸡丁|米饭|红烧萝卜|胖干烧肉|莴笋山药/虎皮尖椒|葱油娃娃菜|蘑菇肉片|西红柿炒蛋/葱油芋艿|鸟蛋烧肉
6446,家常豆腐|米饭|红烧萝卜|胖干烧肉|莴笋目鱼花|葱油娃娃菜|西红柿炒蛋/葱油芋艿
6447,宫保鸡丁|家常豆腐|米饭|莴笋山药/虎皮尖椒|香菇鸭块|鸟蛋烧肉
6448,宫保鸡丁|盐水虾|米饭|莴笋山药/虎皮尖椒|葱油娃娃菜|鸟蛋烧肉
6449,米饭|红烧萝卜|莴笋目鱼花
645,木耳花菜/青瓜炒蛋|油豆腐烧肉|米饭|红烧排骨
6450,宫保鸡丁|家常豆腐|西红柿炒蛋/葱油芋艿|酸辣土豆丝|香菇鸭块
6451,家常豆腐|米饭|莴笋目鱼花|葱油娃娃菜|西红柿炒蛋/葱油芋艿|鸟蛋烧肉
6452,米饭|葱油娃娃菜|西红柿炒蛋/葱油芋艿|鸟蛋烧肉
6453,家常豆腐|米饭|胖干烧肉|葱油娃娃菜|蘑菇肉片|西红柿炒蛋/葱油芋艿|鸟蛋烧肉
6454,宫保鸡丁|家常豆腐|米饭|酸辣土豆丝|香菇鸭块
6455,家常豆腐|米饭|莴笋山药/虎皮尖椒|香菇鸭块
6456,宫保鸡丁|小黄鱼|盐水虾|米饭|莴笋山药/虎皮尖椒|葱油娃娃菜|西红柿炒蛋/葱油芋艿|酸辣土豆丝|鸟蛋烧肉
6457,米饭|红烧萝卜|莴笋山药/虎皮尖椒|西红柿炒蛋/葱油芋艿|鸟蛋烧肉
6458,付皮包|家常豆腐|米饭|胖干烧肉|葱油娃娃菜|西红柿炒蛋/葱油芋艿|鸟蛋烧肉
6459,米饭|胖干烧肉|莴笋山药/虎皮尖椒|莴笋目鱼花|葱油娃娃菜|西红柿炒蛋/葱油芋艿|鸟蛋烧肉
646,土豆丝/大白菜|米饭|红烧排骨|蘑菇小炒肉
6460,宫保鸡丁|小黄鱼|米饭|莴笋山药/虎皮尖椒|西红柿炒蛋/葱油芋艿
6461,宫保鸡丁|家常豆腐|米饭|红烧萝卜|莴笋山药/虎皮尖椒|莴笋目鱼花|西红柿炒蛋/葱油芋艿|酸辣土豆丝|香菇鸭块|鸟蛋烧肉
6462,盐水虾|米饭|莴笋山药/虎皮尖椒|葱油娃娃菜|西红柿炒蛋/葱油芋艿|酸辣土豆丝|鸟蛋烧肉
6463,付皮包|米饭|胖干烧肉|莴笋山药/虎皮尖椒|葱油娃娃菜|西红柿炒蛋/葱油芋艿|鸟蛋烧肉
6464,家常豆腐|米饭|莴笋山药/虎皮尖椒|莴笋目鱼花|葱油娃娃菜|鸟蛋烧肉
6465,付皮包|米饭|蘑菇肉片
6466,宫保鸡丁|家常豆腐|盐水虾|米饭|葱油娃娃菜|蘑菇肉片|鸟蛋烧肉
6467,家常豆腐|米饭|莴笋山药/虎皮尖椒|鸟蛋烧肉
6468,宫保鸡丁|盐水虾|米饭|葱油娃娃菜|西红柿炒蛋/葱油芋艿|香菇鸭块|鸟蛋烧肉
6469,付皮包|米饭|红烧萝卜|胖干烧肉|莴笋山药/虎皮尖椒|蘑菇肉片
647,口水鸡|土豆丝/大白菜|油豆腐烧肉|海带丝|米饭|芹菜香干
6470,宫保鸡丁|家常豆腐|米饭|莴笋山药/虎皮尖椒|葱油娃娃菜|葱油鸡|西红柿炒蛋/葱油芋艿|酸辣土豆丝|鸟蛋烧肉
6471,宫保鸡丁|盐水虾|米饭|胖干烧肉|蘑菇肉片|西红柿炒蛋/葱油芋艿|鸟蛋烧肉
6472,家常豆腐|盐水虾|米饭|莴笋山药/虎皮尖椒|鸟蛋烧肉
6473,付皮包|家常豆腐|红烧萝卜|莴笋山药/虎皮尖椒|莴笋目鱼花|葱油娃娃菜|蘑菇肉片|西红柿炒蛋/葱油芋艿
6474,付皮包|家常豆腐|盐水虾|米饭|红烧萝卜|莴笋山药/虎皮尖椒|蘑菇肉片|西红柿炒蛋/葱油芋艿|鸟蛋烧肉
6475,家常豆腐|米饭|莴笋山药/虎皮尖椒|莴笋目鱼花|葱油娃娃菜|西红柿炒蛋/葱油芋艿|鸟蛋烧肉
6476,盐水虾|米饭|葱油娃娃菜|葱油鸡|西红柿炒蛋/葱油芋艿|鸟蛋烧肉
6477,米饭|葱油娃娃菜|蘑菇肉片|西红柿炒蛋/葱油芋艿|鸟蛋烧肉
6478,宫保鸡丁|家常豆腐|米饭|葱油娃娃菜|葱油鸡|西红柿炒蛋/葱油芋艿|鸟蛋烧肉
6479,家常豆腐|米饭|莴笋山药/虎皮尖椒|葱油鸡|西红柿炒蛋/葱油芋艿|鸟蛋烧肉
648,木耳花菜/青瓜炒蛋|米饭|红烧排骨|蘑菇小炒肉
6480,宫保鸡丁|家常豆腐|盐水虾|米饭|莴笋山药/虎皮尖椒|葱油娃娃菜|葱油鸡|酸辣土豆丝|鸟蛋烧肉
6481,家常豆腐|米饭|红烧萝卜|莴笋山药/虎皮尖椒|莴笋目鱼花|葱油娃娃菜|葱油鸡|西红柿炒蛋/葱油芋艿|酸辣土豆丝|鸟蛋烧肉
6482,米饭|葱油娃娃菜|葱油鸡|西红柿炒蛋/葱油芋艿
6483,米饭|红烧萝卜|莴笋目鱼花|葱油娃娃菜|鸟蛋烧肉
6484,盐水虾|米饭|红烧萝卜|西红柿炒蛋/葱油芋艿|鸟蛋烧肉
6485,宫保鸡丁|家常豆腐|米饭|莴笋山药/虎皮尖椒|西红柿炒蛋/葱油芋艿|香菇鸭块|鸟蛋烧肉
6486,家常豆腐|盐水虾|米饭|莴笋山药/虎皮尖椒|葱油娃娃菜|葱油鸡|西红柿炒蛋/葱油芋艿|酸辣土豆丝
6487,宫保鸡丁|盐水虾|米饭|葱油娃娃菜|葱油鸡|西红柿炒蛋/葱油芋艿|酸辣土豆丝|香菇鸭块|鸟蛋烧肉
6488,家常豆腐|米饭|红烧萝卜|莴笋目鱼花|西红柿炒蛋/葱油芋艿|鸟蛋烧肉
6489,家常豆腐|盐水虾|米饭|葱油娃娃菜|葱油鸡|西红柿炒蛋/葱油芋艿|酸辣土豆丝|香菇鸭块|鸟蛋烧肉
649,木耳花菜/青瓜炒蛋|椒盐带鱼/鸡排|油豆腐烧肉|米饭
6490,家常豆腐|盐水虾|米饭|红烧萝卜|莴笋山药/虎皮尖椒|鸟蛋烧肉
6491,米饭|胖干烧肉|莴笋山药/虎皮尖椒|莴笋目鱼花|葱油娃娃菜|蘑菇肉片|鸟蛋烧肉
6492,家常豆腐|米饭|莴笋山药/虎皮尖椒|鸟蛋烧肉
6493,宫保鸡丁|家常豆腐|米饭|葱油娃娃菜|葱油鸡|酸辣土豆丝
6494,家常豆腐|米饭|红烧萝卜|莴笋山药/虎皮尖椒|鸟蛋烧肉
6495,宫保鸡丁|家常豆腐|米饭|酸辣土豆丝|香菇鸭块
6496,宫保鸡丁|家常豆腐|米饭|葱油娃娃菜|葱油鸡|鸟蛋烧肉
6497,米饭|葱油鸡|酸辣土豆丝|鸟蛋烧肉
6498,付皮包|米饭|胖干烧肉|莴笋目鱼花|西红柿炒蛋/葱油芋艿
6499,家常豆腐|米饭|葱油鸡|西红柿炒蛋/葱油芋艿
650,土豆丝/大白菜|木耳花菜/青瓜炒蛋|米饭|红烧排骨|蘑菇小炒肉
6500,宫保鸡丁|盐水虾|米饭|葱油娃娃菜|葱油鸡|鸟蛋烧肉
6501,付皮包|家常豆腐|米饭|胖干烧肉|莴笋山药/虎皮尖椒|葱油娃娃菜|鸟蛋烧肉
6502,付皮包|家常豆腐|米饭|莴笋目鱼花|葱油娃娃菜|西红柿炒蛋/葱油芋艿
6503,付皮包|米饭|红烧萝卜|胖干烧肉|莴笋山药/虎皮尖椒|莴笋目鱼花
6504,米饭|莴笋目鱼花|葱油鸡|酸辣土豆丝
6505,米饭|葱油鸡|西红柿炒蛋/葱油芋艿|鸟蛋烧肉
6506,家常豆腐|米饭|莴笋目鱼花|葱油鸡|蘑菇肉片|西红柿炒蛋/葱油芋艿|鸟蛋烧肉
6507,付皮包|米饭|西红柿炒蛋/葱油芋艿|酸辣土豆丝|鸟蛋烧肉
6508,付皮包|宫保鸡丁|盐水虾|米饭|莴笋山药/虎皮尖椒|葱油鸡|西红柿炒蛋/葱油芋艿
6509,宫保鸡丁|家常豆腐|盐水虾|米饭|莴笋山药/虎皮尖椒|西红柿炒蛋/葱油芋艿|酸辣土豆丝|鸟蛋烧肉
651,土豆丝/大白菜|木耳花菜/青瓜炒蛋|米饭|红烧排骨|茄子豆角|蘑菇小炒肉
6510,付皮包|宫保鸡丁|家常豆腐|米饭|莴笋山药/虎皮尖椒|葱油娃娃菜|葱油鸡|西红柿炒蛋/葱油芋艿|酸辣土豆丝
6511,家常豆腐|米饭|莴笋山药/虎皮尖椒|西红柿炒蛋/葱油芋艿|酸辣土豆丝
6512,宫保鸡丁|米饭|莴笋山药/虎皮尖椒|葱油鸡|西红柿炒蛋/葱油芋艿|香菇鸭块
6513,付皮包|米饭|红烧萝卜|胖干烧肉|葱油娃娃菜|西红柿炒蛋/葱油芋艿
6514,付皮包|家常豆腐|米饭|红烧萝卜|莴笋山药/虎皮尖椒|葱油娃娃菜
6515,付皮包|盐水虾|米饭|红烧萝卜|葱油娃娃菜|葱油鸡|西红柿炒蛋/葱油芋艿
6516,盐水虾|米饭|莴笋山药/虎皮尖椒|葱油鸡|西红柿炒蛋/葱油芋艿|酸辣土豆丝
6517,家常豆腐|盐水虾|米饭|莴笋山药/虎皮尖椒|葱油娃娃菜|西红柿炒蛋/葱油芋艿|香菇鸭块
6518,家常豆腐|米饭|莴笋山药/虎皮尖椒|莴笋目鱼花|西红柿炒蛋/葱油芋艿|香菇鸭块
6519,宫保鸡丁|米饭|莴笋山药/虎皮尖椒|葱油鸡|西红柿炒蛋/葱油芋艿
652,土豆丝/大白菜|椒盐带鱼/鸡排|油豆腐烧肉|米饭|茄子豆角
6520,家常豆腐|米饭|胖干烧肉|葱油娃娃菜|鸟蛋烧肉
6521,米饭|红烧萝卜|葱油娃娃菜|鸟蛋烧肉
6522,家常豆腐|莴笋目鱼花|葱油娃娃菜|鸟蛋烧肉
6523,家常豆腐|盐水虾|米饭|红烧萝卜|莴笋山药/虎皮尖椒|蘑菇肉片|香菇鸭块
6524,家常豆腐|米饭|红烧萝卜|葱油娃娃菜|鸟蛋烧肉
6525,付皮包|盐水虾|米饭|葱油娃娃菜|蘑菇肉片|鸟蛋烧肉
6526,付皮包|家常豆腐|米饭|莴笋山药/虎皮尖椒|莴笋目鱼花|葱油娃娃菜|鸟蛋烧肉
6527,米饭|莴笋山药/虎皮尖椒|葱油娃娃菜|西红柿炒蛋/葱油芋艿|酸辣土豆丝|鸟蛋烧肉
6528,米饭|红烧萝卜|葱油鸡|西红柿炒蛋/葱油芋艿
6529,宫保鸡丁|米饭|莴笋山药/虎皮尖椒|葱油鸡|西红柿炒蛋/葱油芋艿|酸辣土豆丝|香菇鸭块
653,土豆丝/大白菜|木耳花菜/青瓜炒蛋|油豆腐烧肉|米饭|红烧排骨|蘑菇小炒肉
6530,付皮包|盐水虾|米饭|红烧萝卜|葱油娃娃菜|鸟蛋烧肉
6531,米饭|红烧萝卜|莴笋山药/虎皮尖椒|葱油娃娃菜|西红柿炒蛋/葱油芋艿|鸟蛋烧肉
6532,宫保鸡丁|家常豆腐|米饭|葱油娃娃菜|酸辣土豆丝|香菇鸭块|鸟蛋烧肉
6533,宫保鸡丁|家常豆腐|盐水虾|米饭|酸辣土豆丝|鸟蛋烧肉
6534,付皮包|家常豆腐|米饭|胖干烧肉|莴笋山药/虎皮尖椒
6535,红烧萝卜|莴笋山药/虎皮尖椒|葱油鸡|蘑菇肉片|鸟蛋烧肉
6536,米饭|胖干烧肉|莴笋山药/虎皮尖椒|莴笋目鱼花|西红柿炒蛋/葱油芋艿|酸辣土豆丝|鸟蛋烧肉
6537,盐水虾|米饭|莴笋目鱼花|蘑菇肉片|西红柿炒蛋/葱油芋艿|鸟蛋烧肉
6538,米饭|莴笋山药/虎皮尖椒|莴笋目鱼花|葱油娃娃菜|鸟蛋烧肉
6539,米饭|葱油娃娃菜|鸟蛋烧肉
654,木耳花菜/青瓜炒蛋|米饭|红烧排骨|蘑菇小炒肉
6540,米饭|莴笋山药/虎皮尖椒|葱油鸡|蘑菇肉片|西红柿炒蛋/葱油芋艿|酸辣土豆丝
6541,米饭
6542,米饭|葱油娃娃菜|葱油鸡|西红柿炒蛋/葱油芋艿
6543,家常豆腐|米饭|莴笋山药/虎皮尖椒|葱油娃娃菜|葱油鸡|香菇鸭块|鸟蛋烧肉
6544,米饭|莴笋山药/虎皮尖椒|葱油娃娃菜|西红柿炒蛋/葱油芋艿|香菇鸭块
6545,米饭|葱油鸡|西红柿炒蛋/葱油芋艿
6546,宫保鸡丁|盐水虾|米饭|西红柿炒蛋/葱油芋艿|鸟蛋烧肉
6547,付皮包|米饭|葱油娃娃菜|西红柿炒蛋/葱油芋艿|鸟蛋烧肉
6548,家常豆腐|米饭|莴笋目鱼花|西红柿炒蛋/葱油芋艿|鸟蛋烧肉
6549,付皮包|宫保鸡丁|家常豆腐|米饭|酸辣土豆丝|香菇鸭块
655,木耳花菜/青瓜炒蛋|椒盐带鱼/鸡排|米饭|红烧排骨|茄子豆角
6550,米饭|葱油鸡|蘑菇肉片|西红柿炒蛋/葱油芋艿|香菇鸭块
6551,宫保鸡丁|米饭|红烧萝卜|葱油娃娃菜|蘑菇肉片|酸辣土豆丝|鸟蛋烧肉
6552,付皮包|米饭|莴笋山药/虎皮尖椒|葱油娃娃菜
6553,米饭|葱油娃娃菜|鸟蛋烧肉
6554,付皮包|家常豆腐|米饭|红烧萝卜|蘑菇肉片
6555,家常豆腐|米饭|红烧萝卜|胖干烧肉|葱油娃娃菜|蘑菇肉片|西红柿炒蛋/葱油芋艿
6556,宫保鸡丁|米饭|莴笋山药/虎皮尖椒|香菇鸭块
6557,付皮包|家常豆腐|米饭|红烧萝卜|莴笋山药/虎皮尖椒|蘑菇肉片|鸟蛋烧肉
6558,付皮包|米饭|葱油娃娃菜|蘑菇肉片|西红柿炒蛋/葱油芋艿|鸟蛋烧肉
6559,家常豆腐|米饭|莴笋山药/虎皮尖椒|葱油娃娃菜|葱油鸡|西红柿炒蛋/葱油芋艿|鸟蛋烧肉
656,土豆丝/大白菜|木耳花菜/青瓜炒蛋|海带丝|米饭|红烧排骨
6560,家常豆腐|米饭|红烧萝卜|葱油娃娃菜|鸟蛋烧肉
6561,付皮包|米饭|西红柿炒蛋/葱油芋艿|酸辣土豆丝|鸟蛋烧肉
6562,米饭|西红柿炒蛋/葱油芋艿|酸辣土豆丝
6563,付皮包|家常豆腐|米饭|胖干烧肉|莴笋目鱼花|蘑菇肉片|鸟蛋烧肉
6564,付皮包|米饭|胖干烧肉|莴笋目鱼花|葱油娃娃菜|西红柿炒蛋/葱油芋艿|鸟蛋烧肉
6565,家常豆腐|米饭|葱油娃娃菜|西红柿炒蛋/葱油芋艿
6566,付皮包|米饭|胖干烧肉
6567,付皮包|家常豆腐|米饭|胖干烧肉|葱油娃娃菜|葱油鸡|蘑菇肉片|鸟蛋烧肉
6568,付皮包|宫保鸡丁|米饭|胖干烧肉|葱油娃娃菜|鸟蛋烧肉
6569,付皮包|家常豆腐|米饭|葱油娃娃菜|香菇鸭块
657,口水鸡|土豆丝/大白菜|木耳花菜/青瓜炒蛋|椒盐带鱼/鸡排|油豆腐烧肉|米饭|红烧排骨
6570,付皮包|家常豆腐|米饭|胖干烧肉|莴笋山药/虎皮尖椒|葱油娃娃菜
6571,付皮包|家常豆腐|米饭|胖干烧肉|莴笋山药/虎皮尖椒|莴笋目鱼花|蘑菇肉片|西红柿炒蛋/葱油芋艿
6572,宫保鸡丁|家常豆腐|米饭|莴笋山药/虎皮尖椒|葱油娃娃菜|香菇鸭块
6573,付皮包|家常豆腐|盐水虾|米饭|葱油鸡|西红柿炒蛋/葱油芋艿|香菇鸭块
6574,宫保鸡丁|米饭|莴笋山药/虎皮尖椒|葱油娃娃菜|葱油鸡|酸辣土豆丝|鸟蛋烧肉
6575,米饭|红烧萝卜|莴笋山药/虎皮尖椒|葱油娃娃菜|鸟蛋烧肉
6576,米饭|葱油娃娃菜|酸辣土豆丝
6577,米饭|胖干烧肉|莴笋山药/虎皮尖椒|葱油娃娃菜|西红柿炒蛋/葱油芋艿|鸟蛋烧肉
6578,付皮包|宫保鸡丁|米饭|胖干烧肉|蘑菇肉片|西红柿炒蛋/葱油芋艿|酸辣土豆丝
6579,米饭|葱油鸡|酸辣土豆丝|香菇鸭块|鸟蛋烧肉
658,木耳花菜/青瓜炒蛋|米饭|茄子豆角|蘑菇小炒肉
6580,付皮包|家常豆腐|米饭|胖干烧肉|葱油娃娃菜
6581,家常豆腐|米饭|莴笋山药/虎皮尖椒|葱油娃娃菜|西红柿炒蛋/葱油芋艿
6582,宫保鸡丁|家常豆腐|米饭|莴笋山药/虎皮尖椒|西红柿炒蛋/葱油芋艿|香菇鸭块
6583,家常豆腐|米饭|酸辣土豆丝
6584,宫保鸡丁|家常豆腐|米饭|红烧萝卜|莴笋山药/虎皮尖椒|莴笋目鱼花|葱油鸡|鸟蛋烧肉
6585,付皮包|米饭|莴笋目鱼花|葱油娃娃菜|蘑菇肉片
6586,米饭|胖干烧肉|葱油娃娃菜|蘑菇肉片|酸辣土豆丝
6587,米饭|莴笋山药/虎皮尖椒|葱油娃娃菜|葱油鸡|香菇鸭块
6588,米饭|莴笋山药/虎皮尖椒|西红柿炒蛋/葱油芋艿|酸辣土豆丝
6589,宫保鸡丁|米饭|葱油娃娃菜|西红柿炒蛋/葱油芋艿|鸟蛋烧肉
659,土豆丝/大白菜|油豆腐烧肉|米饭|红烧排骨|蘑菇小炒肉
6590,付皮包|米饭|莴笋山药/虎皮尖椒|葱油娃娃菜|鸟蛋烧肉
6591,宫保鸡丁|米饭|莴笋目鱼花|葱油娃娃菜|鸟蛋烧肉
6592,米饭|莴笋山药/虎皮尖椒|莴笋目鱼花|西红柿炒蛋/葱油芋艿|香菇鸭块|鸟蛋烧肉
6593,家常豆腐|米饭|莴笋目鱼花|蘑菇肉片|西红柿炒蛋/葱油芋艿|酸辣土豆丝|鸟蛋烧肉
6594,宫保鸡丁|米饭|莴笋山药/虎皮尖椒|葱油娃娃菜|西红柿炒蛋/葱油芋艿|酸辣土豆丝|鸟蛋烧肉
6595,付皮包|米饭|胖干烧肉|莴笋山药/虎皮尖椒|蘑菇肉片|西红柿炒蛋/葱油芋艿|鸟蛋烧肉
6596,家常豆腐|米饭|葱油娃娃菜|蘑菇肉片
6597,米饭|莴笋山药/虎皮尖椒|葱油娃娃菜|蘑菇肉片|香菇鸭块
6598,米饭|葱油娃娃菜|鸟蛋烧肉
6599,米饭|胖干烧肉|葱油鸡|蘑菇肉片|西红柿炒蛋/葱油芋艿
660,椒盐带鱼/鸡排|油豆腐烧肉|米饭|红烧排骨|茄子豆角|蘑菇小炒肉
6600,付皮包|家常豆腐|米饭|莴笋山药/虎皮尖椒|葱油娃娃菜|鸟蛋烧肉
6601,家常豆腐|米饭|莴笋山药/虎皮尖椒|葱油娃娃菜|蘑菇肉片|西红柿炒蛋/葱油芋艿|酸辣土豆丝
6602,米饭|西红柿炒蛋/葱油芋艿|酸辣土豆丝|鸟蛋烧肉
6603,米饭|莴笋目鱼花|葱油娃娃菜|葱油鸡|蘑菇肉片|西红柿炒蛋/葱油芋艿
6604,米饭|胖干烧肉|莴笋山药/虎皮尖椒|葱油娃娃菜|蘑菇肉片|西红柿炒蛋/葱油芋艿|香菇鸭块
6605,米饭|葱油娃娃菜|蘑菇肉片|鸟蛋烧肉
6606,米饭|葱油娃娃菜|蘑菇肉片|酸辣土豆丝
6607,宫保鸡丁|米饭|莴笋山药/虎皮尖椒|葱油娃娃菜|蘑菇肉片|香菇鸭块
6608,米饭|葱油娃娃菜|葱油鸡|蘑菇肉片|西红柿炒蛋/葱油芋艿
6609,家常豆腐|米饭|莴笋山药/虎皮尖椒|莴笋目鱼花|西红柿炒蛋/葱油芋艿|鸟蛋烧肉
661,木耳花菜/青瓜炒蛋|油豆腐烧肉|米饭|红烧排骨|蘑菇小炒肉
6610,米饭
6611,宫保鸡丁|米饭|蘑菇肉片|西红柿炒蛋/葱油芋艿|香菇鸭块
6612,家常豆腐|米饭|西红柿炒蛋/葱油芋艿|鸟蛋烧肉
6613,米饭|西红柿炒蛋/葱油芋艿
6614,米饭|莴笋山药/虎皮尖椒|蘑菇肉片|虎皮包/油爆虾|酸辣土豆丝
6615,米饭|莴笋山药/虎皮尖椒|葱油娃娃菜|蘑菇肉片|虎皮包/油爆虾|西红柿炒蛋/葱油芋艿
6616,宫保鸡丁|米饭|胖干烧肉|莴笋山药/虎皮尖椒|虎皮包/油爆虾|西红柿炒蛋/葱油芋艿
6617,米饭|莴笋山药/虎皮尖椒|葱油娃娃菜|蘑菇肉片|虎皮包/油爆虾|西红柿炒蛋/葱油芋艿
6618,宫保鸡丁|家常豆腐|米饭|葱油娃娃菜|虎皮包/油爆虾|酸辣土豆丝|香菇鸭块|鸟蛋烧肉
6619,米饭|胖干烧肉|葱油娃娃菜|蘑菇肉片|西红柿炒蛋/葱油芋艿|香菇鸭块
662,土豆丝/大白菜|木耳花菜/青瓜炒蛋|椒盐带鱼/鸡排|油豆腐烧肉|米饭|红烧排骨|茄子豆角|蘑菇小炒肉
6620,米饭|莴笋山药/虎皮尖椒|葱油娃娃菜|蘑菇肉片|虎皮包/油爆虾|西红柿炒蛋/葱油芋艿|酸辣土豆丝|香菇鸭块|鸟蛋烧肉
6621,付皮包|宫保鸡丁|米饭|葱油娃娃菜|西红柿炒蛋/葱油芋艿|酸辣土豆丝|香菇鸭块
6622,付皮包|家常豆腐|米饭|葱油娃娃菜|蘑菇肉片|西红柿炒蛋/葱油芋艿|鸟蛋烧肉
6623,包菜粉丝|宫保鸡丁|家常豆腐|米饭|葱油娃娃菜|西红柿炒蛋/葱油芋艿
6624,米饭|莴笋山药/虎皮尖椒|葱油娃娃菜|蘑菇肉片|西红柿炒蛋/葱油芋艿|酸辣土豆丝
6625,宫保鸡丁|米饭|葱油娃娃菜|西红柿炒蛋/葱油芋艿
6626,包菜粉丝|米饭|莴笋山药/虎皮尖椒|莴笋目鱼花|葱油娃娃菜|蘑菇肉片|香菇鸭块
6627,付皮包|宫保鸡丁|米饭|胖干烧肉|葱油娃娃菜
6628,付皮包|家常豆腐|米饭|蘑菇肉片|西红柿炒蛋/葱油芋艿
6629,包菜粉丝|宫保鸡丁|米饭|胖干烧肉
663,土豆丝/大白菜|木耳花菜/青瓜炒蛋|海带丝|米饭
6630,米饭|胖干烧肉|莴笋山药/虎皮尖椒|西红柿炒蛋/葱油芋艿|鸟蛋烧肉
6631,米饭|西红柿炒蛋/葱油芋艿|酸辣土豆丝|香菇鸭块
6632,包菜粉丝|米饭
6633,宫保鸡丁|米饭|莴笋山药/虎皮尖椒|莴笋目鱼花
6634,卤鸭|米饭|西红柿炒蛋/葱油芋艿
6635,千叶豆腐肉丝|千张结烧肉|卤鸭|大排|小青菜|米饭|茭白肉丝小炒|西红柿炒蛋/葱油芋艿|长豆香干肉丝
6636,小青菜|海带丝|茭白肉丝小炒|西葫芦炒鸡蛋/肉末茄|长江豆肉丝/香菇肉丝|长豆香干肉丝|青椒藕片
6637,千张结烧肉|米饭|肉沫茄子/西葫芦炒蛋
6638,千叶豆腐肉丝|卤鸭|小青菜|海带丝|米饭|红烧带鱼|肉沫茄子/西葫芦炒蛋|花菜|长豆香干肉丝
6639,卤鸭|小青菜|米饭|红烧带鱼|花椒排骨|花菜|长豆香干肉丝|青椒藕片
664,木耳花菜/青瓜炒蛋|油豆腐烧肉|米饭
6640,米饭|肉沫茄子/西葫芦炒蛋|长豆香干肉丝|青椒藕片
6641,千叶豆腐肉丝|千张结烧肉|米饭|茭白肉丝小炒|长豆香干肉丝|青椒藕片
6642,千叶豆腐肉丝|米饭|红烧带鱼|西葫芦炒鸡蛋/肉末茄
6643,千张结烧肉|大排|米饭|红烧带鱼|肉沫茄子/西葫芦炒蛋|茭白肉丝小炒|长豆香干肉丝|鸭血豆腐
6644,小青菜|海带丝|米饭|红烧带鱼|花椒排骨|花菜|茭白肉丝小炒|西葫芦炒鸡蛋/肉末茄
6645,大排|白菜千张丝|米饭|红烧带鱼|茭白肉丝小炒|长豆香干肉丝
6646,大排|小青菜|米饭|茭白肉丝小炒
6647,卤鸭|白菜千张丝|米饭|肉沫茄子/西葫芦炒蛋|花椒排骨|花菜
6648,千叶豆腐肉丝|千张结烧肉|米饭|肉沫茄子/西葫芦炒蛋|花椒排骨|花菜|茭白肉丝小炒|青椒藕片
6649,卤鸭|米饭|花椒排骨|花菜|青椒藕片
665,木耳花菜/青瓜炒蛋|油豆腐烧肉|海带丝|米饭
6650,卤鸭|小青菜|米饭|花椒排骨|茭白肉丝小炒|长豆香干肉丝|青椒藕片
6651,卤鸭|小青菜|米饭|花椒排骨|长豆香干肉丝|青椒藕片
6652,卤鸭|白菜千张丝|红烧带鱼|花椒排骨|青椒藕片
6653,千张结烧肉|大排|小青菜|米饭|肉沫茄子/西葫芦炒蛋|茭白肉丝小炒
6654,米饭|红烧带鱼|肉沫茄子/西葫芦炒蛋|长豆香干肉丝
6655,千叶豆腐肉丝|米饭|红烧带鱼|肉沫茄子/西葫芦炒蛋|茭白肉丝小炒
6656,千张结烧肉|卤鸭|白菜千张丝|米饭|茭白肉丝小炒|西葫芦炒鸡蛋/肉末茄
6657,小青菜|米饭|西葫芦炒鸡蛋/肉末茄
6658,卤鸭|白菜千张丝|米饭|红烧带鱼|西葫芦炒鸡蛋/肉末茄
6659,大排|米饭|肉沫茄子/西葫芦炒蛋|鸭血豆腐
666,口水鸡|木耳花菜/青瓜炒蛋|米饭|红烧排骨|蘑菇小炒肉
6660,千叶豆腐肉丝|卤鸭|米饭|红烧带鱼|花椒排骨|花菜
6661,卤鸭|小青菜|海带丝|米饭|肉沫茄子/西葫芦炒蛋|花椒排骨|茭白肉丝小炒|青椒藕片
6662,大排|白菜千张丝|米饭|长豆香干肉丝
6663,卤鸭|花椒排骨|花菜|鸭血豆腐
6664,卤鸭|海带丝|米饭|长豆香干肉丝|青椒藕片|鸭血豆腐
6665,卤鸭|海带丝|米饭|青椒藕片|鸭血豆腐
6666,卤鸭|米饭|肉沫茄子/西葫芦炒蛋|花椒排骨|长豆香干肉丝|鸭血豆腐
6667,卤鸭|小青菜|白菜千张丝|米饭|花菜|西葫芦炒鸡蛋/肉末茄
6668,大排|米饭|青椒藕片|鸭血豆腐
6669,小青菜|米饭|红烧带鱼|茭白肉丝小炒
667,木耳花菜/青瓜炒蛋|油豆腐烧肉|海带丝|米饭|红烧排骨|蘑菇小炒肉
6670,卤鸭|海带丝|米饭|花菜|茭白肉丝小炒
6671,米饭|肉沫茄子/西葫芦炒蛋|花椒排骨
6672,千叶豆腐肉丝|千张结烧肉|卤鸭|米饭|肉沫茄子/西葫芦炒蛋|花菜|茭白肉丝小炒|青椒藕片
6673,千叶豆腐肉丝|千张结烧肉|卤鸭|小青菜|白菜千张丝|米饭|茭白肉丝小炒|青椒藕片|鸭血豆腐
6674,卤鸭|大排|小青菜|米饭|肉沫茄子/西葫芦炒蛋|花椒排骨
6675,小青菜|米饭|茭白肉丝小炒|青椒藕片
6676,大排|米饭|鸭血豆腐
6677,大排|米饭|鸭血豆腐
6678,大排|米饭|茭白肉丝小炒|鸭血豆腐
6679,卤鸭|米饭|肉沫茄子/西葫芦炒蛋|长豆香干肉丝|鸭血豆腐
668,土豆丝/大白菜|油豆腐烧肉|海带丝|米饭|红烧排骨|芹菜香干|蘑菇小炒肉
6680,大排|米饭|肉沫茄子/西葫芦炒蛋|茭白肉丝小炒|鸭血豆腐
6681,白菜千张丝|米饭|红烧带鱼|茭白肉丝小炒
6682,千张结烧肉|海带丝|米饭
6683,小青菜|米饭|肉沫茄子/西葫芦炒蛋|花椒排骨|花菜|茭白肉丝小炒|长豆香干肉丝|鸭血豆腐
6684,千叶豆腐肉丝|白菜千张丝|米饭
6685,千叶豆腐肉丝|千张结烧肉|小青菜|白菜千张丝|米饭|西葫芦炒鸡蛋/肉末茄
6686,卤鸭|海带丝|白菜千张丝|米饭
6687,米饭|肉沫茄子/西葫芦炒蛋|花椒排骨|长豆香干肉丝|青椒藕片|鸭血豆腐
6688,米饭|花椒排骨|茭白肉丝小炒|长豆香干肉丝|青椒藕片|鸭血豆腐
6689,卤鸭|米饭|茭白肉丝小炒|长豆香干肉丝
669,木耳花菜/青瓜炒蛋|油豆腐烧肉|米饭|芹菜香干|蘑菇小炒肉
6690,千张结烧肉|卤鸭|米饭
6691,卤鸭|大排|米饭|肉沫茄子/西葫芦炒蛋|茭白肉丝小炒|青椒藕片|鸭血豆腐
6692,小青菜|米饭|肉沫茄子/西葫芦炒蛋|花椒排骨|长豆香干肉丝|鸭血豆腐
6693,千张结烧肉|大排|海带丝|米饭
6694,大排|米饭|肉沫茄子/西葫芦炒蛋|茭白肉丝小炒|青椒藕片|鸭血豆腐
6695,千叶豆腐肉丝|千张结烧肉|卤鸭|米饭|红烧带鱼|花菜|西葫芦炒鸡蛋/肉末茄
6696,卤鸭|大排|米饭|肉沫茄子/西葫芦炒蛋|花菜|茭白肉丝小炒|长豆香干肉丝|鸭血豆腐
6697,千叶豆腐肉丝|千张结烧肉|海带丝|米饭|红烧带鱼
6698,大排|米饭|红烧带鱼|西葫芦炒鸡蛋/肉末茄|长豆香干肉丝
6699,卤鸭|海带丝|米饭|花椒排骨|花菜|西葫芦炒鸡蛋/肉末茄
670,土豆丝/大白菜|木耳花菜/青瓜炒蛋|油豆腐烧肉|米饭|红烧排骨
6700,卤鸭|小青菜|米饭|茭白肉丝小炒|长豆香干肉丝
6701,千叶豆腐肉丝|卤鸭|小青菜|米饭|红烧带鱼|肉沫茄子/西葫芦炒蛋|长豆香干肉丝
6702,花椒排骨
6703,千张结烧肉|白菜千张丝|米饭|红烧带鱼|花椒排骨|鸭血豆腐
6704,卤鸭|米饭|红烧带鱼|花菜
6705,千叶豆腐肉丝|卤鸭|米饭|花菜
6706,千叶豆腐肉丝|千张结烧肉|卤鸭|小青菜|米饭|鸭血豆腐
6707,千张结烧肉|卤鸭|小青菜|白菜千张丝|米饭|花椒排骨
6708,卤鸭|小青菜|米饭|红烧带鱼|西葫芦炒鸡蛋/肉末茄
6709,小青菜|白菜千张丝|米饭|花菜|长豆香干肉丝|青椒藕片
671,土豆丝/大白菜|木耳花菜/青瓜炒蛋|油豆腐烧肉|海带丝|米饭|芹菜香干|蘑菇小炒肉
6710,小青菜|米饭|红烧带鱼|茭白肉丝小炒|长豆香干肉丝|青椒藕片|鸭血豆腐
6711,卤鸭|大排|米饭|肉沫茄子/西葫芦炒蛋|花菜
6712,大排|米饭|肉沫茄子/西葫芦炒蛋|花菜
6713,大排|米饭|茭白肉丝小炒|长豆香干肉丝|青椒藕片
6714,千张结烧肉|海带丝|白菜千张丝|米饭|红烧带鱼|西葫芦炒鸡蛋/肉末茄
6715,米饭|肉沫茄子/西葫芦炒蛋|花菜|茭白肉丝小炒
6716,千张结烧肉|小青菜|海带丝|白菜千张丝|米饭|红烧带鱼
6717,卤鸭|米饭|肉沫茄子/西葫芦炒蛋|花菜|长豆香干肉丝
6718,大排|小青菜|米饭|茭白肉丝小炒|长豆香干肉丝|青椒藕片|鸭血豆腐
6719,千张结烧肉|小青菜|白菜千张丝|米饭|红烧带鱼|花椒排骨|花菜|西葫芦炒鸡蛋/肉末茄
672,口水鸡|木耳花菜/青瓜炒蛋|油豆腐烧肉|茄子豆角|蘑菇小炒肉
6720,大排|米饭|肉沫茄子/西葫芦炒蛋|长豆香干肉丝|鸭血豆腐
6721,海带丝|米饭|红烧带鱼|西葫芦炒鸡蛋/肉末茄
6722,大排|小青菜|米饭|红烧带鱼|肉沫茄子/西葫芦炒蛋|花菜|鸭血豆腐
6723,卤鸭|小青菜|米饭|花菜
6724,大排|米饭|鸭血豆腐
6725,大排|米饭|茭白肉丝小炒
6726,千叶豆腐肉丝|千张结烧肉|海带丝|白菜千张丝|米饭|红烧带鱼|花椒排骨|西葫芦炒鸡蛋/肉末茄
6727,卤鸭|大排|米饭|花菜
6728,大排|小青菜|米饭|茭白肉丝小炒|长豆香干肉丝
6729,千叶豆腐肉丝|千张结烧肉|白菜千张丝|米饭|花椒排骨|花菜
673,土豆丝/大白菜|油豆腐烧肉|米饭|红烧排骨
6730,大排|米饭|肉沫茄子/西葫芦炒蛋|茭白肉丝小炒|青椒藕片
6731,卤鸭|米饭|茭白肉丝小炒|长豆香干肉丝
6732,千张结烧肉|小青菜|米饭|红烧带鱼|花椒排骨|花菜|西葫芦炒鸡蛋/肉末茄
6733,大排|小青菜|米饭|肉沫茄子/西葫芦炒蛋|花菜
6734,海带丝|米饭|西葫芦炒鸡蛋/肉末茄
6735,千张结烧肉|海带丝|米饭|肉沫茄子/西葫芦炒蛋
6736,千张结烧肉|米饭|肉沫茄子/西葫芦炒蛋|长豆香干肉丝
6737,千叶豆腐肉丝|千张结烧肉|小青菜|海带丝|长豆香干肉丝
6738,大排|米饭|肉沫茄子/西葫芦炒蛋|茭白肉丝小炒|青椒藕片
6739,大排|米饭|肉沫茄子/西葫芦炒蛋|茭白肉丝小炒|长豆香干肉丝
674,土豆丝/大白菜|油豆腐烧肉|米饭|芹菜香干|蘑菇小炒肉
6740,千张结烧肉|米饭|花椒排骨|茭白肉丝小炒|西葫芦炒鸡蛋/肉末茄|长豆香干肉丝|鸭血豆腐
6741,千叶豆腐肉丝|千张结烧肉|白菜千张丝|米饭|花菜|西葫芦炒鸡蛋/肉末茄
6742,千张结烧肉|小青菜|米饭|红烧带鱼|花椒排骨|西葫芦炒鸡蛋/肉末茄
6743,米饭|肉沫茄子/西葫芦炒蛋|花椒排骨|长豆香干肉丝
6744,千张结烧肉|小青菜|海带丝|白菜千张丝|米饭|花菜|西葫芦炒鸡蛋/肉末茄
6745,千张结烧肉|大排|小青菜|米饭|红烧带鱼|西葫芦炒鸡蛋/肉末茄|长豆香干肉丝
6746,千张结烧肉|小青菜|米饭|西葫芦炒鸡蛋/肉末茄
6747,千叶豆腐肉丝|千张结烧肉|海带丝|米饭
6748,千叶豆腐肉丝|大排|海带丝|白菜千张丝|米饭|茭白肉丝小炒
6749,千张结烧肉|大排|小青菜|米饭|花菜|茭白肉丝小炒|青椒藕片|鸭血豆腐
675,土豆丝/大白菜|米饭|红烧排骨|茄子豆角
6750,大排|海带丝|白菜千张丝|米饭|西葫芦炒鸡蛋/肉末茄|鸭血豆腐
6751,海带丝|白菜千张丝|米饭|花椒排骨
6752,千叶豆腐肉丝|千张结烧肉|大排|小青菜|海带丝|白菜千张丝|米饭|肉沫茄子/西葫芦炒蛋|花椒排骨|茭白肉丝小炒
6753,千叶豆腐肉丝|海带丝|白菜千张丝|米饭|红烧带鱼|肉沫茄子/西葫芦炒蛋
6754,千张结烧肉|白菜千张丝|米饭|花菜|长豆香干肉丝|青椒藕片
6755,大排|米饭|花菜|茭白肉丝小炒|长豆香干肉丝
6756,千叶豆腐肉丝|千张结烧肉|白菜千张丝|米饭|西葫芦炒鸡蛋/肉末茄
6757,大排|米饭|花菜|茭白肉丝小炒|青椒藕片
6758,大排|小青菜|肉沫茄子/西葫芦炒蛋|花菜|茭白肉丝小炒|长豆香干肉丝
6759,大排|肉沫茄子/西葫芦炒蛋|花椒排骨|花菜|青椒藕片
676,土豆丝/大白菜|米饭|蘑菇小炒肉
6760,千张结烧肉|小青菜|海带丝|白菜千张丝|米饭|花椒排骨|花菜
6761,千张结烧肉|小青菜|米饭|花椒排骨|西葫芦炒鸡蛋/肉末茄|长豆香干肉丝
6762,千叶豆腐肉丝|千张结烧肉|海带丝|米饭|花椒排骨|西葫芦炒鸡蛋/肉末茄
6763,千张结烧肉|大排|米饭|肉沫茄子/西葫芦炒蛋|花椒排骨|茭白肉丝小炒|青椒藕片|鸭血豆腐
6764,小青菜|米饭|茭白肉丝小炒|长豆香干肉丝
6765,千叶豆腐肉丝|白菜千张丝|米饭|花椒排骨
6766,千叶豆腐肉丝|米饭|花椒排骨
6767,大排|米饭|肉沫茄子/西葫芦炒蛋|花菜|青椒藕片|鸭血豆腐
6768,千张结烧肉|米饭|红烧带鱼|西葫芦炒鸡蛋/肉末茄
6769,千张结烧肉|米饭|花椒排骨|花菜|西葫芦炒鸡蛋/肉末茄
677,卤肉|土豆丝/大白菜|大排/春卷|小黄鱼|米饭
6770,千张结烧肉|米饭|肉沫茄子/西葫芦炒蛋|长豆香干肉丝|鸭血豆腐
6771,小青菜|米饭|肉沫茄子/西葫芦炒蛋|花椒排骨|花菜|茭白肉丝小炒|长豆香干肉丝|鸭血豆腐
6772,包菜油付|千张结烧肉|米饭|茭白肉丝小炒|长豆香干肉丝|鸭血豆腐
6773,包菜油付|千张结烧肉|大排|米饭|花菜|青椒藕片
6774,千张结烧肉|大排|米饭|肉沫茄子/西葫芦炒蛋|花菜|茭白肉丝小炒|长豆香干肉丝|青椒藕片
6775,千叶豆腐肉丝|千张结烧肉|海带丝|白菜千张丝|米饭|红烧带鱼|花菜|茭白肉丝小炒|西葫芦炒鸡蛋/肉末茄
6776,海带丝|米饭|肉沫茄子/西葫芦炒蛋|青椒藕片
6777,千叶豆腐肉丝|千张结烧肉|海带丝|白菜千张丝|米饭|红烧带鱼
6778,千张结烧肉|大排|小青菜|海带丝|白菜千张丝|米饭|花菜|西葫芦炒鸡蛋/肉末茄|长豆香干肉丝
6779,包菜油付|大排|海带丝|米饭|肉沫茄子/西葫芦炒蛋|青椒藕片
678,千叶豆腐肉丝|卤肉|大排/春卷|小炒|清炒南瓜/豆芽|米饭|虎皮尖椒/西葫芦炒蛋|酸辣土豆丝|酸辣藕丝/木耳莴笋|香酥鸭肉/椒盐虾
6780,千张结烧肉|米饭|肉沫茄子/西葫芦炒蛋|花菜|长豆香干肉丝|青椒藕片|鸭血豆腐
6781,千叶豆腐肉丝|千张结烧肉|白菜千张丝|米饭|花椒排骨|花菜|西葫芦炒鸡蛋/肉末茄
6782,包菜油付|大排|米饭|肉沫茄子/西葫芦炒蛋
6783,大排|小青菜|白菜千张丝|米饭|花椒排骨
6784,包菜油付|千张结烧肉|海带丝|米饭|肉沫茄子/西葫芦炒蛋|青椒藕片|鸭血豆腐
6785,包菜油付|千张结烧肉|大排|米饭|肉沫茄子/西葫芦炒蛋|青椒藕片
6786,包菜油付|米饭|花椒排骨|青椒藕片
6787,包菜油付|大排|米饭|肉沫茄子/西葫芦炒蛋|青椒藕片
6788,千张结烧肉|小青菜|海带丝|白菜千张丝|米饭|花椒排骨|花菜|西葫芦炒鸡蛋/肉末茄
6789,千张结烧肉|大排|小青菜|白菜千张丝|米饭|茭白肉丝小炒|西葫芦炒鸡蛋/肉末茄
679,千叶豆腐肉丝|卤肉|大排/春卷|小炒|小黄鱼|清炒南瓜/豆芽|米饭|虎皮尖椒/西葫芦炒蛋|酸辣土豆丝|酸辣藕丝/木耳莴笋|香酥鸭肉/椒盐虾
6790,千张结烧肉|大排|小青菜|米饭|西葫芦炒鸡蛋/肉末茄
6791,千张结烧肉|海带丝|白菜千张丝|米饭|花椒排骨|花菜|西葫芦炒鸡蛋/肉末茄
6792,包菜油付|米饭|茭白肉丝小炒|青椒藕片
6793,千叶豆腐肉丝|大排|小青菜|海带丝|白菜千张丝|米饭|花椒排骨|花菜|西葫芦炒鸡蛋/肉末茄
6794,千叶豆腐肉丝|千张结烧肉|白菜千张丝|米饭|西葫芦炒鸡蛋/肉末茄
6795,千叶豆腐肉丝|千张结烧肉|米饭|红烧带鱼|茭白肉丝小炒|西葫芦炒鸡蛋/肉末茄
6796,千张结烧肉|海带丝|米饭|红烧带鱼|茭白肉丝小炒|西葫芦炒鸡蛋/肉末茄
6797,千叶豆腐肉丝|米饭|红烧带鱼|花菜|西葫芦炒鸡蛋/肉末茄
6798,千叶豆腐肉丝|千张结烧肉|花菜
6799,千张结烧肉|大排|米饭|花椒排骨|茭白肉丝小炒|长豆香干肉丝|青椒藕片|鸭血豆腐
680,米饭|虎皮尖椒/西葫芦炒蛋|酸辣藕丝/木耳莴笋|香酥鸭肉/椒盐虾
6800,小青菜|海带丝|米饭|花椒排骨
6801,包菜油付|大排|米饭|肉沫茄子/西葫芦炒蛋|长豆香干肉丝|青椒藕片|鸭血豆腐
6802,包菜油付|千张结烧肉|油麦菜|米饭|肉沫茄子/西葫芦炒蛋|花菜|长豆香干肉丝|青椒藕片|鸭血豆腐
6803,包菜油付|千张结烧肉|米饭|鸭血豆腐
6804,白菜千张丝|米饭|西葫芦炒鸡蛋/肉末茄
6805,包菜油付|千张结烧肉|肉沫茄子/西葫芦炒蛋|花椒排骨|茭白肉丝小炒|青椒藕片
6806,包菜油付|千张结烧肉|大排|米饭|肉沫茄子/西葫芦炒蛋|鸭血豆腐
6807,包菜油付|大排|油麦菜|米饭|肉沫茄子/西葫芦炒蛋|长豆香干肉丝|青椒藕片
6808,千张结烧肉|米饭|肉沫茄子/西葫芦炒蛋|花椒排骨|西葫芦炒鸡蛋/肉末茄
6809,小青菜|米饭|红烧带鱼|花菜|茭白肉丝小炒|西葫芦炒鸡蛋/肉末茄
681,千叶豆腐肉丝|米饭|酸辣藕丝/木耳莴笋|香酥鸭肉/椒盐虾
6810,千张结烧肉|小青菜|白菜千张丝|米饭|花椒排骨|茭白肉丝小炒|西葫芦炒鸡蛋/肉末茄
6811,千张结烧肉|白菜千张丝|米饭|红烧带鱼|长豆香干肉丝
6812,千张结烧肉|小青菜|油麦菜|米饭|花菜|长豆香干肉丝|青椒藕片
6813,千叶豆腐肉丝|大排|米饭|肉沫茄子/西葫芦炒蛋|花菜|茭白肉丝小炒
6814,千张结烧肉|小青菜|米饭|红烧带鱼|花菜|西葫芦炒鸡蛋/肉末茄
6815,千叶豆腐肉丝|白菜千张丝|米饭|红烧带鱼|西葫芦炒鸡蛋/肉末茄
6816,千张结烧肉|小青菜|海带丝|白菜千张丝|米饭|花菜|西葫芦炒鸡蛋/肉末茄
6817,包菜油付|油麦菜|米饭|肉沫茄子/西葫芦炒蛋|花椒排骨|茭白肉丝小炒
6818,包菜油付|千张结烧肉|米饭|红烧带鱼|长豆香干肉丝
6819,千张结烧肉|油麦菜|米饭|茭白肉丝小炒|长豆香干肉丝
682,大排/春卷|米饭|酸辣藕丝/木耳莴笋
6820,千叶豆腐肉丝|千张结烧肉|米饭|花菜
6821,千张结烧肉|油麦菜|米饭|肉沫茄子/西葫芦炒蛋|长豆香干肉丝
6822,包菜油付|千张结烧肉|油麦菜|米饭|青椒藕片
6823,包菜油付|千张结烧肉|米饭|茭白肉丝小炒|长豆香干肉丝|青椒藕片
6824,包菜油付|米饭|肉沫茄子/西葫芦炒蛋|茭白肉丝小炒|长豆香干肉丝
6825,千张结烧肉|油麦菜|米饭|肉沫茄子/西葫芦炒蛋|茭白肉丝小炒|长豆香干肉丝|青椒藕片
6826,千张结烧肉|小青菜|白菜千张丝|米饭|西葫芦炒鸡蛋/肉末茄
6827,米饭|肉沫茄子/西葫芦炒蛋
6828,千张结烧肉|小青菜|海带丝|米饭|西葫芦炒鸡蛋/肉末茄
6829,包菜油付|千张结烧肉|米饭|长豆香干肉丝|青椒藕片
683,卤肉|小炒|米饭|香酥鸭肉/椒盐虾
6830,包菜油付|油麦菜|米饭|肉沫茄子/西葫芦炒蛋|花椒排骨|长豆香干肉丝
6831,千张结烧肉|海带丝|白菜千张丝|米饭|红烧带鱼|花菜
6832,千张结烧肉|白菜千张丝|米饭|红烧带鱼|花菜
6833,包菜油付|千张结烧肉|油麦菜|米饭|肉沫茄子/西葫芦炒蛋|茭白肉丝小炒|青椒藕片
6834,千张结烧肉|米饭|花菜|茭白肉丝小炒|青椒藕片
6835,千张结烧肉|米饭|肉沫茄子/西葫芦炒蛋|花椒排骨|茭白肉丝小炒|长豆香干肉丝|青椒藕片
6836,千张结烧肉|米饭|西葫芦炒鸡蛋/肉末茄
6837,千叶豆腐肉丝|海带丝|米饭|西葫芦炒鸡蛋/肉末茄
6838,千张结烧肉|大排|油麦菜|米饭|肉沫茄子/西葫芦炒蛋|茭白肉丝小炒|长豆香干肉丝
6839,千张结烧肉|小青菜|油麦菜|白菜千张丝|米饭|红烧带鱼|花椒排骨|西葫芦炒鸡蛋/肉末茄|青椒藕片
684,卤肉|小黄鱼|清炒南瓜/豆芽|酸辣藕丝/木耳莴笋
6840,包菜油付|千张结烧肉|肉沫茄子/西葫芦炒蛋|茭白肉丝小炒
6841,千张结烧肉|米饭|肉沫茄子/西葫芦炒蛋|花菜|茭白肉丝小炒
6842,千张结烧肉|大排|米饭|肉沫茄子/西葫芦炒蛋|花椒排骨
6843,千叶豆腐肉丝|千张结烧肉|海带丝|白菜千张丝|米饭|花椒排骨|茭白肉丝小炒
6844,白菜千张丝|米饭|红烧带鱼|花椒排骨|花菜|西葫芦炒鸡蛋/肉末茄
6845,千张结烧肉|小青菜|米饭|红烧带鱼|茭白肉丝小炒|西葫芦炒鸡蛋/肉末茄
6846,包菜油付|千张结烧肉|米饭|肉沫茄子/西葫芦炒蛋|茭白肉丝小炒
6847,油麦菜|米饭|红烧带鱼|长豆香干肉丝
6848,千张结烧肉|大排|油麦菜|海带丝|白菜千张丝|米饭|红烧带鱼|花菜|长豆香干肉丝
6849,千张结烧肉|油麦菜|白菜千张丝|米饭|花菜|茭白肉丝小炒|青椒藕片
685,清炒南瓜/豆芽|米饭
6850,包菜油付|米饭|花椒排骨|茭白肉丝小炒
6851,包菜油付|千叶豆腐肉丝|千张结烧肉|海带丝|米饭|花椒排骨
6852,米饭|红烧带鱼|长豆香干肉丝|青椒藕片
6853,千张结烧肉|米饭|花菜
6854,海带丝|白菜千张丝|米饭|花椒排骨|西葫芦炒鸡蛋/肉末茄
6855,包菜油付|米饭|花菜|茭白肉丝小炒|长豆香干肉丝
6856,包菜油付|千张结烧肉|米饭|红烧带鱼|花菜|长豆香干肉丝
6857,油麦菜|米饭|肉沫茄子/西葫芦炒蛋
6858,千张结烧肉|米饭|花菜|茭白肉丝小炒|长豆香干肉丝|青椒藕片
6859,包菜油付|米饭|红烧带鱼
686,卤肉|大排/春卷|清炒南瓜/豆芽|酸辣土豆丝|香酥鸭肉/椒盐虾
6860,千叶豆腐肉丝|千张结烧肉|花菜|西葫芦炒鸡蛋/肉末茄
6861,油麦菜|米饭|茭白肉丝小炒|长豆香干肉丝|青椒藕片
6862,米饭|红烧带鱼|花椒排骨|花菜
6863,千张结烧肉|米饭|花椒排骨|花菜
6864,千张结烧肉|米饭|肉沫茄子/西葫芦炒蛋|茭白肉丝小炒|长豆香干肉丝
6865,包菜油付|千张结烧肉|米饭|花椒排骨|花菜|茭白肉丝小炒|长豆香干肉丝
6866,白菜千张丝|米饭|花椒排骨|长豆香干肉丝
6867,油麦菜|米饭|红烧带鱼|茭白肉丝小炒|青椒藕片
6868,米饭|红烧带鱼|长豆香干肉丝
6869,包菜油付|千张结烧肉|米饭|花椒排骨|花菜|茭白肉丝小炒
687,小黄鱼|米饭|酸辣土豆丝|香酥鸭肉/椒盐虾
6870,千张结烧肉|油麦菜|米饭|红烧带鱼|肉沫茄子/西葫芦炒蛋|花椒排骨
6871,千张结烧肉|油麦菜|米饭|肉沫茄子/西葫芦炒蛋|花椒排骨|花菜|长豆香干肉丝
6872,千张结烧肉|米饭|花椒排骨|茭白肉丝小炒|长豆香干肉丝|青椒藕片
6873,包菜油付|米饭|肉沫茄子/西葫芦炒蛋|长豆香干肉丝
6874,包菜油付|米饭|肉沫茄子/西葫芦炒蛋|花椒排骨|花菜
6875,包菜油付|千张结烧肉|油麦菜|米饭|长豆香干肉丝
6876,千张结烧肉|油麦菜|米饭|花椒排骨|花菜|长豆香干肉丝
6877,包菜油付|米饭|红烧带鱼|肉沫茄子/西葫芦炒蛋|花菜|青椒藕片
6878,千张结烧肉|米饭|肉沫茄子/西葫芦炒蛋|长豆香干肉丝
6879,包菜油付|千张结烧肉|米饭|花椒排骨|花菜
688,千叶豆腐肉丝|小炒|清炒南瓜/豆芽|米饭
6880,千张结烧肉|白菜千张丝|青椒藕片
6881,包菜油付|白菜千张丝|米饭|肉沫茄子/西葫芦炒蛋|茭白肉丝小炒|青椒藕片
6882,千张结烧肉|米饭|茭白肉丝小炒
6883,千张结烧肉|米饭|肉沫茄子/西葫芦炒蛋|花椒排骨|花菜
6884,千张结烧肉|白菜千张丝|米饭|长豆香干肉丝
6885,千张结烧肉|米饭|肉沫茄子/西葫芦炒蛋|花菜|长豆香干肉丝
6886,米饭|花菜|茭白肉丝小炒|青椒藕片
6887,包菜油付|千张结烧肉|白菜千张丝|米饭|肉沫茄子/西葫芦炒蛋|长豆香干肉丝|青椒藕片
6888,包菜油付|千张结烧肉|白菜千张丝|花椒排骨|茭白肉丝小炒|长豆香干肉丝|青椒藕片
6889,千张结烧肉|米饭
689,卤肉|清炒南瓜/豆芽|米饭|虎皮尖椒/西葫芦炒蛋|酸辣土豆丝|香酥鸭肉/椒盐虾
6890,千张结烧肉|白菜千张丝|米饭|茭白肉丝小炒|长豆香干肉丝
6891,米饭|花菜|茭白肉丝小炒|青椒藕片
6892,千张结烧肉|米饭|茭白肉丝小炒|长豆香干肉丝|青椒藕片
6893,千张结烧肉|米饭|茭白肉丝小炒|长豆香干肉丝
6894,千张结烧肉|米饭|红烧带鱼|茭白肉丝小炒
6895,米饭|红烧带鱼|肉沫茄子/西葫芦炒蛋|花椒排骨|长豆香干肉丝|青椒藕片
6896,白菜千张丝|米饭|肉沫茄子/西葫芦炒蛋|花菜|茭白肉丝小炒|青椒藕片
6897,米饭|红烧带鱼|肉沫茄子/西葫芦炒蛋|茭白肉丝小炒|长豆香干肉丝|青椒藕片
6898,白菜千张丝|米饭|红烧带鱼
6899,千张结烧肉|小青菜|米饭|红烧带鱼|肉沫茄子/西葫芦炒蛋
690,千叶豆腐肉丝|小炒|清炒南瓜/豆芽|米饭|香酥鸭肉/椒盐虾
6900,包菜油付|盐水虾|素鸡烧肉|红烧油片|雪菜蛋饺
6901,南瓜饼|大排|白萝卜/南瓜丝|素烧鹅|鱼香杏鲍菇炒肉|鱼香肉丝
6902,白菜千张丝|鱼香杏鲍菇炒肉
6903,三色绿豆芽|红烧油片|葱油鸡|黄豆猪脚
6904,春卷|素烧鹅|红烧油片|葱油广东菜心
6905,三色绿豆芽|春卷|米饭|素鸡烧肉
6906,南瓜饼|大排|盐水虾|米饭|素鸡烧肉|红烧油片|葱油广东菜心|葱油鸡
6907,盐水虾|素烧鹅|葱油鸡|鱼香肉丝|黄豆猪脚
6908,三色绿豆芽|白萝卜/南瓜丝|米饭|葱油鸡|鱼香肉丝
6909,春卷|白萝卜/南瓜丝|米饭|葱油鸡|雪菜蛋饺
691,卤肉|大排/春卷|小炒|米饭|虎皮尖椒/西葫芦炒蛋|酸辣土豆丝|酸辣藕丝/木耳莴笋|香酥鸭肉/椒盐虾
6910,米饭|雪菜蛋饺|鱼香杏鲍菇炒肉|黄豆猪脚
6911,南瓜饼|白萝卜/南瓜丝|米饭|红烧油片|葱油广东菜心|葱油鸡|鱼香杏鲍菇炒肉|黄豆猪脚
6912,米饭|红烧油片|鱼香肉丝|黄豆猪脚
6913,大排|米饭|素烧鹅|葱油广东菜心
6914,南瓜饼|白萝卜/南瓜丝|米饭|葱油广东菜心|鱼香肉丝|黄豆猪脚
6915,大排|白萝卜/南瓜丝|米饭|雪菜蛋饺|鱼香杏鲍菇炒肉
6916,三色绿豆芽|南瓜饼|白萝卜/南瓜丝|米饭|葱油广东菜心|雪菜蛋饺|鱼香肉丝
6917,三色绿豆芽|南瓜饼|春卷|白萝卜/南瓜丝|红烧油片|葱油广东菜心|葱油鸡
6918,盐水虾|米饭|红烧油片|葱油广东菜心|鱼香肉丝|黄豆猪脚
6919,大排|盐水虾|米饭|素烧鹅|葱油广东菜心|鱼香杏鲍菇炒肉
692,卤肉|小炒|清炒南瓜/豆芽|米饭|虎皮尖椒/西葫芦炒蛋|酸辣土豆丝|酸辣藕丝/木耳莴笋|香酥鸭肉/椒盐虾
6920,春卷|白萝卜/南瓜丝|米饭|素鸡烧肉|葱油广东菜心|葱油鸡|雪菜蛋饺
6921,春卷|白萝卜/南瓜丝|米饭|黄豆猪脚
6922,白萝卜/南瓜丝|米饭|葱油鸡
6923,三色绿豆芽|春卷|白萝卜/南瓜丝|米饭|素鸡烧肉|鱼香肉丝|黄豆猪脚
6924,米饭|红烧油片|葱油广东菜心|雪菜蛋饺
6925,三色绿豆芽|盐水虾|米饭|素烧鹅|葱油广东菜心|葱油鸡
6926,白萝卜/南瓜丝|盐水虾|米饭|素烧鹅|黄豆猪脚
6927,南瓜饼|盐水虾|米饭|素鸡烧肉|红烧油片|葱油广东菜心|鱼香肉丝|黄豆猪脚
6928,三色绿豆芽|米饭|红烧油片|葱油广东菜心|鱼香肉丝|黄豆猪脚
6929,大排|白萝卜/南瓜丝|米饭|鱼香杏鲍菇炒肉
693,米饭|虎皮尖椒/西葫芦炒蛋|酸辣藕丝/木耳莴笋|香酥鸭肉/椒盐虾
6930,白萝卜/南瓜丝|米饭|红烧油片|鱼香杏鲍菇炒肉|黄豆猪脚
6931,白萝卜/南瓜丝|米饭|鱼香杏鲍菇炒肉|黄豆猪脚
6932,三色绿豆芽|白萝卜/南瓜丝|米饭|红烧油片|葱油鸡|雪菜蛋饺
6933,南瓜饼|盐水虾|米饭|素烧鹅|葱油广东菜心|葱油鸡|黄豆猪脚
6934,三色绿豆芽|南瓜饼|白萝卜/南瓜丝|盐水虾|米饭|素烧鹅|葱油鸡
6935,春卷|米饭|红烧油片|葱油鸡
6936,大排|春卷|白萝卜/南瓜丝|米饭|素鸡烧肉|红烧油片|葱油广东菜心
6937,春卷|白萝卜/南瓜丝|米饭|素烧鹅|素鸡烧肉|黄豆猪脚
6938,三色绿豆芽|白萝卜/南瓜丝|盐水虾|米饭
6939,南瓜饼|大排|白萝卜/南瓜丝|盐水虾|素烧鹅|葱油广东菜心|葱油鸡
694,卤肉|小黄鱼|清炒南瓜/豆芽|米饭|虎皮尖椒/西葫芦炒蛋|酸辣藕丝/木耳莴笋|香酥鸭肉/椒盐虾
6940,三色绿豆芽|米饭|鱼香肉丝|黄豆猪脚
6941,南瓜饼|白萝卜/南瓜丝|盐水虾|米饭|素烧鹅|红烧油片|葱油广东菜心|鱼香杏鲍菇炒肉
6942,三色绿豆芽|大排|白萝卜/南瓜丝|米饭|鱼香肉丝
6943,三色绿豆芽|白萝卜/南瓜丝|米饭
6944,春卷|盐水虾|米饭|葱油广东菜心|鱼香杏鲍菇炒肉|鱼香肉丝|黄豆猪脚
6945,三色绿豆芽|白萝卜/南瓜丝|米饭
6946,南瓜饼|白萝卜/南瓜丝|盐水虾|米饭|黄豆猪脚
6947,三色绿豆芽|大排|米饭|素烧鹅|鱼香杏鲍菇炒肉
6948,三色绿豆芽|白萝卜/南瓜丝|米饭|红烧油片|葱油鸡
6949,三色绿豆芽|春卷|米饭|红烧油片|葱油鸡|黄豆猪脚
695,卤肉|大排/春卷|小炒|米饭|酸辣藕丝/木耳莴笋|香酥鸭肉/椒盐虾
6950,三色绿豆芽|大排|白萝卜/南瓜丝|盐水虾|米饭|红烧油片|葱油鸡
6951,白萝卜/南瓜丝|盐水虾|米饭|葱油广东菜心|葱油鸡
6952,三色绿豆芽|春卷|米饭|红烧油片|葱油鸡|雪菜蛋饺|鱼香肉丝|黄豆猪脚
6953,南瓜饼|米饭|素烧鹅|葱油广东菜心|葱油鸡|鱼香杏鲍菇炒肉|黄豆猪脚
6954,大排|米饭|葱油广东菜心|鱼香肉丝|黄豆猪脚
6955,三色绿豆芽|盐水虾|米饭|素烧鹅|葱油鸡
6956,白萝卜/南瓜丝|米饭|鱼香肉丝|黄豆猪脚
6957,三色绿豆芽|南瓜饼|大排|白萝卜/南瓜丝|米饭|素烧鹅
6958,白萝卜/南瓜丝|米饭|红烧油片|葱油广东菜心|葱油鸡|黄豆猪脚
6959,白萝卜/南瓜丝|米饭|素鸡烧肉|红烧油片|葱油广东菜心|葱油鸡|鱼香肉丝
696,千叶豆腐肉丝|小黄鱼|米饭|酸辣土豆丝|香酥鸭肉/椒盐虾
6960,三色绿豆芽|白萝卜/南瓜丝|盐水虾|米饭|红烧油片|雪菜蛋饺|鱼香肉丝
6961,三色绿豆芽|南瓜饼|大排|米饭|红烧油片|葱油广东菜心|鱼香杏鲍菇炒肉
6962,三色绿豆芽|南瓜饼|大排|白萝卜/南瓜丝|米饭|素烧鹅|葱油鸡|鱼香杏鲍菇炒肉
6963,白萝卜/南瓜丝|米饭|红烧油片|葱油鸡|黄豆猪脚
6964,大排|白萝卜/南瓜丝|米饭|鱼香杏鲍菇炒肉
6965,白萝卜/南瓜丝|米饭
6966,白萝卜/南瓜丝|米饭|红烧油片|葱油鸡|雪菜蛋饺|鱼香肉丝
6967,白萝卜/南瓜丝|米饭|素鸡烧肉|红烧油片|葱油广东菜心|葱油鸡
6968,三色绿豆芽|大排|白萝卜/南瓜丝|米饭|素鸡烧肉|葱油广东菜心|鱼香杏鲍菇炒肉|黄豆猪脚
6969,三色绿豆芽|南瓜饼|大排|白萝卜/南瓜丝|盐水虾|米饭|素烧鹅
697,千叶豆腐肉丝|小炒|清炒南瓜/豆芽|米饭|酸辣藕丝/木耳莴笋|香酥鸭肉/椒盐虾
6970,米饭|素烧鹅|红烧油片|葱油广东菜心|黄豆猪脚
6971,南瓜饼|盐水虾|米饭|素烧鹅|红烧油片|葱油广东菜心
6972,三色绿豆芽|大排|白萝卜/南瓜丝|米饭|鱼香肉丝
6973,三色绿豆芽|大排|米饭|素烧鹅|葱油广东菜心|鱼香杏鲍菇炒肉
6974,三色绿豆芽|白萝卜/南瓜丝|米饭|葱油鸡
6975,春卷|盐水虾|米饭|葱油广东菜心|鱼香肉丝
6976,米饭|鱼香肉丝|黄豆猪脚
6977,春卷|白萝卜/南瓜丝|米饭|红烧油片|雪菜蛋饺|鱼香肉丝
6978,春卷|白萝卜/南瓜丝|米饭|红烧油片|葱油鸡
6979,白萝卜/南瓜丝|米饭|素烧鹅|葱油广东菜心|黄豆猪脚
698,小炒|清炒南瓜/豆芽|米饭|香酥鸭肉/椒盐虾
6980,三色绿豆芽|大排|白萝卜/南瓜丝|米饭|素烧鹅|素鸡烧肉
6981,南瓜饼|白萝卜/南瓜丝|米饭|素烧鹅|葱油广东菜心|葱油鸡|鱼香杏鲍菇炒肉
6982,白萝卜/南瓜丝|米饭|素烧鹅|鱼香杏鲍菇炒肉
6983,白萝卜/南瓜丝|米饭|素鸡烧肉|葱油广东菜心|葱油鸡|鱼香杏鲍菇炒肉
6984,南瓜饼|白萝卜/南瓜丝|盐水虾|米饭|葱油广东菜心
6985,春卷|白萝卜/南瓜丝|米饭|素烧鹅|素鸡烧肉|雪菜蛋饺|鱼香杏鲍菇炒肉
6986,三色绿豆芽|南瓜饼|米饭|素烧鹅|葱油广东菜心|葱油鸡|黄豆猪脚
6987,三色绿豆芽|米饭|葱油广东菜心
6988,三色绿豆芽|白萝卜/南瓜丝|盐水虾|米饭|素烧鹅|葱油鸡|黄豆猪脚
6989,三色绿豆芽|春卷|白萝卜/南瓜丝|米饭|红烧油片|黄豆猪脚
699,千叶豆腐肉丝|卤肉|大排/春卷|小炒|清炒南瓜/豆芽|米饭|酸辣藕丝/木耳莴笋|香酥鸭肉/椒盐虾
6990,三色绿豆芽|大排|米饭|葱油广东菜心|葱油鸡|黄豆猪脚
6991,三色绿豆芽|大排|盐水虾|米饭
6992,白萝卜/南瓜丝|盐水虾|米饭|红烧油片|葱油广东菜心|雪菜蛋饺|黄豆猪脚
6993,三色绿豆芽|盐水虾|米饭|素烧鹅|葱油广东菜心|葱油鸡
6994,南瓜饼|白萝卜/南瓜丝|盐水虾|米饭
6995,三色绿豆芽|盐水虾|米饭|素烧鹅|素鸡烧肉
6996,米饭|素鸡烧肉|红烧油片|葱油广东菜心|葱油鸡|鱼香杏鲍菇炒肉
6997,白萝卜/南瓜丝|盐水虾|米饭|素烧鹅|葱油广东菜心|葱油鸡|鱼香杏鲍菇炒肉
6998,三色绿豆芽|白萝卜/南瓜丝|米饭|红烧油片|葱油鸡|雪菜蛋饺|鱼香肉丝|黄豆猪脚
6999,南瓜饼|白萝卜/南瓜丝|米饭|素烧鹅|黄豆猪脚
700,卤肉|清炒南瓜/豆芽|米饭|虎皮尖椒/西葫芦炒蛋|酸辣藕丝/木耳莴笋|香酥鸭肉/椒盐虾
7000,木耳莴笋|白萝卜/南瓜丝|米饭|葱油鸡|雪菜蛋饺
7001,三色绿豆芽|南瓜饼|大排|米饭|素烧鹅
7002,大排|白萝卜/南瓜丝|米饭|葱油广东菜心|葱油鸡|黄豆猪脚
7003,三色绿豆芽|大排|白萝卜/南瓜丝|米饭|素鸡烧肉
7004,三色绿豆芽|大排|白萝卜/南瓜丝|米饭|雪菜蛋饺
7005,大排|米饭|素烧鹅|雪菜蛋饺|鱼香肉丝
7006,春卷|木耳莴笋|米饭|素烧鹅|鱼香肉丝
7007,白萝卜/南瓜丝|盐水虾|米饭|素烧鹅|素鸡烧肉|雪菜蛋饺|鱼香杏鲍菇炒肉
7008,春卷|白萝卜/南瓜丝|米饭|素鸡烧肉
7009,三色绿豆芽|南瓜饼|木耳莴笋|盐水虾|米饭|红烧油片
701,千叶豆腐肉丝|小炒|小黄鱼|米饭|酸辣藕丝/木耳莴笋|香酥鸭肉/椒盐虾
7010,三色绿豆芽|春卷|木耳莴笋|白萝卜/南瓜丝|米饭|红烧油片|黄豆猪脚
7011,三色绿豆芽|大排|春卷|米饭|红烧油片
7012,三色绿豆芽|木耳莴笋|白萝卜/南瓜丝|盐水虾|红烧油片|葱油广东菜心|葱油鸡
7013,春卷|盐水虾|米饭|素烧鹅|红烧油片|葱油鸡
7014,三色绿豆芽|大排|米饭|葱油鸡|黄豆猪脚
7015,三色绿豆芽|木耳莴笋|白萝卜/南瓜丝|米饭|葱油鸡|鱼香肉丝|黄豆猪脚
7016,南瓜饼|白萝卜/南瓜丝|盐水虾|米饭|素烧鹅|葱油鸡|黄豆猪脚
7017,春卷|木耳莴笋|米饭|素烧鹅|素鸡烧肉
7018,米饭|葱油鸡|黄豆猪脚
7019,三色绿豆芽|春卷|白萝卜/南瓜丝|米饭|素鸡烧肉|红烧油片|葱油鸡
702,大排/春卷|小炒|清炒南瓜/豆芽|米饭|酸辣土豆丝
7020,三色绿豆芽|春卷|白萝卜/南瓜丝|米饭|素鸡烧肉|葱油鸡|鱼香肉丝|黄豆猪脚
7021,三色绿豆芽|木耳莴笋|米饭
7022,南瓜饼|木耳莴笋|米饭|素烧鹅|葱油广东菜心|葱油鸡
7023,白萝卜/南瓜丝|米饭|雪菜蛋饺
7024,南瓜饼|白萝卜/南瓜丝|盐水虾|米饭|素烧鹅|葱油广东菜心|葱油鸡|鱼香杏鲍菇炒肉
7025,三色绿豆芽|白萝卜/南瓜丝|红烧油片
7026,三色绿豆芽|南瓜饼|大排|米饭|葱油广东菜心|葱油鸡
7027,三色绿豆芽|春卷|木耳莴笋|米饭|葱油鸡
7028,大排|白萝卜/南瓜丝|米饭|素烧鹅|葱油广东菜心
7029,三色绿豆芽|大排|白萝卜/南瓜丝|米饭|素烧鹅
703,小黄鱼|清炒南瓜/豆芽|米饭|酸辣藕丝/木耳莴笋|香酥鸭肉/椒盐虾
7030,木耳莴笋|白萝卜/南瓜丝|盐水虾|米饭|红烧油片|葱油鸡|雪菜蛋饺|鱼香肉丝|黄豆猪脚
7031,南瓜饼
7032,三色绿豆芽|白萝卜/南瓜丝|米饭|素烧鹅|葱油鸡|黄豆猪脚
7033,大排|白萝卜/南瓜丝|米饭|素烧鹅|红烧油片|葱油广东菜心
7034,三色绿豆芽|白萝卜/南瓜丝|米饭|素烧鹅
7035,三色绿豆芽|白萝卜/南瓜丝|盐水虾|米饭|素烧鹅|素鸡烧肉|红烧油片|葱油广东菜心|葱油鸡|鱼香肉丝
7036,大排|白萝卜/南瓜丝|米饭|素烧鹅|葱油广东菜心|黄豆猪脚
7037,大排|木耳莴笋|白萝卜/南瓜丝|米饭|葱油广东菜心|葱油鸡|黄豆猪脚
7038,三色绿豆芽|大排|米饭|鱼香杏鲍菇炒肉
7039,三色绿豆芽|春卷|白萝卜/南瓜丝|盐水虾|米饭|素烧鹅|葱油鸡
704,大排/春卷|小炒|清炒南瓜/豆芽|米饭|虎皮尖椒/西葫芦炒蛋|酸辣土豆丝|酸辣藕丝/木耳莴笋
7040,南瓜饼|大排|盐水虾|米饭
7041,三色绿豆芽|米饭|素烧鹅|红烧油片|葱油鸡|雪菜蛋饺|鱼香肉丝
7042,木耳莴笋|米饭|红烧油片|鱼香肉丝
7043,南瓜饼|春卷|米饭|素鸡烧肉|鱼香肉丝
70431,东坡腐|盐水虾|莴笋山药|青豆玉米炒蛋
70432,快胶菜|扎肉|米饭|酱肉|酸辣藕丝|长豆香干肉丝|香酥鸭|鱼香杏鲍菇肉丝
70433,咖喱土豆鸡块|木耳娃娃菜|木耳西兰花|米饭
70434,快胶菜|米饭|长豆香干肉丝
70435,咖喱土豆鸡块|快胶菜|木耳娃娃菜|木耳西兰花|米饭|红烧萝卜|虎皮尖椒|酥鱼|长豆香干肉丝
70436,米饭|酱肉|香酥鸭|鸭血豆腐
70437,木耳西兰花|米饭|酱肉|青椒土豆丝
70438,扎肉|米饭|莴笋山药|酱肉|酸辣藕丝|鱼香杏鲍菇肉丝
70439,米饭|红烧萝卜|酱肉
7044,三色绿豆芽|大排|米饭|素烧鹅
70440,扎肉|木耳娃娃菜|米饭|青豆玉米炒蛋
70441,快胶菜|扎肉|米饭|红烧萝卜|莴笋山药|酸辣藕丝|长豆香干肉丝
70442,盐水虾|米饭|莴笋山药|香酥鸭
70443,米饭|莴笋山药|虎皮尖椒|酥鱼|酱肉|青椒土豆丝|香酥鸭
70444,手工蛋包|米饭|莴笋山药|酱肉|青椒土豆丝|鱼香杏鲍菇肉丝
70445,扎肉|米饭|莴笋山药|虎皮尖椒|鱼香杏鲍菇肉丝
70446,快胶菜|木耳娃娃菜|米饭|莴笋山药|青椒土豆丝
70447,咖喱土豆鸡块|米饭|酥鱼|长豆香干肉丝|青椒土豆丝|香酥鸭
70448,东坡腐|米饭|莴笋山药|酥鱼
70449,东坡腐|木耳西兰花|米饭|虎皮尖椒|青豆玉米炒蛋|香酥鸭|鱼香杏鲍菇肉丝
7045,三色绿豆芽|大排|米饭|素烧鹅|葱油鸡|鱼香杏鲍菇炒肉|鱼香肉丝|黄豆猪脚
70450,木耳娃娃菜|米饭
70451,木耳娃娃菜|木耳西兰花|米饭
70452,米饭|莴笋山药|鱼香杏鲍菇肉丝
70453,手工蛋包|米饭|酥鱼|酱肉|青椒土豆丝
70454,米饭|莴笋山药|酥鱼|鸭血豆腐
70455,米饭|莴笋山药|酥鱼|长豆香干肉丝|香酥鸭
70456,米饭|酱肉|长豆香干肉丝|青豆玉米炒蛋
70457,木耳娃娃菜|盐水虾|米饭|虎皮尖椒|青椒土豆丝|青豆玉米炒蛋|鱼香杏鲍菇肉丝
70458,咖喱土豆鸡块|米饭|红烧萝卜|莴笋山药|酥鱼|酸辣藕丝
70459,米饭|青椒土豆丝
7046,三色绿豆芽|大排|木耳莴笋|盐水虾|米饭|红烧油片|葱油广东菜心|葱油鸡|鱼香杏鲍菇炒肉|黄豆猪脚
70460,咖喱土豆鸡块|米饭|酥鱼|长豆香干肉丝|青豆玉米炒蛋
70461,扎肉|木耳娃娃菜|米饭|酥鱼|酱肉|鸭血豆腐
70462,咖喱土豆鸡块|快胶菜|手工蛋包|扎肉|木耳西兰花|米饭|红烧萝卜|莴笋山药|酥鱼|酱肉|酸辣藕丝|青椒土豆丝|香酥鸭
70463,咖喱土豆鸡块|快胶菜|手工蛋包|米饭|红烧萝卜|酥鱼|酸辣藕丝|鸭血豆腐
70464,木耳娃娃菜|木耳西兰花|米饭|青豆玉米炒蛋|香酥鸭|鱼香杏鲍菇肉丝
70465,快胶菜|盐水虾|米饭|酱肉|青豆玉米炒蛋
70466,咖喱土豆鸡块|快胶菜|米饭|酥鱼|酱肉|酸辣藕丝|青豆玉米炒蛋|鸭血豆腐
70467,手工蛋包|扎肉|木耳娃娃菜|米饭|长豆香干肉丝|青豆玉米炒蛋|香酥鸭
70468,快胶菜|手工蛋包|扎肉|米饭|莴笋山药|酥鱼|酸辣藕丝|鸭血豆腐
70469,快胶菜|米饭
7047,春卷|白萝卜/南瓜丝|盐水虾
70470,扎肉|木耳娃娃菜|米饭|酱肉|鱼香杏鲍菇肉丝
70471,咖喱土豆鸡块|快胶菜|扎肉|米饭|红烧萝卜|莴笋山药|酥鱼|酸辣藕丝|长豆香干肉丝|鸭血豆腐
70472,东坡腐|手工蛋包|木耳娃娃菜|米饭|酱肉|青豆玉米炒蛋|鱼香杏鲍菇肉丝
70473,快胶菜|米饭|莴笋山药|酥鱼|酸辣藕丝|长豆香干肉丝|鸭血豆腐
7048,南瓜饼|大排|盐水虾|米饭|素烧鹅|鱼香杏鲍菇炒肉
7049,大排|春卷|米饭|鱼香肉丝
705,千叶豆腐肉丝|大排/春卷|清炒南瓜/豆芽|米饭|酸辣土豆丝|酸辣藕丝/木耳莴笋
7050,盐水虾|米饭|葱油广东菜心|葱油鸡|雪菜蛋饺|鱼香杏鲍菇炒肉|黄豆猪脚
7051,三色绿豆芽|米饭|素烧鹅|黄豆猪脚
7052,三色绿豆芽|春卷|白萝卜/南瓜丝|米饭|红烧油片|葱油鸡|鱼香肉丝
7053,三色绿豆芽|春卷|木耳莴笋|白萝卜/南瓜丝|米饭|葱油鸡|鱼香肉丝
7054,三色绿豆芽|木耳莴笋|米饭|鱼香杏鲍菇炒肉
7055,春卷|木耳莴笋|白萝卜/南瓜丝|米饭|葱油鸡|黄豆猪脚
7056,大排|米饭|葱油广东菜心|葱油鸡
7057,三色绿豆芽|米饭|葱油广东菜心|葱油鸡|鱼香杏鲍菇炒肉|黄豆猪脚
7058,春卷|木耳莴笋|白萝卜/南瓜丝|米饭|素鸡烧肉|黄豆猪脚
7059,三色绿豆芽|春卷|白萝卜/南瓜丝|米饭|素鸡烧肉|红烧油片|雪菜蛋饺
706,千叶豆腐肉丝|清炒南瓜/豆芽|米饭|虎皮尖椒/西葫芦炒蛋
7060,春卷|木耳莴笋|白萝卜/南瓜丝|米饭|素烧鹅
7061,春卷|木耳莴笋|白萝卜/南瓜丝|米饭|红烧油片
7062,南瓜饼|春卷|木耳莴笋|米饭|素烧鹅
7063,三色绿豆芽|木耳莴笋|白萝卜/南瓜丝|米饭|素鸡烧肉|红烧油片
7064,三色绿豆芽|白萝卜/南瓜丝|米饭
7065,白萝卜/南瓜丝|盐水虾|米饭|素烧鹅|鱼香杏鲍菇炒肉
7066,三色绿豆芽|春卷|木耳莴笋|白萝卜/南瓜丝|米饭|红烧油片|葱油鸡|鱼香肉丝|黄豆猪脚
7067,南瓜饼|白萝卜/南瓜丝|米饭|素烧鹅|葱油鸡|鱼香杏鲍菇炒肉|黄豆猪脚
7068,三色绿豆芽|春卷|木耳莴笋|盐水虾|米饭|葱油鸡|雪菜蛋饺|鱼香肉丝|黄豆猪脚
7069,白萝卜/南瓜丝|米饭|素烧鹅|葱油广东菜心
707,大排/春卷|小黄鱼|清炒南瓜/豆芽|米饭
7070,三色绿豆芽|南瓜饼|盐水虾|米饭|素烧鹅|葱油鸡
7071,素烧鹅
7072,三色绿豆芽|木耳莴笋|米饭|素鸡烧肉|红烧油片|葱油鸡|雪菜蛋饺
7073,木耳莴笋|白萝卜/南瓜丝|米饭|葱油鸡|雪菜蛋饺
7074,三色绿豆芽|南瓜饼|大排|白萝卜/南瓜丝|米饭|葱油广东菜心
7075,春卷|米饭|红烧油片|葱油广东菜心|葱油鸡|鱼香肉丝
7076,春卷|木耳莴笋|白萝卜/南瓜丝|米饭|素鸡烧肉|葱油鸡
7077,三色绿豆芽|南瓜饼|大排|木耳莴笋|米饭|葱油鸡|鱼香肉丝
7078,南瓜饼|大排|米饭|葱油广东菜心|葱油鸡|鱼香杏鲍菇炒肉|黄豆猪脚
7079,三色绿豆芽|大排|米饭|素鸡烧肉|葱油广东菜心|葱油鸡|雪菜蛋饺|黄豆猪脚
708,大排/春卷|小炒|米饭|酸辣藕丝/木耳莴笋
7080,三色绿豆芽|米饭|素烧鹅|葱油广东菜心|葱油鸡|鱼香杏鲍菇炒肉|黄豆猪脚
7081,三色绿豆芽|白萝卜/南瓜丝|米饭|雪菜蛋饺
7082,木耳莴笋|米饭|素烧鹅|葱油广东菜心|鱼香杏鲍菇炒肉|黄豆猪脚
7083,南瓜饼|春卷|素烧鹅|红烧油片|葱油广东菜心|黄豆猪脚
7084,三色绿豆芽|米饭|素烧鹅|葱油鸡
7085,春卷|木耳莴笋|米饭|葱油广东菜心|葱油鸡
7086,三色绿豆芽|米饭|葱油鸡|黄豆猪脚
7087,三色绿豆芽|大排|春卷|白萝卜/南瓜丝|米饭|红烧油片
7088,米饭|葱油广东菜心|葱油鸡|雪菜蛋饺
7089,春卷|木耳莴笋|白萝卜/南瓜丝|米饭|素烧鹅|红烧油片|葱油鸡|雪菜蛋饺|鱼香肉丝
709,千叶豆腐肉丝|大排/春卷|小黄鱼|米饭|虎皮尖椒/西葫芦炒蛋|香酥鸭肉/椒盐虾
7090,三色绿豆芽|南瓜饼|白萝卜/南瓜丝|米饭|鱼香杏鲍菇炒肉
7091,三色绿豆芽|南瓜饼|木耳莴笋|米饭|素烧鹅|鱼香肉丝
7092,春卷|米饭|红烧油片|葱油广东菜心|葱油鸡|鱼香肉丝
7093,三色绿豆芽|南瓜饼|大排|木耳莴笋|白萝卜/南瓜丝|米饭|素鸡烧肉|红烧油片
7094,三色绿豆芽|南瓜饼|米饭|雪菜蛋饺|黄豆猪脚
7095,大排|春卷|白萝卜/南瓜丝|米饭|素烧鹅|红烧油片|葱油广东菜心|鱼香杏鲍菇炒肉
7096,三色绿豆芽|米饭|葱油鸡
7097,米饭|葱油广东菜心|鱼香杏鲍菇炒肉
7098,大排|米饭|红烧油片|葱油广东菜心|葱油鸡|雪菜蛋饺
7099,白萝卜/南瓜丝|米饭|红烧油片|葱油鸡|雪菜蛋饺
710,卤肉|小黄鱼|清炒南瓜/豆芽|米饭|虎皮尖椒/西葫芦炒蛋|酸辣土豆丝|酸辣藕丝/木耳莴笋
7100,大排|春卷|木耳莴笋|白萝卜/南瓜丝|米饭|素烧鹅|雪菜蛋饺
7101,三色绿豆芽|大排|春卷|葱油鸡|黄豆猪脚
7102,三色绿豆芽|南瓜饼|春卷|木耳莴笋|白萝卜/南瓜丝|米饭|素鸡烧肉|雪菜蛋饺
7103,白萝卜/南瓜丝|米饭|红烧油片|葱油鸡
7104,三色绿豆芽|米饭|素烧鹅|葱油广东菜心
7105,木耳莴笋|米饭|素鸡烧肉|红烧油片|雪菜蛋饺
7106,木耳莴笋|米饭|葱油广东菜心|葱油鸡|鱼香肉丝|黄豆猪脚
7107,春卷|木耳莴笋|米饭|素鸡烧肉|鱼香肉丝
7108,米饭|素烧鹅|红烧油片|葱油广东菜心|葱油鸡|雪菜蛋饺|鱼香杏鲍菇炒肉
7109,三色绿豆芽|春卷|木耳莴笋|米饭|雪菜蛋饺|黄豆猪脚
711,千叶豆腐肉丝|大排/春卷|清炒南瓜/豆芽|米饭|酸辣土豆丝|酸辣藕丝/木耳莴笋
7110,南瓜饼|葱油广东菜心|葱油鸡|鱼香杏鲍菇炒肉|黄豆猪脚
7111,南瓜饼|米饭|素烧鹅|葱油广东菜心|雪菜蛋饺|黄豆猪脚
7112,米饭|葱油广东菜心|黄豆猪脚
7113,南瓜饼|米饭|素鸡烧肉|葱油鸡
7114,春卷|木耳莴笋|米饭|雪菜蛋饺|黄豆猪脚
7115,三色绿豆芽|春卷|木耳莴笋|米饭|素烧鹅|素鸡烧肉|葱油广东菜心|鱼香杏鲍菇炒肉
7116,三色绿豆芽|大排|木耳莴笋|米饭|葱油鸡|雪菜蛋饺
7117,三色绿豆芽|春卷|白萝卜/南瓜丝|米饭|素鸡烧肉
7118,大排|白萝卜/南瓜丝|米饭|葱油广东菜心|葱油鸡|黄豆猪脚
7119,木耳莴笋|米饭|红烧油片|葱油鸡|雪菜蛋饺
712,卤肉|小炒|小黄鱼|米饭|虎皮尖椒/西葫芦炒蛋|酸辣土豆丝
7120,南瓜饼|白萝卜/南瓜丝|米饭|素烧鹅|葱油鸡|雪菜蛋饺|黄豆猪脚
7121,三色绿豆芽|米饭|葱油广东菜心|葱油鸡|雪菜蛋饺
7122,大排|米饭|素烧鹅|素鸡烧肉|红烧油片
7123,三色绿豆芽|南瓜饼|米饭|葱油广东菜心|黄豆猪脚
7124,三色绿豆芽|米饭|红烧油片|葱油鸡|雪菜蛋饺|鱼香肉丝|黄豆猪脚
7125,春卷|木耳莴笋|米饭|素烧鹅|鱼香肉丝
7126,三色绿豆芽|米饭|素烧鹅
7127,三色绿豆芽|大排|米饭|红烧油片
7128,三色绿豆芽|木耳莴笋|白萝卜/南瓜丝|米饭|素鸡烧肉|鱼香肉丝|黄豆猪脚
7129,葱油广东菜心|鱼香杏鲍菇炒肉|黄豆猪脚
713,千叶豆腐肉丝|小炒|米饭|酸辣藕丝/木耳莴笋|香酥鸭肉/椒盐虾
7130,三色绿豆芽|大排|木耳莴笋|白萝卜/南瓜丝|素烧鹅|葱油鸡
7131,春卷|木耳莴笋|米饭|素烧鹅|葱油广东菜心|葱油鸡
7132,大排|米饭|素烧鹅|葱油广东菜心|鱼香杏鲍菇炒肉|黄豆猪脚
7133,三色绿豆芽|米饭|素烧鹅|葱油广东菜心|雪菜蛋饺
7134,大排|春卷|木耳莴笋|米饭|素烧鹅|鱼香肉丝
7135,三色绿豆芽|木耳莴笋|米饭|鱼香肉丝|黄豆猪脚
7136,大排|春卷|木耳莴笋|米饭|素鸡烧肉|雪菜蛋饺
7137,南瓜饼|白萝卜/南瓜丝|米饭|葱油广东菜心|葱油鸡|黄豆猪脚
7138,大排|春卷|木耳莴笋|白萝卜/南瓜丝|米饭
7139,米饭|葱油鸡|雪菜蛋饺|黄豆猪脚
714,千叶豆腐肉丝|大排/春卷|米饭|酸辣土豆丝|酸辣藕丝/木耳莴笋|香酥鸭肉/椒盐虾
7140,三色绿豆芽|米饭|素鸡烧肉|红烧油片|葱油鸡
7141,三色绿豆芽|春卷|木耳莴笋|白萝卜/南瓜丝|米饭|素烧鹅|葱油广东菜心|葱油鸡
7142,春卷|米饭|红烧油片|鱼香肉丝|黄豆猪脚
7143,三色绿豆芽|木耳莴笋|米饭|素鸡烧肉|红烧油片|葱油鸡
7144,大排|木耳莴笋|米饭|黄豆猪脚
7145,三色绿豆芽|大排|米饭|雪菜蛋饺|鱼香肉丝|黄豆猪脚
7146,大排|油麦菜|米饭
7147,米饭
7148,油麦菜|米饭|素鸡烧肉
7149,木耳莴笋|油麦菜|米饭|素鸡烧肉|葱油鸡|鱼香杏鲍菇炒肉|黄豆猪脚
715,千叶豆腐肉丝|大排/春卷|清炒南瓜/豆芽|米饭|酸辣土豆丝|酸辣藕丝/木耳莴笋|香酥鸭肉/椒盐虾
7150,春卷|油麦菜|米饭|红烧油片|鱼香杏鲍菇炒肉
7151,大排|米饭|素鸡烧肉|雪菜蛋饺
7152,春卷|木耳莴笋|米饭|鱼香肉丝
7153,米饭|葱油鸡|雪菜蛋饺
7154,三色绿豆芽|木耳莴笋|油麦菜|米饭|素鸡烧肉|葱油鸡|雪菜蛋饺
7155,大排|木耳莴笋|油麦菜|米饭
7156,油麦菜|米饭|葱油鸡|雪菜蛋饺|黄豆猪脚
7157,木耳莴笋|油麦菜|米饭|素鸡烧肉|雪菜蛋饺
7158,三色绿豆芽|油麦菜|米饭|素鸡烧肉|红烧油片|葱油鸡|雪菜蛋饺|鱼香肉丝
7159,大排|米饭|雪菜蛋饺
716,千叶豆腐肉丝|大排/春卷|清炒南瓜/豆芽|米饭|虎皮尖椒/西葫芦炒蛋|酸辣土豆丝|香酥鸭肉/椒盐虾
7160,大排|油麦菜|米饭|素鸡烧肉|雪菜蛋饺|鱼香杏鲍菇炒肉
7161,米饭|红烧油片|葱油鸡|雪菜蛋饺|鱼香杏鲍菇炒肉
7162,芹菜香干|西红柿炒蛋/红烧茄子
7163,扎肉|白菜油付|米饭|西红柿炒蛋/红烧茄子|青椒水面筋|鸟蛋烧肉
7164,白菜油付|米饭|西红柿炒蛋/红烧茄子|鸟蛋烧肉
7165,虎皮青椒/雪菜毛豆|长江豆肉丝/鱼香肉丝
7166,米饭|糖醋里脊|西红柿炒蛋/红烧茄子
7167,糖醋里脊
7168,付皮包|白菜油付|米饭|长江豆肉丝/鱼香肉丝
7169,白菜油付|米饭|糖醋里脊|长江豆肉丝/鱼香肉丝|鸟蛋烧肉
717,千叶豆腐肉丝|大排/春卷|小炒|小黄鱼|清炒南瓜/豆芽|米饭|酸辣土豆丝|酸辣藕丝/木耳莴笋|香酥鸭肉/椒盐虾
7170,白菜油付|米饭|长江豆肉丝/鱼香肉丝|鸟蛋烧肉
7171,盐菜黄豆芽|米饭|糖醋里脊|西红柿炒蛋/红烧茄子
7172,付皮包|土豆片|盐水虾|米饭|素鸡烧肉|芹菜香干|西红柿炒蛋/红烧茄子
7173,付皮包|扎肉|米饭|糖醋里脊|西红柿炒蛋/红烧茄子
7174,扎肉|白菜油付|米饭|芹菜香干|虎皮青椒/雪菜毛豆
7175,盐水虾|米饭|虎皮青椒/雪菜毛豆|西红柿炒蛋/红烧茄子|香菇鸭块
7176,付皮包|米饭|芹菜香干|西红柿炒蛋/红烧茄子
7177,米饭|蒜苗香干肉丝|虎皮青椒/雪菜毛豆|西红柿炒蛋/红烧茄子
7178,盐菜黄豆芽|米饭|蒜苗香干肉丝|虎皮青椒/雪菜毛豆|西红柿炒蛋/红烧茄子|长江豆肉丝/鱼香肉丝|青椒水面筋
7179,付皮包|米饭|虎皮青椒/雪菜毛豆|西红柿炒蛋/红烧茄子
718,大排/春卷|小炒|米饭|虎皮尖椒/西葫芦炒蛋
7180,白菜油付|盐水虾|米饭|虎皮青椒/雪菜毛豆|西红柿炒蛋/红烧茄子|长江豆肉丝/鱼香肉丝|青椒水面筋|鸟蛋烧肉
7181,土豆片|盐水虾|米饭|糖醋里脊|芹菜香干|蒜苗香干肉丝|西红柿炒蛋/红烧茄子|长江豆肉丝/鱼香肉丝|青椒水面筋|香菇鸭块
7182,白菜油付|米饭|长江豆肉丝/鱼香肉丝|鸟蛋烧肉
7183,盐水虾|盐菜黄豆芽|米饭|芹菜香干|蒜苗香干肉丝|西红柿炒蛋/红烧茄子
7184,付皮包|扎肉|米饭|糖醋里脊|虎皮青椒/雪菜毛豆
7185,盐水虾
7186,白菜油付|盐菜黄豆芽|米饭|芹菜香干|虎皮青椒/雪菜毛豆|青椒水面筋
7187,米饭|素鸡烧肉|芹菜香干|蒜苗香干肉丝|虎皮青椒/雪菜毛豆
7188,米饭|蒜苗香干肉丝|虎皮青椒/雪菜毛豆
7189,米饭|虎皮青椒/雪菜毛豆|青椒水面筋
719,大排/春卷|小炒|清炒南瓜/豆芽|米饭|虎皮尖椒/西葫芦炒蛋
7190,白菜油付|米饭|糖醋里脊|西红柿炒蛋/红烧茄子
7191,米饭|素鸡烧肉|芹菜香干|虎皮青椒/雪菜毛豆|西红柿炒蛋/红烧茄子
7192,米饭|素鸡烧肉|虎皮青椒/雪菜毛豆|香菇鸭块
7193,米饭|虎皮青椒/雪菜毛豆|长江豆肉丝/鱼香肉丝|鸟蛋烧肉
7194,扎肉|白菜油付|米饭
7195,盐水虾|盐菜黄豆芽|米饭|芹菜香干|西红柿炒蛋/红烧茄子
7196,付皮包|扎肉|白菜油付|米饭
7197,付皮包|米饭|素鸡烧肉|蒜苗香干肉丝|虎皮青椒/雪菜毛豆|青椒水面筋|香菇鸭块
7198,付皮包|白菜油付|米饭|糖醋里脊|虎皮青椒/雪菜毛豆|西红柿炒蛋/红烧茄子|青椒水面筋
7199,盐水虾|盐菜黄豆芽|米饭|素鸡烧肉|西红柿炒蛋/红烧茄子|香菇鸭块
720,小炒|米饭|虎皮尖椒/西葫芦炒蛋|酸辣土豆丝|酸辣藕丝/木耳莴笋|香酥鸭肉/椒盐虾
7200,米饭|糖醋里脊|素鸡烧肉|芹菜香干|蒜苗香干肉丝
7201,付皮包|米饭|西红柿炒蛋/红烧茄子|长江豆肉丝/鱼香肉丝
7202,白菜油付|米饭|糖醋里脊|虎皮青椒/雪菜毛豆|西红柿炒蛋/红烧茄子|长江豆肉丝/鱼香肉丝|鸟蛋烧肉
7203,付皮包|米饭|糖醋里脊|素鸡烧肉|蒜苗香干肉丝|西红柿炒蛋/红烧茄子
7204,付皮包|糖醋里脊|芹菜香干|蒜苗香干肉丝
7205,米饭|糖醋里脊|虎皮青椒/雪菜毛豆|青椒水面筋
7206,土豆片|盐水虾|米饭|西红柿炒蛋/红烧茄子|鸟蛋烧肉
7207,盐水虾|米饭|素鸡烧肉|芹菜香干|虎皮青椒/雪菜毛豆|西红柿炒蛋/红烧茄子
7208,扎肉|白菜油付|米饭|虎皮青椒/雪菜毛豆|长江豆肉丝/鱼香肉丝
7209,盐水虾|米饭|素鸡烧肉|虎皮青椒/雪菜毛豆|青椒水面筋
721,卤肉|大排/春卷|小炒|米饭|酸辣土豆丝|香酥鸭肉/椒盐虾
7210,米饭|素鸡烧肉|虎皮青椒/雪菜毛豆|西红柿炒蛋/红烧茄子
7211,盐水虾|盐菜黄豆芽|米饭|蒜苗香干肉丝|虎皮青椒/雪菜毛豆|香菇鸭块
7212,白菜油付|米饭|糖醋里脊|西红柿炒蛋/红烧茄子|长江豆肉丝/鱼香肉丝
7213,付皮包|土豆片|白菜油付|盐水虾|米饭|西红柿炒蛋/红烧茄子|长江豆肉丝/鱼香肉丝
7214,米饭|糖醋里脊|芹菜香干|西红柿炒蛋/红烧茄子|香菇鸭块
7215,盐水虾|米饭|芹菜香干|蒜苗香干肉丝|西红柿炒蛋/红烧茄子|香菇鸭块
7216,土豆片|白菜油付|米饭|虎皮青椒/雪菜毛豆|西红柿炒蛋/红烧茄子|青椒水面筋|鸟蛋烧肉
7217,白菜油付|米饭|蒜苗香干肉丝|虎皮青椒/雪菜毛豆|青椒水面筋|鸟蛋烧肉
7218,付皮包|扎肉|白菜油付|米饭|长江豆肉丝/鱼香肉丝
7219,盐菜黄豆芽|米饭|芹菜香干|虎皮青椒/雪菜毛豆|鸟蛋烧肉
722,大排/春卷|清炒南瓜/豆芽|米饭|酸辣土豆丝|酸辣藕丝/木耳莴笋|香酥鸭肉/椒盐虾
7220,白菜油付|盐水虾|米饭|芹菜香干|蒜苗香干肉丝|西红柿炒蛋/红烧茄子|长江豆肉丝/鱼香肉丝|香菇鸭块
7221,盐水虾|米饭|芹菜香干|蒜苗香干肉丝|青椒水面筋
7222,盐水虾|米饭|芹菜香干|虎皮青椒/雪菜毛豆|西红柿炒蛋/红烧茄子|香菇鸭块
7223,付皮包|土豆片|糖醋里脊|虎皮青椒/雪菜毛豆|长江豆肉丝/鱼香肉丝|青椒水面筋|鸟蛋烧肉
7224,土豆片|白菜油付|米饭|虎皮青椒/雪菜毛豆|西红柿炒蛋/红烧茄子|长江豆肉丝/鱼香肉丝|鸟蛋烧肉
7225,土豆片|白菜油付|米饭|糖醋里脊|虎皮青椒/雪菜毛豆|鸟蛋烧肉
7226,土豆片|扎肉|米饭|虎皮青椒/雪菜毛豆|西红柿炒蛋/红烧茄子|长江豆肉丝/鱼香肉丝
7227,盐水虾|盐菜黄豆芽|米饭|糖醋里脊|蒜苗香干肉丝|青椒水面筋
7228,扎肉|盐水虾|米饭|虎皮青椒/雪菜毛豆
7229,白菜油付|米饭|糖醋里脊|虎皮青椒/雪菜毛豆|西红柿炒蛋/红烧茄子|鸟蛋烧肉
723,小炒|清炒南瓜/豆芽|米饭|酸辣土豆丝|香酥鸭肉/椒盐虾
7230,盐菜黄豆芽|米饭|西红柿炒蛋/红烧茄子
7231,白菜油付|米饭|糖醋里脊|虎皮青椒/雪菜毛豆|长江豆肉丝/鱼香肉丝
7232,土豆片|扎肉|白菜油付|米饭|糖醋里脊|虎皮青椒/雪菜毛豆|西红柿炒蛋/红烧茄子|长江豆肉丝/鱼香肉丝|鸟蛋烧肉
7233,米饭|芹菜香干|虎皮青椒/雪菜毛豆
7234,扎肉|白菜油付|米饭|虎皮青椒/雪菜毛豆|西红柿炒蛋/红烧茄子
7235,盐菜黄豆芽|米饭|糖醋里脊|芹菜香干|虎皮青椒/雪菜毛豆|鸟蛋烧肉
7236,付皮包|米饭|西红柿炒蛋/红烧茄子|长江豆肉丝/鱼香肉丝|香菇鸭块
7237,白菜油付|米饭|长江豆肉丝/鱼香肉丝
7238,扎肉|盐水虾|虎皮青椒/雪菜毛豆|西红柿炒蛋/红烧茄子
7239,盐水虾|蒜苗香干肉丝|香菇鸭块
724,大排/春卷|小炒|米饭|酸辣土豆丝|酸辣藕丝/木耳莴笋
7240,盐水虾|盐菜黄豆芽|米饭|芹菜香干|虎皮青椒/雪菜毛豆
7241,盐水虾|米饭|芹菜香干|蒜苗香干肉丝|西红柿炒蛋/红烧茄子
7242,土豆片|米饭|虎皮青椒/雪菜毛豆|西红柿炒蛋/红烧茄子|长江豆肉丝/鱼香肉丝|鸟蛋烧肉
7243,土豆片|米饭|糖醋里脊|虎皮青椒/雪菜毛豆
7244,扎肉|盐水虾|米饭|虎皮青椒/雪菜毛豆|青椒水面筋
7245,盐水虾|盐菜黄豆芽|米饭|素鸡烧肉|虎皮青椒/雪菜毛豆|西红柿炒蛋/红烧茄子|青椒水面筋
7246,扎肉|白菜油付|米饭|西红柿炒蛋/红烧茄子|长江豆肉丝/鱼香肉丝
7247,白菜油付|米饭|虎皮青椒/雪菜毛豆|长江豆肉丝/鱼香肉丝
7248,米饭|芹菜香干|蒜苗香干肉丝|青椒水面筋
7249,米饭|西红柿炒蛋/红烧茄子|长江豆肉丝/鱼香肉丝
725,大排/春卷|小黄鱼|米饭|酸辣土豆丝|酸辣藕丝/木耳莴笋
7250,扎肉|米饭|芹菜香干|虎皮青椒/雪菜毛豆|香菇鸭块
7251,扎肉|白菜油付|盐菜黄豆芽|米饭|糖醋里脊|虎皮青椒/雪菜毛豆|青椒水面筋
7252,付皮包|扎肉|白菜油付|米饭|蒜苗香干肉丝
7253,付皮包|扎肉|米饭|虎皮青椒/雪菜毛豆|西红柿炒蛋/红烧茄子|长江豆肉丝/鱼香肉丝
7254,扎肉|盐水虾|盐菜黄豆芽|米饭|虎皮青椒/雪菜毛豆
7255,扎肉|米饭|西红柿炒蛋/红烧茄子|长江豆肉丝/鱼香肉丝|青椒水面筋|鸟蛋烧肉
7256,盐菜黄豆芽|米饭|虎皮青椒/雪菜毛豆|西红柿炒蛋/红烧茄子|青椒水面筋
7257,米饭|芹菜香干|虎皮青椒/雪菜毛豆|香菇鸭块
7258,米饭|虎皮青椒/雪菜毛豆|西红柿炒蛋/红烧茄子
7259,米饭|虎皮青椒/雪菜毛豆|西红柿炒蛋/红烧茄子
726,卤肉|小炒|小黄鱼|清炒南瓜/豆芽|米饭|虎皮尖椒/西葫芦炒蛋|酸辣土豆丝
7260,盐水虾|盐菜黄豆芽|米饭|芹菜香干|青椒水面筋|鸟蛋烧肉
7261,付皮包|盐水虾|盐菜黄豆芽|米饭|虎皮青椒/雪菜毛豆
7262,盐水虾|米饭|芹菜香干|西红柿炒蛋/红烧茄子|鸟蛋烧肉
7263,白菜油付|米饭|虎皮青椒/雪菜毛豆|长江豆肉丝/鱼香肉丝|青椒水面筋|鸟蛋烧肉
7264,扎肉|盐水虾|米饭|西红柿炒蛋/红烧茄子|长江豆肉丝/鱼香肉丝|鸟蛋烧肉
7265,扎肉|米饭|芹菜香干|虎皮青椒/雪菜毛豆
7266,白菜油付|米饭|糖醋里脊|长江豆肉丝/鱼香肉丝|青椒水面筋
7267,付皮包|盐水虾|虎皮青椒/雪菜毛豆|长江豆肉丝/鱼香肉丝|鸟蛋烧肉
7268,扎肉|米饭|糖醋里脊|西红柿炒蛋/红烧茄子|长江豆肉丝/鱼香肉丝
7269,米饭|素鸡烧肉|蒜苗香干肉丝|西红柿炒蛋/红烧茄子
727,卤肉|大排/春卷|清炒南瓜/豆芽|酸辣土豆丝|香酥鸭肉/椒盐虾
7270,扎肉|米饭|蒜苗香干肉丝|虎皮青椒/雪菜毛豆|青椒水面筋
7271,扎肉|米饭|糖醋里脊|西红柿炒蛋/红烧茄子
7272,土豆片|盐水虾|米饭|糖醋里脊|西红柿炒蛋/红烧茄子|长江豆肉丝/鱼香肉丝|香菇鸭块|鸟蛋烧肉
7273,付皮包|扎肉|米饭|虎皮青椒/雪菜毛豆|西红柿炒蛋/红烧茄子
7274,付皮包|米饭|虎皮青椒/雪菜毛豆|西红柿炒蛋/红烧茄子|长江豆肉丝/鱼香肉丝|香菇鸭块
7275,盐水虾|米饭|芹菜香干|西红柿炒蛋/红烧茄子|鸟蛋烧肉
7276,扎肉|盐水虾|盐菜黄豆芽|米饭|虎皮青椒/雪菜毛豆|青椒水面筋
7277,米饭|芹菜香干|西红柿炒蛋/红烧茄子|长江豆肉丝/鱼香肉丝|鸟蛋烧肉
7278,土豆片|扎肉|米饭|糖醋里脊|虎皮青椒/雪菜毛豆
7279,付皮包|白菜油付|米饭|芹菜香干|蒜苗香干肉丝
728,卤肉|大排/春卷|小炒|清炒南瓜/豆芽|米饭|虎皮尖椒/西葫芦炒蛋|酸辣藕丝/木耳莴笋
7280,付皮包|扎肉|米饭|西红柿炒蛋/红烧茄子|长江豆肉丝/鱼香肉丝
7281,米饭|素鸡烧肉|蒜苗香干肉丝|青椒水面筋|香菇鸭块
7282,付皮包|米饭|虎皮青椒/雪菜毛豆|西红柿炒蛋/红烧茄子|长江豆肉丝/鱼香肉丝|鸟蛋烧肉
7283,付皮包|盐菜黄豆芽|米饭|虎皮青椒/雪菜毛豆|西红柿炒蛋/红烧茄子
7284,米饭|素鸡烧肉|芹菜香干|蒜苗香干肉丝|西红柿炒蛋/红烧茄子|鸟蛋烧肉
7285,付皮包|白菜油付|米饭|糖醋里脊|虎皮青椒/雪菜毛豆|长江豆肉丝/鱼香肉丝
7286,米饭|虎皮青椒/雪菜毛豆|西红柿炒蛋/红烧茄子|长江豆肉丝/鱼香肉丝|青椒水面筋
7287,盐水虾|米饭|素鸡烧肉|芹菜香干|蒜苗香干肉丝|西红柿炒蛋/红烧茄子|青椒水面筋
7288,扎肉|盐水虾|米饭|蒜苗香干肉丝|虎皮青椒/雪菜毛豆|西红柿炒蛋/红烧茄子
7289,付皮包|米饭|糖醋里脊|虎皮青椒/雪菜毛豆|西红柿炒蛋/红烧茄子|长江豆肉丝/鱼香肉丝|青椒水面筋|鸟蛋烧肉
729,卤肉|大排/春卷|小炒|米饭|虎皮尖椒/西葫芦炒蛋|酸辣土豆丝
7290,白菜油付|米饭|糖醋里脊|虎皮青椒/雪菜毛豆|西红柿炒蛋/红烧茄子|长江豆肉丝/鱼香肉丝|青椒水面筋
7291,盐水虾|盐菜黄豆芽|米饭|芹菜香干|蒜苗香干肉丝|虎皮青椒/雪菜毛豆|西红柿炒蛋/红烧茄子|香菇鸭块
7292,付皮包|米饭|芹菜香干|虎皮青椒/雪菜毛豆|西红柿炒蛋/红烧茄子|香菇鸭块
7293,白菜油付|米饭|糖醋里脊|西红柿炒蛋/红烧茄子|青椒水面筋
7294,盐菜黄豆芽|米饭|西红柿炒蛋/红烧茄子
7295,付皮包|土豆片|白菜油付|米饭|糖醋里脊|虎皮青椒/雪菜毛豆
7296,米饭|糖醋里脊|虎皮青椒/雪菜毛豆|西红柿炒蛋/红烧茄子
7297,米饭|虎皮青椒/雪菜毛豆|西红柿炒蛋/红烧茄子|香菇鸭块
7298,付皮包|土豆片|盐水虾|米饭|虎皮青椒/雪菜毛豆|西红柿炒蛋/红烧茄子
7299,白菜油付|米饭|西红柿炒蛋/红烧茄子|青椒水面筋|鸟蛋烧肉
730,千叶豆腐肉丝|小炒|小黄鱼|米饭|酸辣藕丝/木耳莴笋|香酥鸭肉/椒盐虾
7300,付皮包|白菜油付|米饭|糖醋里脊|虎皮青椒/雪菜毛豆|长江豆肉丝/鱼香肉丝
7301,盐菜黄豆芽|米饭|素鸡烧肉|芹菜香干|蒜苗香干肉丝|虎皮青椒/雪菜毛豆|西红柿炒蛋/红烧茄子|香菇鸭块
7302,盐水虾|米饭|西红柿炒蛋/红烧茄子|香菇鸭块
7303,米饭|素鸡烧肉|蒜苗香干肉丝|青椒水面筋|香菇鸭块
7304,付皮包|盐菜黄豆芽|米饭|蒜苗香干肉丝
7305,付皮包|盐菜黄豆芽|芹菜香干|西红柿炒蛋/红烧茄子|青椒水面筋
7306,米饭|西红柿炒蛋/红烧茄子
7307,米饭|虎皮青椒/雪菜毛豆|长江豆肉丝/鱼香肉丝
7308,盐菜黄豆芽|米饭|蒜苗香干肉丝
7309,付皮包|白菜油付|盐水虾|米饭|糖醋里脊|虎皮青椒/雪菜毛豆|西红柿炒蛋/红烧茄子|长江豆肉丝/鱼香肉丝|香菇鸭块
731,大排/春卷|小黄鱼|清炒南瓜/豆芽|米饭|虎皮尖椒/西葫芦炒蛋|香酥鸭肉/椒盐虾
7310,付皮包|米饭|虎皮青椒/雪菜毛豆|长江豆肉丝/鱼香肉丝|鸟蛋烧肉
7311,扎肉|米饭|芹菜香干|虎皮青椒/雪菜毛豆|西红柿炒蛋/红烧茄子|青椒水面筋
7312,付皮包|米饭|西红柿炒蛋/红烧茄子|长江豆肉丝/鱼香肉丝|青椒水面筋|鸟蛋烧肉
7313,付皮包|米饭|西红柿炒蛋/红烧茄子|长江豆肉丝/鱼香肉丝|青椒水面筋|鸟蛋烧肉
7314,米饭|蒜苗香干肉丝|虎皮青椒/雪菜毛豆|西红柿炒蛋/红烧茄子|长江豆肉丝/鱼香肉丝|青椒水面筋|鸟蛋烧肉
7315,土豆片|白菜油付|米饭|虎皮青椒/雪菜毛豆|鸟蛋烧肉
7316,付皮包|白菜油付|米饭|素鸡烧肉|西红柿炒蛋/红烧茄子
7317,付皮包|土豆片|米饭|虎皮青椒/雪菜毛豆|青椒水面筋|鸟蛋烧肉
7318,扎肉|米饭|素鸡烧肉|蒜苗香干肉丝|虎皮青椒/雪菜毛豆|西红柿炒蛋/红烧茄子|青椒水面筋
7319,付皮包|白菜油付|米饭|糖醋里脊|西红柿炒蛋/红烧茄子|长江豆肉丝/鱼香肉丝|鸟蛋烧肉
732,小炒|小黄鱼|清炒南瓜/豆芽|米饭|酸辣土豆丝|酸辣藕丝/木耳莴笋|香酥鸭肉/椒盐虾
7320,付皮包|米饭|素鸡烧肉|芹菜香干|蒜苗香干肉丝|西红柿炒蛋/红烧茄子
7321,付皮包|扎肉|盐菜黄豆芽|米饭|芹菜香干|蒜苗香干肉丝|虎皮青椒/雪菜毛豆|青椒水面筋
7322,付皮包|土豆片|盐水虾|米饭|糖醋里脊|西红柿炒蛋/红烧茄子|青椒水面筋
7323,米饭|蒜苗香干肉丝|西红柿炒蛋/红烧茄子
7324,付皮包|白菜油付|盐水虾|盐菜黄豆芽|米饭|糖醋里脊|西红柿炒蛋/红烧茄子
7325,米饭|糖醋里脊|芹菜香干|蒜苗香干肉丝|虎皮青椒/雪菜毛豆|西红柿炒蛋/红烧茄子|青椒水面筋|香菇鸭块|鸟蛋烧肉
7326,土豆片|盐水虾|米饭|菜心|蒜苗香干肉丝|虎皮青椒/雪菜毛豆|西红柿炒蛋/红烧茄子
7327,白菜油付|米饭|糖醋里脊|菜心|西红柿炒蛋/红烧茄子|长江豆肉丝/鱼香肉丝
7328,付皮包|米饭|糖醋里脊|素鸡烧肉|芹菜香干|西红柿炒蛋/红烧茄子|香菇鸭块|鸟蛋烧肉
7329,米饭|虎皮青椒/雪菜毛豆|青椒水面筋|鸟蛋烧肉
733,大排/春卷|小炒|清炒南瓜/豆芽|米饭|酸辣土豆丝|酸辣藕丝/木耳莴笋
7330,米饭|素鸡烧肉|菜心|西红柿炒蛋/红烧茄子|长江豆肉丝/鱼香肉丝
7331,扎肉|盐菜黄豆芽|米饭|菜心|虎皮青椒/雪菜毛豆|西红柿炒蛋/红烧茄子|香菇鸭块
7332,扎肉|盐菜黄豆芽|米饭|素鸡烧肉|菜心|蘑菇肉片|西红柿炒蛋/红烧茄子
7333,米饭|菜心|蒜苗香干肉丝|蘑菇肉片|青椒水面筋
7334,扎肉|白菜油付|米饭|虎皮青椒/雪菜毛豆|西红柿炒蛋/红烧茄子|长江豆肉丝/鱼香肉丝|青椒水面筋
7335,米饭|菜心|蒜苗香干肉丝|虎皮青椒/雪菜毛豆|青椒水面筋|香菇鸭块
7336,付皮包|土豆片|扎肉|白菜油付|米饭|虎皮青椒/雪菜毛豆|西红柿炒蛋/红烧茄子|长江豆肉丝/鱼香肉丝|青椒水面筋
7337,土豆片|米饭|菜心|蒜苗香干肉丝|西红柿炒蛋/红烧茄子
7338,土豆片|米饭|糖醋里脊|西红柿炒蛋/红烧茄子|青椒水面筋|鸟蛋烧肉
7339,土豆片|米饭|糖醋里脊|西红柿炒蛋/红烧茄子|长江豆肉丝/鱼香肉丝|鸟蛋烧肉
734,卤肉|大排/春卷|米饭|酸辣藕丝/木耳莴笋
7340,付皮包|土豆片|米饭|糖醋里脊|虎皮青椒/雪菜毛豆|西红柿炒蛋/红烧茄子|鸟蛋烧肉
7341,付皮包|白菜油付|米饭|长江豆肉丝/鱼香肉丝|青椒水面筋
7342,扎肉|白菜油付|米饭|虎皮青椒/雪菜毛豆
7343,付皮包|土豆片|米饭|虎皮青椒/雪菜毛豆|长江豆肉丝/鱼香肉丝
7344,付皮包|白菜油付|米饭|糖醋里脊|西红柿炒蛋/红烧茄子|鸟蛋烧肉
7345,扎肉|盐菜黄豆芽|米饭|蘑菇肉片|虎皮青椒/雪菜毛豆
7346,米饭|糖醋里脊|蘑菇肉片|西红柿炒蛋/红烧茄子|长江豆肉丝/鱼香肉丝|青椒水面筋
7347,盐菜黄豆芽|米饭|素鸡烧肉|蒜苗香干肉丝|虎皮青椒/雪菜毛豆|西红柿炒蛋/红烧茄子|香菇鸭块
7348,付皮包|白菜油付|米饭|长江豆肉丝/鱼香肉丝
7349,付皮包|白菜油付|米饭|菜心|蘑菇肉片|长江豆肉丝/鱼香肉丝|青椒水面筋|鸟蛋烧肉
735,千叶豆腐肉丝|卤肉|大排/春卷|小黄鱼|清炒南瓜/豆芽|米饭
7350,付皮包|白菜油付|米饭|糖醋里脊|长江豆肉丝/鱼香肉丝|青椒水面筋
7351,白菜油付|米饭
7352,白菜油付|米饭|蒜苗香干肉丝|西红柿炒蛋/红烧茄子
7353,白菜油付|米饭|糖醋里脊|素鸡烧肉|蒜苗香干肉丝|虎皮青椒/雪菜毛豆|西红柿炒蛋/红烧茄子|香菇鸭块|鸟蛋烧肉
7354,白菜油付|米饭|蘑菇肉片|虎皮青椒/雪菜毛豆|西红柿炒蛋/红烧茄子|香菇鸭块
7355,付皮包|白菜油付|米饭|虎皮青椒/雪菜毛豆|西红柿炒蛋/红烧茄子
7356,米饭|糖醋里脊|西红柿炒蛋/红烧茄子|青椒水面筋
7357,付皮包|米饭|糖醋里脊|西红柿炒蛋/红烧茄子|鸟蛋烧肉
7358,扎肉|白菜油付|米饭|虎皮青椒/雪菜毛豆
7359,付皮包|土豆片|白菜油付|米饭|糖醋里脊|西红柿炒蛋/红烧茄子|长江豆肉丝/鱼香肉丝|青椒水面筋|鸟蛋烧肉
736,千叶豆腐肉丝|大排/春卷|小炒|小黄鱼|米饭|酸辣土豆丝
7360,扎肉
7361,盐菜黄豆芽|米饭|蘑菇肉片|西红柿炒蛋/红烧茄子
7362,付皮包|米饭|糖醋里脊|蘑菇肉片|西红柿炒蛋/红烧茄子|鸟蛋烧肉
7363,土豆片|白菜油付|米饭|西红柿炒蛋/红烧茄子|青椒水面筋|鸟蛋烧肉
7364,米饭|糖醋里脊|蘑菇肉片|虎皮青椒/雪菜毛豆|长江豆肉丝/鱼香肉丝
7365,盐菜黄豆芽|米饭|素鸡烧肉|蒜苗香干肉丝|西红柿炒蛋/红烧茄子|香菇鸭块
7366,扎肉|白菜油付|米饭|蘑菇肉片|长江豆肉丝/鱼香肉丝|青椒水面筋
7367,付皮包|扎肉|米饭|糖醋里脊|素鸡烧肉|长江豆肉丝/鱼香肉丝|香菇鸭块
7368,扎肉|米饭|菜心|西红柿炒蛋/红烧茄子
7369,付皮包|白菜油付|米饭|蘑菇肉片|虎皮青椒/雪菜毛豆|西红柿炒蛋/红烧茄子|长江豆肉丝/鱼香肉丝
737,千叶豆腐肉丝|大排/春卷|小黄鱼|清炒南瓜/豆芽|米饭|酸辣藕丝/木耳莴笋
7370,米饭|菜心|虎皮青椒/雪菜毛豆|青椒水面筋
7371,土豆片|白菜油付|米饭|糖醋里脊|蘑菇肉片|西红柿炒蛋/红烧茄子
7372,付皮包|盐菜黄豆芽|米饭|糖醋里脊|西红柿炒蛋/红烧茄子
7373,付皮包|土豆片|白菜油付|米饭|虎皮青椒/雪菜毛豆|西红柿炒蛋/红烧茄子|长江豆肉丝/鱼香肉丝|青椒水面筋|鸟蛋烧肉
7374,付皮包|土豆片|白菜油付|米饭|虎皮青椒/雪菜毛豆|鸟蛋烧肉
7375,扎肉|米饭|素鸡烧肉|青椒水面筋
7376,盐菜黄豆芽|糖醋里脊|西红柿炒蛋/红烧茄子|鸟蛋烧肉
7377,土豆片|扎肉|白菜油付|米饭|虎皮青椒/雪菜毛豆
7378,付皮包|扎肉|米饭|素鸡烧肉|西红柿炒蛋/红烧茄子|青椒水面筋|香菇鸭块
7379,扎肉|米饭|蘑菇肉片|西红柿炒蛋/红烧茄子|青椒水面筋
738,大排/春卷|小黄鱼|米饭|虎皮尖椒/西葫芦炒蛋|酸辣藕丝/木耳莴笋
7380,土豆片|扎肉|白菜油付|米饭|西红柿炒蛋/红烧茄子|长江豆肉丝/鱼香肉丝|鸟蛋烧肉
7381,扎肉|白菜油付|米饭|蘑菇肉片|虎皮青椒/雪菜毛豆
7382,扎肉|米饭|虎皮青椒/雪菜毛豆
7383,付皮包|米饭|糖醋里脊|菜心|蒜苗香干肉丝|西红柿炒蛋/红烧茄子|香菇鸭块
7384,付皮包|白菜油付|米饭|糖醋里脊|西红柿炒蛋/红烧茄子
7385,土豆片|米饭|西红柿炒蛋/红烧茄子|长江豆肉丝/鱼香肉丝
7386,白菜油付|米饭|糖醋里脊|蘑菇肉片|虎皮青椒/雪菜毛豆|西红柿炒蛋/红烧茄子
7387,付皮包|米饭|糖醋里脊|菜心|蘑菇肉片|虎皮青椒/雪菜毛豆|鸟蛋烧肉
7388,付皮包|盐菜黄豆芽|米饭|西红柿炒蛋/红烧茄子|长江豆肉丝/鱼香肉丝|鸟蛋烧肉
7389,扎肉|盐菜黄豆芽|米饭|蒜苗香干肉丝|西红柿炒蛋/红烧茄子|长江豆肉丝/鱼香肉丝|鸟蛋烧肉
739,卤肉|小炒|米饭|虎皮尖椒/西葫芦炒蛋|酸辣藕丝/木耳莴笋|香酥鸭肉/椒盐虾
7390,米饭|素鸡烧肉|蒜苗香干肉丝|蘑菇肉片|虎皮青椒/雪菜毛豆|香菇鸭块|鸟蛋烧肉
7391,扎肉|米饭|长江豆肉丝/鱼香肉丝|鸟蛋烧肉
7392,米饭|菜心|蒜苗香干肉丝|蘑菇肉片|香菇鸭块
7393,付皮包|扎肉|米饭|菜心|西红柿炒蛋/红烧茄子|青椒水面筋
7394,白菜油付|米饭|蘑菇肉片|虎皮青椒/雪菜毛豆|长江豆肉丝/鱼香肉丝
7395,扎肉|米饭|蘑菇肉片|西红柿炒蛋/红烧茄子|长江豆肉丝/鱼香肉丝
7396,扎肉|白菜油付|米饭|长江豆肉丝/鱼香肉丝
7397,盐菜黄豆芽|米饭|蘑菇肉片
7398,扎肉|米饭|虎皮青椒/雪菜毛豆|西红柿炒蛋/红烧茄子|长江豆肉丝/鱼香肉丝
7399,米饭|素鸡烧肉|西红柿炒蛋/红烧茄子
740,千叶豆腐肉丝|大排/春卷|米饭|酸辣土豆丝|酸辣藕丝/木耳莴笋
7400,扎肉|米饭|糖醋里脊|蒜苗香干肉丝|长江豆肉丝/鱼香肉丝
7401,米饭|糖醋里脊|蒜苗香干肉丝|蘑菇肉片|长江豆肉丝/鱼香肉丝
7402,扎肉|盐菜黄豆芽|米饭|菜心|蒜苗香干肉丝|蘑菇肉片|长江豆肉丝/鱼香肉丝
7403,米饭|糖醋里脊|蘑菇肉片|西红柿炒蛋/红烧茄子|长江豆肉丝/鱼香肉丝|青椒水面筋|鸟蛋烧肉
7404,米饭|蘑菇肉片|长江豆肉丝/鱼香肉丝|青椒水面筋|鸟蛋烧肉
7405,糖醋里脊|虎皮青椒/雪菜毛豆|西红柿炒蛋/红烧茄子|长江豆肉丝/鱼香肉丝
7406,米饭|蘑菇肉片|西红柿炒蛋/红烧茄子|香菇鸭块
7407,盐菜黄豆芽|米饭|糖醋里脊|菜心|虎皮青椒/雪菜毛豆|鸟蛋烧肉
7408,土豆片|扎肉|米饭|青椒水面筋
7409,米饭|糖醋里脊|菜心|蘑菇肉片|西红柿炒蛋/红烧茄子|青椒水面筋
741,卤肉|米饭|虎皮尖椒/西葫芦炒蛋
7410,土豆片|糖醋里脊|鸟蛋烧肉
7411,土豆丝/包菜油付|培红菜蘑菇毛豆肉丝|水波蛋|油豆腐烧肉|花椒排骨|茭白肉丝小炒|葱油扇贝|葱油鸡|青椒水面筋|青椒藕片|青韭南瓜丝|鸡米花
7412,土豆丝/包菜油付|水波蛋|米饭|花椒排骨|葱油扇贝|鸡米花
7413,土豆丝/包菜油付|培红菜蘑菇毛豆肉丝|扎肉|米饭|花椒排骨
7414,土豆丝/包菜油付|油豆腐烧肉|米饭|花椒排骨|鸡米花
7415,培红菜蘑菇毛豆肉丝|扎肉|米饭|花菜|葱油鸡
7416,土豆丝/包菜油付|油豆腐烧肉|花椒排骨|青椒藕片
7417,土豆丝/包菜油付|培红菜蘑菇毛豆肉丝|春卷|水波蛋|油豆腐烧肉|盐水虾|米饭|葱油鸡|青椒水面筋|鸡米花
7418,米饭
7419,土豆丝/包菜油付|水波蛋|油豆腐烧肉|米饭|花椒排骨|茭白肉丝小炒|葱油鸡|青椒水面筋|青椒藕片|鸡米花
742,千叶豆腐肉丝|米饭|酸辣土豆丝|酸辣藕丝/木耳莴笋|香酥鸭肉/椒盐虾
7420,茭白肉丝小炒|青韭南瓜丝
7421,土豆丝/包菜油付|春卷|米饭|花椒排骨|葱油扇贝|葱油鸡|青椒水面筋|青椒藕片|青韭南瓜丝|鸡米花
7422,土豆丝/包菜油付|水波蛋|盐水虾|米饭|花椒排骨|茭白肉丝小炒|青椒藕片
7423,土豆丝/包菜油付|水波蛋|油豆腐烧肉|米饭|花椒排骨|茭白肉丝小炒|葱油鸡|青椒藕片|鸡米花
7424,土豆丝/包菜油付|培红菜蘑菇毛豆肉丝|米饭|青椒藕片|鸡米花
7425,土豆丝/包菜油付|培红菜蘑菇毛豆肉丝|木耳娃娃菜|米饭|茭白肉丝小炒
7426,木耳娃娃菜|米饭|花椒排骨|葱油鸡|青椒藕片
7427,土豆丝/包菜油付|米饭|葱油鸡
7428,土豆丝/包菜油付|油豆腐烧肉|米饭|茭白肉丝小炒
7429,春卷|盐水虾|米饭|青韭南瓜丝
743,千叶豆腐肉丝|大排/春卷|米饭|虎皮尖椒/西葫芦炒蛋
7430,土豆丝/包菜油付|木耳娃娃菜|米饭|葱油鸡
7431,土豆丝/包菜油付|春卷|米饭|花菜
7432,土豆丝/包菜油付|木耳娃娃菜|油豆腐烧肉|米饭|茭白肉丝小炒|鸡米花
7433,培红菜蘑菇毛豆肉丝|油豆腐烧肉|盐水虾|米饭|花菜|茭白肉丝小炒|葱油扇贝|青椒藕片
7434,土豆丝/包菜油付|培红菜蘑菇毛豆肉丝|春卷|米饭
7435,水波蛋|盐水虾|米饭|花椒排骨|茭白肉丝小炒|青椒藕片
7436,土豆丝/包菜油付|培红菜蘑菇毛豆肉丝|扎肉|米饭|葱油鸡|青韭南瓜丝
7437,春卷|木耳娃娃菜|水波蛋|米饭|花椒排骨|茭白肉丝小炒|鸡米花
7438,土豆丝/包菜油付|培红菜蘑菇毛豆肉丝|扎肉|木耳娃娃菜|盐水虾|米饭|茭白肉丝小炒
7439,土豆丝/包菜油付|春卷|盐水虾|米饭|花椒排骨|花菜|青椒水面筋
744,卤肉|大排/春卷|小炒|小黄鱼|米饭|酸辣土豆丝
7440,木耳娃娃菜|米饭|花椒排骨|茭白肉丝小炒
7441,土豆丝/包菜油付|水波蛋|盐水虾|米饭|青韭南瓜丝|鸡米花
7442,扎肉|米饭|茭白肉丝小炒|青椒水面筋|鸡米花
7443,土豆丝/包菜油付|米饭|花菜|葱油鸡|青椒水面筋|青韭南瓜丝|鸡米花
7444,土豆丝/包菜油付|培红菜蘑菇毛豆肉丝|扎肉|木耳娃娃菜|米饭
7445,米饭|花椒排骨|花菜|青椒藕片|青韭南瓜丝
7446,春卷|米饭|花菜|青椒水面筋
7447,土豆丝/包菜油付|培红菜蘑菇毛豆肉丝|盐水虾|米饭|花菜|茭白肉丝小炒|青椒水面筋|青椒藕片|青韭南瓜丝
7448,土豆丝/包菜油付|扎肉|木耳娃娃菜|米饭|葱油鸡
7449,培红菜蘑菇毛豆肉丝|春卷|盐水虾|米饭|葱油鸡
745,千叶豆腐肉丝|清炒南瓜/豆芽|米饭|香酥鸭肉/椒盐虾
7450,培红菜蘑菇毛豆肉丝|春卷|水波蛋|油豆腐烧肉|米饭|茭白肉丝小炒|青椒藕片|鸡米花
7451,培红菜蘑菇毛豆肉丝|米饭|花椒排骨|花菜
7452,土豆丝/包菜油付|培红菜蘑菇毛豆肉丝|米饭|花椒排骨
7453,油豆腐烧肉|米饭|茭白肉丝小炒|青椒藕片
7454,土豆丝/包菜油付|培红菜蘑菇毛豆肉丝|米饭|花椒排骨
7455,油豆腐烧肉|米饭|花椒排骨|茭白肉丝小炒
7456,盐水虾|米饭|花椒排骨|花菜
7457,土豆丝/包菜油付|盐水虾|米饭|青椒藕片|青韭南瓜丝
7458,油豆腐烧肉|米饭|葱油扇贝|青韭南瓜丝
7459,培红菜蘑菇毛豆肉丝|春卷|水波蛋|米饭
746,大排/春卷|米饭|虎皮尖椒/西葫芦炒蛋
7460,培红菜蘑菇毛豆肉丝|春卷|水波蛋|盐水虾|米饭
7461,水波蛋|油豆腐烧肉|米饭|花椒排骨|茭白肉丝小炒|青椒水面筋|青椒藕片|鸡米花
7462,春卷|水波蛋|米饭|茭白肉丝小炒|葱油鸡|鸡米花
7463,土豆丝/包菜油付|春卷|木耳娃娃菜|米饭|花椒排骨|花菜|葱油鸡
7464,土豆丝/包菜油付|水波蛋|油豆腐烧肉|米饭|葱油鸡|青椒藕片
7465,土豆丝/包菜油付|米饭|茭白肉丝小炒|葱油鸡|青椒藕片
7466,春卷|木耳娃娃菜|米饭|葱油鸡|青韭南瓜丝
7467,土豆丝/包菜油付|水波蛋|盐水虾|米饭|茭白肉丝小炒
7468,水波蛋|米饭|花椒排骨|茭白肉丝小炒|葱油鸡
7469,春卷|木耳娃娃菜|盐水虾|米饭|花菜|葱油鸡
747,卤肉|大排/春卷|米饭|虎皮尖椒/西葫芦炒蛋|酸辣土豆丝
7470,木耳娃娃菜|米饭|花菜|葱油鸡|青韭南瓜丝
7471,土豆丝/包菜油付|扎肉|木耳娃娃菜|米饭|青韭南瓜丝
7472,土豆丝/包菜油付|培红菜蘑菇毛豆肉丝|春卷|木耳娃娃菜|盐水虾|米饭
7473,培红菜蘑菇毛豆肉丝|春卷|木耳娃娃菜|米饭|花菜
7474,土豆丝/包菜油付|盐水虾|米饭|花椒排骨|花菜|葱油扇贝
7475,土豆丝/包菜油付|培红菜蘑菇毛豆肉丝|木耳娃娃菜|盐水虾|米饭|花菜|葱油鸡|青韭南瓜丝
7476,盐水虾|米饭|花椒排骨|葱油鸡|青椒水面筋|青椒藕片|鸡米花
7477,土豆丝/包菜油付|水波蛋|米饭|花椒排骨|葱油鸡
7478,土豆丝/包菜油付|油豆腐烧肉|米饭|葱油鸡
7479,土豆丝/包菜油付|培红菜蘑菇毛豆肉丝|春卷|木耳娃娃菜|米饭|葱油鸡
748,卤肉|虎皮尖椒/西葫芦炒蛋|酸辣藕丝/木耳莴笋
7480,土豆丝/包菜油付|扎肉|油豆腐烧肉|米饭
7481,水波蛋|米饭|葱油鸡|青韭南瓜丝
7482,培红菜蘑菇毛豆肉丝|扎肉|木耳娃娃菜|米饭
7483,土豆丝/包菜油付|水波蛋|盐水虾|米饭|葱油鸡|鸡米花
7484,水波蛋|米饭|茭白肉丝小炒|葱油扇贝|葱油鸡
7485,米饭|花菜|葱油鸡|青韭南瓜丝
7486,土豆丝/包菜油付|米饭|花椒排骨|茭白肉丝小炒|鸡米花
7487,水波蛋|油豆腐烧肉|花椒排骨|茭白肉丝小炒|葱油鸡|青椒水面筋|青椒藕片|鸡米花
7488,土豆丝/包菜油付|培红菜蘑菇毛豆肉丝|米饭|花椒排骨|花菜
7489,土豆丝/包菜油付|培红菜蘑菇毛豆肉丝|扎肉|木耳娃娃菜|米饭|青韭南瓜丝
749,卤肉|大排/春卷|小炒|米饭|虎皮尖椒/西葫芦炒蛋|酸辣藕丝/木耳莴笋
7490,土豆丝/包菜油付|水波蛋|油豆腐烧肉|米饭|茭白肉丝小炒
7491,春卷|米饭|花椒排骨|茭白肉丝小炒|青椒水面筋
7492,土豆丝/包菜油付|米饭|葱油鸡|青椒水面筋
7493,米饭|花椒排骨|茭白肉丝小炒|葱油鸡|青椒水面筋|青椒藕片
7494,水波蛋|油豆腐烧肉|米饭|青椒水面筋
7495,培红菜蘑菇毛豆肉丝|扎肉|米饭|青椒藕片|青韭南瓜丝
7496,扎肉|春卷|木耳娃娃菜|油豆腐烧肉
7497,春卷|水波蛋|盐水虾|米饭|花菜|青椒水面筋
7498,水波蛋|油豆腐烧肉|米饭|葱油鸡|青椒水面筋|鸡米花
7499,扎肉|米饭|葱油鸡|青韭南瓜丝
750,千叶豆腐肉丝|卤肉|小炒|米饭|虎皮尖椒/西葫芦炒蛋|酸辣土豆丝|酸辣藕丝/木耳莴笋
7500,土豆丝/包菜油付|培红菜蘑菇毛豆肉丝|盐水虾|米饭|葱油鸡
7501,土豆丝/包菜油付|水波蛋|油豆腐烧肉|米饭|葱油鸡|青椒藕片
7502,土豆丝/包菜油付|水波蛋|米饭|花椒排骨|茭白肉丝小炒|葱油鸡|青椒藕片|鸡米花
7503,土豆丝/包菜油付|培红菜蘑菇毛豆肉丝|木耳娃娃菜|盐水虾|米饭|花菜|葱油鸡|青韭南瓜丝
7504,米饭|花椒排骨|花菜|青椒水面筋|青椒藕片
7505,土豆丝/包菜油付|水波蛋|油豆腐烧肉|米饭|茭白肉丝小炒|青椒藕片|鸡米花
7506,土豆丝/包菜油付|盐水虾|米饭|花椒排骨
7507,水波蛋|米饭|葱油扇贝|青椒藕片|鸡米花
7508,油豆腐烧肉|米饭|茭白肉丝小炒
7509,土豆丝/包菜油付|培红菜蘑菇毛豆肉丝|春卷|木耳娃娃菜|油豆腐烧肉|米饭
751,大排/春卷|小黄鱼|清炒南瓜/豆芽|米饭|酸辣土豆丝
7510,土豆丝/包菜油付|扎肉|春卷|木耳娃娃菜|米饭|花椒排骨|葱油鸡
7511,土豆丝/包菜油付|水波蛋|盐水虾|葱油鸡|青椒藕片
7512,春卷|木耳娃娃菜|米饭|花椒排骨
7513,米饭
7514,土豆丝/包菜油付|水波蛋|油豆腐烧肉|米饭|茭白肉丝小炒|葱油鸡|青椒藕片
7515,春卷|米饭|花菜|葱油鸡
7516,土豆丝/包菜油付|春卷|水波蛋|米饭|茭白肉丝小炒|青椒藕片|青韭南瓜丝|鸡米花
7517,土豆丝/包菜油付|培红菜蘑菇毛豆肉丝|扎肉|春卷|木耳娃娃菜|盐水虾|米饭
7518,土豆丝/包菜油付|米饭|花椒排骨|茭白肉丝小炒|葱油鸡|鸡米花
7519,土豆丝/包菜油付|春卷|米饭|茭白肉丝小炒|鸡米花
752,千叶豆腐肉丝|卤肉|酸辣土豆丝|酸辣藕丝/木耳莴笋|香酥鸭肉/椒盐虾
7520,春卷|木耳娃娃菜|油豆腐烧肉|米饭|花椒排骨|葱油鸡
7521,土豆丝/包菜油付|木耳娃娃菜|盐水虾|米饭|鸡米花
7522,土豆丝/包菜油付|盐水虾|米饭|花菜|葱油鸡|青韭南瓜丝
7523,土豆丝/包菜油付|米饭
7524,土豆丝/包菜油付|水波蛋|米饭|花椒排骨|茭白肉丝小炒|葱油鸡|青椒水面筋|鸡米花
7525,扎肉|米饭|茭白肉丝小炒|葱油鸡|青椒水面筋|青椒藕片
7526,土豆丝/包菜油付|扎肉|米饭|茭白肉丝小炒|葱油鸡|青椒水面筋
7527,土豆丝/包菜油付|扎肉|木耳娃娃菜|米饭
7528,土豆丝/包菜油付|花椒排骨
7529,土豆丝/包菜油付|春卷|木耳娃娃菜|米饭|花菜|葱油鸡|青韭南瓜丝
753,千叶豆腐肉丝|卤肉|小炒|米饭|虎皮尖椒/西葫芦炒蛋|香酥鸭肉/椒盐虾
7530,土豆丝/包菜油付|春卷|木耳娃娃菜|米饭|花椒排骨|花菜|葱油鸡|青韭南瓜丝
7531,米饭|茭白肉丝小炒|葱油鸡|青椒水面筋
7532,土豆丝/包菜油付|培红菜蘑菇毛豆肉丝|春卷|木耳娃娃菜|米饭|青韭南瓜丝
7533,土豆丝/包菜油付|油豆腐烧肉|米饭|花椒排骨|茭白肉丝小炒|葱油鸡|青椒水面筋|青椒藕片
7534,土豆丝/包菜油付|米饭|花椒排骨|花菜
7535,土豆丝/包菜油付|培红菜蘑菇毛豆肉丝|米饭|青韭南瓜丝
7536,土豆丝/包菜油付|水波蛋|油豆腐烧肉|盐水虾|米饭|花椒排骨|青椒藕片|鸡米花
7537,土豆丝/包菜油付|培红菜蘑菇毛豆肉丝|春卷|木耳娃娃菜|米饭|花菜
7538,木耳娃娃菜|油豆腐烧肉|米饭|茭白肉丝小炒
7539,土豆丝/包菜油付|培红菜蘑菇毛豆肉丝|扎肉|春卷|米饭|茭白肉丝小炒|青椒水面筋|青椒藕片
754,大排/春卷|小炒|米饭|虎皮尖椒/西葫芦炒蛋|香酥鸭肉/椒盐虾
7540,春卷|花椒排骨|花菜|葱油鸡|青韭南瓜丝
7541,土豆丝/包菜油付|米饭|葱油鸡|鸡米花
7542,土豆丝/包菜油付|油豆腐烧肉|米饭|茭白肉丝小炒|葱油扇贝|青椒藕片|鸡米花
7543,土豆丝/包菜油付|茭白肉丝小炒|葱油扇贝|葱油鸡|青椒水面筋|鸡米花
7544,土豆丝/包菜油付|米饭|茭白肉丝小炒|葱油鸡|青椒藕片
7545,培红菜蘑菇毛豆肉丝|米饭|茭白肉丝小炒|葱油扇贝|葱油鸡|青椒藕片
7546,土豆丝/包菜油付|米饭|鸡米花
7547,土豆丝/包菜油付|扎肉|盐水虾|米饭|茭白肉丝小炒
7548,培红菜蘑菇毛豆肉丝|米饭|葱油扇贝|葱油鸡|青椒藕片
7549,木耳娃娃菜|花椒排骨|葱油鸡|青椒藕片
755,千叶豆腐肉丝|卤肉|大排/春卷|小炒|小黄鱼|清炒南瓜/豆芽|米饭|虎皮尖椒/西葫芦炒蛋|酸辣土豆丝|酸辣藕丝/木耳莴笋|香酥鸭肉/椒盐虾
7550,土豆丝/包菜油付|培红菜蘑菇毛豆肉丝|油豆腐烧肉|盐水虾|米饭|花椒排骨|茭白肉丝小炒|青椒水面筋|鸡米花
7551,木耳娃娃菜|米饭|葱油鸡|青韭南瓜丝
7552,土豆丝/包菜油付|培红菜蘑菇毛豆肉丝|米饭|茭白肉丝小炒|葱油鸡
7553,春卷|米饭|茭白肉丝小炒|葱油扇贝|葱油鸡|青椒水面筋|青韭南瓜丝
7554,扎肉|木耳娃娃菜|米饭|茭白肉丝小炒|葱油鸡|青椒水面筋
7555,扎肉|春卷|米饭|茭白肉丝小炒|青韭南瓜丝
7556,扎肉|木耳娃娃菜|米饭|花椒排骨|葱油扇贝|葱油鸡|青椒水面筋
7557,春卷|米饭|葱油扇贝
7558,土豆丝/包菜油付|油豆腐烧肉|盐水虾|米饭|青椒藕片
7559,土豆丝/包菜油付|米饭|葱油鸡|青椒藕片
756,大排/春卷|小炒|米饭|酸辣土豆丝|香酥鸭肉/椒盐虾
7560,米饭|葱油扇贝|葱油鸡|青椒水面筋|鸡米花
7561,土豆丝/包菜油付|木耳娃娃菜|米饭|青韭南瓜丝
7562,土豆丝/包菜油付|培红菜蘑菇毛豆肉丝|扎肉|米饭|茭白肉丝小炒|葱油鸡|青椒水面筋
7563,土豆丝/包菜油付|米饭|青椒藕片
7564,培红菜蘑菇毛豆肉丝|春卷|木耳娃娃菜|米饭|花菜|葱油鸡
7565,培红菜蘑菇毛豆肉丝|米饭|花菜
7566,土豆丝/包菜油付|米饭|青椒藕片|鸡米花
7567,土豆丝/包菜油付|培红菜蘑菇毛豆肉丝|春卷|油豆腐烧肉|米饭|花椒排骨|花菜|茭白肉丝小炒|青韭南瓜丝|鸡米花
7568,土豆丝/包菜油付|米饭|茭白肉丝小炒|葱油鸡
7569,土豆丝/包菜油付|培红菜蘑菇毛豆肉丝|木耳娃娃菜|米饭|花菜|葱油鸡|青椒水面筋
757,大排/春卷|小炒|小黄鱼|米饭|酸辣藕丝/木耳莴笋|香酥鸭肉/椒盐虾
7570,土豆丝/包菜油付|米饭
7571,土豆丝/包菜油付|春卷|油豆腐烧肉|米饭|花椒排骨|花菜|茭白肉丝小炒|青椒藕片|鸡米花
7572,培红菜蘑菇毛豆肉丝|米饭|花椒排骨|茭白肉丝小炒|葱油鸡|青椒水面筋|青椒藕片
7573,土豆丝/包菜油付|培红菜蘑菇毛豆肉丝|水波蛋|米饭|花菜|茭白肉丝小炒|葱油扇贝|葱油鸡|青韭南瓜丝|鸡米花
7574,土豆丝/包菜油付|扎肉|春卷|米饭|葱油鸡
7575,土豆丝/包菜油付|米饭|花椒排骨|花菜|葱油鸡|青椒藕片
7576,土豆丝/包菜油付|培红菜蘑菇毛豆肉丝|扎肉|春卷|米饭|花椒排骨|花菜
7577,土豆丝/包菜油付|米饭|花菜
7578,土豆丝/包菜油付|米饭|花椒排骨|花菜|青椒藕片
7579,培红菜蘑菇毛豆肉丝|米饭|花椒排骨|葱油鸡|青韭南瓜丝
758,大排/春卷|小黄鱼|米饭|虎皮尖椒/西葫芦炒蛋|酸辣土豆丝|酸辣藕丝/木耳莴笋
7580,扎肉|米饭|花菜|青韭南瓜丝
7581,土豆丝/包菜油付|米饭|茭白肉丝小炒|葱油鸡|青椒藕片
7582,春卷|木耳娃娃菜|米饭|青韭南瓜丝
7583,土豆丝/包菜油付|春卷|木耳娃娃菜|米饭|芹菜香干|青椒藕片
7584,土豆丝/包菜油付|大排|木耳娃娃菜|米饭|花菜
7585,土豆丝/包菜油付|油豆腐烧肉|米饭|花菜|葱油鸡|青椒水面筋|鸡米花
7586,土豆丝/包菜油付|培红菜蘑菇毛豆肉丝|大排|春卷|木耳娃娃菜|米饭|青韭南瓜丝
7587,米饭|花菜|茭白肉丝小炒|葱油鸡
7588,土豆丝/包菜油付|米饭|花菜|茭白肉丝小炒
7589,土豆丝/包菜油付|培红菜蘑菇毛豆肉丝|油豆腐烧肉|米饭|花椒排骨|葱油扇贝
759,千叶豆腐肉丝|小炒|清炒南瓜/豆芽|米饭|酸辣土豆丝|香酥鸭肉/椒盐虾
7590,土豆丝/包菜油付|培红菜蘑菇毛豆肉丝|春卷|米饭|青椒水面筋
7591,土豆丝/包菜油付|木耳娃娃菜|油豆腐烧肉|米饭|茭白肉丝小炒|葱油鸡|青韭南瓜丝
7592,大排|春卷|木耳娃娃菜|油豆腐烧肉|盐水虾|米饭|芹菜香干
7593,土豆丝/包菜油付|春卷|米饭|芹菜香干|葱油扇贝|青椒水面筋
7594,土豆丝/包菜油付|春卷|米饭|花椒排骨|花菜|芹菜香干|青椒水面筋|青韭南瓜丝
7595,米饭|芹菜香干|葱油鸡|青韭南瓜丝
7596,培红菜蘑菇毛豆肉丝|大排|米饭|芹菜香干
7597,土豆丝/包菜油付|培红菜蘑菇毛豆肉丝|大排|米饭|芹菜香干|青韭南瓜丝
7598,土豆丝/包菜油付|米饭|芹菜香干
7599,培红菜蘑菇毛豆肉丝|大排|米饭|芹菜香干|葱油扇贝|葱油鸡
760,卤肉|小炒|清炒南瓜/豆芽|米饭|虎皮尖椒/西葫芦炒蛋|酸辣藕丝/木耳莴笋|香酥鸭肉/椒盐虾
7600,大排|米饭|花菜|葱油扇贝
7601,培红菜蘑菇毛豆肉丝|大排|油豆腐烧肉|米饭|芹菜香干|青椒藕片|鸡米花
7602,土豆丝/包菜油付|春卷|米饭|花菜
7603,培红菜蘑菇毛豆肉丝|大排|米饭|芹菜香干|葱油鸡|青椒藕片|鸡米花
7604,土豆丝/包菜油付|大排|米饭
7605,大排|春卷|木耳娃娃菜|花菜
7606,土豆丝/包菜油付|扎肉|米饭|芹菜香干
7607,扎肉
7608,土豆丝/包菜油付|春卷|花椒排骨|花菜|茭白肉丝小炒
7609,春卷|米饭|花椒排骨|芹菜香干|青椒藕片|鸡米花
761,卤肉|大排/春卷|虎皮尖椒/西葫芦炒蛋|酸辣藕丝/木耳莴笋|香酥鸭肉/椒盐虾
7610,大排|春卷|米饭|芹菜香干
7611,土豆丝/包菜油付|春卷|油豆腐烧肉|米饭|芹菜香干|茭白肉丝小炒|葱油鸡|鸡米花
7612,土豆丝/包菜油付|培红菜蘑菇毛豆肉丝|扎肉|油豆腐烧肉|米饭|葱油鸡|青韭南瓜丝
7613,土豆丝/包菜油付|大排|春卷|米饭|芹菜香干|鸡米花
7614,土豆丝/包菜油付|大排|米饭|花椒排骨|芹菜香干|葱油鸡
7615,土豆丝/包菜油付|油豆腐烧肉|米饭|芹菜香干|青椒藕片
7616,大排|米饭|芹菜香干|青椒藕片|青韭南瓜丝
7617,大排
7618,土豆丝/包菜油付|米饭|花菜|茭白肉丝小炒|葱油鸡|青椒水面筋|青椒藕片
7619,培红菜蘑菇毛豆肉丝|米饭|芹菜香干|茭白肉丝小炒|青椒水面筋|青椒藕片
762,大排/春卷|清炒南瓜/豆芽|米饭|虎皮尖椒/西葫芦炒蛋|酸辣藕丝/木耳莴笋
7620,土豆丝/包菜油付|油豆腐烧肉|米饭|花椒排骨|芹菜香干|青椒藕片|青韭南瓜丝
7621,扎肉|盐水虾|米饭|花菜|茭白肉丝小炒|葱油鸡|青椒藕片|青韭南瓜丝|鸡米花
7622,大排|木耳娃娃菜|米饭|花菜|芹菜香干|葱油鸡|青韭南瓜丝
7623,培红菜蘑菇毛豆肉丝|油豆腐烧肉|米饭|花菜|葱油鸡|青椒水面筋|鸡米花
7624,培红菜蘑菇毛豆肉丝|大排|春卷|米饭|芹菜香干
7625,土豆丝/包菜油付|大排|油豆腐烧肉|米饭|青韭南瓜丝
7626,土豆丝/包菜油付|扎肉|春卷|米饭|青韭南瓜丝
7627,培红菜蘑菇毛豆肉丝|米饭|花椒排骨|花菜|芹菜香干|茭白肉丝小炒|青椒藕片
7628,大排|米饭|花菜|芹菜香干|茭白肉丝小炒|鸡米花
7629,土豆丝/包菜油付|培红菜蘑菇毛豆肉丝|扎肉
763,小黄鱼|清炒南瓜/豆芽|米饭|虎皮尖椒/西葫芦炒蛋|酸辣土豆丝|酸辣藕丝/木耳莴笋|香酥鸭肉/椒盐虾
7630,培红菜蘑菇毛豆肉丝|大排|春卷|米饭|芹菜香干
7631,土豆丝/包菜油付|大排|米饭|花菜|芹菜香干|茭白肉丝小炒|青椒藕片
7632,米饭|花菜|葱油扇贝|葱油鸡
7633,土豆丝/包菜油付|油豆腐烧肉|米饭|花椒排骨|花菜|青椒水面筋|鸡米花
7634,土豆丝/包菜油付|油豆腐烧肉|米饭|花椒排骨|花菜|葱油鸡|青椒水面筋|鸡米花
7635,油豆腐烧肉|米饭|花椒排骨|茭白肉丝小炒
7636,培红菜蘑菇毛豆肉丝|米饭|青韭南瓜丝
7637,培红菜蘑菇毛豆肉丝|扎肉|米饭|芹菜香干
7638,土豆丝/包菜油付|培红菜蘑菇毛豆肉丝|油豆腐烧肉|米饭|花菜|茭白肉丝小炒|青椒藕片
7639,米饭|花椒排骨|花菜
764,卤肉|清炒南瓜/豆芽|米饭|虎皮尖椒/西葫芦炒蛋|酸辣土豆丝|酸辣藕丝/木耳莴笋|香酥鸭肉/椒盐虾
7640,培红菜蘑菇毛豆肉丝|扎肉|春卷|木耳娃娃菜|米饭|芹菜香干|茭白肉丝小炒|青韭南瓜丝
7641,扎肉|春卷|木耳娃娃菜|米饭|芹菜香干|青韭南瓜丝
7642,土豆丝/包菜油付|大排|米饭|花菜|葱油鸡
7643,扎肉|米饭|芹菜香干|青韭南瓜丝
7644,培红菜蘑菇毛豆肉丝|扎肉|米饭|花椒排骨|茭白肉丝小炒|青韭南瓜丝
7645,土豆丝/包菜油付|扎肉|米饭|青椒水面筋
7646,米饭|花菜|葱油扇贝|鸡米花
7647,大排|扎肉|木耳娃娃菜|米饭|花椒排骨|芹菜香干|青韭南瓜丝
7648,土豆丝/包菜油付|大排|米饭|葱油扇贝|青韭南瓜丝
7649,米饭|芹菜香干|葱油鸡|青椒藕片
765,米饭|虎皮尖椒/西葫芦炒蛋|酸辣土豆丝
7650,土豆丝/包菜油付|扎肉|米饭|芹菜香干|青韭南瓜丝
7651,培红菜蘑菇毛豆肉丝|大排|春卷|木耳娃娃菜|芹菜香干|青韭南瓜丝
7652,土豆丝/包菜油付|油豆腐烧肉|米饭|花菜|青椒藕片
7653,培红菜蘑菇毛豆肉丝|米饭|青椒水面筋|青椒藕片|青韭南瓜丝
7654,土豆丝/包菜油付|米饭|茭白肉丝小炒|葱油鸡|青椒藕片
7655,大排|油豆腐烧肉|米饭|葱油鸡|青韭南瓜丝|鸡米花
7656,土豆丝/包菜油付|米饭|葱油鸡|青韭南瓜丝
7657,大排|米饭|芹菜香干
7658,培红菜蘑菇毛豆肉丝|大排|油豆腐烧肉|花菜
7659,土豆丝/包菜油付|大排|米饭|青椒藕片
766,大排/春卷|米饭|酸辣藕丝/木耳莴笋|香酥鸭肉/椒盐虾
7660,大排|米饭|花菜|青韭南瓜丝
7661,培红菜蘑菇毛豆肉丝|米饭|葱油鸡|青韭南瓜丝
7662,土豆丝/包菜油付|花椒排骨|青椒水面筋|青椒藕片
7663,米饭|花菜|青椒水面筋
7664,土豆丝/包菜油付|培红菜蘑菇毛豆肉丝|扎肉|油豆腐烧肉|米饭
7665,扎肉|油豆腐烧肉|葱油鸡|青韭南瓜丝
7666,大排|木耳娃娃菜|芹菜香干|葱油鸡
7667,大排|米饭|葱油鸡|青韭南瓜丝
7668,大排|米饭|花椒排骨|花菜
7669,油豆腐烧肉|米饭|花椒排骨|葱油鸡|青椒藕片
767,卤肉|米饭|虎皮尖椒/西葫芦炒蛋|酸辣土豆丝|香酥鸭肉/椒盐虾
7670,土豆丝/包菜油付|米饭|花菜|青椒水面筋|青椒藕片|青韭南瓜丝|鸡米花
7671,培红菜蘑菇毛豆肉丝|木耳娃娃菜|米饭|花椒排骨
7672,土豆丝/包菜油付|油豆腐烧肉|米饭|葱油鸡|青椒藕片
7673,土豆丝/包菜油付|大排|米饭
7674,培红菜蘑菇毛豆肉丝|扎肉|米饭|青韭南瓜丝
7675,大排|油豆腐烧肉|米饭|茭白肉丝小炒
7676,土豆丝/包菜油付|油豆腐烧肉|米饭|青椒藕片|鸡米花
7677,培红菜蘑菇毛豆肉丝|米饭|葱油鸡|青椒水面筋|鸡米花
7678,木耳娃娃菜|油豆腐烧肉|米饭|芹菜香干|茭白肉丝小炒|葱油鸡|青椒水面筋
7679,米饭|葱油鸡|青椒藕片
768,大排/春卷|小黄鱼|清炒南瓜/豆芽|米饭
7680,油豆腐烧肉|米饭|葱油扇贝|青椒水面筋|青椒藕片
7681,米饭|葱油鸡|青韭南瓜丝
7682,木耳娃娃菜|米饭|青韭南瓜丝
7683,米饭|花椒排骨|芹菜香干|茭白肉丝小炒|葱油鸡
7684,油豆腐烧肉|米饭|花菜|葱油鸡|青椒水面筋|青椒藕片
7685,土豆丝/包菜油付|米饭|茭白肉丝小炒|葱油扇贝|葱油鸡|青椒藕片
7686,米饭|花椒排骨|葱油扇贝|葱油鸡|青椒水面筋|鸡米花
7687,米饭|花椒排骨|茭白肉丝小炒|葱油鸡|青椒藕片
7688,花椒排骨|茭白肉丝小炒|葱油鸡|青椒水面筋
7689,土豆丝/包菜油付|米饭|花椒排骨|茭白肉丝小炒|葱油鸡|青椒水面筋|青韭南瓜丝
769,千叶豆腐肉丝|大排/春卷|米饭|虎皮尖椒/西葫芦炒蛋
7690,米饭|花椒排骨|茭白肉丝小炒|青韭南瓜丝
7691,扎肉|米饭|青韭南瓜丝
7692,扎肉|油豆腐烧肉|米饭|茭白肉丝小炒|葱油扇贝|青椒水面筋|青韭南瓜丝
7693,扎肉|油豆腐烧肉|米饭|茭白肉丝小炒|青椒藕片|青韭南瓜丝
7694,土豆丝/包菜油付|米饭|花椒排骨|茭白肉丝小炒|葱油扇贝
7695,油豆腐烧肉|米饭|花椒排骨|茭白肉丝小炒|青椒水面筋
7696,米饭|花椒排骨|茭白肉丝小炒|葱油鸡|青椒水面筋|青椒藕片
7697,米饭|葱油鸡|青椒藕片|青韭南瓜丝
7698,油豆腐烧肉|米饭|雪菜毛豆/萝卜干炒蛋|青椒水面筋|青韭南瓜丝
7699,米饭|葱油鸡|雪菜毛豆/萝卜干炒蛋|青椒藕片
770,千叶豆腐肉丝|卤肉|大排/春卷|小炒|米饭|香酥鸭肉/椒盐虾
7700,油豆腐烧肉|米饭|花椒排骨|雪菜毛豆/萝卜干炒蛋|青椒藕片|青韭南瓜丝
7701,油豆腐烧肉|米饭|茭白肉丝小炒|雪菜毛豆/萝卜干炒蛋|青椒藕片|青韭南瓜丝
7702,茭白肉丝小炒|葱油扇贝|葱油鸡
7703,米饭|花椒排骨|茭白肉丝小炒|雪菜毛豆/萝卜干炒蛋|青椒藕片
7704,油豆腐烧肉|米饭|茭白肉丝小炒|青椒藕片
7705,米饭|青椒藕片|青韭南瓜丝
7706,米饭|茭白肉丝小炒|葱油鸡|青椒水面筋|青椒藕片
7707,米饭|茭白肉丝小炒|葱油鸡|青韭南瓜丝
7708,扎肉|油豆腐烧肉|米饭|花椒排骨|茭白肉丝小炒|雪菜毛豆/萝卜干炒蛋
7709,米饭|茭白肉丝小炒|雪菜毛豆/萝卜干炒蛋|青韭南瓜丝
771,大排/春卷|清炒南瓜/豆芽|米饭|虎皮尖椒/西葫芦炒蛋|酸辣藕丝/木耳莴笋|香酥鸭肉/椒盐虾
7710,油豆腐烧肉|米饭|花椒排骨|茭白肉丝小炒|雪菜毛豆/萝卜干炒蛋|青椒藕片
7711,扎肉|米饭|茭白肉丝小炒|雪菜毛豆/萝卜干炒蛋
7712,家常豆腐|盐水虾|酱鸭|长江豆肉丝
7713,宫保鸡丁|米饭|西葫芦炒鸡蛋/肉末茄|雪菜毛豆/萝卜干炒蛋
7714,豆芽/青菜|雪菜山药
7715,米饭|红烧带鱼|西葫芦炒鸡蛋/肉末茄|豆芽/青菜|酱鸭
7716,红烧带鱼|葱油芋头/红烧萝卜|酱鸭
7717,宫保鸡丁|米饭|红烧带鱼|西葫芦炒鸡蛋/肉末茄|鸟蛋烧肉
7718,米饭|西葫芦炒鸡蛋/肉末茄|鸟蛋烧肉
7719,宫保鸡丁|家常豆腐|米饭|红烧带鱼|豆芽/青菜|鸟蛋烧肉
772,千叶豆腐肉丝|米饭|虎皮尖椒/西葫芦炒蛋|酸辣藕丝/木耳莴笋
7720,盐水虾|米饭|莴苣|长江豆肉丝
7721,宫保鸡丁|家常豆腐|盐水虾|米饭|红烧带鱼|莴苣|豆芽/青菜|酱鸭|雪菜山药
7722,付皮包|米饭|豆芽/青菜|酱鸭|鸟蛋烧肉
7723,付皮包|家常豆腐|米饭|西葫芦炒鸡蛋/肉末茄|豆芽/青菜|酱鸭|鸟蛋烧肉
7724,米饭|红烧带鱼|莴苣|葱油芋头/红烧萝卜
7725,米饭|葱油芋头/红烧萝卜|西葫芦炒鸡蛋/肉末茄|长江豆肉丝|鸟蛋烧肉
7726,宫保鸡丁|家常豆腐|米饭|葱油芋头/红烧萝卜|西葫芦炒鸡蛋/肉末茄|酱鸭
7727,家常豆腐|米饭|莴苣|葱油芋头/红烧萝卜|豆芽/青菜|长江豆肉丝
7728,家常豆腐|盐水虾|米饭|葱油芋头/红烧萝卜|西葫芦炒鸡蛋/肉末茄|豆芽/青菜|酱鸭
7729,宫保鸡丁|米饭|葱油芋头/红烧萝卜|豆芽/青菜|鸟蛋烧肉
773,卤肉|小炒|清炒南瓜/豆芽|虎皮尖椒/西葫芦炒蛋|酸辣土豆丝
7730,大排|宫保鸡丁|家常豆腐|米饭|西葫芦炒鸡蛋/肉末茄
7731,家常豆腐|盐水虾|米饭|西葫芦炒鸡蛋/肉末茄|鸟蛋烧肉
7732,大排|葱油芋头/红烧萝卜|西葫芦炒鸡蛋/肉末茄|酱鸭
7733,付皮包|米饭|红烧带鱼|莴苣|葱油芋头/红烧萝卜|西葫芦炒鸡蛋/肉末茄|雪菜山药
7734,家常豆腐|米饭|西葫芦炒鸡蛋/肉末茄|豆芽/青菜|长江豆肉丝|鸟蛋烧肉
7735,盐水虾|米饭|西葫芦炒鸡蛋/肉末茄|酱鸭
7736,付皮包|盐水虾|米饭|葱油芋头/红烧萝卜|豆芽/青菜
7737,付皮包|家常豆腐|盐水虾|米饭|豆芽/青菜|酱鸭|雪菜山药
7738,宫保鸡丁|米饭|葱油芋头/红烧萝卜|豆芽/青菜
7739,米饭|西葫芦炒鸡蛋/肉末茄|豆芽/青菜|酱鸭|雪菜山药
774,小炒|清炒南瓜/豆芽|米饭|酸辣土豆丝|香酥鸭肉/椒盐虾
7740,家常豆腐|米饭|西葫芦炒鸡蛋/肉末茄|豆芽/青菜|鸟蛋烧肉
7741,家常豆腐|米饭|红烧带鱼|西葫芦炒鸡蛋/肉末茄|长江豆肉丝
7742,西葫芦炒鸡蛋/肉末茄|豆芽/青菜|酱鸭|长江豆肉丝
7743,家常豆腐|米饭|葱油芋头/红烧萝卜|西葫芦炒鸡蛋/肉末茄|豆芽/青菜|鸟蛋烧肉
7744,盐水虾|米饭|莴苣|葱油芋头/红烧萝卜|酱鸭|鸟蛋烧肉
7745,宫保鸡丁|家常豆腐|盐水虾|米饭|莴苣|西葫芦炒鸡蛋/肉末茄|酱鸭|鸟蛋烧肉
7746,付皮包|盐水虾|米饭|葱油芋头/红烧萝卜|豆芽/青菜|酱鸭|长江豆肉丝|鸟蛋烧肉
7747,大排|宫保鸡丁|家常豆腐|米饭|葱油芋头/红烧萝卜|西葫芦炒鸡蛋/肉末茄|豆芽/青菜|酱鸭|鸟蛋烧肉
7748,付皮包|大排|宫保鸡丁|米饭|葱油芋头/红烧萝卜|西葫芦炒鸡蛋/肉末茄|长江豆肉丝|鸟蛋烧肉
7749,大排|宫保鸡丁|家常豆腐|盐水虾|米饭|红烧带鱼|莴苣|西葫芦炒鸡蛋/肉末茄|豆芽/青菜
775,大排/春卷|小炒|米饭|酸辣土豆丝|酸辣藕丝/木耳莴笋
7750,家常豆腐|米饭|西葫芦炒鸡蛋/肉末茄|豆芽/青菜|酱鸭
7751,盐水虾|米饭|豆芽/青菜
7752,大排|宫保鸡丁|家常豆腐|米饭|红烧带鱼|莴苣|西葫芦炒鸡蛋/肉末茄|豆芽/青菜|鸟蛋烧肉
7753,米饭|葱油芋头/红烧萝卜|豆芽/青菜
7754,付皮包|盐水虾|米饭|西葫芦炒鸡蛋/肉末茄|雪菜山药|鸟蛋烧肉
7755,大排|米饭|红烧带鱼|莴苣|葱油芋头/红烧萝卜|西葫芦炒鸡蛋/肉末茄|豆芽/青菜
7756,大排|米饭|莴苣|葱油芋头/红烧萝卜|西葫芦炒鸡蛋/肉末茄
7757,家常豆腐|米饭|红烧带鱼|西葫芦炒鸡蛋/肉末茄
7758,大排|宫保鸡丁|米饭|葱油芋头/红烧萝卜|豆芽/青菜
7759,盐水虾|米饭|长江豆肉丝
776,大排/春卷|小炒|米饭|酸辣土豆丝
7760,付皮包|盐水虾|米饭|葱油芋头/红烧萝卜|豆芽/青菜
7761,付皮包|米饭|西葫芦炒鸡蛋/肉末茄|酱鸭
7762,米饭|莴苣|葱油芋头/红烧萝卜
7763,宫保鸡丁|米饭|莴苣|葱油芋头/红烧萝卜|酱鸭
7764,家常豆腐|米饭|豆芽/青菜|长江豆肉丝|鸟蛋烧肉
7765,家常豆腐|米饭|长江豆肉丝
7766,付皮包|米饭|葱油芋头/红烧萝卜|鸟蛋烧肉
7767,付皮包|宫保鸡丁|家常豆腐|盐水虾|米饭|豆芽/青菜|酱鸭
7768,家常豆腐|米饭|红烧带鱼|莴苣|葱油芋头/红烧萝卜|西葫芦炒鸡蛋/肉末茄|豆芽/青菜|鸟蛋烧肉
7769,付皮包|西葫芦炒鸡蛋/肉末茄|豆芽/青菜|酱鸭
777,千叶豆腐肉丝|卤肉|大排/春卷|小炒|米饭
7770,大排|宫保鸡丁|米饭
7771,家常豆腐|米饭|葱油芋头/红烧萝卜|西葫芦炒鸡蛋/肉末茄|豆芽/青菜
7772,盐水虾|米饭|葱油芋头/红烧萝卜|豆芽/青菜|酱鸭|长江豆肉丝
7773,家常豆腐|盐水虾|米饭|西葫芦炒鸡蛋/肉末茄|雪菜山药
7774,大排|米饭|红烧带鱼|莴苣|西葫芦炒鸡蛋/肉末茄|豆芽/青菜
7775,付皮包|米饭|葱油芋头/红烧萝卜|鸟蛋烧肉
7776,米饭|豆芽/青菜|长江豆肉丝|雪菜山药|鸟蛋烧肉
7777,宫保鸡丁|家常豆腐|盐水虾|米饭|葱油芋头/红烧萝卜|西葫芦炒鸡蛋/肉末茄|鸟蛋烧肉
7778,米饭|红烧带鱼|葱油芋头/红烧萝卜|西葫芦炒鸡蛋/肉末茄|豆芽/青菜|酱鸭|鸟蛋烧肉
7779,米饭|豆芽/青菜|雪菜山药
778,千叶豆腐肉丝|大排/春卷|米饭|虎皮尖椒/西葫芦炒蛋|酸辣土豆丝|酸辣藕丝/木耳莴笋
7780,大排|米饭|莴苣|西葫芦炒鸡蛋/肉末茄|豆芽/青菜
7781,米饭|豆芽/青菜|雪菜山药
7782,盐水虾|米饭|葱油芋头/红烧萝卜|西葫芦炒鸡蛋/肉末茄|豆芽/青菜|雪菜山药|鸟蛋烧肉
7783,米饭|莴苣|西葫芦炒鸡蛋/肉末茄|豆芽/青菜|酱鸭
7784,米饭|莴苣|葱油芋头/红烧萝卜|西葫芦炒鸡蛋/肉末茄
7785,家常豆腐|盐水虾|米饭|西葫芦炒鸡蛋/肉末茄|豆芽/青菜|酱鸭|长江豆肉丝|雪菜山药
7786,付皮包|米饭|葱油芋头/红烧萝卜|酱鸭
7787,米饭|西葫芦炒鸡蛋/肉末茄|豆芽/青菜|雪菜山药|鸟蛋烧肉
7788,付皮包|宫保鸡丁|米饭|西葫芦炒鸡蛋/肉末茄|鸟蛋烧肉
7789,米饭|西葫芦炒鸡蛋/肉末茄|豆芽/青菜|长江豆肉丝
779,小黄鱼|清炒南瓜/豆芽|米饭|酸辣藕丝/木耳莴笋|香酥鸭肉/椒盐虾
7790,米饭|葱油芋头/红烧萝卜
7791,付皮包|家常豆腐|盐水虾|米饭|西葫芦炒鸡蛋/肉末茄|酱鸭
7792,宫保鸡丁|米饭|莴苣|葱油芋头/红烧萝卜|西葫芦炒鸡蛋/肉末茄|豆芽/青菜|酱鸭|雪菜山药
7793,大排|米饭|西葫芦炒鸡蛋/肉末茄
7794,盐水虾|米饭|红烧带鱼|西葫芦炒鸡蛋/肉末茄|豆芽/青菜
7795,付皮包|大排|家常豆腐|盐水虾|米饭|葱油芋头/红烧萝卜|酱鸭|鸟蛋烧肉
7796,大排|米饭|葱油芋头/红烧萝卜|西葫芦炒鸡蛋/肉末茄|豆芽/青菜
7797,米饭|葱油芋头/红烧萝卜|西葫芦炒鸡蛋/肉末茄|豆芽/青菜|长江豆肉丝|鸟蛋烧肉
7798,盐水虾|米饭|红烧带鱼|葱油芋头/红烧萝卜|西葫芦炒鸡蛋/肉末茄
7799,宫保鸡丁|家常豆腐|米饭|莴苣|葱油芋头/红烧萝卜|西葫芦炒鸡蛋/肉末茄|豆芽/青菜|鸟蛋烧肉
780,千叶豆腐肉丝|卤肉|米饭|香酥鸭肉/椒盐虾
7800,大排|米饭|豆芽/青菜|长江豆肉丝
7801,宫保鸡丁|豆芽/青菜|酱鸭|长江豆肉丝
7802,家常豆腐|米饭|葱油芋头/红烧萝卜|豆芽/青菜|长江豆肉丝
7803,宫保鸡丁|家常豆腐|盐水虾|米饭|莴苣|酱鸭
7804,宫保鸡丁|家常豆腐|盐水虾|米饭|莴苣|酱鸭
7805,盐水虾|米饭|西葫芦炒鸡蛋/肉末茄|豆芽/青菜|长江豆肉丝
7806,大排|宫保鸡丁|家常豆腐|米饭|葱油芋头/红烧萝卜|西葫芦炒鸡蛋/肉末茄|鸟蛋烧肉
7807,付皮包|大排|家常豆腐|米饭|红烧带鱼|西葫芦炒鸡蛋/肉末茄|长江豆肉丝|雪菜山药
7808,盐水虾|米饭|豆芽/青菜|雪菜山药|鸟蛋烧肉
7809,付皮包|西葫芦炒鸡蛋/肉末茄|鸟蛋烧肉
781,千叶豆腐肉丝|卤肉|清炒南瓜/豆芽|米饭
7810,大排|宫保鸡丁|米饭|西葫芦炒鸡蛋/肉末茄
7811,米饭|红烧带鱼|莴苣|酱鸭
7812,家常豆腐|米饭|豆芽/青菜|酱鸭|雪菜山药|鸟蛋烧肉
7813,大排|家常豆腐|米饭|西葫芦炒鸡蛋/肉末茄|豆芽/青菜|酱鸭|雪菜山药
7814,大排|米饭|葱油芋头/红烧萝卜|长江豆肉丝
7815,家常豆腐|米饭|葱油芋头/红烧萝卜|豆芽/青菜
7816,盐水虾|米饭|葱油芋头/红烧萝卜|雪菜山药
7817,家常豆腐|盐水虾|米饭|红烧带鱼|葱油芋头/红烧萝卜|豆芽/青菜|酱鸭|长江豆肉丝|鸟蛋烧肉
7818,付皮包|家常豆腐|盐水虾|米饭|西葫芦炒鸡蛋/肉末茄|豆芽/青菜|酱鸭
7819,大排|家常豆腐|米饭|红烧带鱼|西葫芦炒鸡蛋/肉末茄|豆芽/青菜
782,大排/春卷|清炒南瓜/豆芽|米饭|酸辣藕丝/木耳莴笋
7820,盐水虾|米饭|葱油芋头/红烧萝卜|西葫芦炒鸡蛋/肉末茄|酱鸭|鸟蛋烧肉
7821,家常豆腐|米饭|西葫芦炒鸡蛋/肉末茄|豆芽/青菜|酱鸭|鸟蛋烧肉
7822,大排|米饭|豆芽/青菜|酱鸭
7823,宫保鸡丁|家常豆腐|米饭|葱油芋头/红烧萝卜|西葫芦炒鸡蛋/肉末茄|豆芽/青菜|鸟蛋烧肉
7824,大排|宫保鸡丁|米饭|莴苣|西葫芦炒鸡蛋/肉末茄|豆芽/青菜|酱鸭
7825,宫保鸡丁|米饭|莴苣|葱油芋头/红烧萝卜|酱鸭
7826,大排|家常豆腐|米饭|西葫芦炒鸡蛋/肉末茄|豆芽/青菜|长江豆肉丝
7827,大排|盐水虾|米饭|葱油芋头/红烧萝卜|西葫芦炒鸡蛋/肉末茄
7828,大排|宫保鸡丁|红烧带鱼|葱油芋头/红烧萝卜|西葫芦炒鸡蛋/肉末茄|酱鸭
7829,米饭|葱油芋头/红烧萝卜|西葫芦炒鸡蛋/肉末茄|豆芽/青菜|酱鸭
783,大排/春卷|小黄鱼|清炒南瓜/豆芽|米饭|酸辣藕丝/木耳莴笋
7830,付皮包|家常豆腐|米饭|红烧带鱼|莴苣|鸟蛋烧肉
7831,大排|家常豆腐|米饭|红烧带鱼|葱油芋头/红烧萝卜|西葫芦炒鸡蛋/肉末茄|豆芽/青菜
7832,家常豆腐|米饭|葱油芋头/红烧萝卜|西葫芦炒鸡蛋/肉末茄|豆芽/青菜|酱鸭|雪菜山药
7833,付皮包|宫保鸡丁|米饭|葱油芋头/红烧萝卜|酱鸭|雪菜山药
7834,大排|宫保鸡丁|米饭|西葫芦炒鸡蛋/肉末茄|豆芽/青菜
7835,米饭|葱油芋头/红烧萝卜|西葫芦炒鸡蛋/肉末茄|豆芽/青菜|酱鸭|长江豆肉丝|鸟蛋烧肉
7836,米饭|莴苣|葱油芋头/红烧萝卜|酱鸭
7837,米饭|红烧带鱼|莴苣|豆芽/青菜|鸟蛋烧肉
7838,盐水虾|米饭|葱油芋头/红烧萝卜|西葫芦炒鸡蛋/肉末茄|豆芽/青菜|酱鸭
7839,宫保鸡丁|家常豆腐|米饭|葱油芋头/红烧萝卜|豆芽/青菜|酱鸭|鸟蛋烧肉
784,大排/春卷|清炒南瓜/豆芽|米饭|虎皮尖椒/西葫芦炒蛋
7840,大排|宫保鸡丁|米饭|西葫芦炒鸡蛋/肉末茄|豆芽/青菜|鸟蛋烧肉
7841,大排|米饭|西葫芦炒鸡蛋/肉末茄|豆芽/青菜|酱鸭
7842,家常豆腐|盐水虾|米饭|葱油芋头/红烧萝卜|豆芽/青菜|长江豆肉丝
7843,米饭|西葫芦炒鸡蛋/肉末茄|豆芽/青菜|酱鸭|长江豆肉丝|雪菜山药|鸟蛋烧肉
7844,大排|米饭|葱油芋头/红烧萝卜|西葫芦炒鸡蛋/肉末茄|长江豆肉丝
7845,米饭|红烧带鱼|葱油芋头/红烧萝卜|豆芽/青菜|鸟蛋烧肉
7846,大排|家常豆腐|米饭|红烧带鱼|莴苣|葱油芋头/红烧萝卜|西葫芦炒鸡蛋/肉末茄|豆芽/青菜|酱鸭|鸟蛋烧肉
7847,家常豆腐|米饭|酱鸭|雪菜山药|鸟蛋烧肉
7848,大排|家常豆腐|米饭|豆芽/青菜|长江豆肉丝
7849,付皮包|米饭|西葫芦炒鸡蛋/肉末茄|豆芽/青菜|酱鸭
785,卤肉|大排/春卷|小炒|米饭
7850,付皮包|米饭|葱油芋头/红烧萝卜|豆芽/青菜|长江豆肉丝|鸟蛋烧肉
7851,米饭|葱油芋头/红烧萝卜|西葫芦炒鸡蛋/肉末茄|豆芽/青菜|酱鸭|长江豆肉丝|鸟蛋烧肉
7852,家常豆腐|盐水虾|红烧带鱼|酱鸭
7853,宫保鸡丁|米饭|红烧带鱼|莴苣|葱油芋头/红烧萝卜|西葫芦炒鸡蛋/肉末茄|鸟蛋烧肉
7854,付皮包|家常豆腐|米饭|西葫芦炒鸡蛋/肉末茄|豆芽/青菜|鸟蛋烧肉
7855,付皮包|大排|宫保鸡丁|米饭|葱油芋头/红烧萝卜|西葫芦炒鸡蛋/肉末茄|豆芽/青菜|雪菜山药
7856,付皮包|葱油芋头/红烧萝卜|豆芽/青菜|鸟蛋烧肉
7857,家常豆腐|米饭|葱油芋头/红烧萝卜|豆芽/青菜
7858,大排|米饭|西葫芦炒鸡蛋/肉末茄|豆芽/青菜
7859,付皮包|盐水虾|米饭|葱油芋头/红烧萝卜|酱鸭|长江豆肉丝
786,大排/春卷|小炒|米饭|虎皮尖椒/西葫芦炒蛋|酸辣藕丝/木耳莴笋
7860,付皮包|盐水虾|葱油芋头/红烧萝卜|豆芽/青菜|长江豆肉丝|雪菜山药
7861,付皮包|米饭|莴苣|葱油芋头/红烧萝卜|西葫芦炒鸡蛋/肉末茄|酱鸭
7862,盐水虾|米饭|红烧带鱼|莴苣|葱油芋头/红烧萝卜|西葫芦炒鸡蛋/肉末茄|酱鸭|鸟蛋烧肉
7863,米饭|西葫芦炒鸡蛋/肉末茄|豆芽/青菜|长江豆肉丝|雪菜山药|鸟蛋烧肉
7864,宫保鸡丁|家常豆腐|盐水虾|米饭|红烧带鱼|莴苣|西葫芦炒鸡蛋/肉末茄
7865,宫保鸡丁|莴苣|豆芽/青菜|鸟蛋烧肉
7866,大排|家常豆腐|葱油芋头/红烧萝卜|西葫芦炒鸡蛋/肉末茄|长江豆肉丝|鸟蛋烧肉
7867,宫保鸡丁|米饭|红烧带鱼|葱油芋头/红烧萝卜|西葫芦炒鸡蛋/肉末茄|豆芽/青菜|酱鸭|鸟蛋烧肉
7868,付皮包|盐水虾|米饭|葱油芋头/红烧萝卜|西葫芦炒鸡蛋/肉末茄|豆芽/青菜|酱鸭|长江豆肉丝
7869,家常豆腐|米饭|西葫芦炒鸡蛋/肉末茄|长江豆肉丝|鸟蛋烧肉
787,大排/春卷|小炒|米饭|酸辣土豆丝|酸辣藕丝/木耳莴笋|香酥鸭肉/椒盐虾
7870,家常豆腐|米饭|葱油芋头/红烧萝卜|西葫芦炒鸡蛋/肉末茄|豆芽/青菜
7871,宫保鸡丁|米饭|红烧带鱼|莴苣|西葫芦炒鸡蛋/肉末茄|酱鸭|鸟蛋烧肉
7872,付皮包|家常豆腐|米饭|西葫芦炒鸡蛋/肉末茄|酱鸭|长江豆肉丝|雪菜山药|鸟蛋烧肉
7873,付皮包|米饭|葱油芋头/红烧萝卜|西葫芦炒鸡蛋/肉末茄|雪菜山药
7874,大排|宫保鸡丁|家常豆腐|米饭|红烧带鱼|莴苣|葱油芋头/红烧萝卜|西葫芦炒鸡蛋/肉末茄|豆芽/青菜
7875,家常豆腐|米饭|葱油芋头/红烧萝卜|长江豆肉丝
7876,宫保鸡丁|米饭|红烧带鱼|莴苣|西葫芦炒鸡蛋/肉末茄|豆芽/青菜|鸟蛋烧肉
7877,米饭|西葫芦炒鸡蛋/肉末茄|豆芽/青菜|酱鸭|长江豆肉丝
7878,付皮包|家常豆腐|米饭|西葫芦炒鸡蛋/肉末茄|豆芽/青菜
7879,家常豆腐|米饭|西葫芦炒鸡蛋/肉末茄|豆芽/青菜|酱鸭|雪菜山药|鸟蛋烧肉
788,卤肉|大排/春卷|米饭|虎皮尖椒/西葫芦炒蛋|酸辣土豆丝|酸辣藕丝/木耳莴笋|香酥鸭肉/椒盐虾
7880,宫保鸡丁|米饭|西葫芦炒鸡蛋/肉末茄|豆芽/青菜|鸟蛋烧肉
7881,大排|米饭|红烧带鱼|西葫芦炒鸡蛋/肉末茄
7882,家常豆腐|米饭|葱油芋头/红烧萝卜|豆芽/青菜
7883,大排|宫保鸡丁|家常豆腐|米饭|豆芽/青菜
7884,大排|宫保鸡丁|家常豆腐|米饭|莴苣
7885,米饭|豆芽/青菜
7886,米饭|西葫芦炒鸡蛋/肉末茄|豆芽/青菜|长江豆肉丝|鸟蛋烧肉
7887,付皮包|米饭|西葫芦炒鸡蛋/肉末茄|豆芽/青菜
7888,付皮包|米饭|葱油芋头/红烧萝卜|西葫芦炒鸡蛋/肉末茄|豆芽/青菜|鸟蛋烧肉
7889,大排|宫保鸡丁|家常豆腐|米饭|莴苣|西葫芦炒鸡蛋/肉末茄|鸟蛋烧肉
789,大排/春卷|清炒南瓜/豆芽|米饭|虎皮尖椒/西葫芦炒蛋|香酥鸭肉/椒盐虾
7890,大排|家常豆腐|米饭|葱油芋头/红烧萝卜|豆芽/青菜|鸟蛋烧肉
7891,盐水虾|米饭|酱鸭|雪菜山药|鸟蛋烧肉
7892,付皮包|米饭|西葫芦炒鸡蛋/肉末茄|豆芽/青菜|酱鸭
7893,大排|米饭|红烧带鱼|莴苣|西葫芦炒鸡蛋/肉末茄|豆芽/青菜
7894,付皮包|米饭|西葫芦炒鸡蛋/肉末茄|豆芽/青菜|雪菜山药|鸟蛋烧肉
7895,大排|米饭|豆芽/青菜|鸟蛋烧肉
7896,米饭|西葫芦炒鸡蛋/肉末茄|豆芽/青菜|长江豆肉丝|雪菜山药|鸟蛋烧肉
7897,大排|家常豆腐|米饭|西葫芦炒鸡蛋/肉末茄
7898,大排|宫保鸡丁|家常豆腐|米饭|西葫芦炒鸡蛋/肉末茄|豆芽/青菜|鸟蛋烧肉
7899,付皮包|米饭|葱油芋头/红烧萝卜|西葫芦炒鸡蛋/肉末茄|豆芽/青菜|长江豆肉丝
790,大排/春卷|清炒南瓜/豆芽|米饭|酸辣土豆丝|酸辣藕丝/木耳莴笋
7900,大排|葱油芋头/红烧萝卜|西葫芦炒鸡蛋/肉末茄|酱鸭|长江豆肉丝
7901,大排|米饭|红烧带鱼|葱油芋头/红烧萝卜|西葫芦炒鸡蛋/肉末茄|豆芽/青菜|鸟蛋烧肉
7902,家常豆腐|米饭|莴苣|西葫芦炒鸡蛋/肉末茄|豆芽/青菜
7903,大排|家常豆腐|米饭|红烧带鱼|葱油芋头/红烧萝卜|西葫芦炒鸡蛋/肉末茄|长江豆肉丝
7904,付皮包|大排|宫保鸡丁|米饭|豆芽/青菜|酱鸭
7905,家常豆腐|米饭|红烧带鱼|西葫芦炒鸡蛋/肉末茄|鸟蛋烧肉
7906,米饭|红烧带鱼|葱油芋头/红烧萝卜|西葫芦炒鸡蛋/肉末茄|豆芽/青菜|鸟蛋烧肉
7907,付皮包|米饭|西葫芦炒鸡蛋/肉末茄|豆芽/青菜|雪菜山药|鸟蛋烧肉
7908,米饭|红烧带鱼|莴苣|葱油芋头/红烧萝卜|长江豆肉丝|雪菜山药
7909,付皮包|家常豆腐|米饭|西葫芦炒鸡蛋/肉末茄|豆芽/青菜|酱鸭|雪菜山药
791,大排/春卷|清炒南瓜/豆芽|米饭|虎皮尖椒/西葫芦炒蛋|香酥鸭肉/椒盐虾
7910,付皮包|米饭|葱油芋头/红烧萝卜|西葫芦炒鸡蛋/肉末茄|豆芽/青菜|酱鸭|长江豆肉丝|鸟蛋烧肉
7911,大排|宫保鸡丁|米饭|西葫芦炒鸡蛋/肉末茄|豆芽/青菜|酱鸭
7912,米饭|西葫芦炒鸡蛋/肉末茄|豆芽/青菜|鸟蛋烧肉
7913,大排|家常豆腐|米饭|红烧带鱼|葱油芋头/红烧萝卜|西葫芦炒鸡蛋/肉末茄
7914,米饭|葱油芋头/红烧萝卜|豆芽/青菜|酱鸭|长江豆肉丝|雪菜山药
7915,大排|宫保鸡丁|米饭|葱油芋头/红烧萝卜|西葫芦炒鸡蛋/肉末茄|豆芽/青菜
7916,宫保鸡丁|家常豆腐|米饭|红烧带鱼|葱油芋头/红烧萝卜
7917,付皮包|米饭|西葫芦炒鸡蛋/肉末茄|豆芽/青菜|长江豆肉丝|雪菜山药|鸟蛋烧肉
7918,大排|宫保鸡丁|米饭|西葫芦炒鸡蛋/肉末茄
7919,家常豆腐|米饭|西葫芦炒鸡蛋/肉末茄|豆芽/青菜|长江豆肉丝|鸟蛋烧肉
792,千叶豆腐肉丝|大排/春卷|清炒南瓜/豆芽|米饭|酸辣土豆丝|酸辣藕丝/木耳莴笋|香酥鸭肉/椒盐虾
7920,大排|宫保鸡丁|家常豆腐|米饭|红烧带鱼|西葫芦炒鸡蛋/肉末茄|豆芽/青菜|酱鸭|鸟蛋烧肉
7921,米饭|葱油芋头/红烧萝卜|豆芽/青菜|雪菜山药
7922,宫保鸡丁|米饭|红烧带鱼|莴苣|西葫芦炒鸡蛋/肉末茄|豆芽/青菜|鸟蛋烧肉
7923,大排|宫保鸡丁|米饭|莴苣|葱油芋头/红烧萝卜|西葫芦炒鸡蛋/肉末茄|豆芽/青菜|鸟蛋烧肉
7924,宫保鸡丁|家常豆腐|米饭|红烧带鱼|莴苣|葱油芋头/红烧萝卜|西葫芦炒鸡蛋/肉末茄|豆芽/青菜|雪菜山药
7925,大排|家常豆腐|米饭|西葫芦炒鸡蛋/肉末茄|豆芽/青菜|酱鸭
7926,米饭|红烧带鱼|西葫芦炒鸡蛋/肉末茄|豆芽/青菜|酱鸭|长江豆肉丝
7927,付皮包|家常豆腐|米饭|西葫芦炒鸡蛋/肉末茄|豆芽/青菜|酱鸭|长江豆肉丝|鸟蛋烧肉
7928,大排|宫保鸡丁|油麦菜|米饭|西葫芦炒鸡蛋/肉末茄|豆芽/青菜|酱鸭|鸟蛋烧肉
7929,家常豆腐|米饭|西葫芦炒鸡蛋/肉末茄|豆芽/青菜|酱鸭|长江豆肉丝|鸟蛋烧肉
793,大排/春卷|小黄鱼|清炒南瓜/豆芽|米饭|酸辣土豆丝
7930,付皮包|米饭|红烧带鱼|葱油芋头/红烧萝卜|西葫芦炒鸡蛋/肉末茄|豆芽/青菜
7931,付皮包|米饭|葱油芋头/红烧萝卜|西葫芦炒鸡蛋/肉末茄|豆芽/青菜|长江豆肉丝
7932,米饭|葱油芋头/红烧萝卜|西葫芦炒鸡蛋/肉末茄|豆芽/青菜|酱鸭|长江豆肉丝|雪菜山药|鸟蛋烧肉
7933,宫保鸡丁|油麦菜|米饭|西葫芦炒鸡蛋/肉末茄|酱鸭|鸟蛋烧肉
7934,付皮包|家常豆腐|米饭|豆芽/青菜|酱鸭
7935,付皮包|米饭|酱鸭|长江豆肉丝
7936,油麦菜|米饭|红烧带鱼|豆芽/青菜
7937,大排|宫保鸡丁|油麦菜|米饭|葱油芋头/红烧萝卜|西葫芦炒鸡蛋/肉末茄|酱鸭|长江豆肉丝|鸟蛋烧肉
7938,大排|宫保鸡丁|家常豆腐|油麦菜|米饭|酱鸭
7939,大排|家常豆腐|米饭|长江豆肉丝
794,小炒|小黄鱼|清炒南瓜/豆芽|米饭|酸辣藕丝/木耳莴笋
7940,大排|家常豆腐|油麦菜|米饭|莴苣|西葫芦炒鸡蛋/肉末茄|豆芽/青菜
7941,大排|米饭|莴苣|葱油芋头/红烧萝卜|西葫芦炒鸡蛋/肉末茄|豆芽/青菜|酱鸭
7942,大排|米饭|莴苣|西葫芦炒鸡蛋/肉末茄|酱鸭|长江豆肉丝|鸟蛋烧肉
7943,宫保鸡丁|家常豆腐|油麦菜|米饭|葱油芋头/红烧萝卜|长江豆肉丝
7944,油麦菜|米饭|红烧带鱼|莴苣|西葫芦炒鸡蛋/肉末茄|酱鸭
7945,付皮包|家常豆腐|米饭|西葫芦炒鸡蛋/肉末茄|豆芽/青菜|雪菜山药|鸟蛋烧肉
7946,大排|家常豆腐|油麦菜|米饭|莴苣|葱油芋头/红烧萝卜|西葫芦炒鸡蛋/肉末茄|雪菜山药
7947,米饭|豆芽/青菜|雪菜山药|鸟蛋烧肉
7948,油麦菜|米饭|红烧带鱼|莴苣|酱鸭
7949,付皮包|米饭|莴苣|西葫芦炒鸡蛋/肉末茄|豆芽/青菜|酱鸭
795,卤肉|大排/春卷|米饭|虎皮尖椒/西葫芦炒蛋|酸辣藕丝/木耳莴笋
7950,米饭|葱油芋头/红烧萝卜|长江豆肉丝|鸟蛋烧肉
7951,米饭|葱油芋头/红烧萝卜|豆芽/青菜|雪菜山药|鸟蛋烧肉
7952,付皮包|大排|米饭|豆芽/青菜|长江豆肉丝
7953,付皮包|油麦菜|米饭|葱油芋头/红烧萝卜|豆芽/青菜|长江豆肉丝|雪菜山药|鸟蛋烧肉
7954,大排|油麦菜|米饭|西葫芦炒鸡蛋/肉末茄
7955,付皮包|米饭|西葫芦炒鸡蛋/肉末茄|豆芽/青菜|酱鸭
7956,付皮包|米饭|酱鸭|长江豆肉丝|雪菜山药
7957,油麦菜|米饭|莴苣|长江豆肉丝|雪菜山药|鸟蛋烧肉
7958,大排|宫保鸡丁|油麦菜|米饭|茭白肉丝小炒|莴苣|西葫芦炒鸡蛋/肉末茄|豆芽/青菜
7959,大排|油麦菜|米饭|茭白肉丝小炒|莴苣|长江豆肉丝|雪菜山药
796,卤肉|小炒|米饭|酸辣土豆丝|酸辣藕丝/木耳莴笋|香酥鸭肉/椒盐虾
7960,家常豆腐|油麦菜|米饭|西葫芦炒鸡蛋/肉末茄|酱鸭|长江豆肉丝|雪菜山药|鸟蛋烧肉
7961,大排|家常豆腐|米饭|红烧带鱼|茭白肉丝小炒|莴苣|西葫芦炒鸡蛋/肉末茄|酱鸭
7962,大排|家常豆腐|油麦菜|米饭|红烧带鱼|茭白肉丝小炒|西葫芦炒鸡蛋/肉末茄|豆芽/青菜|酱鸭
7963,大排|油麦菜|米饭|茭白肉丝小炒|西葫芦炒鸡蛋/肉末茄|豆芽/青菜
7964,大排|家常豆腐|油麦菜|米饭|茭白肉丝小炒|莴苣|豆芽/青菜|酱鸭
7965,米饭|茭白肉丝小炒
7966,油麦菜|米饭|茭白肉丝小炒
7967,大排|家常豆腐|米饭|茭白肉丝小炒|西葫芦炒鸡蛋/肉末茄
7968,家常豆腐|油麦菜|米饭|雪菜山药|鸟蛋烧肉
7969,付皮包|米饭|长江豆肉丝|鸟蛋烧肉
797,卤肉|大排/春卷|小炒|米饭
7970,油麦菜|米饭|红烧带鱼|长江豆肉丝
7971,油麦菜|米饭|茭白肉丝小炒|豆芽/青菜|酱鸭
7972,油麦菜|米饭|红烧带鱼|豆芽/青菜|酱鸭
7973,大排|米饭|西葫芦炒鸡蛋/肉末茄|豆芽/青菜|酱鸭
7974,油麦菜|米饭|莴苣|西葫芦炒鸡蛋/肉末茄
7975,大排|家常豆腐|米饭|茭白肉丝小炒|豆芽/青菜|酱鸭|鸟蛋烧肉
7976,大排|油麦菜|米饭|红烧带鱼|西葫芦炒鸡蛋/肉末茄
7977,大排|家常豆腐|油麦菜|米饭|莴苣|西葫芦炒鸡蛋/肉末茄|酱鸭
7978,大排|家常豆腐|油麦菜|米饭|茭白肉丝小炒|西葫芦炒鸡蛋/肉末茄|豆芽/青菜|鸟蛋烧肉
7979,家常豆腐|油麦菜|米饭|茭白肉丝小炒|长江豆肉丝|鸟蛋烧肉
798,卤肉|米饭|虎皮尖椒/西葫芦炒蛋|酸辣藕丝/木耳莴笋
7980,大排|油麦菜|米饭|茭白肉丝小炒|豆芽/青菜
7981,大排|米饭|红烧带鱼|西葫芦炒鸡蛋/肉末茄|豆芽/青菜
7982,大排|米饭|西葫芦炒鸡蛋/肉末茄|豆芽/青菜
7983,家常豆腐|油麦菜|米饭|茭白肉丝小炒|豆芽/青菜|酱鸭
7984,家常豆腐|油麦菜|米饭|莴苣
7985,油麦菜|米饭|红烧带鱼|西葫芦炒鸡蛋/肉末茄|酱鸭
7986,家常豆腐|米饭|茭白肉丝小炒|豆芽/青菜
7987,大排|家常豆腐|油麦菜|米饭|红烧带鱼|莴苣
7988,大排|米饭|红烧带鱼|茭白肉丝小炒|莴苣|西葫芦炒鸡蛋/肉末茄|鸟蛋烧肉
7989,付皮包|家常豆腐|油麦菜|莴苣|西葫芦炒鸡蛋/肉末茄|豆芽/青菜|酱鸭
799,千叶豆腐肉丝|卤肉|大排/春卷|米饭|酸辣土豆丝|酸辣藕丝/木耳莴笋|香酥鸭肉/椒盐虾
7990,付皮包|大排|家常豆腐|米饭|西葫芦炒鸡蛋/肉末茄
7991,大排|油麦菜|米饭|茭白肉丝小炒|莴苣
7992,大排|米饭|西葫芦炒鸡蛋/肉末茄
7993,家常豆腐|油麦菜|米饭|鸟蛋烧肉
7994,大排|油麦菜|米饭|茭白肉丝小炒|莴苣|豆芽/青菜
7995,大排|米饭|莴苣|豆芽/青菜|酱鸭
7996,油麦菜|米饭|红烧带鱼|茭白肉丝小炒|豆芽/青菜|长江豆肉丝
7997,大排|油麦菜|红烧带鱼|茭白肉丝小炒
7998,家常豆腐|米饭|红烧带鱼|雪菜山药
7999,大排|家常豆腐|米饭|茭白肉丝小炒|莴苣|豆芽/青菜
800,千叶豆腐肉丝|大排/春卷|米饭|酸辣藕丝/木耳莴笋|香酥鸭肉/椒盐虾
8000,大排|油麦菜|米饭
8001,大排|油麦菜|米饭|豆芽/青菜|雪菜山药|鸟蛋烧肉
8002,大排|家常豆腐|油麦菜|米饭|莴苣|酱鸭
8003,米饭
8004,油麦菜|米饭|茭白肉丝小炒|酱鸭
8005,油麦菜|米饭
8006,米饭|茭白肉丝小炒
8007,大排|油麦菜|米饭|红烧带鱼|酱鸭
8008,米饭|茭白肉丝小炒|莴苣|酱鸭
8009,大排|油麦菜|米饭|红烧带鱼
801,大排/春卷|小炒|米饭|酸辣藕丝/木耳莴笋
8010,家常豆腐|油麦菜|米饭|红烧带鱼|茭白肉丝小炒|莴苣|豆芽/青菜|酱鸭|雪菜山药
8011,大排|油麦菜|米饭|豆芽/青菜|酱鸭|雪菜山药
8012,大排|油麦菜|米饭|茭白肉丝小炒
8013,大排|油麦菜|米饭|茭白肉丝小炒
8014,大排|家常豆腐|油麦菜|米饭
8015,大排|油麦菜|米饭|雪菜山药
8016,米饭|茭白肉丝小炒|豆芽/青菜|雪菜山药|鸟蛋烧肉
8017,培红菜蘑菇毛豆肉丝|春卷|盐水虾|胖干烧肉|葱油金针菇|蒜苗香干肉丝|酱爆猪肝
8018,春卷|白菜千张丝|米饭|鸭血豆腐
8019,白菜千张丝|盐水虾|红烧排骨|葱油金针菇
802,千叶豆腐肉丝|卤肉|大排/春卷|米饭|虎皮尖椒/西葫芦炒蛋|酸辣藕丝/木耳莴笋|香酥鸭肉/椒盐虾
8020,番茄炒蛋/红烧萝卜
8021,培红菜蘑菇毛豆肉丝|春卷|番茄炒蛋/红烧萝卜|盐水虾|米饭|红烧排骨|红烧肉|胖干烧肉|葱油鸡|酱爆猪肝|香菇鸭块|鸡米花|鸭血豆腐
8022,番茄炒蛋/红烧萝卜|盐水虾|米饭|葱油金针菇|酱爆猪肝
8023,培红菜蘑菇毛豆肉丝|番茄炒蛋/红烧萝卜|米饭|红烧排骨|胖干烧肉|葱油金针菇|酱爆猪肝|鸭血豆腐
8024,米饭|葱油金针菇|酸辣土豆丝|鸡米花|鸭血豆腐
8025,番茄炒蛋/红烧萝卜|白菜千张丝|米饭|胖干烧肉|酱爆猪肝|鸭血豆腐
8026,番茄炒蛋/红烧萝卜|米饭|红烧肉|蒜苗香干肉丝|酸辣土豆丝|香菇鸭块|鸡米花
8027,番茄炒蛋/红烧萝卜|盐水虾|米饭|胖干烧肉
8028,春卷|番茄炒蛋/红烧萝卜|盐水虾|米饭|肉末粉条|胖干烧肉|酸辣土豆丝
8029,培红菜蘑菇毛豆肉丝|米饭|葱油鸡|酸辣土豆丝|鸭血豆腐
803,大排/春卷|清炒南瓜/豆芽|米饭|香酥鸭肉/椒盐虾
8030,包菜油付|培红菜蘑菇毛豆肉丝|春卷|白菜千张丝|米饭|葱油金针菇|酸辣土豆丝
8031,春卷|番茄炒蛋/红烧萝卜|米饭|红烧肉|肉末粉条|葱油金针菇|鸡米花
8032,包菜油付|春卷|番茄炒蛋/红烧萝卜|白菜千张丝|盐水虾|米饭|红烧排骨|葱油鸡
8033,春卷|番茄炒蛋/红烧萝卜|米饭|肉末粉条|葱油鸡|酸辣土豆丝|香菇鸭块|鸡米花
8034,番茄炒蛋/红烧萝卜|白菜千张丝|米饭|红烧排骨|肉末粉条|葱油金针菇|葱油鸡|酱爆猪肝|鸡米花
8035,番茄炒蛋/红烧萝卜|米饭|红烧肉|葱油鸡|蒜苗香干肉丝|酸辣土豆丝|香菇鸭块
8036,米饭|酱爆猪肝|鸭血豆腐
8037,番茄炒蛋/红烧萝卜|米饭|蒜苗香干肉丝|鸭血豆腐
8038,培红菜蘑菇毛豆肉丝|番茄炒蛋/红烧萝卜|米饭|葱油鸡
8039,春卷|番茄炒蛋/红烧萝卜|米饭|葱油鸡|鸭血豆腐
804,千叶豆腐肉丝|卤肉|小炒|米饭|虎皮尖椒/西葫芦炒蛋
8040,米饭|红烧肉|蒜苗香干肉丝|酱爆猪肝|酸辣土豆丝|鸭血豆腐
8041,米饭|红烧排骨|红烧肉|蒜苗香干肉丝|鸭血豆腐
8042,番茄炒蛋/红烧萝卜|白菜千张丝|盐水虾|米饭|胖干烧肉|葱油金针菇
8043,番茄炒蛋/红烧萝卜|米饭|红烧肉|酱爆猪肝
8044,包菜油付|培红菜蘑菇毛豆肉丝|番茄炒蛋/红烧萝卜|米饭|胖干烧肉|葱油鸡
8045,番茄炒蛋/红烧萝卜|白菜千张丝|米饭|胖干烧肉|葱油鸡|蒜苗香干肉丝|酸辣土豆丝
8046,培红菜蘑菇毛豆肉丝|白菜千张丝|米饭|酸辣土豆丝|香菇鸭块
8047,包菜油付|番茄炒蛋/红烧萝卜|白菜千张丝|米饭|葱油鸡|蒜苗香干肉丝|鸭血豆腐
8048,包菜油付|春卷|番茄炒蛋/红烧萝卜|盐水虾|米饭|肉末粉条|胖干烧肉|葱油金针菇|酸辣土豆丝
8049,番茄炒蛋/红烧萝卜|盐水虾|米饭|鸭血豆腐
805,卤肉|清炒南瓜/豆芽|米饭|虎皮尖椒/西葫芦炒蛋|酸辣藕丝/木耳莴笋
8050,培红菜蘑菇毛豆肉丝|番茄炒蛋/红烧萝卜|米饭|红烧排骨|肉末粉条|蒜苗香干肉丝|酱爆猪肝|酸辣土豆丝|鸭血豆腐
8051,包菜油付|番茄炒蛋/红烧萝卜|米饭|红烧排骨|红烧肉
8052,包菜油付|培红菜蘑菇毛豆肉丝|番茄炒蛋/红烧萝卜|胖干烧肉|葱油金针菇|鸭血豆腐
8053,包菜油付|培红菜蘑菇毛豆肉丝|番茄炒蛋/红烧萝卜|米饭|葱油鸡
8054,培红菜蘑菇毛豆肉丝|番茄炒蛋/红烧萝卜|白菜千张丝|米饭|红烧排骨|胖干烧肉|葱油金针菇|葱油鸡
8055,包菜油付|番茄炒蛋/红烧萝卜|盐水虾|胖干烧肉
8056,番茄炒蛋/红烧萝卜|米饭|红烧肉|葱油鸡|蒜苗香干肉丝|酸辣土豆丝|鸭血豆腐
8057,培红菜蘑菇毛豆肉丝|番茄炒蛋/红烧萝卜|盐水虾|米饭
8058,米饭|红烧肉|肉末粉条|葱油金针菇|蒜苗香干肉丝|鸭血豆腐
8059,米饭|肉末粉条|葱油鸡|酸辣土豆丝
806,小炒|小黄鱼|虎皮尖椒/西葫芦炒蛋|酸辣藕丝/木耳莴笋|香酥鸭肉/椒盐虾
8060,番茄炒蛋/红烧萝卜|米饭|葱油鸡|蒜苗香干肉丝|鸡米花
8061,番茄炒蛋/红烧萝卜|白菜千张丝|米饭|红烧排骨
8062,番茄炒蛋/红烧萝卜|米饭|红烧肉|葱油鸡|蒜苗香干肉丝|酸辣土豆丝|鸭血豆腐
8063,培红菜蘑菇毛豆肉丝|番茄炒蛋/红烧萝卜|米饭|红烧排骨
8064,盐水虾|米饭|葱油鸡|蒜苗香干肉丝|酸辣土豆丝
8065,春卷|番茄炒蛋/红烧萝卜|米饭|胖干烧肉
8066,培红菜蘑菇毛豆肉丝|春卷|米饭|葱油金针菇|葱油鸡
8067,白菜千张丝|盐水虾|米饭|红烧肉|葱油金针菇|葱油鸡|蒜苗香干肉丝
8068,包菜油付|春卷|盐水虾|米饭|红烧排骨|葱油金针菇|酸辣土豆丝
8069,番茄炒蛋/红烧萝卜|米饭|葱油鸡|酱爆猪肝|酸辣土豆丝|香菇鸭块|鸡米花
807,千叶豆腐肉丝|米饭|酸辣藕丝/木耳莴笋
8070,番茄炒蛋/红烧萝卜|米饭|肉末粉条|胖干烧肉|葱油金针菇
8071,培红菜蘑菇毛豆肉丝|春卷|白菜千张丝|米饭|红烧排骨
8072,番茄炒蛋/红烧萝卜|米饭|红烧肉|蒜苗香干肉丝|酱爆猪肝|鸭血豆腐
8073,春卷|番茄炒蛋/红烧萝卜|白菜千张丝|米饭|胖干烧肉|葱油鸡
8074,包菜油付|番茄炒蛋/红烧萝卜|盐水虾|米饭|葱油鸡
8075,包菜油付|春卷|白菜千张丝|米饭|鸡米花
8076,培红菜蘑菇毛豆肉丝|番茄炒蛋/红烧萝卜|米饭|肉末粉条|胖干烧肉|鸡米花
8077,培红菜蘑菇毛豆肉丝|番茄炒蛋/红烧萝卜|白菜千张丝|米饭|肉末粉条|葱油鸡|酱爆猪肝
8078,包菜油付|培红菜蘑菇毛豆肉丝|番茄炒蛋/红烧萝卜|白菜千张丝|米饭
8079,番茄炒蛋/红烧萝卜|白菜千张丝|盐水虾|米饭|红烧排骨|葱油金针菇|鸭血豆腐
808,卤肉|大排/春卷|米饭|酸辣藕丝/木耳莴笋
8080,包菜油付|培红菜蘑菇毛豆肉丝|春卷|番茄炒蛋/红烧萝卜|白菜千张丝|米饭|胖干烧肉
8081,番茄炒蛋/红烧萝卜|米饭|葱油鸡|酸辣土豆丝|香菇鸭块|鸭血豆腐
8082,培红菜蘑菇毛豆肉丝|米饭|红烧排骨|葱油金针菇|葱油鸡|蒜苗香干肉丝|鸭血豆腐
8083,番茄炒蛋/红烧萝卜|米饭|红烧肉|蒜苗香干肉丝
8084,番茄炒蛋/红烧萝卜|米饭|蒜苗香干肉丝|酸辣土豆丝|香菇鸭块|鸭血豆腐
8085,培红菜蘑菇毛豆肉丝|春卷|番茄炒蛋/红烧萝卜|米饭|胖干烧肉
8086,番茄炒蛋/红烧萝卜|米饭|葱油鸡|蒜苗香干肉丝
8087,番茄炒蛋/红烧萝卜|白菜千张丝|米饭|胖干烧肉|酱爆猪肝
8088,培红菜蘑菇毛豆肉丝|白菜千张丝|米饭|胖干烧肉|葱油金针菇|葱油鸡
8089,包菜油付|培红菜蘑菇毛豆肉丝|春卷|米饭|葱油鸡|鸡米花
809,大排/春卷|小黄鱼|米饭|虎皮尖椒/西葫芦炒蛋|酸辣藕丝/木耳莴笋
8090,包菜油付|番茄炒蛋/红烧萝卜|白菜千张丝|米饭|红烧肉|胖干烧肉
8091,春卷|米饭|肉末粉条|酱爆猪肝|鸭血豆腐
8092,番茄炒蛋/红烧萝卜|米饭|红烧肉|肉末粉条
8093,春卷|米饭|肉末粉条|酱爆猪肝|香菇鸭块|鸭血豆腐
8094,番茄炒蛋/红烧萝卜|米饭|葱油鸡|酸辣土豆丝|香菇鸭块
8095,番茄炒蛋/红烧萝卜|米饭|葱油金针菇|鸭血豆腐
8096,培红菜蘑菇毛豆肉丝|春卷|白菜千张丝|米饭|葱油金针菇|葱油鸡
8097,番茄炒蛋/红烧萝卜|米饭|葱油鸡|蒜苗香干肉丝
8098,培红菜蘑菇毛豆肉丝|米饭|红烧肉|葱油金针菇|鸭血豆腐
8099,培红菜蘑菇毛豆肉丝|番茄炒蛋/红烧萝卜|米饭|葱油金针菇|酱爆猪肝
810,大排/春卷|清炒南瓜/豆芽|米饭|酸辣土豆丝|酸辣藕丝/木耳莴笋|香酥鸭肉/椒盐虾
8100,包菜油付|培红菜蘑菇毛豆肉丝|春卷|米饭|胖干烧肉|葱油金针菇
8101,番茄炒蛋/红烧萝卜|白菜千张丝|酸辣土豆丝|鸡米花
8102,包菜油付|白菜千张丝|盐水虾|米饭
8103,番茄炒蛋/红烧萝卜|米饭|肉末粉条|葱油鸡|酱爆猪肝
8104,包菜油付|番茄炒蛋/红烧萝卜|米饭|鸡米花
8105,包菜油付|番茄炒蛋/红烧萝卜|白菜千张丝|盐水虾|米饭|红烧排骨
8106,包菜油付|培红菜蘑菇毛豆肉丝|春卷|番茄炒蛋/红烧萝卜|米饭|葱油金针菇|酸辣土豆丝
8107,包菜油付|番茄炒蛋/红烧萝卜|米饭|葱油鸡
8108,番茄炒蛋/红烧萝卜|白菜千张丝|米饭|胖干烧肉|鸭血豆腐
8109,培红菜蘑菇毛豆肉丝|米饭|红烧肉|鸡米花|鸭血豆腐
811,千叶豆腐肉丝|卤肉|大排/春卷|小黄鱼|米饭|虎皮尖椒/西葫芦炒蛋|酸辣藕丝/木耳莴笋
8110,包菜油付|番茄炒蛋/红烧萝卜|米饭|红烧排骨
8111,番茄炒蛋/红烧萝卜|红烧排骨|肉末粉条|葱油鸡
8112,米饭|肉末粉条|葱油鸡|蒜苗香干肉丝|酱爆猪肝|酸辣土豆丝|鸭血豆腐
8113,培红菜蘑菇毛豆肉丝|番茄炒蛋/红烧萝卜|米饭|酸辣土豆丝|鸡米花
8114,包菜油付|培红菜蘑菇毛豆肉丝|米饭|葱油金针菇
8115,番茄炒蛋/红烧萝卜|米饭|肉末粉条|葱油鸡|香菇鸭块|鸡米花|鸭血豆腐
8116,培红菜蘑菇毛豆肉丝|春卷|米饭|肉末粉条|蒜苗香干肉丝
8117,培红菜蘑菇毛豆肉丝|番茄炒蛋/红烧萝卜|米饭|葱油金针菇|葱油鸡
8118,包菜油付|春卷|米饭|胖干烧肉
8119,番茄炒蛋/红烧萝卜|盐水虾|米饭|葱油金针菇|酱爆猪肝
812,千叶豆腐肉丝|大排/春卷|清炒南瓜/豆芽|米饭|香酥鸭肉/椒盐虾
8120,包菜油付|培红菜蘑菇毛豆肉丝|春卷|米饭|葱油金针菇
8121,番茄炒蛋/红烧萝卜|米饭|肉末粉条|葱油鸡|香菇鸭块|鸡米花|鸭血豆腐
8122,番茄炒蛋/红烧萝卜|米饭|肉末粉条|葱油鸡|蒜苗香干肉丝|香菇鸭块|鸡米花|鸭血豆腐
8123,包菜油付|春卷|番茄炒蛋/红烧萝卜|米饭|红烧肉|胖干烧肉|葱油鸡
8124,番茄炒蛋/红烧萝卜|米饭|葱油鸡|蒜苗香干肉丝|酸辣土豆丝|鸭血豆腐
8125,包菜油付|春卷|白菜千张丝|盐水虾|米饭|胖干烧肉|葱油金针菇|葱油鸡|酸辣土豆丝
8126,包菜油付|番茄炒蛋/红烧萝卜|米饭|蒜苗香干肉丝|香菇鸭块|鸡米花
8127,包菜油付|番茄炒蛋/红烧萝卜|盐水虾|米饭|红烧肉|葱油金针菇|蒜苗香干肉丝|酱爆猪肝|香菇鸭块
8128,包菜油付|盐水虾|米饭|葱油金针菇|酱爆猪肝
8129,包菜油付|番茄炒蛋/红烧萝卜|白菜千张丝|盐水虾|米饭|胖干烧肉|酸辣土豆丝
813,卤肉|大排/春卷|清炒南瓜/豆芽|米饭|虎皮尖椒/西葫芦炒蛋|酸辣土豆丝|酸辣藕丝/木耳莴笋
8130,包菜油付|番茄炒蛋/红烧萝卜|盐水虾|米饭|酸辣土豆丝|鸡米花|鸭血豆腐
8131,包菜油付|培红菜蘑菇毛豆肉丝|盐水虾|米饭|胖干烧肉|葱油金针菇|葱油鸡|蒜苗香干肉丝|鸡米花
8132,培红菜蘑菇毛豆肉丝|春卷|米饭|胖干烧肉|葱油金针菇|酸辣土豆丝|香菇鸭块
8133,培红菜蘑菇毛豆肉丝|春卷|白菜千张丝|米饭
8134,培红菜蘑菇毛豆肉丝|米饭|肉末粉条|葱油金针菇|香菇鸭块|鸭血豆腐
8135,春卷|番茄炒蛋/红烧萝卜|米饭|葱油金针菇|葱油鸡
8136,包菜油付|培红菜蘑菇毛豆肉丝|米饭|红烧排骨|葱油金针菇|葱油鸡|青瓜付竹肉片
8137,包菜油付|白菜千张丝|米饭|胖干烧肉|葱油金针菇
8138,米饭|红烧肉|葱油鸡|蒜苗香干肉丝|青瓜付竹肉片|香菇鸭块|鸭血豆腐
8139,培红菜蘑菇毛豆肉丝|春卷|米饭|蒜苗香干肉丝|酱爆猪肝
814,千叶豆腐肉丝|大排/春卷|小炒|小黄鱼|清炒南瓜/豆芽|米饭|虎皮尖椒/西葫芦炒蛋|酸辣土豆丝|酸辣藕丝/木耳莴笋
8140,米饭|红烧肉|肉末粉条|蒜苗香干肉丝|酱爆猪肝|鸡米花
8141,春卷|米饭|肉末粉条|葱油鸡|酱爆猪肝|鸭血豆腐
8142,培红菜蘑菇毛豆肉丝|米饭|红烧排骨|肉末粉条|酸辣土豆丝
8143,包菜油付|米饭|葱油鸡|鸭血豆腐
8144,包菜油付|春卷|番茄炒蛋/红烧萝卜|米饭|葱油金针菇|葱油鸡
8145,番茄炒蛋/红烧萝卜|米饭|红烧肉|酸辣土豆丝|青瓜付竹肉片
8146,米饭|红烧排骨|青瓜付竹肉片|香菇鸭块
8147,培红菜蘑菇毛豆肉丝|春卷|米饭|红烧排骨|葱油金针菇
8148,番茄炒蛋/红烧萝卜|米饭|葱油金针菇|葱油鸡
8149,培红菜蘑菇毛豆肉丝|番茄炒蛋/红烧萝卜|米饭|葱油金针菇|葱油鸡
815,小黄鱼|清炒南瓜/豆芽|米饭|虎皮尖椒/西葫芦炒蛋|酸辣藕丝/木耳莴笋|香酥鸭肉/椒盐虾
8150,米饭|蒜苗香干肉丝|酸辣土豆丝|鸡米花|鸭血豆腐
8151,番茄炒蛋/红烧萝卜|米饭|葱油鸡|酸辣土豆丝|鸡米花
8152,培红菜蘑菇毛豆肉丝|番茄炒蛋/红烧萝卜|米饭|葱油鸡|酱爆猪肝|青瓜付竹肉片
8153,包菜油付|春卷|番茄炒蛋/红烧萝卜|米饭|红烧排骨|胖干烧肉
8154,包菜油付|葱油金针菇|葱油鸡|蒜苗香干肉丝|酱爆猪肝|酸辣土豆丝
8155,包菜油付|春卷|番茄炒蛋/红烧萝卜|米饭|红烧排骨|胖干烧肉|葱油金针菇|葱油鸡
8156,包菜油付|春卷|番茄炒蛋/红烧萝卜|白菜千张丝|米饭
81561,卤鸭|四季豆肉丝|花椒排骨
81562,木耳西兰花|米饭|素包子|葱油鸡|蒜泥生菜|青韭肉末粉条
81563,五香牛肉|千张结烧肉|四季豆肉丝|米饭|菠萝咕咾肉|葱油金针菇|青瓜付竹肉片|香菇榨菜肉丝
81564,五香牛肉|千张结烧肉|四季豆肉丝|米饭|红烧萝卜|菠萝咕咾肉|葱油金针菇|蒜泥生菜|鸭血豆腐
81565,五香牛肉|米饭|素包子|葱油金针菇|青瓜付竹肉片
81566,五香牛肉|米饭|芹菜千张丝|葱油金针菇
81567,五香牛肉|米饭|葱油金针菇|蒜泥生菜|香菇榨菜肉丝
81568,米饭|芹菜千张丝|蒜泥生菜|鸭血豆腐
81569,千张结烧肉|木耳西兰花|米饭|菠萝咕咾肉|蒜泥生菜|青瓜付竹肉片|青豆玉米炒蛋
8157,番茄炒蛋/红烧萝卜|米饭|红烧排骨|葱油金针菇|葱油鸡|青瓜付竹肉片
81570,五香牛肉|千张结烧肉|卤鸭|米饭|素包子|芹菜千张丝|菠萝咕咾肉|葱油金针菇|蒜泥生菜|虎皮尖椒|青韭肉末粉条
81571,五香牛肉|千叶豆腐肉丝|卤鸭|四季豆肉丝|米饭|红烧萝卜|菠萝咕咾肉|蒜泥生菜|鸭血豆腐
81572,米饭|花椒排骨|芹菜千张丝|葱油金针菇|虎皮尖椒|青韭肉末粉条|香菇榨菜肉丝
81573,五香牛肉|千叶豆腐肉丝|四季豆肉丝|米饭|素包子|红烧萝卜|花椒排骨|菠萝咕咾肉|葱油金针菇|蒜泥生菜|青瓜付竹肉片|青豆玉米炒蛋|青韭肉末粉条|鸭血豆腐
81574,五香牛肉|米饭|素包子|芹菜千张丝|青韭肉末粉条|香菇榨菜肉丝
81575,千叶豆腐肉丝|米饭|花椒排骨|菠萝咕咾肉|葱油金针菇|蒜泥生菜|青椒土豆丝|青豆玉米炒蛋|鸭血豆腐
81576,米饭|粉蒸肉|红烧萝卜|蒜泥生菜|青椒土豆丝
81577,千张结烧肉|米饭|红烧萝卜|芹菜千张丝
81578,米饭|葱油鸡|蒜泥生菜|鸭血豆腐
81579,卤鸭|米饭|芹菜千张丝|蒜泥生菜|青瓜付竹肉片
8158,包菜油付|培红菜蘑菇毛豆肉丝|番茄炒蛋/红烧萝卜|白菜千张丝|米饭|红烧排骨|胖干烧肉|葱油金针菇|葱油鸡|青瓜付竹肉片
81580,千叶豆腐肉丝|米饭|粉蒸肉|鸭血豆腐
81581,五香牛肉|千叶豆腐肉丝|米饭|花椒排骨|芹菜千张丝|青椒土豆丝|青瓜付竹肉片
81582,米饭|红烧萝卜|芹菜千张丝|青瓜付竹肉片
81583,米饭|芹菜千张丝|葱油鸡|青豆玉米炒蛋|香菇榨菜肉丝
81584,五香牛肉
81585,米饭|红烧萝卜|青椒土豆丝|青豆玉米炒蛋|鸭血豆腐
81586,米饭|粉蒸肉|蒜泥生菜|青瓜付竹肉片|香菇榨菜肉丝|鸭血豆腐
81587,千叶豆腐肉丝|卤鸭|米饭|粉蒸肉|芹菜千张丝|蒜泥生菜|青椒土豆丝|香菇榨菜肉丝
81588,五香牛肉|米饭|芹菜千张丝|青椒土豆丝|青瓜付竹肉片|鸭血豆腐
81589,五香牛肉|葱油鸡
8159,米饭|红烧排骨|肉末粉条|葱油金针菇|蒜苗香干肉丝|酸辣土豆丝|鸡米花
81590,五香牛肉|米饭|蒜泥生菜|青椒土豆丝|青豆玉米炒蛋
81591,千张结烧肉|米饭|红烧萝卜|葱油鸡|蒜泥生菜|青椒土豆丝|鸭血豆腐
81592,五香牛肉|四季豆肉丝|米饭|红烧肉|红烧萝卜|花椒排骨|芹菜千张丝|菠萝咕咾肉|葱油金针菇|蒜泥生菜|青椒土豆丝|鸭血豆腐
81593,卤鸭|四季豆肉丝|米饭|芹菜千张丝|虎皮尖椒|青瓜付竹肉片|香菇榨菜肉丝
81594,卤鸭|四季豆肉丝|米饭|红烧肉|蒜泥生菜|香菇榨菜肉丝
81595,五香牛肉|米饭|葱油金针菇|葱油鸡|蒜泥生菜|青椒土豆丝|青豆玉米炒蛋
81596,千张结烧肉|四季豆肉丝|米饭|红烧萝卜|葱油鸡|青椒土豆丝|青豆玉米炒蛋
81597,五香牛肉|米饭|红烧肉|芹菜千张丝|茭白肉丝小炒
81598,米饭|粉蒸肉|蒜泥生菜|青椒土豆丝|青瓜付竹肉片
81599,五香牛肉|四季豆肉丝|米饭|素包子|茭白肉丝小炒
816,大排/春卷|小黄鱼|米饭|虎皮尖椒/西葫芦炒蛋|酸辣土豆丝|香酥鸭肉/椒盐虾
8160,培红菜蘑菇毛豆肉丝|米饭|酸辣土豆丝|青瓜付竹肉片
81600,米饭|粉蒸肉|素包子|蒜泥生菜|青椒土豆丝|青瓜付竹肉片
81601,米饭|素包子|红烧肉|蒜泥生菜
81602,千张结烧肉|米饭|素包子|芹菜千张丝|茭白肉丝小炒|葱油鸡|蒜泥生菜|青瓜付竹肉片|青豆玉米炒蛋
81603,米饭|红烧萝卜|芹菜千张丝|蒜泥生菜
81604,五香牛肉|米饭|红烧肉|红烧萝卜|芹菜千张丝|青椒土豆丝|青韭肉末粉条
81605,芹菜千张丝
81606,四季豆肉丝|米饭|素包子|红烧肉
81607,五香牛肉|米饭|芹菜千张丝|茭白肉丝小炒|葱油金针菇|青椒土豆丝
81608,千张结烧肉|米饭|芹菜千张丝|茭白肉丝小炒|青椒土豆丝
81609,五香牛肉|卤鸭|米饭|素包子|红烧肉|茭白肉丝小炒|菠萝咕咾肉|葱油金针菇|虎皮尖椒|青瓜付竹肉片|香菇榨菜肉丝
8161,肉末粉条|蒜苗香干肉丝|酱爆猪肝|酸辣土豆丝|香菇鸭块|鸡米花
81610,卤鸭|米饭|红烧肉|虎皮尖椒|青韭肉末粉条|香菇榨菜肉丝
81611,米饭|茭白肉丝小炒|菠萝咕咾肉|虎皮尖椒|青韭肉末粉条
81612,五香牛肉|卤鸭|米饭|素包子|青豆玉米炒蛋
81613,卤鸭|米饭|粉蒸肉|红烧萝卜|菠萝咕咾肉|蒜泥生菜|青瓜付竹肉片
81614,米饭|茭白肉丝小炒|菠萝咕咾肉|青瓜付竹肉片
81615,五香牛肉|米饭|粉蒸肉|葱油金针菇|青椒土豆丝|青豆玉米炒蛋
81616,四季豆肉丝|米饭|葱油鸡|青豆玉米炒蛋
81617,快胶菜|米饭|红烧肉|葱油金针菇|香菇榨菜肉丝
81618,米饭|葱油鸡|青豆玉米炒蛋
81619,五香牛肉|米饭|红烧肉|红烧萝卜|菠萝咕咾肉|青椒土豆丝|青韭肉末粉条
8162,番茄炒蛋/红烧萝卜|米饭|红烧排骨|红烧肉|肉末粉条|葱油金针菇|葱油鸡|蒜苗香干肉丝|酸辣土豆丝|鸡米花
81620,快胶菜|米饭|葱油金针菇|虎皮尖椒|青韭肉末粉条|香菇榨菜肉丝
81621,四季豆肉丝|米饭|红烧肉|红烧萝卜|茭白肉丝小炒|菠萝咕咾肉|葱油鸡|青椒土豆丝
81622,千张结烧肉|卤鸭|快胶菜|米饭|葱油鸡|青椒土豆丝|青瓜付竹肉片|青豆玉米炒蛋
81623,五香牛肉|四季豆肉丝|米饭|红烧萝卜|茭白肉丝小炒|葱油金针菇
81624,四季豆肉丝|快胶菜|米饭|粉蒸肉|红烧肉|茭白肉丝小炒
81625,快胶菜|米饭|粉蒸肉|素包子|菠萝咕咾肉|葱油金针菇|青椒土豆丝|青豆玉米炒蛋|青韭肉末粉条
81626,千张结烧肉|卤鸭|粉蒸肉|红烧肉|茭白肉丝小炒|青瓜付竹肉片
81627,米饭|芹菜千张丝|青椒土豆丝
81628,卤鸭|米饭|粉蒸肉|素包子|青豆玉米炒蛋
81629,米饭|红烧肉|虎皮尖椒|青瓜付竹肉片
8163,番茄炒蛋/红烧萝卜|酱爆猪肝|青瓜付竹肉片
81630,快胶菜|米饭|粉蒸肉|茭白肉丝小炒|虎皮尖椒|青椒土豆丝
81631,卤鸭|四季豆肉丝|米饭|茭白肉丝小炒
81632,五香牛肉|四季豆肉丝|米饭|粉蒸肉|茭白肉丝小炒|虎皮尖椒|青椒土豆丝|香菇榨菜肉丝
81633,五香牛肉|快胶菜|米饭|素包子|茭白肉丝小炒|葱油鸡
81634,卤鸭|快胶菜|米饭|茭白肉丝小炒|菠萝咕咾肉|香菇榨菜肉丝
81635,快胶菜|米饭|粉蒸肉|素包子|青椒土豆丝|青瓜付竹肉片
81636,快胶菜|粉蒸肉|葱油金针菇|青瓜付竹肉片|青韭肉末粉条
81637,快胶菜|米饭|红烧肉|茭白肉丝小炒|葱油鸡|青韭肉末粉条
81638,五香牛肉|卤鸭|米饭|粉蒸肉|芹菜千张丝|茭白肉丝小炒|葱油鸡
81639,千张结烧肉|卤鸭|米饭|红烧萝卜|芹菜千张丝|菜心
8164,番茄炒蛋/红烧萝卜|米饭|红烧排骨|肉末粉条|酸辣土豆丝|青瓜付竹肉片
81640,快胶菜|米饭|茭白肉丝小炒|虎皮尖椒|青椒土豆丝
81641,千张结烧肉|米饭|红烧肉|花椒排骨|菠萝咕咾肉|青椒土豆丝|青瓜付竹肉片|青豆玉米炒蛋
81642,快胶菜|米饭|素包子|青椒土豆丝
81643,快胶菜|红烧肉|茭白肉丝小炒|葱油金针菇|葱油鸡|青瓜付竹肉片
81644,千张结烧肉|卤鸭|米饭|素包子|菠萝咕咾肉|虎皮尖椒|青椒土豆丝
81645,米饭|芹菜千张丝|菠萝咕咾肉|葱油鸡|虎皮尖椒|青椒土豆丝
81646,五香牛肉|快胶菜|米饭|虎皮尖椒
81647,五香牛肉|米饭|粉蒸肉|菜心|菠萝咕咾肉|青豆玉米炒蛋
81648,四季豆肉丝|快胶菜|米饭|粉蒸肉|红烧肉|花椒排骨|青椒土豆丝|青瓜付竹肉片
81649,米饭|粉蒸肉|芹菜千张丝|菜心|青椒土豆丝
8165,米饭|红烧肉|肉末粉条|蒜苗香干肉丝
81650,花椒排骨|菜心|青椒土豆丝|青瓜付竹肉片
81651,五香牛肉|卤鸭|米饭|菜心|菠萝咕咾肉|葱油鸡|青椒土豆丝
81652,卤鸭|快胶菜|米饭|素包子|红烧肉|虎皮尖椒
81653,五香牛肉|快胶菜|米饭|素包子|菜心|青椒土豆丝
81654,五香牛肉|米饭|芹菜千张丝|茭白肉丝小炒|菜心|青瓜付竹肉片
81655,四季豆肉丝|米饭|粉蒸肉|菜心
81656,米饭|菜心|葱油鸡|虎皮尖椒
81657,四季豆肉丝|米饭|粉蒸肉|菜心|青瓜付竹肉片
81658,千张结烧肉|花椒排骨|茭白肉丝小炒|菠萝咕咾肉|虎皮尖椒|青豆玉米炒蛋
81659,四季豆肉丝|米饭|素包子|花椒排骨|茭白肉丝小炒|青瓜付竹肉片
8166,春卷|米饭|红烧肉|酱爆猪肝|酸辣土豆丝|鸡米花|鸭血豆腐
81660,五香牛肉|卤鸭|米饭|素包子|红烧萝卜|虎皮尖椒
81661,五香牛肉|快胶菜|花椒排骨|茭白肉丝小炒|菜心|菠萝咕咾肉|葱油鸡|虎皮尖椒|青豆玉米炒蛋
81662,米饭|红烧肉|花椒排骨|茭白肉丝小炒|青瓜付竹肉片
81663,千张结烧肉|米饭|粉蒸肉|茭白肉丝小炒|菜心|虎皮尖椒|青椒土豆丝|青豆玉米炒蛋
81664,米饭|红烧萝卜|茭白肉丝小炒|菜心
81665,五香牛肉|快胶菜|米饭|红烧肉|菜心|青椒土豆丝
81666,五香牛肉|米饭|红烧肉|菜心|菠萝咕咾肉|葱油鸡|青椒土豆丝
81667,五香牛肉|快胶菜|米饭|红烧肉|茭白肉丝小炒|菜心|菠萝咕咾肉|葱油鸡
81668,五香牛肉|千张结烧肉|米饭|花椒排骨|茭白肉丝小炒|葱油鸡|青椒土豆丝
81669,快胶菜|米饭|粉蒸肉|素包子|红烧肉|菜心|菠萝咕咾肉|虎皮尖椒|青椒土豆丝
8167,春卷|番茄炒蛋/红烧萝卜|白菜千张丝|米饭|胖干烧肉|葱油金针菇|葱油鸡|青瓜付竹肉片|鸡米花
81670,米饭|粉蒸肉
81671,快胶菜|米饭|粉蒸肉|菜心|青椒土豆丝|青瓜付竹肉片
81672,千张结烧肉|米饭|粉蒸肉|茭白肉丝小炒|菜心
81673,米饭|葱油鸡|虎皮尖椒|青椒土豆丝
81674,米饭|红烧肉|茭白肉丝小炒|菜心|菠萝咕咾肉
81675,快胶菜|米饭|粉蒸肉|茭白肉丝小炒|青瓜付竹肉片
81676,快胶菜|米饭|红烧肉|红烧萝卜
81677,五香牛肉|快胶菜|米饭|红烧肉|茭白肉丝小炒|葱油鸡
81678,千张结烧肉|米饭|茭白肉丝小炒|青椒土豆丝|青瓜付竹肉片
81679,小青菜|木耳冬瓜|番茄炒蛋|米饭|西葫芦炒肉
8168,米饭|葱油金针菇|酱爆猪肝|酸辣土豆丝|鸭血豆腐
81680,家常豆腐|米饭|葱油芋艿
8169,米饭|胖干烧肉|葱油金针菇|葱油鸡|蒜苗香干肉丝|青瓜付竹肉片
817,大排/春卷|小炒|清炒南瓜/豆芽|米饭|酸辣土豆丝|酸辣藕丝/木耳莴笋|香酥鸭肉/椒盐虾
8170,培红菜蘑菇毛豆肉丝|番茄炒蛋/红烧萝卜|白菜千张丝|米饭|葱油金针菇
8171,番茄炒蛋/红烧萝卜|米饭|红烧排骨|红烧肉|葱油鸡|酸辣土豆丝|香菇鸭块|鸡米花
8172,培红菜蘑菇毛豆肉丝|番茄炒蛋/红烧萝卜|白菜千张丝|米饭|红烧排骨|葱油鸡|鸡米花
8173,番茄炒蛋/红烧萝卜|米饭|葱油鸡|酱爆猪肝|酸辣土豆丝|鸭血豆腐
8174,番茄炒蛋/红烧萝卜|米饭|红烧肉|酱爆猪肝|酸辣土豆丝|青瓜付竹肉片
8175,木耳莴笋|番茄炒蛋/红烧萝卜|米饭
8176,培红菜蘑菇毛豆肉丝|白菜千张丝|米饭|肉末粉条|葱油鸡
8177,春卷|米饭|酱爆猪肝|青瓜付竹肉片|香菇鸭块
8178,春卷|木耳莴笋|白菜千张丝|米饭|胖干烧肉|葱油金针菇
8179,春卷|番茄炒蛋/红烧萝卜|米饭|葱油鸡|酱爆猪肝|鸭血豆腐
818,千叶豆腐肉丝|小炒|小黄鱼|米饭|虎皮尖椒/西葫芦炒蛋
8180,春卷|番茄炒蛋/红烧萝卜|米饭|红烧排骨|葱油金针菇|葱油鸡
8181,木耳莴笋|米饭|蒜苗香干肉丝|酱爆猪肝|鸭血豆腐
8182,米饭|肉末粉条|葱油鸡|蒜苗香干肉丝|酸辣土豆丝
8183,春卷|番茄炒蛋/红烧萝卜|米饭|红烧排骨|肉末粉条|葱油金针菇|鸡米花
8184,春卷|番茄炒蛋/红烧萝卜|葱油金针菇|葱油鸡|蒜苗香干肉丝|鸭血豆腐
8185,培红菜蘑菇毛豆肉丝|白菜千张丝|米饭|肉末粉条
8186,培红菜蘑菇毛豆肉丝|木耳莴笋|米饭|胖干烧肉|葱油金针菇|葱油鸡|青瓜付竹肉片
8187,春卷|木耳莴笋|番茄炒蛋/红烧萝卜|米饭|胖干烧肉|葱油金针菇
8188,番茄炒蛋/红烧萝卜|米饭|红烧肉|肉末粉条|葱油鸡|蒜苗香干肉丝|酸辣土豆丝|青瓜付竹肉片|鸭血豆腐
8189,番茄炒蛋/红烧萝卜|米饭|红烧排骨|胖干烧肉|青瓜付竹肉片
819,卤肉|大排/春卷|清炒南瓜/豆芽|米饭|酸辣土豆丝|香酥鸭肉/椒盐虾
8190,番茄炒蛋/红烧萝卜|米饭|肉末粉条|葱油鸡|酸辣土豆丝
8191,培红菜蘑菇毛豆肉丝|春卷|白菜千张丝|米饭|胖干烧肉|葱油金针菇|青瓜付竹肉片
8192,春卷|番茄炒蛋/红烧萝卜|米饭|胖干烧肉|葱油金针菇|葱油鸡
8193,培红菜蘑菇毛豆肉丝|春卷|番茄炒蛋/红烧萝卜|米饭|葱油鸡|酸辣土豆丝|鸡米花
8194,木耳莴笋|肉末粉条|胖干烧肉|蒜苗香干肉丝
8195,春卷|木耳莴笋|番茄炒蛋/红烧萝卜|米饭|葱油鸡|酱爆猪肝|青瓜付竹肉片|鸭血豆腐
8196,培红菜蘑菇毛豆肉丝|春卷|木耳莴笋|米饭|青瓜付竹肉片
8197,培红菜蘑菇毛豆肉丝|春卷|番茄炒蛋/红烧萝卜|米饭|红烧排骨|胖干烧肉|酸辣土豆丝|青瓜付竹肉片
8198,番茄炒蛋/红烧萝卜|米饭|肉末粉条|蒜苗香干肉丝|酸辣土豆丝|鸡米花|鸭血豆腐
8199,培红菜蘑菇毛豆肉丝|春卷|木耳莴笋|番茄炒蛋/红烧萝卜|白菜千张丝|米饭|肉末粉条|葱油金针菇|青瓜付竹肉片|鸡米花
820,卤肉|大排/春卷|小炒|米饭|酸辣土豆丝
8200,番茄炒蛋/红烧萝卜|米饭|肉末粉条|葱油鸡|香菇鸭块
8201,包菜油付|春卷|木耳莴笋|番茄炒蛋/红烧萝卜|米饭|香菇鸭块|鸭血豆腐
8202,木耳莴笋|番茄炒蛋/红烧萝卜|白菜千张丝|米饭|葱油鸡|青瓜付竹肉片
8203,培红菜蘑菇毛豆肉丝|春卷|番茄炒蛋/红烧萝卜|米饭
8204,培红菜蘑菇毛豆肉丝|番茄炒蛋/红烧萝卜|米饭|红烧排骨|葱油金针菇|葱油鸡|酱爆猪肝
8205,米饭|胖干烧肉|青瓜付竹肉片
8206,培红菜蘑菇毛豆肉丝|春卷|番茄炒蛋/红烧萝卜|米饭|胖干烧肉|葱油金针菇|青瓜付竹肉片
8207,米饭|红烧肉|肉末粉条|酸辣土豆丝
8208,木耳莴笋|番茄炒蛋/红烧萝卜|米饭|肉末粉条|葱油金针菇|葱油鸡|蒜苗香干肉丝|酱爆猪肝|酸辣土豆丝
8209,米饭|红烧排骨|肉末粉条|葱油鸡|青瓜付竹肉片
821,卤肉|清炒南瓜/豆芽|米饭
8210,木耳莴笋|番茄炒蛋/红烧萝卜|白菜千张丝|米饭|红烧排骨|葱油鸡|青瓜付竹肉片
8211,包菜油付|番茄炒蛋/红烧萝卜|白菜千张丝|米饭|胖干烧肉|葱油鸡
8212,包菜油付|米饭|葱油鸡|酱爆猪肝|香菇鸭块
8213,包菜油付|米饭|葱油鸡|鸭血豆腐
8214,包菜油付|米饭|红烧肉|肉末粉条|酱爆猪肝|青瓜付竹肉片|鸡米花
8215,包菜油付|米饭|红烧排骨|肉末粉条|蒜苗香干肉丝|酱爆猪肝
8216,包菜油付|米饭|肉末粉条|蒜苗香干肉丝|青瓜付竹肉片|鸡米花|鸭血豆腐
8217,春卷|木耳莴笋|番茄炒蛋/红烧萝卜|米饭|红烧排骨|葱油金针菇|葱油鸡
8218,培红菜蘑菇毛豆肉丝|木耳莴笋|番茄炒蛋/红烧萝卜|米饭|红烧排骨|葱油金针菇|青瓜付竹肉片
8219,包菜油付|春卷|木耳莴笋|番茄炒蛋/红烧萝卜|米饭|红烧肉|肉末粉条
822,大排/春卷|小炒|小黄鱼|虎皮尖椒/西葫芦炒蛋|酸辣藕丝/木耳莴笋
8220,包菜油付|春卷|番茄炒蛋/红烧萝卜|米饭|红烧排骨|葱油鸡|青瓜付竹肉片|鸡米花
8221,培红菜蘑菇毛豆肉丝|木耳莴笋|白菜千张丝|米饭|葱油鸡
8222,培红菜蘑菇毛豆肉丝|木耳莴笋|番茄炒蛋/红烧萝卜|米饭|红烧排骨|葱油金针菇|青瓜付竹肉片
8223,包菜油付|米饭|红烧肉|鸡米花
8224,番茄炒蛋/红烧萝卜|米饭|胖干烧肉|青瓜付竹肉片
8225,番茄炒蛋/红烧萝卜|米饭|葱油鸡
8226,春卷|木耳莴笋|米饭|红烧肉|葱油金针菇|蒜苗香干肉丝|酱爆猪肝
8227,包菜油付|培红菜蘑菇毛豆肉丝|木耳莴笋|米饭|青瓜付竹肉片
8228,培红菜蘑菇毛豆肉丝|春卷|米饭|红烧排骨|蒜苗香干肉丝
8229,番茄炒蛋/红烧萝卜|米饭|红烧肉|肉末粉条|鸡米花
823,卤肉|小黄鱼|米饭
8230,培红菜蘑菇毛豆肉丝|春卷|白菜千张丝|米饭|红烧排骨|胖干烧肉|青瓜付竹肉片|鸡米花
8231,木耳莴笋|白菜千张丝|米饭|红烧排骨|胖干烧肉|葱油鸡
8232,木耳莴笋|米饭|葱油鸡|青瓜付竹肉片
8233,包菜油付|番茄炒蛋/红烧萝卜|米饭|肉末粉条|蒜苗香干肉丝|酱爆猪肝
8234,包菜油付|春卷|米饭|红烧排骨|肉末粉条|葱油鸡|酱爆猪肝
8235,包菜油付|木耳莴笋|米饭|胖干烧肉|青瓜付竹肉片
8236,包菜油付|番茄炒蛋/红烧萝卜|米饭|红烧肉|胖干烧肉|葱油鸡|鸭血豆腐
8237,培红菜蘑菇毛豆肉丝|米饭|红烧肉|蒜苗香干肉丝|青瓜付竹肉片
8238,春卷|木耳莴笋|白菜千张丝|米饭|葱油鸡|蒜苗香干肉丝|青瓜付竹肉片
8239,包菜油付|春卷|米饭|红烧肉|葱油鸡|酱爆猪肝|香菇鸭块
824,大排/春卷|小炒|清炒南瓜/豆芽|米饭|酸辣藕丝/木耳莴笋
8240,包菜油付|培红菜蘑菇毛豆肉丝|木耳莴笋|白菜千张丝|米饭|红烧排骨|胖干烧肉|茭白肉丝小炒|鸭血豆腐
8241,包菜油付|木耳莴笋|米饭|葱油鸡
8242,包菜油付|木耳莴笋|米饭|胖干烧肉|茭白肉丝小炒|葱油鸡
8243,包菜油付|春卷|米饭|葱油鸡|鸡米花
8244,春卷|白菜千张丝|米饭|茭白肉丝小炒|葱油鸡
8245,春卷|木耳莴笋|米饭|鸭血豆腐
8246,包菜油付|米饭|红烧排骨|蒜苗香干肉丝|青瓜付竹肉片
8247,包菜油付|米饭|茭白肉丝小炒
8248,米饭|茭白肉丝小炒|青瓜付竹肉片
8249,包菜油付|米饭|红烧排骨|蒜苗香干肉丝
825,小黄鱼|虎皮尖椒/西葫芦炒蛋|酸辣土豆丝|酸辣藕丝/木耳莴笋|香酥鸭肉/椒盐虾
8250,包菜油付|白菜千张丝|米饭|茭白肉丝小炒|葱油鸡|青瓜付竹肉片
8251,春卷|木耳莴笋|白菜千张丝|米饭|葱油鸡|青瓜付竹肉片|香菇鸭块
8252,包菜油付|木耳莴笋|米饭|胖干烧肉|葱油鸡
8253,包菜油付|木耳莴笋|米饭|葱油鸡
8254,包菜油付|木耳莴笋|番茄炒蛋/红烧萝卜|白菜千张丝|米饭|葱油鸡|酱爆猪肝|青瓜付竹肉片|香菇鸭块
8255,包菜油付|米饭|红烧排骨|葱油鸡|香菇鸭块
8256,包菜油付|春卷|木耳莴笋|番茄炒蛋/红烧萝卜|米饭|胖干烧肉|葱油鸡
8257,白菜千张丝|米饭|红烧排骨|红烧肉|葱油鸡
8258,春卷|木耳莴笋|米饭|红烧排骨|茭白肉丝小炒
8259,春卷|米饭|葱油鸡|蒜苗香干肉丝|酱爆猪肝|青瓜付竹肉片
826,大排/春卷|清炒南瓜/豆芽|米饭|酸辣藕丝/木耳莴笋
8260,包菜油付|番茄炒蛋/红烧萝卜|米饭|茭白肉丝小炒|葱油鸡
8261,包菜油付|木耳莴笋|白菜千张丝|米饭|红烧排骨|茭白肉丝小炒
8262,木耳莴笋|米饭|茭白肉丝小炒|酱爆猪肝
8263,包菜油付|白菜千张丝|米饭|葱油鸡|青瓜付竹肉片
8264,包菜油付|番茄炒蛋/红烧萝卜|白菜千张丝|米饭|葱油鸡|酱爆猪肝|青瓜付竹肉片
8265,包菜油付|木耳莴笋|番茄炒蛋/红烧萝卜|白菜千张丝|米饭|茭白肉丝小炒|葱油鸡|青瓜付竹肉片
8266,包菜油付|番茄炒蛋/红烧萝卜|米饭|葱油鸡
8267,包菜油付|春卷|木耳莴笋|米饭|茭白肉丝小炒|葱油鸡
8268,包菜油付|春卷|木耳莴笋|米饭|茭白肉丝小炒|葱油鸡
8269,白菜千张丝|米饭|红烧肉|茭白肉丝小炒|青瓜付竹肉片
827,卤肉|清炒南瓜/豆芽|米饭|酸辣藕丝/木耳莴笋
8270,木耳莴笋|番茄炒蛋/红烧萝卜|米饭|葱油鸡
8271,春卷|米饭|茭白肉丝小炒
8272,木耳莴笋|米饭|茭白肉丝小炒|葱油鸡
8273,包菜油付|米饭|茭白肉丝小炒|葱油鸡
8274,春卷|木耳莴笋|番茄炒蛋/红烧萝卜|红烧排骨
8275,木耳莴笋|米饭|红烧排骨|茭白肉丝小炒
8276,春卷|番茄炒蛋/红烧萝卜|米饭|红烧排骨|酱爆猪肝
8277,三色绿豆芽|水波蛋|白菜油付|米饭|红烧带鱼|雪菜山药|黄豆猪脚
8278,冬瓜酿肉|油豆腐烧肉|白菜油付|盐水虾|米饭|香菇鸡块|黄豆猪脚
8279,三色绿豆芽|冬瓜酿肉|千叶豆腐肉丝|水波蛋|油豆腐烧肉|油麦菜|青韭南瓜丝|香菇肉丝|黄豆猪脚
828,大排/春卷|小炒|小黄鱼|酸辣土豆丝
8280,三色绿豆芽|付皮包|油麦菜|米饭|红烧带鱼|花菜|黄豆猪脚
8281,付皮包|油豆腐烧肉|盐水虾|米饭|葱油扇贝
8282,三色绿豆芽|油豆腐烧肉|米饭|香菇肉丝
8283,油豆腐烧肉|米饭|雪菜山药|香菇肉丝
8284,千叶豆腐肉丝|水波蛋|白菜油付|盐水虾|米饭|花菜|虎皮青椒/雪菜毛豆|雪菜山药|香菇鸡块
8285,盐水虾|米饭|雪菜山药|黄豆猪脚
8286,白菜油付|米饭
8287,付皮包|米饭|红烧带鱼|虎皮青椒/雪菜毛豆|黄豆猪脚
8288,三色绿豆芽|付皮包|米饭|红烧带鱼|香菇肉丝
8289,付皮包|冬瓜酿肉|米饭
829,大排/春卷|小炒|小黄鱼|清炒南瓜/豆芽|酸辣土豆丝|酸辣藕丝/木耳莴笋
8290,冬瓜酿肉|白菜油付|花菜|香菇鸡块
8291,米饭|虎皮青椒/雪菜毛豆|青韭南瓜丝|香菇鸡块
8292,米饭|红烧带鱼|虎皮青椒/雪菜毛豆|青韭南瓜丝|香菇肉丝|黄豆猪脚
8293,付皮包|油麦菜|盐水虾|米饭|葱油扇贝|虎皮青椒/雪菜毛豆
8294,水波蛋|米饭|花菜|黄豆猪脚
8295,三色绿豆芽|冬瓜酿肉|千叶豆腐肉丝|油麦菜|米饭|红烧带鱼|虎皮青椒/雪菜毛豆|香菇鸡块
8296,付皮包|油豆腐烧肉|米饭|红烧带鱼|虎皮青椒/雪菜毛豆
8297,千叶豆腐肉丝|油麦菜|米饭|虎皮青椒/雪菜毛豆|香菇鸡块|黄豆猪脚
8298,油豆腐烧肉|白菜油付|米饭|虎皮青椒/雪菜毛豆|香菇肉丝
8299,三色绿豆芽|米饭|红烧带鱼|虎皮青椒/雪菜毛豆|香菇鸡块
830,千叶豆腐肉丝|卤肉|米饭|酸辣藕丝/木耳莴笋
8300,冬瓜酿肉|水波蛋|白菜油付|米饭|红烧带鱼|花菜|葱油扇贝|虎皮青椒/雪菜毛豆|黄豆猪脚
8301,三色绿豆芽|冬瓜酿肉|千叶豆腐肉丝|白菜油付|米饭|葱油扇贝|雪菜山药|青韭南瓜丝|香菇鸡块|黄豆猪脚
8302,付皮包|千叶豆腐肉丝|水波蛋|油豆腐烧肉|油麦菜|盐水虾|米饭|虎皮青椒/雪菜毛豆|雪菜山药
8303,付皮包|白菜油付|米饭|香菇肉丝
8304,盐水虾|米饭|虎皮青椒/雪菜毛豆|黄豆猪脚
8305,付皮包|盐水虾|米饭|虎皮青椒/雪菜毛豆|黄豆猪脚
8306,水波蛋|盐水虾|米饭|虎皮青椒/雪菜毛豆|雪菜山药|黄豆猪脚
8307,水波蛋|盐水虾|米饭|花菜|香菇肉丝|黄豆猪脚
8308,油麦菜|米饭|花菜|虎皮青椒/雪菜毛豆|雪菜山药|黄豆猪脚
8309,水波蛋|油豆腐烧肉|米饭|香菇肉丝
831,大排/春卷|米饭|酸辣土豆丝|酸辣藕丝/木耳莴笋
8310,千叶豆腐肉丝|白菜油付|盐水虾|米饭|花菜|虎皮青椒/雪菜毛豆|黄豆猪脚
8311,水波蛋|白菜油付|米饭|花菜|葱油扇贝|香菇肉丝
8312,三色绿豆芽|水波蛋|米饭|红烧带鱼|虎皮青椒/雪菜毛豆|黄豆猪脚
8313,油豆腐烧肉|米饭|虎皮青椒/雪菜毛豆|香菇肉丝
8314,千叶豆腐肉丝|油豆腐烧肉|米饭|红烧带鱼
8315,付皮包|米饭|花菜|黄豆猪脚
8316,千叶豆腐肉丝|米饭|虎皮青椒/雪菜毛豆|青韭南瓜丝|香菇鸡块|黄豆猪脚
8317,冬瓜酿肉|水波蛋|盐水虾|米饭|花菜
8318,冬瓜酿肉|白菜油付|盐水虾|米饭|虎皮青椒/雪菜毛豆
8319,水波蛋|油豆腐烧肉|白菜油付|盐水虾|米饭|虎皮青椒/雪菜毛豆
832,卤肉|大排/春卷|米饭|酸辣藕丝/木耳莴笋
8320,付皮包|米饭|虎皮青椒/雪菜毛豆|青韭南瓜丝
8321,油豆腐烧肉|油麦菜|白菜油付|米饭|花菜|雪菜山药|青韭南瓜丝|黄豆猪脚
8322,三色绿豆芽|付皮包|米饭|香菇鸡块
8323,付皮包|千叶豆腐肉丝|油麦菜|米饭
8324,付皮包|水波蛋|油豆腐烧肉|米饭|雪菜山药
8325,水波蛋|白菜油付|盐水虾|米饭|虎皮青椒/雪菜毛豆|香菇肉丝|黄豆猪脚
8326,千叶豆腐肉丝|水波蛋|白菜油付|米饭|香菇肉丝
8327,油豆腐烧肉|白菜油付|盐水虾|米饭|虎皮青椒/雪菜毛豆|雪菜山药
8328,付皮包|千叶豆腐肉丝|油麦菜|米饭
8329,白菜油付|盐水虾|米饭
833,大排/春卷|米饭|虎皮尖椒/西葫芦炒蛋|酸辣土豆丝|香酥鸭肉/椒盐虾
8330,付皮包|油麦菜|米饭|红烧带鱼|虎皮青椒/雪菜毛豆|香菇鸡块|黄豆猪脚
8331,水波蛋|白菜油付|盐水虾|米饭|黄豆猪脚
8332,三色绿豆芽|付皮包|冬瓜酿肉|米饭|红烧带鱼|黄豆猪脚
8333,千叶豆腐肉丝|水波蛋|盐水虾|米饭|虎皮青椒/雪菜毛豆|黄豆猪脚
8334,冬瓜酿肉|千叶豆腐肉丝|油麦菜|米饭|虎皮青椒/雪菜毛豆|黄豆猪脚
8335,三色绿豆芽|冬瓜酿肉|油麦菜|米饭|黄豆猪脚
8336,付皮包|水波蛋|白菜油付|米饭|花菜|香菇肉丝|黄豆猪脚
8337,白菜油付|米饭|雪菜山药|香菇肉丝|黄豆猪脚
8338,白菜油付|米饭|香菇肉丝|香菇鸡块
8339,三色绿豆芽|油豆腐烧肉|油麦菜|白菜油付|盐水虾|米饭|虎皮青椒/雪菜毛豆|黄豆猪脚
834,大排/春卷|小炒|米饭|酸辣土豆丝
8340,油豆腐烧肉|盐水虾|米饭|虎皮青椒/雪菜毛豆|雪菜山药|黄豆猪脚
8341,付皮包|冬瓜酿肉|千叶豆腐肉丝|油麦菜|米饭|红烧带鱼|青韭南瓜丝
8342,冬瓜酿肉|千叶豆腐肉丝|水波蛋|油麦菜|盐水虾|米饭|虎皮青椒/雪菜毛豆
8343,水波蛋|油豆腐烧肉|白菜油付|盐水虾|虎皮青椒/雪菜毛豆
8344,水波蛋|白菜油付|盐水虾|米饭|虎皮青椒/雪菜毛豆|黄豆猪脚
8345,付皮包|米饭|虎皮青椒/雪菜毛豆|青韭南瓜丝
8346,水波蛋|米饭|虎皮青椒/雪菜毛豆|香菇肉丝
8347,水波蛋|米饭|红烧带鱼|虎皮青椒/雪菜毛豆|香菇肉丝
8348,冬瓜酿肉|油豆腐烧肉|白菜油付|米饭|花菜
8349,付皮包|米饭|虎皮青椒/雪菜毛豆|青韭南瓜丝
835,小炒|米饭|酸辣土豆丝|香酥鸭肉/椒盐虾
8350,三色绿豆芽|千叶豆腐肉丝|油麦菜|米饭|虎皮青椒/雪菜毛豆|香菇鸡块
8351,冬瓜酿肉|千叶豆腐肉丝|油豆腐烧肉|米饭|虎皮青椒/雪菜毛豆|青韭南瓜丝|香菇鸡块
8352,三色绿豆芽|付皮包|油麦菜|米饭|黄豆猪脚
8353,水波蛋|盐水虾|米饭|红烧带鱼|青韭南瓜丝|黄豆猪脚
8354,付皮包|水波蛋|白菜油付|盐水虾|米饭|虎皮青椒/雪菜毛豆|香菇肉丝
8355,千叶豆腐肉丝|水波蛋|油豆腐烧肉|米饭|虎皮青椒/雪菜毛豆|雪菜山药|黄豆猪脚
8356,三色绿豆芽|付皮包|油豆腐烧肉|米饭|红烧带鱼|虎皮青椒/雪菜毛豆|青韭南瓜丝
8357,付皮包|冬瓜酿肉|米饭|虎皮青椒/雪菜毛豆|青韭南瓜丝|香菇鸡块
8358,水波蛋|盐水虾|米饭|花菜|雪菜山药|黄豆猪脚
8359,千叶豆腐肉丝|水波蛋|油豆腐烧肉|白菜油付|盐水虾|米饭|花菜|虎皮青椒/雪菜毛豆|雪菜山药
836,卤肉|大排/春卷|小炒|米饭|酸辣藕丝/木耳莴笋|香酥鸭肉/椒盐虾
8360,冬瓜酿肉|水波蛋|白菜油付|盐水虾|米饭|红烧带鱼
8361,盐水虾|米饭|葱油扇贝|虎皮青椒/雪菜毛豆|雪菜山药
8362,油豆腐烧肉|米饭|青韭南瓜丝|黄豆猪脚
8363,三色绿豆芽|千叶豆腐肉丝|油麦菜|米饭|青韭南瓜丝|香菇鸡块
8364,三色绿豆芽|付皮包|千叶豆腐肉丝|米饭|虎皮青椒/雪菜毛豆|青韭南瓜丝
8365,付皮包|白菜油付|米饭|香菇肉丝|香菇鸡块
8366,三色绿豆芽|盐水虾|米饭|花菜|虎皮青椒/雪菜毛豆|雪菜山药|青韭南瓜丝
8367,冬瓜酿肉|油豆腐烧肉|米饭|虎皮青椒/雪菜毛豆|青韭南瓜丝
8368,油豆腐烧肉|白菜油付|盐水虾|米饭|雪菜山药|香菇肉丝|黄豆猪脚
8369,盐水虾|米饭|花菜|青韭南瓜丝|香菇肉丝
837,小黄鱼|米饭|虎皮尖椒/西葫芦炒蛋|酸辣土豆丝|香酥鸭肉/椒盐虾
8370,水波蛋|白菜油付|米饭|花菜|香菇肉丝|黄豆猪脚
8371,三色绿豆芽|油麦菜|米饭|虎皮青椒/雪菜毛豆|香菇鸡块
8372,付皮包|米饭|雪菜山药|黄豆猪脚
8373,水波蛋|白菜油付|米饭|花菜
8374,冬瓜酿肉|千叶豆腐肉丝|油豆腐烧肉|油麦菜|盐水虾|米饭|青韭南瓜丝|香菇肉丝
8375,水波蛋|白菜油付|盐水虾|米饭|花菜|葱油扇贝
8376,付皮包|油豆腐烧肉|米饭|虎皮青椒/雪菜毛豆|黄豆猪脚
8377,水波蛋|油豆腐烧肉|白菜油付|米饭|红烧带鱼|虎皮青椒/雪菜毛豆
8378,水波蛋|油豆腐烧肉|油麦菜|米饭|虎皮青椒/雪菜毛豆|香菇肉丝
8379,三色绿豆芽|付皮包|冬瓜酿肉|水波蛋|米饭|虎皮青椒/雪菜毛豆|黄豆猪脚
838,卤肉|清炒南瓜/豆芽|米饭|虎皮尖椒/西葫芦炒蛋|酸辣藕丝/木耳莴笋
8380,付皮包|冬瓜酿肉|千叶豆腐肉丝|油麦菜|米饭|虎皮青椒/雪菜毛豆
8381,三色绿豆芽|千叶豆腐肉丝|油麦菜|米饭|红烧带鱼|花菜|青韭南瓜丝|香菇鸡块
8382,三色绿豆芽|油豆腐烧肉|油麦菜|米饭|红烧排骨|虎皮青椒/雪菜毛豆
8383,付皮包|千叶豆腐肉丝|油豆腐烧肉|油麦菜|米饭|红烧排骨|葱油扇贝|虎皮青椒/雪菜毛豆|香菇肉丝
8384,付皮包|水波蛋|白菜油付|盐水虾|米饭|雪菜山药|香菇肉丝
8385,千叶豆腐肉丝|油豆腐烧肉|盐水虾|米饭|花菜|虎皮青椒/雪菜毛豆|香菇鸡块
8386,水波蛋|白菜油付|盐水虾|米饭|花菜|雪菜山药
8387,盐水虾|米饭|红烧排骨|虎皮青椒/雪菜毛豆
8388,付皮包|水波蛋|米饭|虎皮青椒/雪菜毛豆|雪菜山药|黄豆猪脚
8389,水波蛋|米饭|葱油扇贝|雪菜山药|香菇肉丝|黄豆猪脚
839,大排/春卷|清炒南瓜/豆芽|米饭|酸辣藕丝/木耳莴笋|香酥鸭肉/椒盐虾
8390,水波蛋|油豆腐烧肉|白菜油付|盐水虾|米饭|虎皮青椒/雪菜毛豆|雪菜山药|香菇鸡块|黄豆猪脚
8391,付皮包|千叶豆腐肉丝|白菜油付|米饭|花菜|虎皮青椒/雪菜毛豆
8392,水波蛋|米饭|花菜|虎皮青椒/雪菜毛豆
8393,油豆腐烧肉|油麦菜|盐水虾|米饭|红烧排骨|虎皮青椒/雪菜毛豆|青韭南瓜丝|香菇鸡块
8394,千叶豆腐肉丝|油豆腐烧肉|白菜油付|米饭|花菜|虎皮青椒/雪菜毛豆
8395,千叶豆腐肉丝|水波蛋|油豆腐烧肉|油麦菜|米饭|虎皮青椒/雪菜毛豆|青韭南瓜丝
8396,付皮包|水波蛋|白菜油付|盐水虾|虎皮青椒/雪菜毛豆|雪菜山药
8397,三色绿豆芽|千叶豆腐肉丝|油麦菜|米饭|红烧排骨|虎皮青椒/雪菜毛豆|香菇肉丝|黄豆猪脚
8398,付皮包|盐水虾|米饭|花菜|雪菜山药
8399,三色绿豆芽|油麦菜|米饭|红烧带鱼|红烧排骨|虎皮青椒/雪菜毛豆
840,卤肉|小炒|清炒南瓜/豆芽|米饭|虎皮尖椒/西葫芦炒蛋|香酥鸭肉/椒盐虾
8400,付皮包|千叶豆腐肉丝|米饭|花菜|虎皮青椒/雪菜毛豆|青韭南瓜丝|香菇鸡块
8401,水波蛋|油豆腐烧肉|白菜油付|盐水虾|米饭|雪菜山药
8402,三色绿豆芽|千叶豆腐肉丝|米饭|红烧带鱼|青韭南瓜丝|香菇鸡块
8403,千叶豆腐肉丝|盐水虾|米饭|红烧带鱼|花菜|雪菜山药|香菇鸡块
8404,油豆腐烧肉|米饭|虎皮青椒/雪菜毛豆
8405,白菜油付|米饭|雪菜山药|香菇肉丝|黄豆猪脚
8406,水波蛋|油豆腐烧肉|白菜油付|米饭|虎皮青椒/雪菜毛豆|香菇肉丝
8407,付皮包|千叶豆腐肉丝|水波蛋|米饭|花菜|雪菜山药|香菇肉丝
8408,米饭|红烧排骨|虎皮青椒/雪菜毛豆|香菇肉丝
8409,付皮包|油豆腐烧肉|米饭|红烧带鱼|红烧排骨|虎皮青椒/雪菜毛豆
841,卤肉|大排/春卷|小炒|清炒南瓜/豆芽|米饭|酸辣藕丝/木耳莴笋|香酥鸭肉/椒盐虾
8410,油豆腐烧肉|白菜油付|盐水虾|米饭|花菜|虎皮青椒/雪菜毛豆|香菇肉丝|黄豆猪脚
8411,三色绿豆芽|水波蛋|油麦菜|红烧排骨|虎皮青椒/雪菜毛豆|香菇鸡块
8412,水波蛋|油豆腐烧肉|盐水虾|米饭|花菜|香菇肉丝|黄豆猪脚
8413,三色绿豆芽|油豆腐烧肉|油麦菜|米饭|红烧带鱼|红烧排骨|虎皮青椒/雪菜毛豆
8414,付皮包|米饭|红烧带鱼|红烧排骨|虎皮青椒/雪菜毛豆|青韭南瓜丝
8415,油豆腐烧肉|盐水虾|米饭|虎皮青椒/雪菜毛豆|雪菜山药|香菇肉丝|黄豆猪脚
8416,白菜油付|米饭|虎皮青椒/雪菜毛豆|黄豆猪脚
8417,三色绿豆芽|米饭|虎皮青椒/雪菜毛豆|青韭南瓜丝
8418,三色绿豆芽|水波蛋|油豆腐烧肉|盐水虾|米饭|糖醋里脊|花菜|葱油扇贝|虎皮青椒/雪菜毛豆|香菇肉丝|黄豆猪脚
8419,水波蛋|油豆腐烧肉|白菜油付|米饭|糖醋里脊|花菜|葱油扇贝|香菇肉丝|黄豆猪脚
842,卤肉|米饭
8420,付皮包|千叶豆腐肉丝|油豆腐烧肉|油麦菜|米饭|红烧排骨|花菜|雪菜山药
8421,水波蛋|盐水虾|米饭|花菜|葱油扇贝
8422,三色绿豆芽|千叶豆腐肉丝|油豆腐烧肉|米饭|红烧排骨|虎皮青椒/雪菜毛豆|青韭南瓜丝
8423,油麦菜|糖醋里脊|红烧带鱼|红烧排骨|花菜|虎皮青椒/雪菜毛豆|香菇鸡块
8424,白菜油付|米饭|糖醋里脊|花菜|香菇肉丝|黄豆猪脚
8425,千叶豆腐肉丝|白菜油付|米饭|红烧带鱼|虎皮青椒/雪菜毛豆
8426,水波蛋|油豆腐烧肉|米饭|虎皮青椒/雪菜毛豆
8427,水波蛋|白菜油付|米饭|糖醋里脊
8428,付皮包|白菜油付|米饭|糖醋里脊|香菇肉丝
8429,白菜油付|盐水虾|米饭|香菇肉丝|香菇鸡块|黄豆猪脚
843,千叶豆腐肉丝|米饭|虎皮尖椒/西葫芦炒蛋|酸辣藕丝/木耳莴笋
8430,三色绿豆芽|油豆腐烧肉|米饭|糖醋里脊|虎皮青椒/雪菜毛豆|青韭南瓜丝|香菇鸡块
8431,水波蛋|米饭|糖醋里脊|红烧带鱼|花菜|虎皮青椒/雪菜毛豆
8432,水波蛋|白菜油付|盐水虾|米饭|糖醋里脊|葱油扇贝
8433,油豆腐烧肉|白菜油付|米饭|虎皮青椒/雪菜毛豆|雪菜山药
8434,付皮包|白菜油付|盐水虾|米饭|花菜|虎皮青椒/雪菜毛豆|香菇肉丝
8435,三色绿豆芽|白菜油付|盐水虾|米饭|糖醋里脊|花菜|芹菜香干|虎皮青椒/雪菜毛豆|黄豆猪脚
8436,三色绿豆芽|水波蛋|白菜油付|米饭|糖醋里脊|虎皮青椒/雪菜毛豆|香菇肉丝
8437,米饭|花菜|香菇肉丝|黄豆猪脚
8438,油豆腐烧肉|米饭|芹菜香干|虎皮青椒/雪菜毛豆|青韭南瓜丝|香菇鸡块
8439,油豆腐烧肉|米饭|芹菜香干|青韭南瓜丝|黄豆猪脚
844,千叶豆腐肉丝|卤肉|米饭|虎皮尖椒/西葫芦炒蛋|酸辣藕丝/木耳莴笋|香酥鸭肉/椒盐虾
8440,三色绿豆芽|千叶豆腐肉丝|油豆腐烧肉|米饭|糖醋里脊|花菜|虎皮青椒/雪菜毛豆
8441,千叶豆腐肉丝|米饭|青韭南瓜丝|香菇鸡块
8442,付皮包|白菜油付|盐水虾|米饭
8443,米饭|糖醋里脊|虎皮青椒/雪菜毛豆
8444,三色绿豆芽|付皮包|千叶豆腐肉丝|白菜油付|盐水虾|米饭|芹菜香干|雪菜山药
8445,白菜油付|米饭|花菜|黄豆猪脚
8446,白菜油付|米饭|虎皮青椒/雪菜毛豆
8447,付皮包|米饭|糖醋里脊|红烧带鱼|芹菜香干|虎皮青椒/雪菜毛豆
8448,付皮包|油豆腐烧肉|米饭|糖醋里脊|红烧带鱼|芹菜香干|虎皮青椒/雪菜毛豆
8449,米饭|芹菜香干|虎皮青椒/雪菜毛豆|黄豆猪脚
845,大排/春卷|小炒|清炒南瓜/豆芽|米饭
8450,千叶豆腐肉丝|油豆腐烧肉|白菜油付|米饭|红烧带鱼|芹菜香干|虎皮青椒/雪菜毛豆
8451,三色绿豆芽|油豆腐烧肉|米饭|糖醋里脊|红烧带鱼|芹菜香干|虎皮青椒/雪菜毛豆
8452,油豆腐烧肉|白菜油付|米饭|青韭南瓜丝|香菇肉丝
8453,付皮包|千叶豆腐肉丝|油豆腐烧肉|白菜油付|盐水虾|米饭|红烧带鱼
8454,三色绿豆芽|米饭|糖醋里脊|芹菜香干|青韭南瓜丝|黄豆猪脚
8455,付皮包|米饭|芹菜香干|虎皮青椒/雪菜毛豆|黄豆猪脚
8456,水波蛋|白菜油付|米饭|糖醋里脊|花菜|虎皮青椒/雪菜毛豆
8457,付皮包|白菜油付|米饭|糖醋里脊|红烧带鱼|虎皮青椒/雪菜毛豆
8458,三色绿豆芽|水波蛋|米饭|糖醋里脊|芹菜香干|黄豆猪脚
8459,油豆腐烧肉|白菜油付|米饭|糖醋里脊|葱油扇贝
846,大排/春卷|清炒南瓜/豆芽|米饭|酸辣藕丝/木耳莴笋|香酥鸭肉/椒盐虾
8460,三色绿豆芽|油豆腐烧肉|米饭
8461,油豆腐烧肉|白菜油付|米饭|糖醋里脊|虎皮青椒/雪菜毛豆|香菇肉丝|黄豆猪脚
8462,三色绿豆芽|米饭|糖醋里脊|葱油扇贝|虎皮青椒/雪菜毛豆
8463,白菜油付|米饭|糖醋里脊|虎皮青椒/雪菜毛豆|香菇肉丝
8464,付皮包|油豆腐烧肉|白菜油付|米饭|糖醋里脊|花菜
8465,油豆腐烧肉|米饭|糖醋里脊|虎皮青椒/雪菜毛豆
8466,付皮包|米饭|糖醋里脊|芹菜香干|虎皮青椒/雪菜毛豆
8467,白菜油付|米饭|糖醋里脊|芹菜香干|虎皮青椒/雪菜毛豆
8468,米饭|糖醋里脊|葱油扇贝|香菇肉丝
8469,油豆腐烧肉|米饭|芹菜香干|虎皮青椒/雪菜毛豆
847,千叶豆腐肉丝|卤肉|小炒|清炒南瓜/豆芽|米饭|虎皮尖椒/西葫芦炒蛋
8470,三色绿豆芽|付皮包|米饭|糖醋里脊|虎皮青椒/雪菜毛豆|香菇鸡块|黄豆猪脚
8471,米饭|糖醋里脊|虎皮青椒/雪菜毛豆|香菇肉丝
8472,米饭|糖醋里脊|虎皮青椒/雪菜毛豆|香菇肉丝
8473,千叶豆腐肉丝|油豆腐烧肉|白菜油付|米饭|糖醋里脊|花菜|葱油扇贝|虎皮青椒/雪菜毛豆|黄豆猪脚
8474,三色绿豆芽|千叶豆腐肉丝|水波蛋|油豆腐烧肉|米饭|糖醋里脊|芹菜香干
8475,付皮包|米饭|芹菜香干|虎皮青椒/雪菜毛豆|香菇肉丝
8476,白菜油付|米饭|糖醋里脊|花菜
8477,油豆腐烧肉|米饭|糖醋里脊|虎皮青椒/雪菜毛豆
8478,三色绿豆芽|水波蛋|米饭|糖醋里脊|红烧带鱼|芹菜香干|虎皮青椒/雪菜毛豆|青韭南瓜丝
8479,千叶豆腐肉丝|油豆腐烧肉|白菜油付|米饭|花菜|虎皮青椒/雪菜毛豆
848,千叶豆腐肉丝|卤肉|大排/春卷|小炒|米饭|香酥鸭肉/椒盐虾
8480,米饭|糖醋里脊|茭白肉丝小炒|虎皮青椒/雪菜毛豆|香菇肉丝
8481,白菜油付|米饭
8482,白菜油付|米饭|糖醋里脊|茭白肉丝小炒|虎皮青椒/雪菜毛豆|香菇肉丝
8483,水波蛋|米饭|糖醋里脊|虎皮青椒/雪菜毛豆|雪菜山药|黄豆猪脚
8484,白菜油付|米饭|茭白肉丝小炒|虎皮青椒/雪菜毛豆|香菇鸡块
8485,白菜油付|米饭|茭白肉丝小炒|香菇肉丝
8486,油豆腐烧肉|白菜油付|米饭|芹菜香干|茭白肉丝小炒|香菇肉丝
8487,油豆腐烧肉|米饭|红烧带鱼|芹菜香干|虎皮青椒/雪菜毛豆|青韭南瓜丝
8488,白菜油付|米饭|虎皮青椒/雪菜毛豆|青韭南瓜丝
8489,三色绿豆芽|白菜油付|米饭|糖醋里脊|虎皮青椒/雪菜毛豆
849,千叶豆腐肉丝|小炒|小黄鱼|米饭|酸辣藕丝/木耳莴笋
8490,三色绿豆芽|米饭|糖醋里脊|茭白肉丝小炒|香菇肉丝
8491,油豆腐烧肉|米饭|红烧带鱼|芹菜香干|茭白肉丝小炒|虎皮青椒/雪菜毛豆|青韭南瓜丝
8492,千叶豆腐肉丝|白菜油付|米饭|虎皮青椒/雪菜毛豆|香菇肉丝
8493,油豆腐烧肉|米饭|糖醋里脊|红烧带鱼|芹菜香干|香菇肉丝
8494,水波蛋|白菜油付|米饭|青韭南瓜丝
8495,三色绿豆芽|千叶豆腐肉丝|米饭|芹菜香干|茭白肉丝小炒
8496,水波蛋|油豆腐烧肉|白菜油付|米饭|糖醋里脊|茭白肉丝小炒|虎皮青椒/雪菜毛豆
8497,米饭|香菇鸡块
8498,白菜油付|米饭|糖醋里脊|雪菜山药|黄豆猪脚
8499,水波蛋|油豆腐烧肉|白菜油付|米饭|糖醋里脊|茭白肉丝小炒|虎皮青椒/雪菜毛豆|黄豆猪脚
850,卤肉|大排/春卷|清炒南瓜/豆芽|米饭
8500,米饭|糖醋里脊|虎皮青椒/雪菜毛豆
8501,千叶豆腐肉丝|米饭|红烧带鱼|芹菜香干|青韭南瓜丝
8502,油豆腐烧肉|米饭|虎皮青椒/雪菜毛豆|青韭南瓜丝|香菇肉丝
8503,油豆腐烧肉|米饭|红烧带鱼|芹菜香干|茭白肉丝小炒|雪菜山药|青韭南瓜丝|香菇鸡块
8504,白菜油付|米饭|花菜|虎皮青椒/雪菜毛豆
8505,油豆腐烧肉|白菜油付|米饭|虎皮青椒/雪菜毛豆|雪菜山药
8506,白菜油付|米饭|糖醋里脊|茭白肉丝小炒|虎皮青椒/雪菜毛豆|香菇肉丝|黄豆猪脚
8507,三色绿豆芽|米饭|芹菜香干|香菇鸡块
8508,千叶豆腐肉丝|油豆腐烧肉|米饭|茭白肉丝小炒
8509,油豆腐烧肉|米饭|糖醋里脊|花菜|芹菜香干
851,小炒|米饭|虎皮尖椒/西葫芦炒蛋|香酥鸭肉/椒盐虾
8510,米饭|花菜|虎皮青椒/雪菜毛豆|青韭南瓜丝|香菇肉丝
8511,油豆腐烧肉|米饭|芹菜香干|葱油扇贝|虎皮青椒/雪菜毛豆|香菇鸡块
8512,米饭|糖醋里脊|茭白肉丝小炒|虎皮青椒/雪菜毛豆|黄豆猪脚
8513,油豆腐烧肉|白菜油付|米饭|糖醋里脊|花菜|青韭南瓜丝
8514,油豆腐烧肉|米饭|茭白肉丝小炒|虎皮青椒/雪菜毛豆|香菇肉丝
8515,米饭|糖醋里脊|茭白肉丝小炒|虎皮青椒/雪菜毛豆|香菇肉丝|黄豆猪脚
8516,油豆腐烧肉|米饭|芹菜香干|茭白肉丝小炒
8517,米饭|花菜|茭白肉丝小炒|虎皮青椒/雪菜毛豆|香菇鸡块|黄豆猪脚
8518,油豆腐烧肉|白菜油付|虎皮青椒/雪菜毛豆|香菇肉丝|黄豆猪脚
8519,米饭
852,卤肉|大排/春卷|小炒|米饭|酸辣藕丝/木耳莴笋
8520,三色绿豆芽|油豆腐烧肉|米饭|花菜|香菇肉丝|黄豆猪脚
8521,油豆腐烧肉|米饭|花菜|茭白肉丝小炒|香菇肉丝
8522,海带丝|白菜油付|米饭|葱油扇贝|虎皮青椒/雪菜毛豆|香菇肉丝
8523,米饭|糖醋里脊|茭白肉丝小炒|葱油扇贝|虎皮青椒/雪菜毛豆
8524,油豆腐烧肉|白菜油付|米饭|花菜|虎皮青椒/雪菜毛豆|香菇肉丝
8525,海带丝|米饭|葱油扇贝|虎皮青椒/雪菜毛豆|香菇肉丝
8526,海带丝|白菜油付|米饭|茭白肉丝小炒|虎皮青椒/雪菜毛豆|香菇肉丝
8527,米饭|糖醋里脊
8528,油豆腐烧肉|白菜油付|米饭|糖醋里脊|葱油扇贝
8529,油豆腐烧肉|海带丝|米饭|糖醋里脊|花菜|葱油扇贝|虎皮青椒/雪菜毛豆|香菇肉丝
853,卤肉|大排/春卷|清炒南瓜/豆芽|米饭|香酥鸭肉/椒盐虾
8530,海带丝|米饭|花菜|虎皮青椒/雪菜毛豆
8531,油豆腐烧肉|白菜油付|米饭|糖醋里脊|花菜|茭白肉丝小炒|虎皮青椒/雪菜毛豆
8532,油豆腐烧肉|米饭|花菜|茭白肉丝小炒
8533,千叶豆腐肉丝|白菜油付|米饭|虎皮青椒/雪菜毛豆
8534,油豆腐烧肉|海带丝|白菜油付|米饭|花菜|茭白肉丝小炒
8535,米饭|茭白肉丝小炒|葱油扇贝|虎皮青椒/雪菜毛豆|香菇肉丝|黄豆猪脚
8536,油豆腐烧肉|茭白肉丝小炒|葱油扇贝|虎皮青椒/雪菜毛豆
8537,米饭|糖醋里脊|红烧排骨|茭白肉丝小炒
8538,米饭|糖醋里脊|花菜
8539,油豆腐烧肉|米饭|茭白肉丝小炒|葱油扇贝
854,卤肉|大排/春卷|小炒|小黄鱼|米饭|酸辣藕丝/木耳莴笋
8540,海带丝|米饭|糖醋里脊|花菜|葱油扇贝|黄豆猪脚
8541,米饭|茭白肉丝小炒|虎皮青椒/雪菜毛豆|香菇肉丝|黄豆猪脚
8542,油豆腐烧肉|海带丝|米饭|茭白肉丝小炒|香菇肉丝
8543,油豆腐烧肉|米饭|花菜|虎皮青椒/雪菜毛豆
8544,米饭|糖醋里脊|花菜|茭白肉丝小炒|香菇肉丝|黄豆猪脚
8545,油豆腐烧肉|海带丝|米饭|茭白肉丝小炒|虎皮青椒/雪菜毛豆|香菇肉丝
8546,小青菜|米饭|葱油娃娃菜|西葫芦炒蛋|酱鸭|酸辣土豆丝|青椒水面筋|青椒藕片
8547,扎肉|木耳莴笋|米饭|葱油芋头/红烧萝卜
8548,扎肉|葱油娃娃菜|青椒藕片
8549,扎肉|木耳莴笋|米饭|葱油芋头/红烧萝卜
855,卤肉|米饭|虎皮尖椒/西葫芦炒蛋|酸辣藕丝/木耳莴笋
8550,大排|素烧鹅|葱油芋头/红烧萝卜|韭黄肉丝小炒
8551,扎肉|米饭|西葫芦炒蛋|韭黄肉丝小炒
8552,木耳莴笋|米饭|素烧鹅
8553,油爆虾|米饭|长江豆肉丝|青椒藕片
8554,扎肉|米饭|葱油芋头/红烧萝卜|西葫芦炒蛋|韭黄肉丝小炒
8555,米饭|葱油娃娃菜|长江豆肉丝
8556,大排|油爆虾|素烧鹅|葱油娃娃菜|长江豆肉丝|青椒藕片
8557,米饭|葱油芋头/红烧萝卜|葱油鸡
8558,米饭|葱油鸡|酱鸭|韭黄肉丝小炒
8559,木耳莴笋|油爆虾|油豆腐烧肉|米饭|素烧鹅|葱油芋头/红烧萝卜
856,米饭|虎皮尖椒/西葫芦炒蛋|酸辣藕丝/木耳莴笋|香酥鸭肉/椒盐虾
8560,小青菜|扎肉|米饭|葱油娃娃菜|葱油芋头/红烧萝卜|西葫芦炒蛋|韭黄肉丝小炒
8561,木耳莴笋|油豆腐烧肉|米饭|葱油娃娃菜|西葫芦炒蛋|青椒水面筋
8562,扎肉|油爆虾|油豆腐烧肉|米饭|葱油娃娃菜|西葫芦炒蛋|酱鸭|长江豆肉丝
8563,小青菜|木耳莴笋|米饭|素烧鹅|葱油芋头/红烧萝卜|酸辣土豆丝|青椒水面筋
8564,木耳莴笋|油爆虾|油豆腐烧肉|米饭|素烧鹅|葱油娃娃菜|西葫芦炒蛋|长江豆肉丝|青椒水面筋
8565,扎肉|木耳莴笋|油爆虾|米饭|素烧鹅|葱油芋头/红烧萝卜|酱鸭|长江豆肉丝|青椒水面筋|青椒藕片
8566,木耳莴笋|油爆虾|米饭|素烧鹅|葱油娃娃菜|葱油芋头/红烧萝卜|长江豆肉丝
8567,木耳莴笋|米饭|素烧鹅|葱油芋头/红烧萝卜|西葫芦炒蛋|酱鸭|青椒水面筋
8568,小青菜|木耳莴笋|油爆虾|米饭|葱油娃娃菜|西葫芦炒蛋|酱鸭|青椒水面筋|青椒藕片|韭黄肉丝小炒
8569,小青菜|扎肉|米饭|葱油娃娃菜|葱油芋头/红烧萝卜|西葫芦炒蛋
857,千叶豆腐肉丝|卤肉|大排/春卷|小炒|米饭|酸辣土豆丝|酸辣藕丝/木耳莴笋
8570,小青菜|油豆腐烧肉|米饭|葱油芋头/红烧萝卜|葱油鸡|西葫芦炒蛋|酱鸭|青椒水面筋
8571,米饭|葱油娃娃菜|葱油鸡|韭黄肉丝小炒
8572,大排|米饭|西葫芦炒蛋|长江豆肉丝|韭黄肉丝小炒
8573,大排|米饭|葱油芋头/红烧萝卜|韭黄肉丝小炒
8574,大排|扎肉
8575,米饭|素烧鹅|葱油娃娃菜|葱油芋头/红烧萝卜|酱鸭
8576,大排|米饭|葱油芋头/红烧萝卜|西葫芦炒蛋|长江豆肉丝
8577,木耳莴笋|油豆腐烧肉|米饭|葱油娃娃菜|葱油鸡
8578,扎肉|葱油鸡|西葫芦炒蛋|青椒藕片
8579,大排|小青菜|米饭|西葫芦炒蛋|韭黄肉丝小炒
858,千叶豆腐肉丝|卤肉|大排/春卷|小炒|清炒南瓜/豆芽|米饭|虎皮尖椒/西葫芦炒蛋|酸辣土豆丝|酸辣藕丝/木耳莴笋|香酥鸭肉/椒盐虾
8580,大排|小青菜|米饭|葱油芋头/红烧萝卜|青椒藕片
8581,油爆虾|油豆腐烧肉|米饭|葱油芋头/红烧萝卜|酸辣土豆丝|长江豆肉丝
8582,木耳莴笋|米饭|葱油芋头/红烧萝卜|西葫芦炒蛋
8583,米饭|葱油芋头/红烧萝卜|韭黄肉丝小炒
8584,大排|米饭|葱油娃娃菜|葱油芋头/红烧萝卜
8585,木耳莴笋|米饭|葱油芋头/红烧萝卜|葱油鸡|长江豆肉丝
8586,木耳莴笋|米饭|素烧鹅|葱油芋头/红烧萝卜|葱油鸡
8587,油豆腐烧肉|米饭|葱油芋头/红烧萝卜|葱油鸡|酸辣土豆丝|长江豆肉丝
8588,扎肉|米饭|葱油芋头/红烧萝卜|西葫芦炒蛋|青椒藕片
8589,小青菜|扎肉|米饭|葱油芋头/红烧萝卜|酱鸭|韭黄肉丝小炒
859,大排/春卷|小炒|清炒南瓜/豆芽
8590,米饭|素烧鹅|西葫芦炒蛋|酱鸭|青椒藕片
8591,大排|木耳莴笋|米饭|素烧鹅|葱油芋头/红烧萝卜|长江豆肉丝|青椒水面筋
8592,小青菜|米饭|葱油芋头/红烧萝卜|葱油鸡|长江豆肉丝
8593,油爆虾|米饭|素烧鹅|葱油芋头/红烧萝卜|葱油鸡|酸辣土豆丝|长江豆肉丝|青椒水面筋
8594,小青菜|葱油芋头/红烧萝卜|韭黄肉丝小炒
8595,油爆虾|油豆腐烧肉|米饭|酸辣土豆丝|长江豆肉丝
8596,木耳莴笋|油爆虾|油豆腐烧肉|米饭|葱油芋头/红烧萝卜|葱油鸡|酸辣土豆丝
8597,木耳莴笋|米饭|素烧鹅|葱油芋头/红烧萝卜|葱油鸡|西葫芦炒蛋|长江豆肉丝|青椒水面筋
8598,扎肉|木耳莴笋|油爆虾|米饭|葱油芋头/红烧萝卜
8599,大排|米饭|葱油芋头/红烧萝卜|韭黄肉丝小炒
860,小炒|小黄鱼|米饭|酸辣藕丝/木耳莴笋
8600,米饭|西葫芦炒蛋|酱鸭
8601,木耳莴笋|米饭|葱油芋头/红烧萝卜|长江豆肉丝
8602,米饭|素烧鹅|葱油鸡|酸辣土豆丝|青椒水面筋|韭黄肉丝小炒
8603,大排|米饭|韭黄肉丝小炒
8604,木耳莴笋|油豆腐烧肉|米饭|葱油娃娃菜|酱鸭|青椒水面筋
8605,小青菜|木耳莴笋|油爆虾|米饭|葱油芋头/红烧萝卜|长江豆肉丝|青椒水面筋|青椒藕片|韭黄肉丝小炒
8606,木耳莴笋|油豆腐烧肉|米饭|葱油芋头/红烧萝卜|酱鸭|酸辣土豆丝|长江豆肉丝
8607,米饭|葱油娃娃菜|西葫芦炒蛋|青椒藕片
8608,米饭|葱油芋头/红烧萝卜|葱油鸡|西葫芦炒蛋|长江豆肉丝
8609,扎肉|米饭|素烧鹅|西葫芦炒蛋|酱鸭|酸辣土豆丝
861,小炒|小黄鱼|米饭|酸辣土豆丝|酸辣藕丝/木耳莴笋|香酥鸭肉/椒盐虾
8610,小青菜|米饭|葱油鸡|西葫芦炒蛋|青椒藕片|韭黄肉丝小炒
8611,大排|小青菜|米饭|葱油芋头/红烧萝卜|西葫芦炒蛋|韭黄肉丝小炒
8612,木耳莴笋|油爆虾|油豆腐烧肉|米饭|素烧鹅|葱油鸡|长江豆肉丝|青椒水面筋
8613,油豆腐烧肉|米饭|素烧鹅|青椒水面筋|青椒藕片|韭黄肉丝小炒
8614,大排|小青菜|木耳莴笋|米饭
8615,油豆腐烧肉|米饭|酸辣土豆丝|长江豆肉丝
8616,扎肉|木耳莴笋|油爆虾|米饭|素烧鹅|葱油芋头/红烧萝卜|长江豆肉丝
8617,小青菜|扎肉|米饭|素烧鹅|葱油芋头/红烧萝卜
8618,大排|油爆虾|油豆腐烧肉|米饭|葱油芋头/红烧萝卜
8619,小青菜|米饭|葱油娃娃菜|葱油芋头/红烧萝卜|葱油鸡|酱鸭|青椒藕片|韭黄肉丝小炒
862,卤肉|小炒|米饭|香酥鸭肉/椒盐虾
8620,米饭|西葫芦炒蛋|酱鸭|青椒藕片|韭黄肉丝小炒
8621,木耳莴笋|油爆虾|油豆腐烧肉|米饭|葱油芋头/红烧萝卜|葱油鸡|酸辣土豆丝|长江豆肉丝
8622,米饭|素烧鹅|葱油芋头/红烧萝卜|葱油鸡|酸辣土豆丝|长江豆肉丝
8623,米饭|葱油娃娃菜|葱油芋头/红烧萝卜|葱油鸡|酱鸭|青椒藕片
8624,油爆虾|米饭|葱油娃娃菜|葱油鸡|酱鸭|长江豆肉丝
8625,木耳莴笋|米饭|葱油芋头/红烧萝卜|葱油鸡|酸辣土豆丝|长江豆肉丝
8626,米饭|葱油鸡|酸辣土豆丝|青椒水面筋
8627,木耳莴笋|油豆腐烧肉|米饭|长江豆肉丝
8628,扎肉|木耳莴笋|米饭|酱鸭|酸辣土豆丝|青椒藕片
8629,大排|木耳莴笋|油爆虾|米饭|素烧鹅|葱油鸡|酸辣土豆丝|青椒藕片
863,千叶豆腐肉丝|卤肉|小炒|米饭|香酥鸭肉/椒盐虾
8630,木耳莴笋|油爆虾|米饭|葱油鸡|长江豆肉丝
8631,大排|米饭|素烧鹅|葱油芋头/红烧萝卜|青椒藕片
8632,木耳莴笋|米饭|葱油鸡|酸辣土豆丝|长江豆肉丝
8633,小青菜|米饭|葱油娃娃菜|葱油鸡|西葫芦炒蛋|酱鸭|青椒藕片|韭黄肉丝小炒
8634,木耳莴笋|油爆虾|米饭|葱油芋头/红烧萝卜
8635,大排|米饭|葱油娃娃菜|青椒藕片
8636,油爆虾|米饭|素烧鹅|葱油娃娃菜|葱油芋头/红烧萝卜|葱油鸡|西葫芦炒蛋|酱鸭|韭黄肉丝小炒
8637,米饭|葱油娃娃菜|葱油芋头/红烧萝卜|葱油鸡|西葫芦炒蛋|青椒藕片
8638,米饭|素烧鹅|葱油芋头/红烧萝卜|青椒藕片
8639,大排|木耳莴笋|米饭|素烧鹅|酸辣土豆丝|韭黄肉丝小炒
864,卤肉|清炒南瓜/豆芽|米饭|虎皮尖椒/西葫芦炒蛋
8640,米饭|葱油娃娃菜|葱油鸡|西葫芦炒蛋
8641,大排|小青菜|米饭|西葫芦炒蛋|韭黄肉丝小炒
8642,扎肉|木耳莴笋|米饭|长江豆肉丝|青椒水面筋
8643,木耳莴笋|油爆虾|米饭|素烧鹅|长江豆肉丝|青椒水面筋
8644,大排|米饭|韭黄肉丝小炒
8645,大排|米饭|葱油芋头/红烧萝卜|西葫芦炒蛋|青椒藕片
8646,木耳莴笋|油爆虾|米饭|素烧鹅|青椒水面筋
8647,木耳莴笋|米饭|素烧鹅|葱油鸡
8648,木耳莴笋|米饭|素烧鹅|葱油芋头/红烧萝卜|葱油鸡|酸辣土豆丝
8649,大排|小青菜|米饭|葱油芋头/红烧萝卜|西葫芦炒蛋|韭黄肉丝小炒
865,卤肉|大排/春卷|小炒|小黄鱼|清炒南瓜/豆芽|米饭|虎皮尖椒/西葫芦炒蛋|酸辣土豆丝|酸辣藕丝/木耳莴笋|香酥鸭肉/椒盐虾
8650,木耳莴笋|油豆腐烧肉|米饭|素烧鹅|葱油芋头/红烧萝卜|葱油鸡|酸辣土豆丝
8651,扎肉|米饭|葱油鸡|西葫芦炒蛋|酱鸭|韭黄肉丝小炒
8652,大排|米饭|葱油芋头/红烧萝卜|西葫芦炒蛋|酱鸭|青椒藕片
8653,大排|扎肉|米饭|葱油娃娃菜|葱油芋头/红烧萝卜
8654,扎肉|木耳莴笋|米饭|青椒水面筋
8655,小青菜|木耳莴笋|葱油娃娃菜|葱油芋头/红烧萝卜|葱油鸡|酱鸭|青椒水面筋
8656,大排|米饭|西葫芦炒蛋|青椒藕片
8657,米饭|葱油鸡|酸辣土豆丝|长江豆肉丝
8658,米饭|葱油芋头/红烧萝卜|西葫芦炒蛋
8659,米饭|葱油鸡|西葫芦炒蛋|韭黄肉丝小炒
866,大排/春卷|小黄鱼|米饭|虎皮尖椒/西葫芦炒蛋|酸辣土豆丝|酸辣藕丝/木耳莴笋|香酥鸭肉/椒盐虾
8660,大排|小青菜|木耳莴笋|油爆虾|米饭|葱油芋头/红烧萝卜|西葫芦炒蛋|酸辣土豆丝|青椒水面筋|青椒藕片
8661,大排|米饭|葱油娃娃菜|酸辣土豆丝|青椒水面筋
8662,扎肉|葱油芋头/红烧萝卜|西葫芦炒蛋
8663,木耳莴笋|米饭|葱油芋头/红烧萝卜|酸辣土豆丝
8664,大排|木耳莴笋|米饭|葱油娃娃菜|葱油芋头/红烧萝卜|酱鸭|酸辣土豆丝|青椒水面筋|韭黄肉丝小炒
8665,扎肉|木耳莴笋|米饭|西葫芦炒蛋
8666,小青菜|扎肉|米饭|葱油芋头/红烧萝卜|西葫芦炒蛋
8667,油爆虾|素烧鹅|葱油娃娃菜|青椒水面筋|青椒藕片|韭黄肉丝小炒
8668,木耳莴笋|油爆虾|米饭|葱油芋头/红烧萝卜|葱油鸡|酸辣土豆丝|长江豆肉丝
8669,扎肉|油爆虾|米饭|葱油娃娃菜|葱油芋头/红烧萝卜|西葫芦炒蛋|青椒水面筋
867,卤肉|米饭|酸辣藕丝/木耳莴笋|香酥鸭肉/椒盐虾
8670,大排|米饭|葱油芋头/红烧萝卜|葱油鸡|西葫芦炒蛋|青椒藕片|韭黄肉丝小炒
8671,小青菜|扎肉|米饭|葱油芋头/红烧萝卜|葱油鸡|西葫芦炒蛋|酱鸭|青椒藕片
8672,大排|小青菜|油爆虾|米饭|韭黄肉丝小炒
8673,扎肉|米饭|素烧鹅|葱油芋头/红烧萝卜|葱油鸡|西葫芦炒蛋|青椒水面筋
8674,扎肉|木耳莴笋|油爆虾|米饭|葱油芋头/红烧萝卜|酸辣土豆丝|长江豆肉丝
8675,米饭|葱油娃娃菜|葱油鸡|酸辣土豆丝|长江豆肉丝
8676,米饭|素烧鹅|西葫芦炒蛋|韭黄肉丝小炒
8677,大排|米饭|素烧鹅|葱油娃娃菜|韭黄肉丝小炒
8678,扎肉|米饭|素烧鹅|葱油芋头/红烧萝卜|酸辣土豆丝|青椒水面筋
8679,大排|木耳莴笋|油爆虾|米饭
868,卤肉|小炒|米饭|虎皮尖椒/西葫芦炒蛋|酸辣土豆丝
8680,素烧鹅|葱油芋头/红烧萝卜|西葫芦炒蛋|韭黄肉丝小炒
8681,木耳莴笋|米饭|葱油娃娃菜|葱油芋头/红烧萝卜|葱油鸡|青椒藕片
8682,大排|米饭|葱油娃娃菜|葱油芋头/红烧萝卜|西葫芦炒蛋|酱鸭|韭黄肉丝小炒
8683,油爆虾|米饭|素烧鹅|葱油娃娃菜
8684,大排|小青菜|米饭|葱油娃娃菜|葱油芋头/红烧萝卜|青椒藕片
8685,大排|米饭|葱油娃娃菜|韭黄肉丝小炒
8686,大排|油爆虾|米饭|葱油娃娃菜|葱油芋头/红烧萝卜|青椒水面筋
8687,大排|油爆虾|米饭|西葫芦炒蛋|酱鸭|酸辣土豆丝|青椒藕片
8688,油爆虾|米饭|青椒水面筋
8689,米饭|葱油芋头/红烧萝卜|葱油鸡|西葫芦炒蛋|长江豆肉丝
869,千叶豆腐肉丝|卤肉|米饭|酸辣土豆丝|酸辣藕丝/木耳莴笋|香酥鸭肉/椒盐虾
8690,小青菜|米饭|酱鸭|青椒藕片
8691,米饭|葱油娃娃菜|青椒藕片|韭黄肉丝小炒
8692,小青菜|米饭|葱油芋头/红烧萝卜|雪菜蛋饺
8693,大排|木耳莴笋|油爆虾|米饭|酸辣土豆丝|长江豆肉丝
8694,大排|米饭|葱油芋头/红烧萝卜|长江豆肉丝
8695,木耳莴笋|油豆腐烧肉|米饭|素烧鹅|葱油芋头/红烧萝卜|长江豆肉丝|青椒水面筋|韭黄肉丝小炒
8696,大排|扎肉|木耳莴笋|米饭|素烧鹅|葱油芋头/红烧萝卜|酸辣土豆丝
8697,小青菜|扎肉|米饭|葱油娃娃菜|葱油芋头/红烧萝卜|西葫芦炒蛋|韭黄肉丝小炒
8698,小青菜|米饭|葱油娃娃菜|西葫芦炒蛋|雪菜蛋饺|青椒藕片|韭黄肉丝小炒
8699,木耳莴笋|油爆虾|油豆腐烧肉|米饭|葱油鸡|酸辣土豆丝|青椒水面筋
870,卤肉|大排/春卷|小炒|米饭|香酥鸭肉/椒盐虾
8700,小青菜|木耳莴笋|素烧鹅|葱油娃娃菜|葱油芋头/红烧萝卜|葱油鸡|西葫芦炒蛋|青椒水面筋
8701,大排|油爆虾|葱油娃娃菜|葱油芋头/红烧萝卜|葱油鸡|青椒水面筋|韭黄肉丝小炒
8702,小青菜|米饭|葱油娃娃菜|葱油芋头/红烧萝卜|西葫芦炒蛋|雪菜蛋饺|韭黄肉丝小炒
8703,米饭|素烧鹅|青椒水面筋
8704,小青菜|米饭|素烧鹅|葱油娃娃菜|葱油芋头/红烧萝卜|西葫芦炒蛋|酸辣土豆丝|韭黄肉丝小炒
8705,扎肉|米饭|素烧鹅|葱油芋头/红烧萝卜|酸辣土豆丝
8706,小青菜|扎肉|米饭|葱油娃娃菜|葱油芋头/红烧萝卜|雪菜蛋饺|青椒藕片
8707,大排|小青菜|木耳莴笋|米饭|素烧鹅|葱油芋头/红烧萝卜|酸辣土豆丝|雪菜蛋饺
8708,小青菜|米饭|素烧鹅|葱油芋头/红烧萝卜|青椒水面筋|青椒藕片|韭黄肉丝小炒
8709,米饭|葱油芋头/红烧萝卜|葱油鸡|青椒藕片|韭黄肉丝小炒
871,大排/春卷|小炒|小黄鱼|米饭|虎皮尖椒/西葫芦炒蛋|酸辣土豆丝
8710,西葫芦炒蛋|长江豆肉丝|韭黄肉丝小炒
8711,油豆腐烧肉|米饭|葱油芋头/红烧萝卜|长江豆肉丝
8712,米饭
8713,木耳莴笋|油豆腐烧肉|米饭|葱油鸡|酸辣土豆丝|长江豆肉丝|青椒水面筋
8714,大排|米饭|葱油娃娃菜|西葫芦炒蛋|酸辣土豆丝|雪菜蛋饺|韭黄肉丝小炒
8715,大排|小青菜|米饭|葱油芋头/红烧萝卜|西葫芦炒蛋|青椒藕片|韭黄肉丝小炒
8716,扎肉|油爆虾|米饭|酸辣土豆丝|青椒水面筋
8717,米饭|葱油娃娃菜
8718,米饭|葱油鸡
8719,小青菜|米饭|葱油鸡|西葫芦炒蛋|雪菜蛋饺|青椒藕片
872,大排/春卷|小炒|小黄鱼|米饭
8720,大排|扎肉|油豆腐烧肉|米饭|素烧鹅|葱油鸡|西葫芦炒蛋|酸辣土豆丝|长江豆肉丝|韭黄肉丝小炒
8721,大排|油爆虾|葱油娃娃菜|酸辣土豆丝|青椒水面筋|韭黄肉丝小炒
8722,扎肉|米饭|葱油娃娃菜|葱油鸡|酸辣土豆丝|长江豆肉丝|雪菜蛋饺|青椒水面筋|韭黄肉丝小炒
8723,大排|米饭|葱油娃娃菜|葱油芋头/红烧萝卜|葱油鸡|长江豆肉丝|青椒水面筋|韭黄肉丝小炒
8724,扎肉|米饭|葱油娃娃菜|葱油芋头/红烧萝卜|青椒藕片|韭黄肉丝小炒
8725,大排|小青菜|米饭|西葫芦炒蛋|韭黄肉丝小炒
8726,木耳莴笋|米饭|葱油鸡|长江豆肉丝
8727,米饭|葱油鸡|酸辣土豆丝
8728,米饭|葱油鸡|西葫芦炒蛋|韭黄肉丝小炒
8729,小青菜|油豆腐烧肉|米饭|葱油鸡|西葫芦炒蛋|酸辣土豆丝|长江豆肉丝|雪菜蛋饺|青椒水面筋|韭黄肉丝小炒
873,千叶豆腐肉丝|小炒|米饭|酸辣土豆丝
8730,油豆腐烧肉|米饭|素烧鹅|葱油鸡|西葫芦炒蛋|青椒藕片
8731,小青菜|扎肉|油爆虾|米饭|素烧鹅
8732,扎肉|米饭|葱油芋头/红烧萝卜
8733,大排|米饭|西葫芦炒蛋|雪菜蛋饺|韭黄肉丝小炒
8734,大排|木耳莴笋|米饭|葱油娃娃菜|葱油芋头/红烧萝卜|酸辣土豆丝|雪菜蛋饺
8735,大排|小青菜|米饭|葱油芋头/红烧萝卜|韭黄肉丝小炒
8736,扎肉|木耳莴笋|米饭|素烧鹅|葱油娃娃菜|葱油芋头/红烧萝卜|雪菜蛋饺
8737,扎肉|素烧鹅|葱油娃娃菜|葱油芋头/红烧萝卜
8738,小青菜|素烧鹅|葱油鸡
8739,米饭|葱油娃娃菜|雪菜蛋饺|青椒藕片
874,小炒|米饭|酸辣土豆丝|香酥鸭肉/椒盐虾
8740,扎肉|米饭|韭黄肉丝小炒
8741,大排|木耳莴笋|米饭|葱油鸡|西葫芦炒蛋|雪菜蛋饺|青椒水面筋
8742,素烧鹅|葱油娃娃菜|葱油鸡|雪菜蛋饺|青椒水面筋
8743,小青菜|米饭|素烧鹅|酸辣土豆丝|青椒水面筋
8744,素烧鹅|葱油娃娃菜|葱油鸡|西葫芦炒蛋|长江豆肉丝
8745,扎肉|木耳莴笋|油爆虾|米饭|西葫芦炒蛋
8746,米饭
8747,大排|米饭|葱油娃娃菜|韭黄肉丝小炒
8748,扎肉|米饭|长江豆肉丝|青椒水面筋
8749,大排|油爆虾|米饭|葱油娃娃菜|葱油芋头/红烧萝卜|西葫芦炒蛋|雪菜蛋饺|青椒藕片
875,小炒|清炒南瓜/豆芽|酸辣土豆丝|香酥鸭肉/椒盐虾
8750,米饭|素烧鹅|葱油娃娃菜|西葫芦炒蛋|长江豆肉丝|韭黄肉丝小炒
8751,大排|米饭|葱油芋头/红烧萝卜|西葫芦炒蛋|雪菜蛋饺|青椒藕片|韭黄肉丝小炒
8752,大排|米饭|葱油娃娃菜|葱油芋头/红烧萝卜|葱油鸡|西葫芦炒蛋|青椒水面筋|青椒藕片
8753,米饭|葱油芋头/红烧萝卜|葱油鸡|酸辣土豆丝|长江豆肉丝|青椒水面筋
8754,小青菜|米饭|葱油娃娃菜|葱油鸡|雪菜蛋饺|青椒藕片
8755,大排|米饭|葱油娃娃菜|葱油芋头/红烧萝卜|雪菜蛋饺
8756,扎肉|米饭|酸辣土豆丝|青椒水面筋
8757,扎肉|米饭|葱油娃娃菜|雪菜蛋饺
8758,扎肉|米饭|葱油娃娃菜|葱油芋头/红烧萝卜|葱油鸡|西葫芦炒蛋|韭黄肉丝小炒
8759,米饭|青椒水面筋
876,千叶豆腐肉丝|虎皮尖椒/西葫芦炒蛋|酸辣藕丝/木耳莴笋|香酥鸭肉/椒盐虾
8760,扎肉|米饭|葱油娃娃菜|酸辣土豆丝|青椒水面筋|青椒藕片
8761,扎肉|油爆虾|素烧鹅|葱油鸡|青椒水面筋
8762,米饭|葱油娃娃菜|雪菜蛋饺
8763,大排|小青菜|扎肉|油豆腐烧肉|米饭|葱油娃娃菜|葱油鸡|西葫芦炒蛋
8764,扎肉|木耳莴笋|米饭|素烧鹅|酸辣土豆丝
8765,大排|小青菜|米饭|葱油娃娃菜|酸辣土豆丝|韭黄肉丝小炒
8766,小青菜|米饭|素烧鹅|葱油鸡
8767,大排|油爆虾|西葫芦炒蛋|青椒水面筋
8768,大排|米饭|葱油娃娃菜|雪菜蛋饺|韭黄肉丝小炒
8769,米饭|素烧鹅|葱油娃娃菜|葱油鸡|西葫芦炒蛋|酸辣土豆丝|雪菜蛋饺|青椒水面筋
877,大排/春卷|米饭|豆芽
8770,扎肉|米饭|葱油芋头/红烧萝卜|长江豆肉丝|青椒藕片
8771,米饭|葱油芋头/红烧萝卜|青椒水面筋
8772,扎肉|油豆腐烧肉|米饭|素烧鹅|葱油娃娃菜
8773,大排|小青菜|米饭|葱油娃娃菜|葱油芋头/红烧萝卜|葱油鸡|雪菜蛋饺|青椒藕片|韭黄肉丝小炒
8774,大排|扎肉|米饭|葱油娃娃菜|葱油芋头/红烧萝卜|西葫芦炒蛋|雪菜蛋饺|青椒藕片
8775,扎肉|米饭|葱油娃娃菜|韭黄肉丝小炒
8776,大排|米饭|葱油娃娃菜|葱油鸡|西葫芦炒蛋|长江豆肉丝|青椒水面筋
8777,米饭|素烧鹅|葱油娃娃菜|葱油鸡|雪菜蛋饺
8778,大排|米饭|素烧鹅|葱油娃娃菜|葱油芋头/红烧萝卜
8779,小青菜|米饭|葱油娃娃菜|葱油芋头/红烧萝卜
878,大排/春卷|小黄鱼|米饭|豆芽|香酥鸭肉/椒盐虾
8780,葱油娃娃菜|长江豆肉丝|雪菜蛋饺|青椒水面筋|青椒藕片|韭黄肉丝小炒
8781,油豆腐烧肉|米饭|素烧鹅|葱油芋头/红烧萝卜|葱油鸡|酸辣土豆丝
8782,扎肉|木耳莴笋|米饭|酸辣土豆丝
8783,大排|小青菜|米饭|葱油娃娃菜|葱油鸡|青椒藕片
8784,木耳莴笋|米饭|雪菜蛋饺|青椒水面筋|韭黄肉丝小炒
8785,小青菜|油豆腐烧肉|米饭|葱油芋头/红烧萝卜|长江豆肉丝|青椒水面筋|韭黄肉丝小炒
8786,小青菜|米饭|素烧鹅|葱油娃娃菜|葱油鸡|韭黄肉丝小炒
8787,米饭|酸辣土豆丝
8788,大排|小青菜|葱油芋头/红烧萝卜|韭黄肉丝小炒
8789,扎肉|米饭|葱油娃娃菜|葱油芋头/红烧萝卜|雪菜蛋饺|青椒藕片
879,千叶豆腐肉丝|卤肉|米饭|酸辣藕丝/木耳莴笋
8790,扎肉|木耳莴笋|米饭|青椒水面筋|韭黄肉丝小炒
8791,土豆丝/青菜|番茄炒蛋/红烧萝卜|盐水虾|米饭|素烧鹅|红烧排骨|葱油金针菇|葱油鸡|青瓜付竹肉片
8792,土豆丝/青菜|米饭|胖干烧肉|茭白肉丝小炒|葱油鸡|青韭南瓜丝
8793,盐水虾|米饭|素烧鹅|胖干烧肉|茭白肉丝小炒|葱油鸡
8794,盐水虾|米饭|胖干烧肉|芹菜香干
8795,米饭|素烧鹅|红烧带鱼|茭白肉丝小炒|葱油金针菇|葱油鸡|酱肉
8796,番茄炒蛋/红烧萝卜|盐水虾|米饭|素烧鹅|红烧带鱼|芹菜香干|葱油金针菇|葱油鸡|酱肉
8797,土豆丝/青菜|番茄炒蛋/红烧萝卜|盐水虾|米饭|素烧鹅|红烧带鱼|葱油金针菇|酱肉
8798,土豆丝/青菜|家常豆腐|番茄炒蛋/红烧萝卜|盐水虾|米饭|红烧排骨|酱肉
8799,土豆丝/青菜|番茄炒蛋/红烧萝卜|米饭|茭白肉丝小炒|葱油鸡|青瓜付竹肉片
880,千叶豆腐肉丝|大排/春卷|小炒|米饭|豆芽
8800,土豆丝/青菜|米饭|芹菜香干|酱肉
8801,大排|番茄炒蛋/红烧萝卜|米饭|素烧鹅|酱肉
8802,米饭|胖干烧肉|芹菜香干|茭白肉丝小炒|酱肉
8803,土豆丝/青菜|番茄炒蛋/红烧萝卜|米饭|红烧排骨|茭白肉丝小炒
8804,大排|家常豆腐|番茄炒蛋/红烧萝卜|盐水虾|葱油鸡|酱肉
8805,土豆丝/青菜|番茄炒蛋/红烧萝卜|盐水虾|米饭|红烧带鱼|胖干烧肉|葱油金针菇|酱肉|青瓜付竹肉片
8806,土豆丝/青菜|番茄炒蛋/红烧萝卜|盐水虾|米饭|芹菜香干|酱肉|青韭南瓜丝
8807,土豆丝/青菜|番茄炒蛋/红烧萝卜|米饭|素烧鹅|红烧带鱼|芹菜香干
8808,番茄炒蛋/红烧萝卜|米饭|葱油鸡|青瓜付竹肉片
8809,土豆丝/青菜|米饭|红烧排骨|茭白肉丝小炒|青瓜付竹肉片
881,卤肉|大排/春卷|小炒|米饭|酸辣藕丝/木耳莴笋
8810,土豆丝/青菜|家常豆腐|番茄炒蛋/红烧萝卜|米饭|红烧排骨|青瓜付竹肉片
8811,土豆丝/青菜|番茄炒蛋/红烧萝卜|米饭|素烧鹅|葱油鸡|青瓜付竹肉片
8812,土豆丝/青菜|家常豆腐|番茄炒蛋/红烧萝卜|盐水虾|米饭|红烧排骨|芹菜香干
8813,土豆丝/青菜|大排|家常豆腐|番茄炒蛋/红烧萝卜|米饭|素烧鹅|芹菜香干|茭白肉丝小炒
8814,番茄炒蛋/红烧萝卜|米饭|红烧带鱼|茭白肉丝小炒|葱油金针菇|酱肉
8815,土豆丝/青菜|大排|家常豆腐|米饭|素烧鹅|葱油金针菇
8816,土豆丝/青菜|番茄炒蛋/红烧萝卜|盐水虾|米饭|酱肉
8817,土豆丝/青菜|盐水虾|米饭|胖干烧肉|芹菜香干
8818,番茄炒蛋/红烧萝卜|米饭|茭白肉丝小炒|酱肉
8819,番茄炒蛋/红烧萝卜|盐水虾|米饭|胖干烧肉|芹菜香干|茭白肉丝小炒|酱肉
882,千叶豆腐肉丝|小黄鱼|米饭|豆芽|酸辣藕丝/木耳莴笋
8820,土豆丝/青菜|家常豆腐|番茄炒蛋/红烧萝卜|米饭|红烧排骨
8821,土豆丝/青菜|米饭|胖干烧肉|芹菜香干
8822,土豆丝/青菜|米饭|红烧带鱼|红烧排骨|葱油金针菇|青瓜付竹肉片
8823,土豆丝/青菜|大排|米饭|茭白肉丝小炒|青韭南瓜丝
8824,番茄炒蛋/红烧萝卜|米饭|胖干烧肉|茭白肉丝小炒
8825,家常豆腐|米饭|素烧鹅|葱油金针菇
8826,土豆丝/青菜|米饭|红烧排骨|茭白肉丝小炒
8827,家常豆腐|素烧鹅|胖干烧肉|青瓜付竹肉片
8828,家常豆腐|番茄炒蛋/红烧萝卜|米饭|酱肉
8829,番茄炒蛋/红烧萝卜|米饭|素烧鹅|葱油金针菇|青瓜付竹肉片
883,大排/春卷|小炒|米饭|香酥鸭肉/椒盐虾
8830,土豆丝/青菜|番茄炒蛋/红烧萝卜|盐水虾|米饭|酱肉
8831,大排|家常豆腐|番茄炒蛋/红烧萝卜|米饭|素烧鹅|葱油金针菇|葱油鸡
8832,土豆丝/青菜|家常豆腐|番茄炒蛋/红烧萝卜|米饭|素烧鹅|红烧带鱼|红烧排骨|葱油金针菇|青瓜付竹肉片
8833,土豆丝/青菜|米饭|红烧排骨|芹菜香干|茭白肉丝小炒|葱油鸡|酱肉
8834,家常豆腐|番茄炒蛋/红烧萝卜|素烧鹅|红烧排骨|葱油鸡|青瓜付竹肉片
8835,土豆丝/青菜|家常豆腐|番茄炒蛋/红烧萝卜|米饭|红烧排骨|茭白肉丝小炒|葱油金针菇|葱油鸡|青瓜付竹肉片
8836,土豆丝/青菜|家常豆腐|米饭|红烧带鱼
8837,米饭|素烧鹅|红烧排骨|青瓜付竹肉片
8838,番茄炒蛋/红烧萝卜|盐水虾|米饭|胖干烧肉|芹菜香干
8839,大排|番茄炒蛋/红烧萝卜|米饭|芹菜香干|葱油鸡
884,米饭|虎皮尖椒/西葫芦炒蛋|酸辣藕丝/木耳莴笋
8840,家常豆腐|番茄炒蛋/红烧萝卜|米饭|酱肉
8841,番茄炒蛋/红烧萝卜|米饭|素烧鹅|红烧排骨
8842,土豆丝/青菜|番茄炒蛋/红烧萝卜|米饭|红烧带鱼|酱肉
8843,土豆丝/青菜|番茄炒蛋/红烧萝卜|米饭|葱油鸡
8844,土豆丝/青菜|大排|家常豆腐|番茄炒蛋/红烧萝卜|米饭|素烧鹅
8845,番茄炒蛋/红烧萝卜|盐水虾|米饭|胖干烧肉|芹菜香干|茭白肉丝小炒|葱油鸡
8846,土豆丝/青菜|家常豆腐|番茄炒蛋/红烧萝卜|米饭|芹菜香干|葱油鸡
8847,大排|番茄炒蛋/红烧萝卜|盐水虾|米饭|芹菜香干
8848,土豆丝/青菜|米饭|胖干烧肉|葱油金针菇
8849,土豆丝/青菜|家常豆腐|米饭|青瓜付竹肉片
885,千叶豆腐肉丝|小黄鱼|清炒南瓜/豆芽|米饭|虎皮尖椒/西葫芦炒蛋|豆芽|酸辣藕丝/木耳莴笋|香酥鸭肉/椒盐虾
8850,土豆丝/青菜|家常豆腐|番茄炒蛋/红烧萝卜|盐水虾|米饭|茭白肉丝小炒
8851,土豆丝/青菜|番茄炒蛋/红烧萝卜|米饭|红烧带鱼|葱油鸡|酱肉|青瓜付竹肉片
8852,大排|米饭|素烧鹅|红烧排骨|葱油金针菇
8853,土豆丝/青菜|家常豆腐|番茄炒蛋/红烧萝卜|米饭|红烧带鱼|芹菜香干
8854,土豆丝/青菜|大排|番茄炒蛋/红烧萝卜|米饭|葱油鸡|青瓜付竹肉片
8855,土豆丝/青菜|番茄炒蛋/红烧萝卜|米饭|红烧带鱼|红烧排骨|葱油金针菇|葱油鸡
8856,番茄炒蛋/红烧萝卜|盐水虾|米饭|芹菜香干|茭白肉丝小炒|葱油鸡|酱肉
8857,大排|番茄炒蛋/红烧萝卜|米饭|葱油金针菇
8858,土豆丝/青菜|米饭|红烧排骨|青瓜付竹肉片
8859,大排|米饭|素烧鹅|芹菜香干
886,大排/春卷|小炒|小黄鱼|米饭|酸辣土豆丝|酸辣藕丝/木耳莴笋|香酥鸭肉/椒盐虾
8860,土豆丝/青菜|番茄炒蛋/红烧萝卜|米饭|素烧鹅|红烧带鱼|胖干烧肉
8861,番茄炒蛋/红烧萝卜|盐水虾|米饭|青韭南瓜丝
8862,土豆丝/青菜|家常豆腐|米饭|茭白肉丝小炒
8863,土豆丝/青菜|大排|盐水虾|米饭|芹菜香干|酱肉
8864,土豆丝/青菜|家常豆腐|番茄炒蛋/红烧萝卜|米饭|红烧带鱼|芹菜香干|葱油鸡|酱肉
8865,土豆丝/青菜|家常豆腐|米饭|葱油鸡|酱肉|青韭南瓜丝
8866,土豆丝/青菜|家常豆腐|盐水虾|米饭
8867,土豆丝/青菜|家常豆腐|番茄炒蛋/红烧萝卜|米饭|素烧鹅|红烧带鱼|红烧排骨
8868,土豆丝/青菜|番茄炒蛋/红烧萝卜|盐水虾|米饭|素烧鹅|红烧带鱼|酱肉
8869,大排|番茄炒蛋/红烧萝卜|盐水虾|米饭|芹菜香干
887,清炒南瓜/豆芽|米饭|虎皮尖椒/西葫芦炒蛋|酸辣藕丝/木耳莴笋|香酥鸭肉/椒盐虾
8870,土豆丝/青菜|番茄炒蛋/红烧萝卜|米饭|葱油金针菇|葱油鸡
8871,土豆丝/青菜|大排|番茄炒蛋/红烧萝卜|米饭|茭白肉丝小炒|酱肉
8872,土豆丝/青菜|番茄炒蛋/红烧萝卜|米饭|葱油鸡|酱肉|青韭南瓜丝
8873,土豆丝/青菜|番茄炒蛋/红烧萝卜|盐水虾|米饭|胖干烧肉|茭白肉丝小炒
8874,土豆丝/青菜|番茄炒蛋/红烧萝卜|米饭|素烧鹅|葱油鸡|青瓜付竹肉片
8875,米饭|芹菜香干|茭白肉丝小炒|葱油鸡
8876,土豆丝/青菜|家常豆腐|盐水虾|米饭|胖干烧肉|青韭南瓜丝
8877,土豆丝/青菜|番茄炒蛋/红烧萝卜|米饭|葱油鸡|酱肉
8878,土豆丝/青菜|大排|番茄炒蛋/红烧萝卜|米饭|葱油金针菇|葱油鸡|青瓜付竹肉片
8879,土豆丝/青菜|大排|番茄炒蛋/红烧萝卜|米饭|红烧带鱼|茭白肉丝小炒
888,千叶豆腐肉丝|大排/春卷|小黄鱼|清炒南瓜/豆芽|米饭|酸辣藕丝/木耳莴笋|香酥鸭肉/椒盐虾
8880,家常豆腐|番茄炒蛋/红烧萝卜|米饭|胖干烧肉|芹菜香干|茭白肉丝小炒|酱肉
8881,土豆丝/青菜|大排|番茄炒蛋/红烧萝卜|米饭
8882,家常豆腐|米饭|茭白肉丝小炒
8883,米饭|茭白肉丝小炒|青韭南瓜丝
8884,家常豆腐|番茄炒蛋/红烧萝卜|米饭|芹菜香干|青韭南瓜丝
8885,土豆丝/青菜|大排|番茄炒蛋/红烧萝卜|米饭|素烧鹅|红烧排骨|青瓜付竹肉片
8886,大排|家常豆腐|米饭|素烧鹅|芹菜香干|葱油金针菇
8887,土豆丝/青菜|家常豆腐|米饭|葱油金针菇|葱油鸡
8888,土豆丝/青菜|大排|番茄炒蛋/红烧萝卜|米饭|素烧鹅|青瓜付竹肉片
8889,土豆丝/青菜|盐水虾|米饭|葱油鸡|酱肉
889,大排/春卷|清炒南瓜/豆芽|米饭|豆芽
8890,土豆丝/青菜|家常豆腐|米饭|胖干烧肉|茭白肉丝小炒|青韭南瓜丝
8891,家常豆腐|米饭|素烧鹅|红烧带鱼|红烧排骨|胖干烧肉|芹菜香干|青韭南瓜丝
8892,大排|番茄炒蛋/红烧萝卜|米饭|青瓜付竹肉片
8893,家常豆腐|木耳莴笋|米饭|红烧带鱼|胖干烧肉|芹菜香干|酱肉|青韭南瓜丝
8894,土豆丝/青菜|米饭|素烧鹅|茭白肉丝小炒|葱油鸡|酱肉
8895,土豆丝/青菜|大排|家常豆腐|番茄炒蛋/红烧萝卜|米饭|红烧带鱼|葱油金针菇|酱肉|青瓜付竹肉片
8896,土豆丝/青菜|大排|番茄炒蛋/红烧萝卜|盐水虾|米饭|红烧带鱼
8897,土豆丝/青菜|大排|番茄炒蛋/红烧萝卜|盐水虾|米饭|茭白肉丝小炒
8898,大排|番茄炒蛋/红烧萝卜|米饭|素烧鹅|葱油金针菇
8899,土豆丝/青菜|番茄炒蛋/红烧萝卜|米饭|葱油鸡|青瓜付竹肉片
890,卤肉|小炒|米饭|豆芽|酸辣藕丝/木耳莴笋
8900,土豆丝/青菜|番茄炒蛋/红烧萝卜|米饭|素烧鹅|红烧带鱼|胖干烧肉
8901,土豆丝/青菜|大排|家常豆腐|番茄炒蛋/红烧萝卜|米饭|红烧排骨|茭白肉丝小炒
8902,家常豆腐|木耳莴笋|米饭|素烧鹅|葱油金针菇
8903,土豆丝/青菜|家常豆腐|米饭|红烧带鱼|青瓜付竹肉片
8904,土豆丝/青菜|大排|番茄炒蛋/红烧萝卜|盐水虾|米饭|红烧排骨
8905,土豆丝/青菜|番茄炒蛋/红烧萝卜|米饭|茭白肉丝小炒|葱油金针菇|葱油鸡
8906,家常豆腐|米饭|素烧鹅|红烧带鱼|葱油金针菇
8907,土豆丝/青菜|盐水虾|米饭|茭白肉丝小炒
8908,土豆丝/青菜|家常豆腐|木耳莴笋|番茄炒蛋/红烧萝卜|盐水虾|米饭|素烧鹅|红烧排骨|胖干烧肉|茭白肉丝小炒
8909,木耳莴笋|番茄炒蛋/红烧萝卜|盐水虾|米饭|素烧鹅|红烧带鱼|红烧排骨|葱油金针菇|青瓜付竹肉片
891,卤肉|米饭|酸辣藕丝/木耳莴笋|香酥鸭肉/椒盐虾
8910,土豆丝/青菜|大排|番茄炒蛋/红烧萝卜|米饭
8911,大排|家常豆腐|番茄炒蛋/红烧萝卜|盐水虾|米饭|茭白肉丝小炒
8912,大排|番茄炒蛋/红烧萝卜|盐水虾|米饭|素烧鹅
8913,盐水虾|米饭|葱油鸡|酱肉|青韭南瓜丝
8914,土豆丝/青菜|大排|米饭|红烧排骨|葱油鸡
8915,土豆丝/青菜|大排|家常豆腐|番茄炒蛋/红烧萝卜|红烧排骨|青瓜付竹肉片
8916,大排|番茄炒蛋/红烧萝卜|米饭|胖干烧肉|茭白肉丝小炒|葱油鸡|酱肉
8917,土豆丝/青菜|家常豆腐|番茄炒蛋/红烧萝卜|盐水虾|米饭|茭白肉丝小炒|葱油鸡
8918,番茄炒蛋/红烧萝卜|盐水虾|米饭|葱油鸡|青瓜付竹肉片
8919,土豆丝/青菜|大排|家常豆腐|米饭|素烧鹅|红烧带鱼|红烧排骨|葱油金针菇|葱油鸡|青瓜付竹肉片
892,千叶豆腐肉丝|大排/春卷|清炒南瓜/豆芽|米饭|酸辣藕丝/木耳莴笋
8920,土豆丝/青菜|家常豆腐|木耳莴笋|番茄炒蛋/红烧萝卜|米饭|素烧鹅|红烧带鱼|红烧排骨|葱油金针菇|酱肉|青瓜付竹肉片
8921,土豆丝/青菜|大排|木耳莴笋|番茄炒蛋/红烧萝卜|米饭|茭白肉丝小炒
8922,土豆丝/青菜|家常豆腐|番茄炒蛋/红烧萝卜|盐水虾|米饭|茭白肉丝小炒|酱肉|青韭南瓜丝
8923,土豆丝/青菜|木耳莴笋|番茄炒蛋/红烧萝卜|米饭|酱肉
8924,土豆丝/青菜|大排|番茄炒蛋/红烧萝卜|米饭|红烧带鱼
8925,土豆丝/青菜|家常豆腐|米饭|胖干烧肉|葱油鸡
8926,家常豆腐|番茄炒蛋/红烧萝卜|米饭|红烧排骨|葱油金针菇
8927,土豆丝/青菜|家常豆腐|米饭|酱肉|青韭南瓜丝
8928,土豆丝/青菜|番茄炒蛋/红烧萝卜|米饭|红烧带鱼
8929,土豆丝/青菜|木耳莴笋|番茄炒蛋/红烧萝卜|葱油鸡
893,小炒|小黄鱼|清炒南瓜/豆芽|米饭|酸辣土豆丝|香酥鸭肉/椒盐虾
8930,土豆丝/青菜|家常豆腐|番茄炒蛋/红烧萝卜|米饭|素烧鹅|红烧带鱼|红烧排骨|葱油金针菇|青瓜付竹肉片
8931,木耳莴笋|盐水虾|米饭|素烧鹅|红烧带鱼|红烧排骨|葱油金针菇|葱油鸡|青韭南瓜丝
8932,米饭|红烧排骨|胖干烧肉|葱油金针菇|葱油鸡|青瓜付竹肉片
8933,土豆丝/青菜|家常豆腐|番茄炒蛋/红烧萝卜|米饭|素烧鹅|红烧带鱼|葱油金针菇
8934,土豆丝/青菜|木耳莴笋|番茄炒蛋/红烧萝卜|米饭|茭白肉丝小炒|葱油鸡|酱肉
8935,家常豆腐|番茄炒蛋/红烧萝卜|米饭|茭白肉丝小炒|葱油鸡|酱肉
8936,土豆丝/青菜|大排|米饭|素烧鹅|葱油金针菇
8937,家常豆腐|米饭|胖干烧肉|茭白肉丝小炒|青韭南瓜丝
8938,土豆丝/青菜|番茄炒蛋/红烧萝卜|米饭|葱油鸡
8939,番茄炒蛋/红烧萝卜|米饭|素烧鹅|红烧带鱼|葱油金针菇|葱油鸡
894,大排/春卷|清炒南瓜/豆芽|米饭|虎皮尖椒/西葫芦炒蛋|酸辣藕丝/木耳莴笋|香酥鸭肉/椒盐虾
8940,土豆丝/青菜|番茄炒蛋/红烧萝卜|盐水虾|米饭|红烧带鱼
8941,家常豆腐|米饭|酱肉|青韭南瓜丝
8942,土豆丝/青菜|番茄炒蛋/红烧萝卜|米饭|素烧鹅|葱油鸡
8943,土豆丝/青菜|番茄炒蛋/红烧萝卜|盐水虾|米饭|葱油鸡
8944,土豆丝/青菜|大排|米饭|素烧鹅
8945,木耳莴笋|番茄炒蛋/红烧萝卜|米饭|胖干烧肉
8946,大排|家常豆腐|番茄炒蛋/红烧萝卜|米饭|素烧鹅|葱油金针菇
8947,土豆丝/青菜|家常豆腐|米饭|胖干烧肉|茭白肉丝小炒|葱油鸡
8948,土豆丝/青菜|米饭|葱油金针菇
8949,土豆丝/青菜|大排|家常豆腐|米饭|红烧带鱼|葱油金针菇|葱油鸡|青瓜付竹肉片
895,千叶豆腐肉丝|小炒|小黄鱼|米饭|豆芽|酸辣藕丝/木耳莴笋|香酥鸭肉/椒盐虾
8950,番茄炒蛋/红烧萝卜|米饭|素烧鹅|红烧排骨|葱油金针菇|青瓜付竹肉片
8951,土豆丝/青菜|家常豆腐|木耳莴笋|番茄炒蛋/红烧萝卜|米饭|茭白肉丝小炒
8952,家常豆腐|木耳莴笋|米饭|胖干烧肉|茭白肉丝小炒|酱肉|青韭南瓜丝
8953,米饭|红烧带鱼|葱油金针菇|酱肉|青瓜付竹肉片
8954,盐水虾|米饭|红烧带鱼|葱油金针菇|葱油鸡|青韭南瓜丝
8955,土豆丝/青菜|大排|家常豆腐|米饭|素烧鹅|红烧带鱼|葱油金针菇
8956,土豆丝/青菜|番茄炒蛋/红烧萝卜|盐水虾|米饭|胖干烧肉|葱油金针菇|葱油鸡
8957,土豆丝/青菜|番茄炒蛋/红烧萝卜|盐水虾|米饭|茭白肉丝小炒|葱油鸡
8958,大排|家常豆腐|油麦菜|盐水虾|米饭|青韭南瓜丝
8959,番茄炒蛋/红烧萝卜|盐水虾|米饭|胖干烧肉|茭白肉丝小炒
896,小黄鱼|米饭|豆芽|酸辣藕丝/木耳莴笋|香酥鸭肉/椒盐虾
8960,大排|番茄炒蛋/红烧萝卜|米饭|红烧带鱼|葱油金针菇
8961,土豆丝/青菜|木耳莴笋|番茄炒蛋/红烧萝卜|米饭|胖干烧肉|葱油鸡
8962,大排|家常豆腐|油麦菜|番茄炒蛋/红烧萝卜|盐水虾|米饭|青韭南瓜丝
8963,土豆丝/青菜|米饭|酱肉|青韭南瓜丝
8964,土豆丝/青菜|大排|家常豆腐|米饭|红烧排骨|葱油鸡
8965,家常豆腐|油麦菜|番茄炒蛋/红烧萝卜|红烧排骨|葱油鸡
8966,油麦菜|米饭|茭白肉丝小炒|青瓜付竹肉片
8967,土豆丝/青菜|番茄炒蛋/红烧萝卜|米饭|茭白肉丝小炒|酱肉|青韭南瓜丝
8968,土豆丝/青菜|木耳莴笋|盐水虾|米饭|茭白肉丝小炒
8969,大排|木耳莴笋|盐水虾|米饭|茭白肉丝小炒|酱肉
897,卤肉|小黄鱼|米饭|虎皮尖椒/西葫芦炒蛋|香酥鸭肉/椒盐虾
8970,油麦菜|番茄炒蛋/红烧萝卜|米饭|红烧带鱼|葱油金针菇|葱油鸡
8971,土豆丝/青菜|家常豆腐|油麦菜|番茄炒蛋/红烧萝卜|米饭|红烧排骨
8972,土豆丝/青菜|米饭|红烧带鱼|茭白肉丝小炒|葱油鸡
8973,油麦菜|米饭|红烧排骨|胖干烧肉
8974,土豆丝/青菜|家常豆腐|米饭|葱油鸡|青韭南瓜丝
8975,油麦菜|米饭|茭白肉丝小炒|葱油金针菇
8976,土豆丝/青菜|油麦菜|番茄炒蛋/红烧萝卜|米饭|葱油鸡
8977,土豆丝/青菜|油麦菜|米饭|红烧排骨|茭白肉丝小炒
8978,木耳莴笋|盐水虾|米饭|酱肉
8979,土豆丝/青菜|家常豆腐|油麦菜|番茄炒蛋/红烧萝卜|米饭|红烧带鱼
898,千叶豆腐肉丝|卤肉|米饭|虎皮尖椒/西葫芦炒蛋
8980,家常豆腐|番茄炒蛋/红烧萝卜|米饭|红烧排骨|茭白肉丝小炒|葱油金针菇
8981,米饭|红烧排骨|茭白肉丝小炒
8982,土豆丝/青菜|油麦菜|番茄炒蛋/红烧萝卜|盐水虾|米饭|胖干烧肉|茭白肉丝小炒|青韭南瓜丝
8983,番茄炒蛋/红烧萝卜|米饭|葱油鸡|青韭南瓜丝
8984,番茄炒蛋/红烧萝卜|米饭|茭白肉丝小炒|葱油鸡
8985,木耳莴笋|盐水虾|米饭|红烧带鱼|红烧排骨|茭白肉丝小炒|葱油金针菇|酱肉
8986,家常豆腐|米饭|红烧排骨|茭白肉丝小炒
8987,土豆丝/青菜|油麦菜|米饭|红烧排骨|葱油金针菇|葱油鸡
8988,木耳莴笋|盐水虾|米饭|葱油鸡
8989,家常豆腐|米饭|茭白肉丝小炒|葱油金针菇|葱油鸡
899,千叶豆腐肉丝|卤肉|小炒|米饭|虎皮尖椒/西葫芦炒蛋|香酥鸭肉/椒盐虾
8990,土豆丝/青菜|家常豆腐|油麦菜|米饭|红烧带鱼
8991,米饭|红烧排骨|葱油金针菇|葱油鸡|青韭南瓜丝
8992,土豆丝/青菜|木耳莴笋|油麦菜|米饭|葱油鸡
8993,番茄炒蛋/红烧萝卜|米饭|红烧带鱼|红烧排骨|胖干烧肉|葱油金针菇
8994,番茄炒蛋/红烧萝卜|盐水虾|米饭|茭白肉丝小炒|酱肉
8995,油麦菜|番茄炒蛋/红烧萝卜|盐水虾|葱油鸡
8996,木耳莴笋|油麦菜|米饭|葱油金针菇|葱油鸡
8997,土豆丝/青菜|米饭|胖干烧肉|茭白肉丝小炒|葱油鸡
8998,家常豆腐|米饭|茭白肉丝小炒|葱油鸡|青韭南瓜丝
8999,家常豆腐|木耳莴笋|米饭|茭白肉丝小炒|酱肉|青瓜付竹肉片
900,千叶豆腐肉丝|卤肉|清炒南瓜/豆芽|米饭|酸辣藕丝/木耳莴笋
9000,土豆丝/青菜|盐水虾|米饭|红烧排骨|葱油鸡
9001,盐水虾|米饭|茭白肉丝小炒|酱肉
9002,土豆丝/青菜|家常豆腐|米饭|花菜|葱油鸡|青瓜付竹肉片
9003,土豆丝/青菜|木耳莴笋|番茄炒蛋/红烧萝卜|米饭|酱肉
9004,米饭|茭白肉丝小炒|葱油鸡|青韭南瓜丝
9005,家常豆腐|米饭|茭白肉丝小炒|酱肉|青韭南瓜丝
9006,土豆丝/青菜|家常豆腐|米饭|红烧排骨|花菜|青瓜付竹肉片|青韭南瓜丝
9007,木耳莴笋|盐水虾|米饭|花菜|酱肉|青瓜付竹肉片
9008,油麦菜|米饭|花菜|葱油鸡|青韭南瓜丝
9009,木耳莴笋|番茄炒蛋/红烧萝卜|盐水虾|米饭|红烧排骨|花菜|茭白肉丝小炒|葱油鸡
901,大排/春卷|米饭|虎皮尖椒/西葫芦炒蛋|酸辣藕丝/木耳莴笋
9010,米饭|红烧带鱼|花菜|葱油鸡|青瓜付竹肉片|青韭南瓜丝
9011,家常豆腐|米饭|茭白肉丝小炒|葱油鸡|青瓜付竹肉片
9012,木耳莴笋|米饭|胖干烧肉|花菜|酱肉|青瓜付竹肉片
9013,土豆丝/青菜|木耳莴笋|米饭|花菜|茭白肉丝小炒|葱油鸡|酱肉
9014,番茄炒蛋/红烧萝卜|米饭|胖干烧肉|茭白肉丝小炒|葱油金针菇
9015,盐水虾|米饭|茭白肉丝小炒|葱油金针菇|酱肉
9016,木耳莴笋|盐水虾|米饭|茭白肉丝小炒|葱油金针菇|葱油鸡
9017,家常豆腐|盐水虾|米饭|花菜|葱油鸡|青瓜付竹肉片
9018,土豆丝/青菜|家常豆腐|木耳莴笋|番茄炒蛋/红烧萝卜|米饭|红烧带鱼|花菜|青韭南瓜丝
9019,木耳莴笋|盐水虾|米饭|茭白肉丝小炒|葱油金针菇|酱肉
902,千叶豆腐肉丝|卤肉|米饭|虎皮尖椒/西葫芦炒蛋|酸辣藕丝/木耳莴笋
9020,土豆丝/青菜|家常豆腐|油麦菜|盐水虾|米饭|红烧带鱼|花菜|茭白肉丝小炒|葱油鸡
9021,土豆丝/青菜|家常豆腐|米饭|胖干烧肉|花菜|茭白肉丝小炒
9022,土豆丝/青菜|家常豆腐|番茄炒蛋/红烧萝卜|米饭|红烧排骨
9023,土豆丝/青菜|家常豆腐|米饭|花菜|茭白肉丝小炒|葱油鸡|青瓜付竹肉片|青韭南瓜丝
9024,土豆丝/青菜|家常豆腐|油麦菜|盐水虾|米饭|红烧带鱼|红烧排骨|胖干烧肉|花菜|茭白肉丝小炒|葱油鸡|酱肉|青瓜付竹肉片
9025,家常豆腐|木耳莴笋|番茄炒蛋/红烧萝卜|盐水虾|米饭|红烧排骨|花菜|茭白肉丝小炒|葱油鸡|酱肉|青韭南瓜丝
9026,木耳莴笋|油麦菜|番茄炒蛋/红烧萝卜|盐水虾|米饭|胖干烧肉|葱油金针菇|葱油鸡|酱肉
9027,家常豆腐|米饭|茭白肉丝小炒|葱油鸡
9028,土豆丝/青菜|家常豆腐|油麦菜|米饭|花菜|葱油鸡|青瓜付竹肉片|青韭南瓜丝
9029,土豆丝/青菜|番茄炒蛋/红烧萝卜|米饭|茭白肉丝小炒|酱肉|青韭南瓜丝
903,卤肉|小黄鱼|米饭|虎皮尖椒/西葫芦炒蛋|酸辣藕丝/木耳莴笋|香酥鸭肉/椒盐虾
9030,家常豆腐|米饭|茭白肉丝小炒|青韭南瓜丝
9031,家常豆腐|米饭|茭白肉丝小炒|葱油鸡
9032,米饭|胖干烧肉|茭白肉丝小炒|葱油鸡|青瓜付竹肉片
9033,木耳莴笋|油麦菜|米饭|酱肉
9034,土豆丝/青菜|油麦菜|米饭|胖干烧肉|花菜|青韭南瓜丝
9035,土豆丝/青菜|米饭|胖干烧肉|青瓜付竹肉片
9036,土豆丝/青菜|家常豆腐|木耳莴笋|番茄炒蛋/红烧萝卜|米饭|酱肉
9037,土豆丝/青菜|家常豆腐|米饭|茭白肉丝小炒
9038,米饭|红烧排骨|花菜|酱肉|青韭南瓜丝
9039,米饭|红烧排骨|茭白肉丝小炒|青瓜付竹肉片
904,卤肉|小黄鱼|米饭|虎皮尖椒/西葫芦炒蛋|酸辣藕丝/木耳莴笋|香酥鸭肉/椒盐虾
9040,家常豆腐|木耳莴笋|番茄炒蛋/红烧萝卜|米饭|红烧带鱼|胖干烧肉|茭白肉丝小炒
9041,米饭|葱油鸡
9042,土豆丝/青菜|木耳莴笋|油麦菜|米饭|花菜|青瓜付竹肉片
9043,番茄炒蛋/红烧萝卜|米饭|红烧带鱼|红烧排骨|花菜|青瓜付竹肉片
9044,土豆丝/青菜|番茄炒蛋/红烧萝卜|米饭|红烧排骨|酱肉
9045,番茄炒蛋/红烧萝卜|米饭|茭白肉丝小炒|酱肉
9046,土豆丝/青菜|家常豆腐|米饭|红烧排骨|花菜|茭白肉丝小炒|葱油鸡|青瓜付竹肉片
9047,家常豆腐|米饭|胖干烧肉|葱油鸡|酱肉|青韭南瓜丝
9048,土豆丝/青菜|番茄炒蛋/红烧萝卜|米饭|胖干烧肉|花菜|茭白肉丝小炒|葱油鸡|青韭南瓜丝
9049,油麦菜|米饭|茭白肉丝小炒|青韭南瓜丝
905,千叶豆腐肉丝|卤肉|米饭|虎皮尖椒/西葫芦炒蛋|酸辣藕丝/木耳莴笋
9050,油麦菜|番茄炒蛋/红烧萝卜|米饭|茭白肉丝小炒
9051,米饭|茭白肉丝小炒
9052,木耳莴笋|米饭|葱油鸡|青瓜付竹肉片
9053,家常豆腐|米饭|红烧带鱼|花菜|茭白肉丝小炒|葱油鸡|青瓜付竹肉片
9054,米饭|红烧带鱼|葱油鸡
9055,土豆丝/青菜|米饭|红烧排骨|花菜|酱肉|青韭南瓜丝
9056,米饭|胖干烧肉|茭白肉丝小炒|酱肉
9057,番茄炒蛋/红烧萝卜|米饭|胖干烧肉|葱油鸡|青韭南瓜丝
9058,米饭|胖干烧肉|花菜|茭白肉丝小炒|葱油鸡|青韭南瓜丝
9059,宫保鸡丁|木耳花菜|油豆腐烧肉|白菜千张丝|虎皮尖椒/西葫芦炒蛋|虎皮蛋烧肉|青椒水面筋|青椒田藕|香菇鸡块|香菇鸭块|香酥鸡排
906,清炒南瓜/豆芽|米饭|虎皮尖椒/西葫芦炒蛋|香酥鸭肉/椒盐虾
9060,包菜油付/绿豆芽|米饭|虎皮蛋烧肉|香酥鸡排
9061,包菜油付/绿豆芽|培红菜蘑菇毛豆肉丝|香酥鸡排
9062,宫保鸡丁|米饭|葱油娃娃菜|青椒田藕|香酥鸡排
9063,包菜油付/绿豆芽|宫保鸡丁|油豆腐烧肉|米饭|花椒鸭
9064,盐水虾|米饭|虎皮尖椒/西葫芦炒蛋|虎皮蛋烧肉
9065,培红菜蘑菇毛豆肉丝|木耳花菜|油豆腐烧肉|米饭
9066,包菜油付/绿豆芽|培红菜蘑菇毛豆肉丝|盐水虾|米饭
9067,米饭|花椒鸭|葱油娃娃菜|虎皮尖椒/西葫芦炒蛋|虎皮蛋烧肉|青椒水面筋|香酥鸡排
9068,包菜油付/绿豆芽|米饭|虎皮尖椒/西葫芦炒蛋|虎皮蛋烧肉
9069,包菜油付/绿豆芽|培红菜蘑菇毛豆肉丝|盐水虾|米饭|花椒鸭|虎皮尖椒/西葫芦炒蛋|香酥鸡排
907,卤肉|小炒|米饭|虎皮尖椒/西葫芦炒蛋|酸辣藕丝/木耳莴笋
9070,包菜油付/绿豆芽|盐水虾|米饭|花椒鸭|葱油娃娃菜
9071,木耳花菜|米饭|虎皮尖椒/西葫芦炒蛋|虎皮蛋烧肉|青椒田藕|香菇鸡块|香酥鸡排
9072,包菜油付/绿豆芽|白菜千张丝|盐水虾|米饭|葱油娃娃菜|虎皮尖椒/西葫芦炒蛋|虎皮蛋烧肉|香酥鸡排
9073,培红菜蘑菇毛豆肉丝|宫保鸡丁|米饭|花椒排骨|葱油娃娃菜|虎皮尖椒/西葫芦炒蛋|虎皮蛋烧肉|香菇鸡块|香酥鸡排
9074,米饭|葱油娃娃菜|虎皮尖椒/西葫芦炒蛋|虎皮蛋烧肉
9075,培红菜蘑菇毛豆肉丝|米饭|虎皮蛋烧肉|青椒水面筋
9076,包菜油付/绿豆芽|培红菜蘑菇毛豆肉丝|盐水虾|花椒排骨|青椒田藕|香酥鸡排
9077,包菜油付/绿豆芽|葱油娃娃菜|虎皮蛋烧肉|香菇鸡块
9078,包菜油付/绿豆芽|木耳花菜|白菜千张丝|米饭|香菇鸡块
9079,宫保鸡丁|木耳花菜|米饭|花椒排骨|雪菜山药|香菇鸡块|香酥鸡排
908,千叶豆腐肉丝|卤肉|清炒南瓜/豆芽|米饭|虎皮尖椒/西葫芦炒蛋|酸辣藕丝/木耳莴笋|香酥鸭肉/椒盐虾
9080,宫保鸡丁|白菜千张丝|盐水虾|米饭|花椒排骨|虎皮尖椒/西葫芦炒蛋|虎皮蛋烧肉|雪菜山药|青椒水面筋|青椒田藕|香菇鸡块|香酥鸡排
9081,宫保鸡丁|木耳花菜|盐水虾|米饭|花椒排骨|虎皮尖椒/西葫芦炒蛋|虎皮蛋烧肉|雪菜山药|青椒田藕
9082,包菜油付/绿豆芽|培红菜蘑菇毛豆肉丝|米饭|葱油娃娃菜|虎皮蛋烧肉
9083,木耳花菜|盐水虾|米饭|虎皮尖椒/西葫芦炒蛋|香酥鸡排
9084,包菜油付/绿豆芽|米饭|青椒田藕|香菇鸡块
9085,包菜油付/绿豆芽|宫保鸡丁|白菜千张丝|米饭|花椒鸭|虎皮蛋烧肉|青椒水面筋|青椒田藕
9086,包菜油付/绿豆芽|油豆腐烧肉|米饭|葱油娃娃菜|虎皮蛋烧肉|雪菜山药|香酥鸡排
9087,包菜油付/绿豆芽|油豆腐烧肉|米饭|虎皮尖椒/西葫芦炒蛋|虎皮蛋烧肉|雪菜山药|香酥鸡排
9088,包菜油付/绿豆芽|培红菜蘑菇毛豆肉丝|米饭|花椒鸭|虎皮尖椒/西葫芦炒蛋|虎皮蛋烧肉|雪菜山药
9089,包菜油付/绿豆芽|培红菜蘑菇毛豆肉丝|米饭|葱油娃娃菜|虎皮尖椒/西葫芦炒蛋|虎皮蛋烧肉
909,小黄鱼|米饭|虎皮尖椒/西葫芦炒蛋|酸辣土豆丝|酸辣藕丝/木耳莴笋|香酥鸭肉/椒盐虾
9090,宫保鸡丁|木耳花菜|盐水虾|米饭
9091,包菜油付/绿豆芽|培红菜蘑菇毛豆肉丝|米饭|花椒鸭
9092,包菜油付/绿豆芽|白菜千张丝|米饭|花椒排骨|虎皮蛋烧肉
9093,包菜油付/绿豆芽|木耳花菜|米饭|花椒排骨|虎皮尖椒/西葫芦炒蛋|虎皮蛋烧肉|青椒田藕|香菇鸡块
9094,培红菜蘑菇毛豆肉丝|油豆腐烧肉|米饭|葱油娃娃菜|虎皮蛋烧肉|香酥鸡排
9095,包菜油付/绿豆芽|米饭|葱油娃娃菜|虎皮蛋烧肉
9096,包菜油付/绿豆芽|木耳花菜|米饭|葱油娃娃菜|香菇鸡块|香酥鸡排
9097,宫保鸡丁|盐水虾|米饭|花椒排骨|花椒鸭|虎皮蛋烧肉|雪菜山药|香菇鸡块
9098,宫保鸡丁|白菜千张丝|盐水虾|米饭|花椒排骨|虎皮尖椒/西葫芦炒蛋|青椒田藕|香菇鸡块
9099,米饭|花椒排骨|虎皮尖椒/西葫芦炒蛋
910,千叶豆腐肉丝|米饭|虎皮尖椒/西葫芦炒蛋|豆芽|酸辣藕丝/木耳莴笋
9100,包菜油付/绿豆芽|宫保鸡丁|油豆腐烧肉|米饭|花椒鸭|葱油娃娃菜|雪菜山药|香酥鸡排
9101,包菜油付/绿豆芽|宫保鸡丁|白菜千张丝|米饭|花椒排骨|虎皮尖椒/西葫芦炒蛋|香菇鸡块
9102,培红菜蘑菇毛豆肉丝|米饭|花椒鸭|青椒田藕|香酥鸡排
9103,包菜油付/绿豆芽|宫保鸡丁|米饭|花椒排骨|葱油娃娃菜|虎皮尖椒/西葫芦炒蛋|虎皮蛋烧肉|青椒田藕|香酥鸡排
9104,培红菜蘑菇毛豆肉丝|米饭|虎皮尖椒/西葫芦炒蛋|青椒水面筋|香酥鸡排
9105,盐水虾|米饭|花椒鸭|葱油娃娃菜|虎皮尖椒/西葫芦炒蛋|虎皮蛋烧肉
9106,宫保鸡丁|油豆腐烧肉|盐水虾|米饭|虎皮尖椒/西葫芦炒蛋|虎皮蛋烧肉
9107,米饭|花椒鸭|葱油娃娃菜|虎皮蛋烧肉
9108,包菜油付/绿豆芽|油豆腐烧肉|米饭|葱油娃娃菜|虎皮蛋烧肉|青椒水面筋|香酥鸡排
9109,米饭|青椒田藕|香菇鸡块
911,米饭|虎皮尖椒/西葫芦炒蛋|酸辣土豆丝|酸辣藕丝/木耳莴笋
9110,包菜油付/绿豆芽|培红菜蘑菇毛豆肉丝|米饭
9111,包菜油付/绿豆芽|白菜千张丝|米饭|虎皮蛋烧肉|香菇鸡块
9112,宫保鸡丁|油豆腐烧肉|白菜千张丝|米饭|香酥鸡排
9113,包菜油付/绿豆芽|培红菜蘑菇毛豆肉丝|木耳花菜|白菜千张丝|米饭|葱油娃娃菜|青椒水面筋
9114,包菜油付/绿豆芽|米饭|虎皮尖椒/西葫芦炒蛋|虎皮蛋烧肉
9115,包菜油付/绿豆芽|培红菜蘑菇毛豆肉丝|米饭|葱油娃娃菜|虎皮蛋烧肉|青椒水面筋|香酥鸡排
9116,包菜油付/绿豆芽|盐水虾|米饭|花椒排骨|虎皮尖椒/西葫芦炒蛋
9117,包菜油付/绿豆芽|宫保鸡丁|盐水虾|米饭|虎皮尖椒/西葫芦炒蛋|虎皮蛋烧肉|香酥鸡排
9118,盐水虾|米饭|花椒鸭|葱油娃娃菜|青椒水面筋
9119,包菜油付/绿豆芽|米饭|花椒鸭|虎皮尖椒/西葫芦炒蛋|虎皮蛋烧肉|青椒水面筋|香酥鸡排
912,卤肉|大排/春卷|小黄鱼|米饭|酸辣藕丝/木耳莴笋
9120,包菜油付/绿豆芽|木耳花菜|米饭|虎皮尖椒/西葫芦炒蛋|虎皮蛋烧肉|青椒田藕
9121,宫保鸡丁|米饭|葱油娃娃菜|青椒水面筋|香酥鸡排
9122,油豆腐烧肉|米饭|虎皮蛋烧肉|青椒水面筋
9123,包菜油付/绿豆芽|培红菜蘑菇毛豆肉丝|宫保鸡丁|米饭|虎皮尖椒/西葫芦炒蛋
9124,包菜油付/绿豆芽|油豆腐烧肉|米饭|花椒鸭
9125,包菜油付/绿豆芽|米饭
9126,包菜油付/绿豆芽|宫保鸡丁|米饭|虎皮尖椒/西葫芦炒蛋|虎皮蛋烧肉|雪菜山药|香菇鸡块|香酥鸡排
9127,盐水虾|米饭|虎皮尖椒/西葫芦炒蛋|虎皮蛋烧肉
9128,包菜油付/绿豆芽|宫保鸡丁|盐水虾|米饭|花椒鸭
9129,盐水虾
913,清炒南瓜/豆芽|米饭|虎皮尖椒/西葫芦炒蛋|香酥鸭肉/椒盐虾
9130,包菜油付/绿豆芽|米饭|葱油娃娃菜|虎皮蛋烧肉|香酥鸡排
9131,包菜油付/绿豆芽|米饭|虎皮尖椒/西葫芦炒蛋
9132,包菜油付/绿豆芽|油豆腐烧肉|米饭|虎皮尖椒/西葫芦炒蛋
9133,包菜油付/绿豆芽|米饭|葱油娃娃菜|虎皮尖椒/西葫芦炒蛋|虎皮蛋烧肉|青椒水面筋|香酥鸡排
9134,培红菜蘑菇毛豆肉丝|木耳花菜|米饭|花椒鸭|青椒水面筋
9135,包菜油付/绿豆芽|木耳花菜|盐水虾|米饭|花椒排骨|虎皮尖椒/西葫芦炒蛋|虎皮蛋烧肉
9136,包菜油付/绿豆芽|油豆腐烧肉|米饭|葱油娃娃菜|虎皮蛋烧肉|青椒水面筋
9137,包菜油付/绿豆芽|培红菜蘑菇毛豆肉丝|油豆腐烧肉|米饭|花椒鸭|虎皮尖椒/西葫芦炒蛋|雪菜山药|香酥鸡排
9138,包菜油付/绿豆芽|米饭|虎皮尖椒/西葫芦炒蛋|青椒水面筋|青椒田藕
9139,包菜油付/绿豆芽|木耳花菜|白菜千张丝|盐水虾|米饭|虎皮蛋烧肉|香菇鸡块
914,卤肉|米饭|虎皮尖椒/西葫芦炒蛋|豆芽
9140,培红菜蘑菇毛豆肉丝|米饭|花椒鸭|葱油娃娃菜|虎皮尖椒/西葫芦炒蛋|香酥鸡排
9141,木耳花菜|米饭|花椒排骨
9142,包菜油付/绿豆芽|宫保鸡丁|米饭|虎皮尖椒/西葫芦炒蛋|虎皮蛋烧肉|青椒田藕
9143,米饭|花椒鸭|葱油娃娃菜|虎皮蛋烧肉|香酥鸡排
9144,培红菜蘑菇毛豆肉丝|油豆腐烧肉|米饭|虎皮尖椒/西葫芦炒蛋|虎皮蛋烧肉|青椒水面筋|香酥鸡排
9145,米饭|花椒排骨|虎皮尖椒/西葫芦炒蛋|青椒水面筋|香酥鸡排
9146,培红菜蘑菇毛豆肉丝|油豆腐烧肉|米饭|葱油娃娃菜|虎皮尖椒/西葫芦炒蛋|青椒水面筋
9147,包菜油付/绿豆芽|宫保鸡丁|米饭|花椒鸭|虎皮尖椒/西葫芦炒蛋
9148,包菜油付/绿豆芽|油豆腐烧肉|白菜千张丝|米饭|虎皮蛋烧肉
9149,包菜油付/绿豆芽|盐水虾|米饭|葱油娃娃菜|虎皮尖椒/西葫芦炒蛋
915,千叶豆腐肉丝|小炒|米饭|酸辣藕丝/木耳莴笋|香酥鸭肉/椒盐虾
9150,米饭|花椒鸭|虎皮尖椒/西葫芦炒蛋
9151,包菜油付/绿豆芽|白菜千张丝|米饭|虎皮尖椒/西葫芦炒蛋|虎皮蛋烧肉
9152,包菜油付/绿豆芽|米饭|虎皮尖椒/西葫芦炒蛋|香酥鸡排
9153,宫保鸡丁|白菜千张丝|米饭|虎皮蛋烧肉
9154,包菜油付/绿豆芽|木耳花菜|米饭
9155,培红菜蘑菇毛豆肉丝|油豆腐烧肉|米饭|虎皮蛋烧肉|香酥鸡排
9156,包菜油付/绿豆芽|米饭|花椒鸭|葱油娃娃菜|虎皮尖椒/西葫芦炒蛋
9157,米饭|花椒鸭|葱油娃娃菜|虎皮尖椒/西葫芦炒蛋|虎皮蛋烧肉|雪菜山药
9158,宫保鸡丁|木耳花菜|盐水虾|米饭|虎皮蛋烧肉
9159,包菜油付/绿豆芽|培红菜蘑菇毛豆肉丝|木耳花菜|盐水虾|米饭|虎皮尖椒/西葫芦炒蛋
916,千叶豆腐肉丝|米饭|豆芽|香酥鸭肉/椒盐虾
9160,木耳花菜|米饭|虎皮尖椒/西葫芦炒蛋
9161,宫保鸡丁|米饭|花椒排骨|虎皮尖椒/西葫芦炒蛋
9162,培红菜蘑菇毛豆肉丝|葱油娃娃菜|虎皮尖椒/西葫芦炒蛋
9163,包菜油付/绿豆芽|米饭|花椒鸭|虎皮尖椒/西葫芦炒蛋|虎皮蛋烧肉|青椒水面筋|香酥鸡排
9164,包菜油付/绿豆芽|米饭|虎皮尖椒/西葫芦炒蛋|青椒田藕|香酥鸡排
9165,宫保鸡丁|米饭|葱油娃娃菜|虎皮蛋烧肉|香菇鸡块
9166,包菜油付/绿豆芽|宫保鸡丁|米饭|虎皮尖椒/西葫芦炒蛋|虎皮蛋烧肉|青椒水面筋|香酥鸡排
9167,包菜油付/绿豆芽|木耳花菜|白菜千张丝|米饭|花椒排骨|虎皮尖椒/西葫芦炒蛋|虎皮蛋烧肉|青椒水面筋|青椒田藕|香酥鸡排
9168,米饭|花椒鸭|葱油娃娃菜|虎皮尖椒/西葫芦炒蛋|虎皮蛋烧肉|雪菜山药|青椒水面筋
9169,包菜油付/绿豆芽|培红菜蘑菇毛豆肉丝|米饭|葱油娃娃菜|虎皮尖椒/西葫芦炒蛋|香酥鸡排
917,千叶豆腐肉丝|卤肉|米饭|虎皮尖椒/西葫芦炒蛋
9170,培红菜蘑菇毛豆肉丝|米饭|虎皮尖椒/西葫芦炒蛋|虎皮蛋烧肉|香酥鸡排
9171,培红菜蘑菇毛豆肉丝|油豆腐烧肉|米饭|虎皮尖椒/西葫芦炒蛋|香酥鸡排
9172,米饭|青椒田藕|香酥鸡排
9173,宫保鸡丁|米饭|虎皮尖椒/西葫芦炒蛋|虎皮蛋烧肉
9174,宫保鸡丁|木耳花菜|米饭|虎皮尖椒/西葫芦炒蛋|青椒田藕|香菇鸡块
9175,培红菜蘑菇毛豆肉丝|米饭|葱油娃娃菜|虎皮尖椒/西葫芦炒蛋|虎皮蛋烧肉|青椒水面筋|香酥鸡排
9176,包菜油付/绿豆芽|油豆腐烧肉|米饭|花椒鸭|虎皮蛋烧肉|雪菜山药|青椒水面筋|香酥鸡排
9177,包菜油付/绿豆芽|宫保鸡丁|米饭|虎皮蛋烧肉|香菇鸡块
9178,包菜油付/绿豆芽|培红菜蘑菇毛豆肉丝|宫保鸡丁|木耳花菜|米饭|葱油娃娃菜|虎皮尖椒/西葫芦炒蛋|虎皮蛋烧肉|香菇鸡块
9179,包菜油付/绿豆芽|盐水虾|米饭|葱油娃娃菜|虎皮尖椒/西葫芦炒蛋|雪菜山药|青椒田藕|香酥鸡排
918,卤肉|小炒|米饭|虎皮尖椒/西葫芦炒蛋|豆芽|酸辣藕丝/木耳莴笋|香酥鸭肉/椒盐虾
9180,宫保鸡丁|盐水虾|米饭|花椒鸭|虎皮蛋烧肉|香酥鸡排
9181,包菜油付/绿豆芽|油豆腐烧肉|米饭|花椒鸭|葱油娃娃菜|青椒水面筋|香酥鸡排
9182,包菜油付/绿豆芽|米饭|虎皮尖椒/西葫芦炒蛋|青椒田藕|香菇鸡块
9183,包菜油付/绿豆芽|盐水虾|米饭|花椒排骨|虎皮蛋烧肉|青椒田藕
9184,包菜油付/绿豆芽|培红菜蘑菇毛豆肉丝|油豆腐烧肉|盐水虾|米饭|葱油娃娃菜|虎皮尖椒/西葫芦炒蛋|青椒水面筋|青椒田藕|香酥鸡排
9185,包菜油付/绿豆芽|盐水虾|米饭|虎皮蛋烧肉|香酥鸡排
9186,包菜油付/绿豆芽|米饭|花椒鸭|虎皮尖椒/西葫芦炒蛋|青椒水面筋|香酥鸡排
9187,宫保鸡丁|盐水虾|米饭|虎皮尖椒/西葫芦炒蛋|虎皮蛋烧肉|青椒田藕
9188,培红菜蘑菇毛豆肉丝|米饭|虎皮尖椒/西葫芦炒蛋|青椒水面筋
9189,培红菜蘑菇毛豆肉丝|油豆腐烧肉|盐水虾|米饭|花椒鸭|葱油娃娃菜|虎皮尖椒/西葫芦炒蛋|虎皮蛋烧肉|青椒水面筋|香酥鸡排
919,卤肉|清炒南瓜/豆芽|米饭|虎皮尖椒/西葫芦炒蛋|酸辣藕丝/木耳莴笋|香酥鸭肉/椒盐虾
9190,包菜油付/绿豆芽|培红菜蘑菇毛豆肉丝|米饭|虎皮尖椒/西葫芦炒蛋
9191,包菜油付/绿豆芽|白菜千张丝|盐水虾|米饭|花椒排骨|虎皮尖椒/西葫芦炒蛋|虎皮蛋烧肉|香菇鸡块
9192,米饭|虎皮尖椒/西葫芦炒蛋
9193,包菜油付/绿豆芽|木耳花菜|白菜千张丝|盐水虾|米饭|虎皮蛋烧肉|青椒田藕
9194,米饭|虎皮尖椒/西葫芦炒蛋|虎皮蛋烧肉|青椒田藕|香菇鸡块
9195,包菜油付/绿豆芽|宫保鸡丁|木耳花菜|米饭|花椒排骨|虎皮尖椒/西葫芦炒蛋|虎皮蛋烧肉|青椒田藕
9196,包菜油付/绿豆芽|培红菜蘑菇毛豆肉丝|米饭
9197,宫保鸡丁|木耳花菜|盐水虾|米饭|花椒排骨|虎皮尖椒/西葫芦炒蛋|虎皮蛋烧肉|青椒田藕|香菇鸡块
9198,包菜油付/绿豆芽|培红菜蘑菇毛豆肉丝|米饭|虎皮尖椒/西葫芦炒蛋|青椒水面筋|香酥鸡排
9199,培红菜蘑菇毛豆肉丝|木耳花菜|白菜千张丝|米饭|青椒水面筋|青椒田藕
920,千叶豆腐肉丝|清炒南瓜/豆芽|米饭|香酥鸭肉/椒盐虾
9200,包菜油付/绿豆芽|米饭|花椒鸭|花菜
9201,培红菜蘑菇毛豆肉丝|盐水虾|花椒排骨|花椒鸭
9202,包菜油付/绿豆芽|宫保鸡丁|白菜千张丝|米饭|花椒排骨
9203,油豆腐烧肉|米饭|虎皮尖椒/西葫芦炒蛋|虎皮蛋烧肉|青椒水面筋|香菇鸡块|香酥鸡排
9204,包菜油付/绿豆芽|米饭|花椒排骨|虎皮尖椒/西葫芦炒蛋|虎皮蛋烧肉|青椒田藕
9205,包菜油付/绿豆芽|盐水虾|米饭|花椒鸭|葱油娃娃菜|虎皮尖椒/西葫芦炒蛋|虎皮蛋烧肉|青椒水面筋|香酥鸡排
9206,木耳花菜|白菜千张丝|盐水虾|米饭|花椒排骨|虎皮尖椒/西葫芦炒蛋|青椒田藕
9207,米饭|花菜|虎皮尖椒/西葫芦炒蛋|虎皮蛋烧肉|雪菜山药
9208,包菜油付/绿豆芽|培红菜蘑菇毛豆肉丝|木耳花菜|白菜千张丝|盐水虾|米饭|虎皮尖椒/西葫芦炒蛋|虎皮蛋烧肉|青椒田藕
9209,白菜千张丝|虎皮蛋烧肉|青椒水面筋|香菇鸡块
921,卤肉|米饭|香酥鸭肉/椒盐虾
9210,包菜油付/绿豆芽|培红菜蘑菇毛豆肉丝|油豆腐烧肉|米饭|花椒排骨|花椒鸭|虎皮尖椒/西葫芦炒蛋|青椒水面筋
9211,包菜油付/绿豆芽|宫保鸡丁|油豆腐烧肉|白菜千张丝|米饭|虎皮蛋烧肉|雪菜山药|青椒水面筋|香菇鸡块
9212,木耳花菜|盐水虾|米饭|虎皮尖椒/西葫芦炒蛋|虎皮蛋烧肉
9213,宫保鸡丁|木耳花菜|米饭|虎皮尖椒/西葫芦炒蛋|虎皮蛋烧肉|青椒田藕
9214,培红菜蘑菇毛豆肉丝|宫保鸡丁|油豆腐烧肉|白菜千张丝|米饭|虎皮尖椒/西葫芦炒蛋|虎皮蛋烧肉|香酥鸡排
9215,培红菜蘑菇毛豆肉丝|盐水虾|米饭|雪菜山药|香菇鸡块|香酥鸡排
9216,包菜油付/绿豆芽|米饭|花菜|虎皮尖椒/西葫芦炒蛋|虎皮蛋烧肉|香酥鸡排
9217,木耳花菜|白菜千张丝|米饭|花椒排骨|青椒田藕|香菇鸡块
9218,包菜油付/绿豆芽|油豆腐烧肉|米饭|花菜|虎皮尖椒/西葫芦炒蛋|虎皮蛋烧肉|青椒水面筋|香酥鸡排
9219,包菜油付/绿豆芽|木耳花菜|盐水虾|米饭|虎皮尖椒/西葫芦炒蛋|青椒田藕
922,卤肉|大排/春卷|小炒|米饭|酸辣藕丝/木耳莴笋
9220,米饭|虎皮蛋烧肉
9221,油豆腐烧肉|米饭|花椒鸭|花菜
9222,宫保鸡丁|白菜千张丝|米饭|虎皮尖椒/西葫芦炒蛋|虎皮蛋烧肉|青椒田藕
9223,油豆腐烧肉|米饭|虎皮尖椒/西葫芦炒蛋|青椒水面筋
9224,培红菜蘑菇毛豆肉丝|米饭|虎皮尖椒/西葫芦炒蛋|虎皮蛋烧肉|雪菜山药
9225,米饭|花椒排骨|虎皮尖椒/西葫芦炒蛋|虎皮蛋烧肉|青椒田藕
9226,付皮包|白菜千张丝|米饭|花菜|虎皮蛋烧肉|青椒水面筋
9227,付皮包|培红菜蘑菇毛豆肉丝|油豆腐烧肉|米饭|花椒鸭|花菜|虎皮尖椒/西葫芦炒蛋|虎皮蛋烧肉
9228,包菜油付/绿豆芽|培红菜蘑菇毛豆肉丝|宫保鸡丁|米饭|虎皮蛋烧肉|青椒水面筋|香酥鸡排
9229,付皮包|油豆腐烧肉|米饭|虎皮尖椒/西葫芦炒蛋|虎皮蛋烧肉|青椒水面筋
923,卤肉|清炒南瓜/豆芽|米饭|虎皮尖椒/西葫芦炒蛋
9230,包菜油付/绿豆芽|白菜千张丝|米饭|花椒排骨|虎皮尖椒/西葫芦炒蛋|虎皮蛋烧肉
9231,付皮包|油豆腐烧肉|米饭|虎皮尖椒/西葫芦炒蛋
9232,付皮包|包菜油付/绿豆芽|油豆腐烧肉|米饭|青椒水面筋
9233,白菜千张丝|米饭|花椒排骨|虎皮蛋烧肉|香菇鸡块
9234,包菜油付/绿豆芽|培红菜蘑菇毛豆肉丝|盐水虾|米饭|花椒鸭|花菜|虎皮尖椒/西葫芦炒蛋|青椒水面筋|青椒田藕
9235,付皮包|包菜油付/绿豆芽|米饭|虎皮蛋烧肉
9236,包菜油付/绿豆芽|培红菜蘑菇毛豆肉丝|油豆腐烧肉|米饭|青椒水面筋
9237,包菜油付/绿豆芽|宫保鸡丁|白菜千张丝|米饭|虎皮蛋烧肉|青椒田藕
9238,包菜油付/绿豆芽|油豆腐烧肉|米饭|花菜|虎皮尖椒/西葫芦炒蛋|虎皮蛋烧肉|青椒水面筋
92383,千叶豆腐肉丝|木耳娃娃菜|红烧肉|青韭南瓜丝
92384,小青菜|毛笋烧肉|米饭|芹菜香干|青椒水面筋|青瓜付竹肉片
92385,手工蛋包|木耳娃娃菜|木耳花菜|米饭|青椒水面筋
92386,小青菜|毛笋烧肉|米饭|花椒鸡腿|芹菜香干|青豆玉米炒蛋
92387,千叶豆腐肉丝|米饭|红烧大排|芹菜香干|蒜泥生菜|青瓜付竹肉片
92388,手工蛋包|木耳娃娃菜|毛笋烧肉|米饭|酸辣藕丝|青瓜付竹肉片|青豆玉米炒蛋
92389,小青菜|椒盐带鱼|米饭|红烧肉|芹菜香干|酸辣藕丝|青瓜付竹肉片
9239,付皮包|培红菜蘑菇毛豆肉丝|油豆腐烧肉|米饭|虎皮尖椒/西葫芦炒蛋
92390,小青菜|木耳娃娃菜|木耳花菜|米饭|芹菜香干|酸辣藕丝|青瓜付竹肉片|青豆玉米炒蛋|青韭南瓜丝|鱼香杏鲍菇肉丝
92391,米饭|红烧大排|芹菜香干|蒜泥生菜|青瓜付竹肉片
92392,米饭|花椒鸡腿|芹菜香干|蒜泥生菜|青椒水面筋
92393,木耳娃娃菜|米饭|蒜泥生菜|鱼香杏鲍菇肉丝
92394,木耳娃娃菜|米饭|红烧肉|青豆玉米炒蛋
92395,手工蛋包|米饭|花椒鸭|芹菜香干|蒜泥生菜|酸辣藕丝
92396,木耳娃娃菜|米饭|蒜泥生菜|青瓜付竹肉片
92397,千叶豆腐肉丝|米饭|红烧肉|芹菜香干|蒜泥生菜|青椒水面筋
92398,小青菜|手工蛋包|米饭|蒜泥生菜|酸辣藕丝|青豆玉米炒蛋
92399,千叶豆腐肉丝|手工蛋包|木耳娃娃菜|米饭|红烧大排|青瓜付竹肉片|青韭南瓜丝
924,千叶豆腐肉丝|卤肉|米饭|虎皮尖椒/西葫芦炒蛋|豆芽|酸辣藕丝/木耳莴笋
9240,包菜油付/绿豆芽|木耳花菜|米饭|雪菜山药|青椒水面筋|青椒田藕
92400,小青菜|米饭|花椒鸡腿|花椒鸭|芹菜香干
92401,千叶豆腐肉丝|木耳娃娃菜|毛笋烧肉
92402,毛笋烧肉|米饭|芹菜香干|蒜泥生菜|青瓜付竹肉片
92403,小青菜|手工蛋包|木耳娃娃菜|木耳花菜|米饭|红烧大排|葱油扇贝|青豆玉米炒蛋
92404,手工蛋包|毛笋烧肉|米饭|青椒水面筋|鱼香杏鲍菇肉丝
92405,木耳娃娃菜|米饭|红烧大排|葱油扇贝|蒜泥生菜
92406,手工蛋包|米饭|红烧肉|蒜泥生菜|青瓜付竹肉片
92407,手工蛋包|木耳娃娃菜|米饭|花椒鸭|芹菜香干|青椒水面筋
92408,千叶豆腐肉丝|小青菜|手工蛋包|米饭|红烧大排|青瓜付竹肉片
92409,小青菜|手工蛋包|木耳娃娃菜|米饭|红烧肉|花椒鸭|芹菜香干|葱油扇贝|蒜泥生菜
9241,米饭|花椒排骨|虎皮蛋烧肉|青椒田藕
92410,米饭|红烧肉|蒜泥生菜
92411,小青菜|毛笋烧肉|米饭|花椒鸭
92412,手工蛋包|米饭|葱油扇贝|青豆玉米炒蛋
92413,米饭
9242,包菜油付/绿豆芽|白菜千张丝|米饭|花椒排骨|虎皮尖椒/西葫芦炒蛋|虎皮蛋烧肉|香菇鸡块
9243,盐水虾|米饭|虎皮尖椒/西葫芦炒蛋|青椒田藕|香菇鸡块
9244,木耳花菜|盐水虾|米饭|虎皮蛋烧肉
9245,包菜油付/绿豆芽|宫保鸡丁|白菜千张丝|米饭|虎皮蛋烧肉
9246,付皮包|包菜油付/绿豆芽|木耳花菜|雪菜山药
9247,培红菜蘑菇毛豆肉丝|宫保鸡丁|盐水虾|米饭|花椒排骨|虎皮蛋烧肉|青椒田藕
9248,付皮包|包菜油付/绿豆芽|培红菜蘑菇毛豆肉丝|油豆腐烧肉|米饭|青椒水面筋
9249,包菜油付/绿豆芽|米饭|虎皮尖椒/西葫芦炒蛋|香菇鸡块
925,千叶豆腐肉丝|米饭|酸辣藕丝/木耳莴笋|香酥鸭肉/椒盐虾
9250,付皮包|包菜油付/绿豆芽|油豆腐烧肉|米饭|花椒鸭|花菜|虎皮尖椒/西葫芦炒蛋|虎皮蛋烧肉
9251,培红菜蘑菇毛豆肉丝|米饭|花菜|虎皮蛋烧肉|青椒水面筋
9252,包菜油付/绿豆芽|宫保鸡丁|木耳花菜|盐水虾|米饭|虎皮尖椒/西葫芦炒蛋
9253,付皮包|包菜油付/绿豆芽|培红菜蘑菇毛豆肉丝|油豆腐烧肉|花菜|虎皮蛋烧肉|青椒水面筋
9254,包菜油付/绿豆芽|油豆腐烧肉|花椒鸭|花菜|虎皮尖椒/西葫芦炒蛋|青椒水面筋
9255,盐水虾|米饭|花椒排骨|花菜|雪菜山药|青椒水面筋
9256,付皮包|培红菜蘑菇毛豆肉丝|宫保鸡丁|米饭|花椒排骨|虎皮尖椒/西葫芦炒蛋|青椒田藕
9257,付皮包|包菜油付/绿豆芽|宫保鸡丁|米饭|花椒排骨|花菜
9258,包菜油付/绿豆芽|宫保鸡丁|米饭|花菜|香菇鸡块
9259,付皮包|包菜油付/绿豆芽|培红菜蘑菇毛豆肉丝|米饭|虎皮蛋烧肉
926,卤肉|香酥鸭肉/椒盐虾
9260,付皮包|培红菜蘑菇毛豆肉丝|木耳花菜|油豆腐烧肉|盐水虾|米饭|花椒排骨|虎皮尖椒/西葫芦炒蛋
9261,包菜油付/绿豆芽|宫保鸡丁|米饭|虎皮蛋烧肉|雪菜山药
9262,培红菜蘑菇毛豆肉丝|油豆腐烧肉|米饭|花菜
9263,包菜油付/绿豆芽|培红菜蘑菇毛豆肉丝|米饭|花椒排骨|花菜|茭白肉丝小炒|虎皮尖椒/西葫芦炒蛋|青椒田藕
9264,付皮包|包菜油付/绿豆芽|木耳花菜|白菜千张丝|米饭|虎皮蛋烧肉
9265,油豆腐烧肉|白菜千张丝|米饭|茭白肉丝小炒|虎皮尖椒/西葫芦炒蛋|青椒田藕
9266,包菜油付/绿豆芽|木耳花菜|米饭|茭白肉丝小炒|虎皮蛋烧肉|青椒田藕|香菇鸡块
9267,宫保鸡丁|木耳花菜|米饭|茭白肉丝小炒|虎皮尖椒/西葫芦炒蛋|青椒田藕
9268,木耳花菜|白菜千张丝|盐水虾|米饭|虎皮蛋烧肉|雪菜山药|青椒水面筋|青椒田藕
9269,付皮包|包菜油付/绿豆芽|培红菜蘑菇毛豆肉丝|米饭|花菜|虎皮蛋烧肉|青椒水面筋
927,卤肉|小炒|米饭|豆芽
9270,木耳花菜|米饭|花椒排骨|茭白肉丝小炒|虎皮尖椒/西葫芦炒蛋|香菇鸡块
9271,包菜油付/绿豆芽|宫保鸡丁|白菜千张丝|米饭|花椒排骨|茭白肉丝小炒|虎皮尖椒/西葫芦炒蛋|虎皮蛋烧肉|青椒田藕
9272,包菜油付/绿豆芽|白菜千张丝|米饭|茭白肉丝小炒|虎皮尖椒/西葫芦炒蛋|虎皮蛋烧肉|香菇鸡块
9273,木耳花菜|米饭|花椒鸭|茭白肉丝小炒|虎皮尖椒/西葫芦炒蛋|虎皮蛋烧肉|雪菜山药
9274,米饭|茭白肉丝小炒|虎皮尖椒/西葫芦炒蛋|青椒田藕
9275,付皮包|包菜油付/绿豆芽|培红菜蘑菇毛豆肉丝|米饭|雪菜山药
9276,付皮包|培红菜蘑菇毛豆肉丝|木耳花菜|米饭|虎皮蛋烧肉|青椒田藕
9277,付皮包|包菜油付/绿豆芽|培红菜蘑菇毛豆肉丝|米饭|虎皮蛋烧肉|雪菜山药
9278,培红菜蘑菇毛豆肉丝|宫保鸡丁|米饭|芹菜香干|茭白肉丝小炒
9279,付皮包|包菜油付/绿豆芽|培红菜蘑菇毛豆肉丝|米饭|虎皮蛋烧肉|青椒水面筋
928,千叶豆腐肉丝|清炒南瓜/豆芽|米饭|酸辣藕丝/木耳莴笋|香酥鸭肉/椒盐虾
9280,付皮包|培红菜蘑菇毛豆肉丝|油豆腐烧肉|米饭|雪菜山药
9281,米饭|花菜|芹菜香干|茭白肉丝小炒
9282,培红菜蘑菇毛豆肉丝|白菜千张丝|米饭|花椒排骨|芹菜香干
9283,付皮包|包菜油付/绿豆芽|米饭|青椒水面筋
9284,付皮包|包菜油付/绿豆芽|培红菜蘑菇毛豆肉丝|油豆腐烧肉|米饭|花菜|芹菜香干|雪菜山药
9285,包菜油付/绿豆芽|油豆腐烧肉|米饭|虎皮尖椒/西葫芦炒蛋|虎皮蛋烧肉
9286,培红菜蘑菇毛豆肉丝|米饭|花椒排骨|茭白肉丝小炒|虎皮尖椒/西葫芦炒蛋|虎皮蛋烧肉
9287,宫保鸡丁|木耳花菜|白菜千张丝|米饭|虎皮尖椒/西葫芦炒蛋
9288,包菜油付/绿豆芽|培红菜蘑菇毛豆肉丝|木耳花菜|油豆腐烧肉|米饭|花椒排骨|芹菜香干|茭白肉丝小炒
9289,包菜油付/绿豆芽|木耳花菜|米饭|茭白肉丝小炒|虎皮尖椒/西葫芦炒蛋|虎皮蛋烧肉|青椒田藕
929,卤肉|米饭|虎皮尖椒/西葫芦炒蛋|香酥鸭肉/椒盐虾
9290,付皮包|培红菜蘑菇毛豆肉丝|米饭|花菜|香菇鸡块
9291,包菜油付/绿豆芽|培红菜蘑菇毛豆肉丝|木耳花菜|白菜千张丝|米饭|茭白肉丝小炒|虎皮尖椒/西葫芦炒蛋|虎皮蛋烧肉
9292,付皮包|包菜油付/绿豆芽|米饭|花椒排骨|青椒田藕
9293,木耳花菜|米饭|花椒排骨|虎皮尖椒/西葫芦炒蛋|虎皮蛋烧肉
9294,付皮包|包菜油付/绿豆芽|培红菜蘑菇毛豆肉丝|油豆腐烧肉|米饭|花菜
9295,付皮包|包菜油付/绿豆芽|培红菜蘑菇毛豆肉丝|米饭|芹菜香干|雪菜山药
9296,米饭|花菜|茭白肉丝小炒|青椒水面筋|青椒田藕|香菇鸡块
9297,白菜千张丝|米饭|虎皮尖椒/西葫芦炒蛋|青椒水面筋|香菇鸡块
9298,宫保鸡丁|油豆腐烧肉|米饭|芹菜香干|茭白肉丝小炒|虎皮尖椒/西葫芦炒蛋|香菇鸡块
9299,付皮包|培红菜蘑菇毛豆肉丝|米饭|花椒鸭|花菜
930,米饭|虎皮尖椒/西葫芦炒蛋|香酥鸭肉/椒盐虾
9300,付皮包|培红菜蘑菇毛豆肉丝|油豆腐烧肉|米饭|虎皮尖椒/西葫芦炒蛋|青椒水面筋
9301,付皮包|米饭|芹菜香干|虎皮尖椒/西葫芦炒蛋|香菇鸡块
9302,油豆腐烧肉|米饭|花椒排骨|花菜|虎皮尖椒/西葫芦炒蛋
9303,付皮包|米饭|花椒排骨|芹菜香干|青椒水面筋
9304,包菜油付/绿豆芽|油豆腐烧肉|米饭|芹菜香干|茭白肉丝小炒|青椒水面筋|青椒藕片
9305,培红菜蘑菇毛豆肉丝|油豆腐烧肉|米饭|红烧排骨|花菜|芹菜香干|青椒水面筋|青椒藕片
9306,培红菜蘑菇毛豆肉丝|米饭|红烧排骨|花椒排骨|芹菜香干
9307,付皮包|包菜油付/绿豆芽|米饭|茭白肉丝小炒
9308,付皮包|包菜油付/绿豆芽|培红菜蘑菇毛豆肉丝|米饭|花菜|虎皮蛋烧肉|青椒水面筋|青椒藕片
9309,付皮包|米饭|芹菜香干|虎皮尖椒/西葫芦炒蛋|虎皮蛋烧肉|青椒水面筋
931,米饭|虎皮尖椒/西葫芦炒蛋|酸辣藕丝/木耳莴笋|香酥鸭肉/椒盐虾
9310,油豆腐烧肉|米饭|芹菜香干|虎皮蛋烧肉
9311,培红菜蘑菇毛豆肉丝|米饭|青椒藕片
9312,宫保鸡丁|米饭|茭白肉丝小炒|虎皮尖椒/西葫芦炒蛋|虎皮蛋烧肉
9313,付皮包|包菜油付/绿豆芽|白菜千张丝|米饭|茭白肉丝小炒|虎皮蛋烧肉
9314,付皮包|培红菜蘑菇毛豆肉丝|油豆腐烧肉|米饭|芹菜香干
9315,付皮包|包菜油付/绿豆芽|宫保鸡丁|米饭
9316,包菜油付/绿豆芽|宫保鸡丁|油豆腐烧肉|米饭|虎皮蛋烧肉
9317,油豆腐烧肉|米饭|花菜
9318,付皮包|油豆腐烧肉|米饭|红烧排骨|芹菜香干|青椒藕片
9319,米饭|茭白肉丝小炒|虎皮蛋烧肉|青椒水面筋
932,千叶豆腐肉丝|卤肉|米饭|香酥鸭肉/椒盐虾
9320,米饭|花菜|芹菜香干|茭白肉丝小炒|青椒水面筋|香菇鸡块
9321,包菜油付/绿豆芽|油豆腐烧肉|米饭|芹菜香干|虎皮蛋烧肉
9322,油豆腐烧肉|米饭|花菜|青椒水面筋|香菇鸡块
9323,宫保鸡丁|油豆腐烧肉|米饭|红烧排骨|花菜|芹菜香干|茭白肉丝小炒|青椒藕片
9324,米饭|芹菜香干|茭白肉丝小炒|虎皮蛋烧肉|青椒水面筋|青椒藕片
9325,宫保鸡丁|白菜千张丝|米饭|花菜|芹菜香干|西葫芦炒蛋
9326,包菜油付/绿豆芽|油豆腐烧肉|米饭|花菜|芹菜香干|茭白肉丝小炒|青椒水面筋|青椒藕片
9327,包菜油付/绿豆芽|白菜千张丝|米饭|花菜|芹菜香干|虎皮蛋烧肉|青椒水面筋
9328,包菜油付/绿豆芽|宫保鸡丁|油豆腐烧肉|米饭|红烧排骨|芹菜香干|西葫芦炒蛋|青椒水面筋|青椒藕片
9329,油豆腐烧肉|米饭|红烧排骨|西葫芦炒蛋|香菇鸡块
933,千叶豆腐肉丝|清炒南瓜/豆芽|米饭|虎皮尖椒/西葫芦炒蛋|香酥鸭肉/椒盐虾
9330,红烧排骨
9331,青椒水面筋
9332,米饭|红烧排骨|芹菜香干|茭白肉丝小炒
9333,米饭|茭白肉丝小炒|虎皮蛋烧肉|青椒藕片
9334,米饭|虎皮蛋烧肉
9335,米饭|茭白肉丝小炒|虎皮蛋烧肉|青椒水面筋
9336,大排|水波蛋|油麦菜|盐菜黄豆芽|红烧茄子|芹菜香干|葱油芋头/红烧萝卜|鸭血豆腐
9337,大排|红烧带鱼|葱油金针菇
9338,油爆虾|米饭|芹菜香干|葱油芋头/红烧萝卜|葱油金针菇|黄豆猪脚
9339,大排|水波蛋|米饭|葱油芋头/红烧萝卜
934,卤肉|虎皮尖椒/西葫芦炒蛋|香酥鸭肉/椒盐虾
9340,水波蛋|米饭|红烧带鱼|葱油金针菇
9341,米饭|红烧带鱼|红烧茄子|芹菜香干|葱油金针菇
9342,米饭|葱油金针菇|长江豆肉丝|香菇鸭块
9343,大排|油麦菜|米饭|葱油芋头/红烧萝卜|酸辣土豆丝
9344,水波蛋|油爆虾|油麦菜|芹菜香干|葱油鸡|酸辣土豆丝|黄豆猪脚
9345,米饭
9346,米饭|葱油芋头/红烧萝卜|酸辣土豆丝|香菇鸭块
9347,千张结烧肉|米饭|葱油金针菇|鸭血豆腐
9348,大排|油爆虾|米饭|红烧茄子|芹菜香干|酸辣土豆丝
9349,千张结烧肉|米饭|芹菜香干|酸辣土豆丝
935,卤肉|米饭|虎皮尖椒/西葫芦炒蛋|酸辣藕丝/木耳莴笋|香酥鸭肉/椒盐虾
9350,油爆虾|米饭|红烧带鱼|葱油鸡|酸辣土豆丝
9351,油爆虾|米饭|葱油芋头/红烧萝卜|葱油金针菇|蒜苗香干肉丝
9352,水波蛋|米饭|红烧茄子|葱油芋头/红烧萝卜|葱油鸡|长江豆肉丝
9353,油爆虾|米饭|红烧茄子|蒜苗香干肉丝|长江豆肉丝|鸭血豆腐|黄豆猪脚
9354,大排|米饭|红烧茄子|葱油芋头/红烧萝卜|葱油鸡
9355,千张结烧肉|油爆虾|油麦菜|芹菜香干
9356,油麦菜|盐菜黄豆芽|米饭|芹菜香干|葱油芋头/红烧萝卜|葱油鸡|香菇鸭块|黄豆猪脚
9357,油爆虾|油麦菜|米饭|红烧带鱼|红烧茄子|葱油芋头/红烧萝卜|葱油鸡|酸辣土豆丝|长江豆肉丝
9358,油麦菜|米饭|葱油金针菇|黄豆猪脚
9359,大排|米饭|葱油金针菇
936,米饭|虎皮尖椒/西葫芦炒蛋|香酥鸭肉/椒盐虾
9360,米饭|芹菜香干
9361,米饭|芹菜香干|葱油芋头/红烧萝卜|葱油鸡|黄豆猪脚
9362,米饭|葱油芋头/红烧萝卜|蒜苗香干肉丝
9363,米饭|葱油芋头/红烧萝卜|葱油金针菇|葱油鸡|鸭血豆腐
9364,米饭|红烧带鱼|葱油芋头/红烧萝卜|长江豆肉丝
9365,油麦菜|米饭|芹菜香干|葱油芋头/红烧萝卜|蒜苗香干肉丝|酸辣土豆丝
9366,油爆虾|米饭|红烧带鱼|酸辣土豆丝
9367,水波蛋|米饭|葱油芋头/红烧萝卜|葱油鸡|长江豆肉丝
9368,油麦菜|盐菜黄豆芽|米饭|红烧茄子|葱油鸡
9369,大排|水波蛋|米饭|红烧茄子|葱油鸡
937,千叶豆腐肉丝|米饭|虎皮尖椒/西葫芦炒蛋|豆芽|香酥鸭肉/椒盐虾
9370,米饭|红烧茄子|芹菜香干|葱油芋头/红烧萝卜|葱油金针菇
9371,油麦菜|米饭|红烧茄子|葱油鸡|长江豆肉丝
9372,大排|米饭|芹菜香干|葱油芋头/红烧萝卜|长江豆肉丝
9373,油麦菜|米饭|红烧茄子|香菇鸭块
9374,大排|水波蛋|米饭|葱油芋头/红烧萝卜|葱油鸡
9375,千张结烧肉|米饭|葱油芋头/红烧萝卜|葱油金针菇|蒜苗香干肉丝|酸辣土豆丝
9376,大排|盐菜黄豆芽|米饭|芹菜香干|葱油芋头/红烧萝卜|葱油金针菇|鸭血豆腐
9377,大排|盐菜黄豆芽|米饭|红烧茄子|长江豆肉丝
9378,油麦菜|盐菜黄豆芽|米饭|芹菜香干|葱油芋头/红烧萝卜|酸辣土豆丝
9379,大排|米饭|长江豆肉丝
938,米饭|虎皮尖椒/西葫芦炒蛋|酸辣藕丝/木耳莴笋|香酥鸭肉/椒盐虾
9380,米饭|芹菜香干|葱油芋头/红烧萝卜|葱油鸡|蒜苗香干肉丝|酸辣土豆丝|黄豆猪脚
9381,水波蛋|米饭|红烧带鱼|红烧茄子|葱油芋头/红烧萝卜|葱油鸡
9382,大排|油爆虾|米饭|葱油芋头/红烧萝卜|酸辣土豆丝
9383,大排|油麦菜|米饭|红烧茄子|葱油芋头/红烧萝卜|葱油鸡
9384,水波蛋|米饭|红烧茄子|葱油鸡|酸辣土豆丝
9385,油麦菜|米饭|红烧茄子|葱油鸡
9386,大排|水波蛋|米饭|红烧茄子
9387,大排|水波蛋|油麦菜|盐菜黄豆芽|米饭
9388,大排|水波蛋|米饭|葱油芋头/红烧萝卜|葱油鸡
9389,水波蛋|米饭|红烧带鱼|红烧茄子|葱油芋头/红烧萝卜|长江豆肉丝
939,千叶豆腐肉丝|小炒|米饭|虎皮尖椒/西葫芦炒蛋|豆芽
9390,油爆虾|米饭|芹菜香干|葱油金针菇|蒜苗香干肉丝|酸辣土豆丝|鸭血豆腐
9391,千张结烧肉|油爆虾|米饭|葱油芋头/红烧萝卜|蒜苗香干肉丝
9392,米饭|芹菜香干|葱油金针菇|葱油鸡|黄豆猪脚
9393,千张结烧肉|米饭|葱油芋头/红烧萝卜
9394,盐菜黄豆芽|米饭|葱油芋头/红烧萝卜
9395,油爆虾|米饭|芹菜香干|葱油芋头/红烧萝卜|葱油金针菇|葱油鸡|蒜苗香干肉丝|酸辣土豆丝|鸭血豆腐|黄豆猪脚
9396,水波蛋|油麦菜|米饭|葱油鸡|长江豆肉丝|香菇鸭块
9397,千张结烧肉|油爆虾|米饭|芹菜香干|葱油芋头/红烧萝卜|葱油金针菇|蒜苗香干肉丝|酸辣土豆丝|鸭血豆腐|黄豆猪脚
9398,大排|米饭|红烧茄子|香菇鸭块
9399,千张结烧肉|米饭|葱油芋头/红烧萝卜|葱油鸡|鸭血豆腐
940,千叶豆腐肉丝|卤肉|大排/春卷|小炒|米饭|豆芽
9400,水波蛋|米饭|红烧带鱼|红烧茄子|葱油鸡
9401,千张结烧肉|米饭|芹菜香干|鸭血豆腐
9402,大排|盐菜黄豆芽|米饭|葱油鸡|蒜苗香干肉丝|长江豆肉丝
9403,米饭|葱油芋头/红烧萝卜|黄豆猪脚
9404,大排|米饭|葱油芋头/红烧萝卜
9405,大排|米饭|葱油芋头/红烧萝卜|酸辣土豆丝
9406,水波蛋|油麦菜|盐菜黄豆芽|米饭|红烧茄子|葱油芋头/红烧萝卜|鸭血豆腐
9407,千张结烧肉|米饭|红烧带鱼|葱油芋头/红烧萝卜|葱油金针菇|黄豆猪脚
9408,油麦菜|米饭|葱油鸡|长江豆肉丝|香菇鸭块
9409,水波蛋|油麦菜|米饭|葱油鸡
941,卤肉|清炒南瓜/豆芽|米饭|酸辣藕丝/木耳莴笋|香酥鸭肉/椒盐虾
9410,油麦菜|米饭|红烧茄子|葱油金针菇|蒜苗香干肉丝|黄豆猪脚
9411,大排|油麦菜|盐菜黄豆芽|米饭|红烧带鱼|红烧茄子|葱油鸡
9412,大排|油爆虾|油麦菜|米饭|红烧茄子|葱油金针菇
9413,千张结烧肉|大排|水波蛋|油爆虾|米饭|红烧带鱼|红烧茄子|葱油芋头/红烧萝卜|葱油金针菇|葱油鸡
9414,大排|油爆虾|米饭|红烧茄子|葱油金针菇|酸辣土豆丝
9415,大排|米饭|葱油芋头/红烧萝卜|葱油鸡|长江豆肉丝
9416,油爆虾|米饭|芹菜香干|酸辣土豆丝
9417,千张结烧肉|大排|盐菜黄豆芽|米饭|葱油鸡|蒜苗香干肉丝|酸辣土豆丝|黄豆猪脚
9418,油爆虾|米饭|长江豆肉丝
9419,千张结烧肉|大排|米饭|鸭血豆腐|黄豆猪脚
942,千叶豆腐肉丝|卤肉|小炒|米饭|虎皮尖椒/西葫芦炒蛋|豆芽
9420,米饭|红烧茄子|葱油金针菇|葱油鸡|长江豆肉丝|鸭血豆腐|黄豆猪脚
9421,千张结烧肉|木耳莴笋|水波蛋|米饭|红烧带鱼|蒜苗香干肉丝|酸辣土豆丝
9422,千张结烧肉|木耳莴笋|水波蛋|米饭|红烧带鱼|红烧茄子
9423,千张结烧肉|油爆虾|米饭|芹菜香干|葱油芋头/红烧萝卜|蒜苗香干肉丝|酸辣土豆丝|鸭血豆腐
9424,千张结烧肉|油爆虾|油麦菜|盐菜黄豆芽|米饭|葱油芋头/红烧萝卜|鸭血豆腐|黄豆猪脚
9425,油爆虾|米饭|红烧带鱼|红烧茄子|葱油鸡|酸辣土豆丝|香菇鸭块|黄豆猪脚
9426,盐菜黄豆芽|米饭|红烧带鱼|长江豆肉丝
9427,千张结烧肉|油爆虾|米饭|葱油芋头/红烧萝卜|蒜苗香干肉丝|黄豆猪脚
9428,油麦菜|盐菜黄豆芽|米饭|红烧带鱼|香菇鸭块
9429,千张结烧肉|木耳莴笋|油爆虾|米饭|葱油芋头/红烧萝卜|蒜苗香干肉丝|鸭血豆腐
943,卤肉|大排/春卷|小炒|清炒南瓜/豆芽|米饭|酸辣藕丝/木耳莴笋
9430,大排|油麦菜|葱油芋头/红烧萝卜|蒜苗香干肉丝|香菇鸭块|鸭血豆腐
9431,米饭|红烧带鱼|红烧茄子|葱油芋头/红烧萝卜|葱油鸡
9432,千张结烧肉|木耳莴笋|米饭|红烧茄子|葱油芋头/红烧萝卜|葱油金针菇|酸辣土豆丝
9433,千张结烧肉|大排|油爆虾|盐菜黄豆芽|米饭|红烧带鱼|葱油芋头/红烧萝卜|葱油金针菇|葱油鸡|蒜苗香干肉丝|长江豆肉丝|黄豆猪脚
9434,米饭|红烧带鱼|长江豆肉丝
9435,木耳莴笋|米饭|葱油芋头/红烧萝卜|鸭血豆腐
9436,木耳莴笋|米饭|葱油芋头/红烧萝卜
9437,大排|木耳莴笋|水波蛋|红烧茄子|葱油鸡|酸辣土豆丝|长江豆肉丝
9438,大排|盐菜黄豆芽|米饭|红烧带鱼
9439,木耳莴笋|油爆虾|米饭|葱油芋头/红烧萝卜|葱油鸡|酸辣土豆丝
944,千叶豆腐肉丝|米饭|虎皮尖椒/西葫芦炒蛋|酸辣藕丝/木耳莴笋|香酥鸭肉/椒盐虾
9440,大排|米饭|红烧带鱼|葱油鸡
9441,千张结烧肉|木耳莴笋|油爆虾|米饭|红烧带鱼|葱油芋头/红烧萝卜|葱油鸡|蒜苗香干肉丝|酸辣土豆丝|鸭血豆腐|黄豆猪脚
9442,油麦菜|盐菜黄豆芽|米饭|葱油芋头/红烧萝卜
9443,木耳莴笋|油爆虾|米饭|葱油鸡|酸辣土豆丝|鸭血豆腐|黄豆猪脚
9444,木耳莴笋|水波蛋|油麦菜|米饭|红烧带鱼|红烧茄子|葱油芋头/红烧萝卜|葱油鸡|长江豆肉丝|黄豆猪脚
9445,水波蛋|米饭|红烧带鱼|红烧茄子
9446,油爆虾|米饭|葱油芋头/红烧萝卜|葱油金针菇|葱油鸡|酸辣土豆丝|鸭血豆腐
9447,大排|米饭|红烧茄子|葱油芋头/红烧萝卜|葱油鸡|长江豆肉丝
9448,大排|油爆虾|米饭|葱油芋头/红烧萝卜|葱油金针菇|酸辣土豆丝
9449,千张结烧肉|木耳莴笋|米饭|葱油芋头/红烧萝卜|葱油鸡|酸辣土豆丝|鸭血豆腐
945,大排/春卷|米饭|虎皮尖椒/西葫芦炒蛋|豆芽|酸辣藕丝/木耳莴笋
9450,油爆虾|油麦菜|米饭|红烧茄子|蒜苗香干肉丝
9451,千张结烧肉|大排|木耳莴笋|米饭|葱油芋头/红烧萝卜|葱油金针菇|酸辣土豆丝|鸭血豆腐
9452,水波蛋|油麦菜|盐菜黄豆芽|米饭|红烧带鱼|葱油芋头/红烧萝卜|葱油鸡|长江豆肉丝
9453,水波蛋|油麦菜|米饭|葱油芋头/红烧萝卜|葱油鸡|长江豆肉丝|香菇鸭块
9454,大排|木耳莴笋|水波蛋|油爆虾|米饭
9455,油麦菜|盐菜黄豆芽|米饭|红烧带鱼|红烧茄子|葱油鸡|香菇鸭块
9456,千张结烧肉|木耳莴笋|油爆虾|米饭|葱油芋头/红烧萝卜|蒜苗香干肉丝|酸辣土豆丝
9457,木耳莴笋|米饭|葱油金针菇|葱油鸡|鸭血豆腐|黄豆猪脚
9458,千张结烧肉|水波蛋|油爆虾|米饭|红烧茄子|葱油金针菇|葱油鸡|蒜苗香干肉丝|酸辣土豆丝|鸭血豆腐|黄豆猪脚
9459,大排|油麦菜|米饭|葱油芋头/红烧萝卜
946,卤肉|清炒南瓜/豆芽|米饭|虎皮尖椒/西葫芦炒蛋|香酥鸭肉/椒盐虾
9460,油麦菜|米饭|红烧茄子|葱油芋头/红烧萝卜|葱油鸡
9461,木耳莴笋|油爆虾|米饭|蒜苗香干肉丝|酸辣土豆丝|鸭血豆腐
9462,千张结烧肉|木耳莴笋|米饭|葱油金针菇|酸辣土豆丝|黄豆猪脚
9463,大排|油麦菜|米饭|红烧茄子|香菇鸭块
9464,水波蛋|油爆虾|米饭|葱油芋头/红烧萝卜|葱油金针菇|蒜苗香干肉丝|酸辣土豆丝
9465,木耳莴笋|米饭|红烧带鱼|红烧茄子|葱油芋头/红烧萝卜|葱油金针菇|葱油鸡|鸭血豆腐
9466,木耳莴笋|米饭|葱油金针菇|葱油鸡|酸辣土豆丝|鸭血豆腐
9467,大排|水波蛋|油麦菜|米饭|红烧茄子|长江豆肉丝
9468,水波蛋|油爆虾|油麦菜|红烧茄子|葱油芋头/红烧萝卜|葱油金针菇|葱油鸡|蒜苗香干肉丝|鸭血豆腐|黄豆猪脚
9469,盐菜黄豆芽|米饭|红烧带鱼|红烧茄子|长江豆肉丝
947,虎皮尖椒/西葫芦炒蛋|酸辣藕丝/木耳莴笋|香酥鸭肉/椒盐虾
9470,盐菜黄豆芽|米饭|红烧茄子|葱油芋头/红烧萝卜|葱油鸡|长江豆肉丝
9471,千张结烧肉|油爆虾|红烧茄子|葱油芋头/红烧萝卜|葱油金针菇|鸭血豆腐|黄豆猪脚
9472,米饭|葱油芋头/红烧萝卜|葱油金针菇|葱油鸡
9473,大排|水波蛋|油麦菜|米饭|葱油芋头/红烧萝卜
9474,油爆虾|米饭|葱油芋头/红烧萝卜|葱油金针菇
9475,水波蛋|油麦菜|米饭|红烧带鱼|葱油鸡|长江豆肉丝
9476,水波蛋|油爆虾|盐菜黄豆芽|米饭|葱油芋头/红烧萝卜|葱油鸡
9477,千张结烧肉|水波蛋|油麦菜|米饭|葱油芋头/红烧萝卜|葱油金针菇|香菇鸭块
9478,米饭|葱油芋头/红烧萝卜|葱油金针菇|蒜苗香干肉丝|香菇鸭块|黄豆猪脚
9479,水波蛋|油爆虾|米饭|葱油芋头/红烧萝卜|葱油金针菇|葱油鸡|鸭血豆腐|黄豆猪脚
948,卤肉|虎皮尖椒/西葫芦炒蛋|酸辣藕丝/木耳莴笋|香酥鸭肉/椒盐虾
9480,千张结烧肉|米饭|葱油芋头/红烧萝卜|葱油金针菇|黄豆猪脚
9481,水波蛋|米饭|红烧带鱼|红烧茄子|葱油芋头/红烧萝卜|葱油鸡|长江豆肉丝
9482,木耳莴笋|米饭|长江豆肉丝|青菜/白菜油腐
9483,大排|盐菜黄豆芽|米饭|红烧茄子|葱油鸡
9484,千张结烧肉|木耳莴笋|米饭|葱油芋头/红烧萝卜|葱油鸡|鸭血豆腐
9485,水波蛋|米饭|红烧茄子|酸辣土豆丝
9486,米饭|葱油金针菇|青菜/白菜油腐|鸭血豆腐|黄豆猪脚
9487,大排|盐菜黄豆芽|米饭|红烧带鱼|红烧茄子|葱油芋头/红烧萝卜|青菜/白菜油腐
9488,千张结烧肉|大排|油爆虾|米饭|葱油芋头/红烧萝卜|葱油金针菇
9489,水波蛋|米饭|红烧茄子|葱油鸡|青菜/白菜油腐|黄豆猪脚
949,大排/春卷|小炒|米饭|豆芽
9490,木耳莴笋|油爆虾
9491,大排|水波蛋|米饭|红烧茄子|葱油芋头/红烧萝卜|青菜/白菜油腐
9492,盐菜黄豆芽|米饭|红烧茄子|葱油芋头/红烧萝卜|长江豆肉丝
9493,木耳莴笋|油爆虾|米饭|黄豆猪脚
9494,盐菜黄豆芽|米饭|葱油芋头/红烧萝卜|葱油金针菇|长江豆肉丝|青菜/白菜油腐
9495,木耳莴笋|米饭|红烧带鱼|蒜苗香干肉丝|青菜/白菜油腐
9496,千张结烧肉|水波蛋|盐菜黄豆芽|葱油芋头/红烧萝卜|葱油鸡|青菜/白菜油腐
9497,油爆虾|米饭|葱油芋头/红烧萝卜|葱油金针菇|葱油鸡|酸辣土豆丝|鸭血豆腐|黄豆猪脚
9498,木耳莴笋|油爆虾|米饭|葱油芋头/红烧萝卜|葱油金针菇|葱油鸡|蒜苗香干肉丝|酸辣土豆丝
9499,水波蛋|米饭|葱油芋头/红烧萝卜|青菜/白菜油腐
950,清炒南瓜/豆芽|虎皮尖椒/西葫芦炒蛋|酸辣藕丝/木耳莴笋|香酥鸭肉/椒盐虾
9500,米饭|葱油芋头/红烧萝卜|葱油鸡|蒜苗香干肉丝
9501,木耳莴笋|米饭|黄豆猪脚
9502,油爆虾|盐菜黄豆芽|米饭|葱油芋头/红烧萝卜|酸辣土豆丝|青菜/白菜油腐
9503,大排|米饭|红烧茄子|长江豆肉丝
9504,大排|米饭|红烧带鱼|红烧茄子|酸辣土豆丝|长江豆肉丝|香菇鸭块
9505,水波蛋|葱油鸡|青菜/白菜油腐
9506,米饭|红烧茄子|葱油芋头/红烧萝卜|葱油鸡|长江豆肉丝|青菜/白菜油腐
9507,大排|米饭|葱油芋头/红烧萝卜|长江豆肉丝
9508,大排|米饭|长江豆肉丝
9509,千张结烧肉|水波蛋|盐菜黄豆芽|米饭|红烧带鱼|葱油鸡|青菜/白菜油腐|香菇鸭块
951,千叶豆腐肉丝|卤肉|米饭|虎皮尖椒/西葫芦炒蛋|酸辣藕丝/木耳莴笋
9510,油爆虾|米饭|葱油芋头/红烧萝卜|葱油金针菇|鸭血豆腐
9511,米饭|葱油鸡|酸辣土豆丝|鸭血豆腐
9512,木耳莴笋|米饭|葱油芋头/红烧萝卜|葱油金针菇|黄豆猪脚
9513,米饭|红烧带鱼|葱油鸡|长江豆肉丝|青菜/白菜油腐
9514,米饭|葱油芋头/红烧萝卜|葱油鸡|黄豆猪脚
9515,大排|米饭|葱油金针菇|鸭血豆腐
9516,盐菜黄豆芽|米饭|红烧茄子|葱油鸡
9517,油爆虾|米饭|葱油芋头/红烧萝卜|葱油金针菇|葱油鸡|黄豆猪脚
9518,大排|米饭|葱油芋头/红烧萝卜|长江豆肉丝|青菜/白菜油腐
9519,米饭|葱油金针菇|葱油鸡|鸭血豆腐
952,千叶豆腐肉丝|米饭|豆芽|酸辣藕丝/木耳莴笋|香酥鸭肉/椒盐虾
9520,米饭|红烧带鱼|葱油芋头/红烧萝卜|蒜苗香干肉丝|酸辣土豆丝|青菜/白菜油腐
9521,水波蛋|米饭|葱油鸡|青菜/白菜油腐
9522,盐菜黄豆芽|米饭|葱油芋头/红烧萝卜|葱油鸡|蒜苗香干肉丝|青菜/白菜油腐
9523,水波蛋|米饭|红烧茄子|葱油芋头/红烧萝卜|青菜/白菜油腐|香菇鸭块
9524,大排|木耳莴笋|水波蛋|米饭|葱油鸡|酸辣土豆丝|青菜/白菜油腐
9525,大排|木耳莴笋|水波蛋|米饭|葱油金针菇|青菜/白菜油腐
9526,大排|水波蛋|米饭|红烧带鱼|红烧茄子|青菜/白菜油腐
9527,木耳莴笋|米饭|葱油芋头/红烧萝卜|葱油金针菇|葱油鸡|黄豆猪脚
9528,千张结烧肉|油爆虾|米饭|蒜苗香干肉丝|鸭血豆腐
9529,千张结烧肉|大排|木耳莴笋|油爆虾|米饭|红烧茄子|葱油金针菇|葱油鸡|青菜/白菜油腐
953,卤肉|清炒南瓜/豆芽|米饭|虎皮尖椒/西葫芦炒蛋
9530,米饭|葱油金针菇|葱油鸡|酸辣土豆丝|黄豆猪脚
9531,米饭|葱油芋头/红烧萝卜|蒜苗香干肉丝|鸭血豆腐|黄豆猪脚
9532,水波蛋|盐菜黄豆芽|米饭|葱油鸡|长江豆肉丝|香菇鸭块
9533,木耳莴笋|米饭|葱油金针菇|蒜苗香干肉丝|长江豆肉丝|黄豆猪脚
9534,水波蛋|米饭|红烧茄子|葱油芋头/红烧萝卜|黄豆猪脚
9535,水波蛋|米饭|葱油芋头/红烧萝卜|葱油鸡|青菜/白菜油腐
9536,大排|水波蛋|米饭|红烧带鱼|长江豆肉丝|青菜/白菜油腐
9537,大排|木耳莴笋|盐菜黄豆芽|米饭|酸辣土豆丝|青菜/白菜油腐|鸭血豆腐
9538,油爆虾|米饭|葱油金针菇|葱油鸡|蒜苗香干肉丝|鸭血豆腐
9539,木耳莴笋|米饭|红烧茄子|葱油芋头/红烧萝卜|葱油金针菇|葱油鸡|长江豆肉丝|黄豆猪脚
954,千叶豆腐肉丝|卤肉|清炒南瓜/豆芽|米饭|虎皮尖椒/西葫芦炒蛋|酸辣藕丝/木耳莴笋
9540,千张结烧肉|大排|长江豆肉丝
9541,千张结烧肉|水波蛋|盐菜黄豆芽|米饭|葱油金针菇|葱油鸡|蒜苗香干肉丝|鸭血豆腐|黄豆猪脚
9542,水波蛋|米饭|葱油芋头/红烧萝卜|葱油鸡|长江豆肉丝
9543,油爆虾|盐菜黄豆芽|米饭|红烧茄子|长江豆肉丝|青菜/白菜油腐|鸭血豆腐|黄豆猪脚
9544,大排
9545,米饭|葱油金针菇|蒜苗香干肉丝|黄豆猪脚
9546,千张结烧肉|油爆虾|米饭|蒜苗香干肉丝
9547,木耳莴笋|米饭|葱油金针菇|葱油鸡
9548,木耳莴笋|油爆虾|米饭|葱油鸡|蒜苗香干肉丝|黄豆猪脚
9549,盐菜黄豆芽|米饭|葱油芋头/红烧萝卜|葱油金针菇|香菇鸭块|鸭血豆腐
955,千叶豆腐肉丝|大排/春卷|清炒南瓜/豆芽|米饭|虎皮尖椒/西葫芦炒蛋|豆芽|酸辣藕丝/木耳莴笋|香酥鸭肉/椒盐虾
9550,大排|木耳莴笋|水波蛋|油爆虾|米饭|长江豆肉丝
9551,木耳莴笋|水波蛋|米饭|葱油芋头/红烧萝卜|葱油鸡|酸辣土豆丝|青菜/白菜油腐|鸭血豆腐
9552,大排|油爆虾|米饭|红烧茄子|葱油芋头/红烧萝卜
9553,大排
9554,大排
9555,米饭|葱油芋头/红烧萝卜|葱油鸡|青菜/白菜油腐
9556,千张结烧肉|小青菜|米饭|葱油芋头/红烧萝卜|蒜苗香干肉丝|酸辣土豆丝
9557,小青菜|木耳莴笋|米饭|葱油鸡|长江豆肉丝
9558,千张结烧肉|大排|小青菜|米饭|黄豆猪脚
9559,千张结烧肉|小青菜|水波蛋|米饭|葱油鸡|黄豆猪脚
956,千叶豆腐肉丝|酸辣藕丝/木耳莴笋|香酥鸭肉/椒盐虾
9560,油爆虾|米饭|红烧茄子|酸辣土豆丝|香菇鸭块|黄豆猪脚
9561,千张结烧肉|大排|米饭|红烧茄子|葱油鸡
9562,大排|小青菜|米饭|葱油芋头/红烧萝卜
9563,小青菜|米饭|葱油芋头/红烧萝卜|葱油鸡|蒜苗香干肉丝
9564,小青菜|木耳莴笋|油爆虾|米饭|红烧带鱼|长江豆肉丝|鸭血豆腐
9565,大排|盐菜黄豆芽|米饭|红烧带鱼|红烧茄子|长江豆肉丝|青菜/白菜油腐|香菇鸭块|黄豆猪脚
9566,水波蛋|油爆虾|米饭|葱油鸡|青菜/白菜油腐
9567,小青菜|米饭|葱油鸡|蒜苗香干肉丝|长江豆肉丝
9568,大排|香菇鸭块
9569,水波蛋|米饭|蒜苗香干肉丝|青菜/白菜油腐|鸭血豆腐|黄豆猪脚
957,卤肉|小炒|清炒南瓜/豆芽|米饭|虎皮尖椒/西葫芦炒蛋
9570,米饭|红烧带鱼|葱油芋头/红烧萝卜|香菇鸭块|鸭血豆腐
9571,水波蛋|油爆虾|米饭|葱油鸡|酸辣土豆丝|长江豆肉丝
9572,小青菜|米饭|红烧茄子|香菇鸭块
9573,水波蛋|米饭|红烧茄子|葱油芋头/红烧萝卜|葱油鸡|青菜/白菜油腐|黄豆猪脚
9574,千张结烧肉|小青菜|米饭|葱油芋头/红烧萝卜|蒜苗香干肉丝|鸭血豆腐|黄豆猪脚
9575,千张结烧肉|水波蛋|油爆虾|米饭|红烧茄子|蒜苗香干肉丝|青菜/白菜油腐
9576,千张结烧肉|小青菜|木耳莴笋|盐菜黄豆芽|米饭|葱油芋头/红烧萝卜|青菜/白菜油腐|鸭血豆腐
9577,大排|小青菜|油爆虾|盐菜黄豆芽|米饭|葱油鸡|蒜苗香干肉丝|长江豆肉丝|鸭血豆腐
9578,千张结烧肉|小青菜|水波蛋|米饭|蒜苗香干肉丝|长江豆肉丝|鸭血豆腐
9579,小青菜|米饭|长江豆肉丝|黄豆猪脚
958,清炒南瓜/豆芽|豆芽|香酥鸭肉/椒盐虾
9580,小青菜|木耳莴笋|米饭|葱油鸡|蒜苗香干肉丝|香菇鸭块
9581,千张结烧肉|小青菜|木耳莴笋|水波蛋|米饭|红烧带鱼|葱油芋头/红烧萝卜
9582,大排|小青菜|木耳莴笋|米饭|葱油鸡|蒜苗香干肉丝
9583,小青菜|木耳莴笋|米饭|葱油芋头/红烧萝卜|长江豆肉丝|香菇鸭块|鸭血豆腐
9584,油爆虾|米饭|葱油鸡|鸭血豆腐|黄豆猪脚
9585,大排|小青菜|米饭|酸辣土豆丝|长江豆肉丝
9586,木耳莴笋|米饭|葱油鸡|长江豆肉丝|鸭血豆腐
9587,米饭|蒜苗香干肉丝|长江豆肉丝
9588,小青菜|盐菜黄豆芽|米饭|红烧带鱼|葱油芋头/红烧萝卜|鸭血豆腐|黄豆猪脚
9589,小青菜|盐菜黄豆芽|米饭|红烧带鱼
959,卤肉|米饭|酸辣藕丝/木耳莴笋|香酥鸭肉/椒盐虾
9590,小青菜|盐菜黄豆芽|米饭|蒜苗香干肉丝
9591,千张结烧肉|小青菜|盐菜黄豆芽|米饭|长江豆肉丝|黄豆猪脚
9592,千张结烧肉|小青菜|米饭|长江豆肉丝|黄豆猪脚
9593,小青菜|米饭|长江豆肉丝|香菇鸭块
9594,小青菜|木耳莴笋|米饭|葱油鸡|香菇鸭块
9595,包菜粉丝|扎肉|春卷|盐水虾|米饭
9596,千张结烧肉|家常豆腐|小青菜|番茄炒蛋/青韭南瓜丝|盐焗鸡|红烧萝卜|雪菜毛豆子
9597,卤鸭|小青菜|春卷|番茄炒蛋/青韭南瓜丝
9598,小青菜|番茄炒蛋/青韭南瓜丝|米饭|红烧萝卜|胖干烧肉|韭黄肉丝小炒|香菇鸡块
9599,三色绿豆芽|包菜粉丝|卤鸭|家常豆腐|木耳娃娃菜|番茄炒蛋/青韭南瓜丝|盐水虾|米饭|香菇肉丝
960,千叶豆腐肉丝|卤肉|米饭|虎皮尖椒/西葫芦炒蛋
9600,包菜粉丝|番茄炒蛋/青韭南瓜丝|盐水虾|盐焗鸡|米饭|红烧萝卜|雪菜毛豆子|韭黄肉丝小炒
9601,扎肉|木耳娃娃菜|番茄炒蛋/青韭南瓜丝|盐水虾|米饭
9602,三色绿豆芽|包菜粉丝|家常豆腐|木耳娃娃菜|番茄炒蛋/青韭南瓜丝|盐水虾|米饭|香菇肉丝
9603,包菜粉丝|卤鸭|春卷|番茄炒蛋/青韭南瓜丝|米饭
9604,包菜粉丝|卤鸭|家常豆腐|米饭|香菇肉丝
9605,卤鸭|扎肉|米饭|雪菜毛豆子
9606,包菜粉丝|千张结烧肉|春卷|米饭|香菇肉丝
9607,包菜粉丝|卤鸭|春卷|木耳娃娃菜|盐水虾|盐焗鸡|米饭|红烧萝卜|胖干烧肉
9608,包菜粉丝|扎肉
9609,包菜粉丝|木耳娃娃菜|盐水虾|米饭|香菇肉丝
961,千叶豆腐肉丝|米饭|酸辣藕丝/木耳莴笋|香酥鸭肉/椒盐虾
9610,千张结烧肉|小青菜|米饭|红烧萝卜|韭黄肉丝小炒
9611,小青菜|春卷|盐焗鸡|米饭|红烧萝卜
9612,三色绿豆芽|千张结烧肉|家常豆腐|木耳娃娃菜|番茄炒蛋/青韭南瓜丝|米饭|雪菜毛豆子|香菇鸡块
9613,包菜粉丝|米饭|红烧萝卜|胖干烧肉|韭黄肉丝小炒
9614,千张结烧肉|家常豆腐|番茄炒蛋/青韭南瓜丝|米饭|雪菜毛豆子|香菇鸡块
9615,千张结烧肉|家常豆腐|木耳娃娃菜|番茄炒蛋/青韭南瓜丝|红烧萝卜|胖干烧肉|韭黄肉丝小炒|香菇肉丝
9616,卤鸭|家常豆腐|木耳娃娃菜|番茄炒蛋/青韭南瓜丝|盐水虾|米饭|香菇鸡块
9617,三色绿豆芽|包菜粉丝|千张结烧肉|番茄炒蛋/青韭南瓜丝|盐水虾|盐焗鸡|米饭|胖干烧肉|香菇鸡块
9618,千张结烧肉|春卷|米饭|红烧萝卜|韭黄肉丝小炒
9619,千张结烧肉|小青菜|春卷|米饭|雪菜毛豆子|韭黄肉丝小炒|香菇鸡块
962,千叶豆腐肉丝|米饭|豆芽|酸辣藕丝/木耳莴笋|香酥鸭肉/椒盐虾
9620,三色绿豆芽|扎肉|春卷|木耳娃娃菜|米饭
9621,三色绿豆芽|家常豆腐|扎肉|米饭|香菇肉丝
9622,家常豆腐|扎肉|春卷|番茄炒蛋/青韭南瓜丝|米饭
9623,三色绿豆芽|包菜粉丝|家常豆腐|盐水虾|米饭
9624,包菜粉丝|木耳娃娃菜|番茄炒蛋/青韭南瓜丝|米饭|香菇肉丝
9625,小青菜|扎肉|盐水虾|米饭|红烧萝卜
9626,小青菜|扎肉|盐水虾|米饭|红烧萝卜|胖干烧肉
9627,春卷|米饭|韭黄肉丝小炒
9628,千张结烧肉|小青菜|米饭|红烧萝卜
9629,小青菜|盐水虾|米饭|香菇肉丝
963,清炒南瓜/豆芽|米饭|虎皮尖椒/西葫芦炒蛋|香酥鸭肉/椒盐虾
9630,包菜粉丝|家常豆腐|小青菜|扎肉|番茄炒蛋/青韭南瓜丝|米饭|雪菜毛豆子|韭黄肉丝小炒
9631,家常豆腐|小青菜|番茄炒蛋/青韭南瓜丝|盐焗鸡|米饭|红烧萝卜|雪菜毛豆子|韭黄肉丝小炒
9632,千张结烧肉|家常豆腐|春卷|番茄炒蛋/青韭南瓜丝|米饭|胖干烧肉|香菇肉丝|香菇鸡块
9633,家常豆腐|小青菜|番茄炒蛋/青韭南瓜丝|盐焗鸡|米饭
9634,卤鸭|家常豆腐|番茄炒蛋/青韭南瓜丝|米饭
9635,三色绿豆芽|家常豆腐|小青菜|番茄炒蛋/青韭南瓜丝|米饭|红烧萝卜|雪菜毛豆子|香菇鸡块
9636,三色绿豆芽|小青菜|盐焗鸡|米饭|韭黄肉丝小炒
9637,卤鸭|春卷|番茄炒蛋/青韭南瓜丝|盐水虾|米饭
9638,包菜粉丝|春卷|米饭|雪菜毛豆子
9639,番茄炒蛋/青韭南瓜丝|盐焗鸡|米饭|红烧萝卜|雪菜毛豆子|韭黄肉丝小炒
964,千叶豆腐肉丝|卤肉|米饭|豆芽|香酥鸭肉/椒盐虾
9640,千张结烧肉|家常豆腐|小青菜|木耳娃娃菜|番茄炒蛋/青韭南瓜丝|盐水虾|米饭|红烧萝卜|香菇肉丝
9641,小青菜|扎肉|米饭|韭黄肉丝小炒
9642,小青菜|盐焗鸡|米饭|红烧萝卜|韭黄肉丝小炒
9643,卤鸭|小青菜|米饭|红烧萝卜
9644,家常豆腐|小青菜|扎肉|米饭
9645,盐焗鸡|米饭|红烧萝卜|韭黄肉丝小炒
9646,包菜粉丝|番茄炒蛋/青韭南瓜丝|米饭|红烧萝卜
9647,包菜粉丝|盐水虾|米饭|韭黄肉丝小炒
9648,包菜粉丝|卤鸭|家常豆腐|香菇肉丝
9649,番茄炒蛋/青韭南瓜丝|米饭|红烧萝卜|韭黄肉丝小炒
965,千叶豆腐肉丝|卤肉|米饭|豆芽
9650,三色绿豆芽|卤鸭|小青菜|米饭|胖干烧肉
9651,包菜粉丝|番茄炒蛋/青韭南瓜丝|米饭|雪菜毛豆子
9652,家常豆腐|木耳娃娃菜|盐焗鸡|米饭|红烧萝卜
9653,包菜粉丝|卤鸭|春卷|盐焗鸡|米饭|韭黄肉丝小炒
9654,三色绿豆芽|扎肉|米饭|韭黄肉丝小炒
9655,三色绿豆芽|木耳娃娃菜|米饭|胖干烧肉|香菇肉丝
9656,家常豆腐|扎肉|米饭|红烧萝卜
9657,家常豆腐|米饭|雪菜毛豆子|韭黄肉丝小炒
9658,包菜粉丝|千张结烧肉|卤鸭|家常豆腐|番茄炒蛋/青韭南瓜丝|盐水虾|米饭|韭黄肉丝小炒
9659,三色绿豆芽|包菜粉丝|卤鸭|家常豆腐|春卷|盐水虾|米饭|雪菜毛豆子
966,卤肉|小黄鱼|清炒南瓜/豆芽|米饭|虎皮尖椒/西葫芦炒蛋|豆芽|酸辣藕丝/木耳莴笋|香酥鸭肉/椒盐虾
9660,小青菜|扎肉|米饭|雪菜毛豆子|韭黄肉丝小炒
9661,家常豆腐|小青菜|春卷|米饭|红烧萝卜|香菇鸡块
9662,小青菜|春卷|盐水虾|米饭|香菇肉丝
9663,春卷|番茄炒蛋/青韭南瓜丝|盐焗鸡|米饭|红烧萝卜|雪菜毛豆子|香菇鸡块
9664,家常豆腐|春卷|木耳娃娃菜|米饭|雪菜毛豆子|韭黄肉丝小炒
9665,三色绿豆芽|扎肉|春卷|木耳娃娃菜|米饭|红烧萝卜|香菇肉丝
9666,千张结烧肉|卤鸭|番茄炒蛋/青韭南瓜丝|盐焗鸡|米饭|雪菜毛豆子|韭黄肉丝小炒|香菇肉丝
9667,包菜粉丝|家常豆腐|春卷|番茄炒蛋/青韭南瓜丝|米饭|雪菜毛豆子|韭黄肉丝小炒
9668,三色绿豆芽|包菜粉丝|番茄炒蛋/青韭南瓜丝|米饭|胖干烧肉
9669,番茄炒蛋/青韭南瓜丝|盐焗鸡|米饭|雪菜毛豆子
967,千叶豆腐肉丝|卤肉|小黄鱼|米饭
9670,盐焗鸡|米饭|红烧萝卜|韭黄肉丝小炒|香菇鸡块
9671,小青菜|番茄炒蛋/青韭南瓜丝|米饭|韭黄肉丝小炒
9672,卤鸭|春卷|番茄炒蛋/青韭南瓜丝|米饭|雪菜毛豆子
9673,春卷|木耳娃娃菜|米饭|胖干烧肉|雪菜毛豆子
9674,卤鸭|家常豆腐|番茄炒蛋/青韭南瓜丝|米饭|韭黄肉丝小炒
9675,包菜粉丝|卤鸭|家常豆腐|番茄炒蛋/青韭南瓜丝|红烧萝卜
9676,春卷|木耳娃娃菜|番茄炒蛋/青韭南瓜丝|盐焗鸡|米饭
9677,包菜粉丝|家常豆腐|番茄炒蛋/青韭南瓜丝|香菇鸡块
9678,家常豆腐|木耳娃娃菜|米饭|韭黄肉丝小炒|香菇肉丝|香菇鸡块
9679,番茄炒蛋/青韭南瓜丝|米饭|红烧萝卜|韭黄肉丝小炒
968,卤肉|米饭|虎皮尖椒/西葫芦炒蛋|酸辣藕丝/木耳莴笋
9680,春卷|盐焗鸡|米饭|韭黄肉丝小炒|香菇鸡块
9681,卤鸭|小青菜|米饭|香菇肉丝|香菇鸡块
9682,千张结烧肉|卤鸭|家常豆腐|春卷|木耳娃娃菜|盐水虾|米饭|雪菜毛豆子
9683,三色绿豆芽|木耳娃娃菜|盐水虾|米饭
9684,小青菜|番茄炒蛋/青韭南瓜丝|米饭
9685,木耳娃娃菜|米饭|香菇肉丝|香菇鸡块
9686,千张结烧肉|家常豆腐|小青菜|扎肉|春卷|盐焗鸡|米饭|韭黄肉丝小炒
9687,家常豆腐|春卷|盐焗鸡|米饭|红烧萝卜|雪菜毛豆子|韭黄肉丝小炒
9688,千张结烧肉|小青菜|春卷|盐焗鸡|米饭
9689,千张结烧肉|春卷|米饭|雪菜毛豆子|香菇鸡块
969,千叶豆腐肉丝|小黄鱼|清炒南瓜/豆芽|米饭|豆芽|酸辣藕丝/木耳莴笋
9690,千张结烧肉|家常豆腐|番茄炒蛋/青韭南瓜丝|雪菜毛豆子|韭黄肉丝小炒|香菇鸡块
9691,三色绿豆芽|千张结烧肉|春卷|木耳娃娃菜|番茄炒蛋/青韭南瓜丝|米饭|胖干烧肉
9692,千张结烧肉|小青菜|春卷|番茄炒蛋/青韭南瓜丝|米饭|红烧萝卜|雪菜毛豆子|韭黄肉丝小炒
9693,三色绿豆芽|千张结烧肉|番茄炒蛋/青韭南瓜丝|米饭|雪菜毛豆子|香菇鸡块
9694,家常豆腐|番茄炒蛋/青韭南瓜丝|盐焗鸡|米饭
9695,三色绿豆芽|包菜粉丝|卤鸭|扎肉|木耳娃娃菜|盐水虾|米饭
9696,三色绿豆芽|卤鸭|家常豆腐|扎肉|番茄炒蛋/青韭南瓜丝|盐水虾|米饭|胖干烧肉
9697,家常豆腐|小青菜|番茄炒蛋/青韭南瓜丝|米饭|红烧萝卜|韭黄肉丝小炒|香菇鸡块
9698,小青菜|木耳娃娃菜|米饭|红烧萝卜|香菇肉丝
9699,千张结烧肉|小青菜|米饭|红烧萝卜|雪菜毛豆子|韭黄肉丝小炒
970,卤肉|小黄鱼|清炒南瓜/豆芽|米饭|酸辣藕丝/木耳莴笋|香酥鸭肉/椒盐虾
9700,三色绿豆芽|包菜粉丝|番茄炒蛋/青韭南瓜丝
9701,扎肉|木耳娃娃菜|番茄炒蛋/青韭南瓜丝|米饭|胖干烧肉
9702,家常豆腐|米饭|雪菜毛豆子|韭黄肉丝小炒|香菇鸡块
9703,家常豆腐|木耳娃娃菜|盐水虾|香菇肉丝
9704,家常豆腐|扎肉|木耳娃娃菜|番茄炒蛋/青韭南瓜丝|盐水虾|米饭
9705,小青菜|春卷|番茄炒蛋/青韭南瓜丝|盐水虾|米饭|红烧萝卜|韭黄肉丝小炒|香菇鸡块
9706,包菜粉丝|千张结烧肉|卤鸭|家常豆腐|小青菜|木耳娃娃菜|番茄炒蛋/青韭南瓜丝|盐水虾|盐焗鸡|米饭|红烧萝卜|胖干烧肉
9707,小青菜|木耳娃娃菜|番茄炒蛋/青韭南瓜丝|米饭
9708,番茄炒蛋/青韭南瓜丝|盐水虾|盐焗鸡|米饭|雪菜毛豆子
9709,扎肉|番茄炒蛋/青韭南瓜丝|米饭|雪菜毛豆子
971,小黄鱼|米饭|虎皮尖椒/西葫芦炒蛋|豆芽|香酥鸭肉/椒盐虾
9710,小青菜|扎肉|春卷|米饭|红烧萝卜
9711,包菜粉丝|扎肉|番茄炒蛋/青韭南瓜丝|盐水虾|米饭
9712,家常豆腐|春卷|米饭|雪菜毛豆子|香菇鸡块
9713,千张结烧肉|卤鸭|小青菜|春卷|番茄炒蛋/青韭南瓜丝|米饭|雪菜毛豆子
9714,春卷|米饭|韭黄肉丝小炒
9715,番茄炒蛋/青韭南瓜丝|盐水虾|盐焗鸡|米饭|韭黄肉丝小炒|香菇肉丝
9716,千张结烧肉|家常豆腐|春卷|米饭|韭黄肉丝小炒|香菇鸡块
9717,家常豆腐|春卷|番茄炒蛋/青韭南瓜丝|米饭|雪菜毛豆子|韭黄肉丝小炒
9718,卤鸭|家常豆腐|木耳娃娃菜|胖干烧肉|香菇肉丝
9719,三色绿豆芽|卤鸭|家常豆腐|春卷|番茄炒蛋/青韭南瓜丝|盐水虾|米饭
972,千叶豆腐肉丝|小黄鱼|清炒南瓜/豆芽|米饭|豆芽|酸辣藕丝/木耳莴笋
9720,三色绿豆芽|包菜粉丝|家常豆腐|木耳娃娃菜|番茄炒蛋/青韭南瓜丝|米饭|胖干烧肉
9721,三色绿豆芽|包菜粉丝|家常豆腐|扎肉|番茄炒蛋/青韭南瓜丝|米饭
9722,家常豆腐|木耳娃娃菜|盐水虾|米饭|香菇肉丝
9723,家常豆腐|木耳娃娃菜|番茄炒蛋/青韭南瓜丝|盐水虾|米饭|香菇肉丝
9724,家常豆腐|春卷|番茄炒蛋/青韭南瓜丝|米饭|红烧萝卜|韭黄肉丝小炒
9725,包菜粉丝|米饭|香菇肉丝
9726,小青菜|春卷|番茄炒蛋/青韭南瓜丝|盐焗鸡|米饭|红烧萝卜|韭黄肉丝小炒
9727,小青菜|米饭
9728,千张结烧肉|家常豆腐|小青菜|春卷|米饭|雪菜毛豆子|雪菜蛋饺|香菇鸡块
9729,小青菜|番茄炒蛋/青韭南瓜丝|盐水虾|米饭|韭黄肉丝小炒|香菇肉丝
973,卤肉|小黄鱼|米饭|虎皮尖椒/西葫芦炒蛋|酸辣藕丝/木耳莴笋|香酥鸭肉/椒盐虾
9730,三色绿豆芽|包菜粉丝|卤鸭|家常豆腐|米饭
9731,千张结烧肉|家常豆腐|小青菜|米饭|雪菜毛豆子|雪菜蛋饺|韭黄肉丝小炒|香菇鸡块
9732,三色绿豆芽|卤鸭|家常豆腐|扎肉|番茄炒蛋/青韭南瓜丝|米饭
9733,包菜粉丝|扎肉|番茄炒蛋/青韭南瓜丝|盐水虾|米饭
9734,三色绿豆芽|扎肉|木耳娃娃菜|番茄炒蛋/青韭南瓜丝|盐水虾|米饭|香菇肉丝
9735,包菜粉丝|千张结烧肉|家常豆腐|小青菜|春卷|番茄炒蛋/青韭南瓜丝|盐水虾|米饭|红烧萝卜|雪菜毛豆子|韭黄肉丝小炒
9736,千张结烧肉|家常豆腐|小青菜|番茄炒蛋/青韭南瓜丝|米饭|雪菜毛豆子|韭黄肉丝小炒|香菇鸡块
9737,小青菜|春卷|番茄炒蛋/青韭南瓜丝|米饭|雪菜蛋饺|韭黄肉丝小炒|香菇鸡块
9738,家常豆腐|小青菜|春卷|番茄炒蛋/青韭南瓜丝|米饭|雪菜毛豆子|香菇鸡块
9739,千张结烧肉|春卷|木耳娃娃菜|米饭|红烧萝卜|雪菜蛋饺|香菇肉丝
974,千叶豆腐肉丝|小黄鱼|米饭
9740,小青菜|春卷|米饭|雪菜毛豆子|雪菜蛋饺|韭黄肉丝小炒
9741,包菜粉丝|家常豆腐|扎肉|木耳娃娃菜|米饭|香菇肉丝
9742,千张结烧肉|家常豆腐|小青菜|米饭|红烧萝卜|韭黄肉丝小炒|香菇鸡块
9743,小青菜|春卷|番茄炒蛋/青韭南瓜丝|米饭|韭黄肉丝小炒
9744,包菜粉丝|春卷|番茄炒蛋/青韭南瓜丝|米饭|胖干烧肉|雪菜蛋饺
9745,包菜粉丝|扎肉|米饭|香菇肉丝
9746,家常豆腐|小青菜|番茄炒蛋/青韭南瓜丝|米饭|雪菜毛豆子|雪菜蛋饺|香菇鸡块
9747,三色绿豆芽|包菜粉丝|番茄炒蛋/青韭南瓜丝|米饭
9748,三色绿豆芽|扎肉|木耳娃娃菜|米饭
9749,三色绿豆芽|包菜粉丝|千张结烧肉|春卷|木耳娃娃菜|番茄炒蛋/青韭南瓜丝|米饭|胖干烧肉|雪菜蛋饺
975,千叶豆腐肉丝|小黄鱼|米饭|豆芽
9750,三色绿豆芽|包菜粉丝|扎肉|番茄炒蛋/青韭南瓜丝|盐水虾|米饭
9751,三色绿豆芽|包菜粉丝|番茄炒蛋/青韭南瓜丝|盐水虾|米饭|胖干烧肉|香菇肉丝
9752,千张结烧肉|家常豆腐|小青菜|米饭|红烧萝卜|雪菜毛豆子|雪菜蛋饺|香菇鸡块
9753,三色绿豆芽|卤鸭|木耳娃娃菜|番茄炒蛋/青韭南瓜丝|米饭
9754,家常豆腐|米饭|雪菜毛豆子
9755,千张结烧肉|家常豆腐|春卷|番茄炒蛋/青韭南瓜丝|米饭|雪菜毛豆子|韭黄肉丝小炒|香菇鸡块
9756,三色绿豆芽|米饭
9757,家常豆腐|春卷|米饭|红烧萝卜|雪菜毛豆子|雪菜蛋饺|韭黄肉丝小炒
9758,三色绿豆芽|家常豆腐|扎肉|木耳娃娃菜|米饭|香菇肉丝
9759,卤鸭|番茄炒蛋/青韭南瓜丝|米饭|香菇肉丝
976,千叶豆腐肉丝|小黄鱼|米饭|虎皮尖椒/西葫芦炒蛋
9760,千张结烧肉|春卷|木耳娃娃菜|米饭|韭黄肉丝小炒|香菇肉丝
9761,卤鸭|家常豆腐|木耳娃娃菜|番茄炒蛋/青韭南瓜丝|米饭|香菇肉丝
9762,春卷|番茄炒蛋/青韭南瓜丝|米饭|雪菜毛豆子|雪菜蛋饺
9763,包菜粉丝|卤鸭|春卷|木耳娃娃菜|番茄炒蛋/青韭南瓜丝|米饭|香菇肉丝|香菇鸡块
9764,包菜粉丝|家常豆腐|木耳娃娃菜|盐水虾|米饭
9765,家常豆腐|小青菜|番茄炒蛋/青韭南瓜丝|米饭
9766,小青菜|米饭|雪菜毛豆子|雪菜蛋饺|韭黄肉丝小炒|香菇鸡块
9767,卤鸭|家常豆腐|番茄炒蛋/青韭南瓜丝|盐水虾|米饭|香菇肉丝
9768,木耳娃娃菜|米饭|雪菜蛋饺|韭黄肉丝小炒|香菇鸡块
9769,包菜粉丝|卤鸭|家常豆腐|木耳娃娃菜|番茄炒蛋/青韭南瓜丝|盐水虾|米饭|香菇肉丝
977,千叶豆腐肉丝|小黄鱼|米饭|豆芽
9770,春卷|米饭|雪菜蛋饺|韭黄肉丝小炒|香菇鸡块
9771,木耳娃娃菜|盐水虾|米饭|雪菜蛋饺
9772,三色绿豆芽|木耳娃娃菜|盐水虾|米饭
9773,三色绿豆芽|家常豆腐|木耳娃娃菜|盐水虾|香菇肉丝
9774,番茄炒蛋/青韭南瓜丝|米饭|胖干烧肉|香菇肉丝
9775,家常豆腐|小青菜|米饭|雪菜毛豆子|雪菜蛋饺
9776,包菜粉丝|卤鸭|家常豆腐|扎肉|木耳娃娃菜|番茄炒蛋/青韭南瓜丝|米饭|香菇肉丝
9777,卤鸭|家常豆腐|木耳娃娃菜|番茄炒蛋/青韭南瓜丝|米饭
9778,包菜粉丝|家常豆腐|扎肉|木耳娃娃菜|米饭
9779,小青菜|番茄炒蛋/青韭南瓜丝|米饭|韭黄肉丝小炒
978,小黄鱼|清炒南瓜/豆芽|米饭|虎皮尖椒/西葫芦炒蛋
9780,三色绿豆芽|千张结烧肉|卤鸭|小青菜|春卷|番茄炒蛋/青韭南瓜丝|米饭
9781,三色绿豆芽|卤鸭|家常豆腐|番茄炒蛋/青韭南瓜丝|米饭
9782,千张结烧肉|卤鸭|小青菜|番茄炒蛋/青韭南瓜丝|盐水虾|米饭
9783,包菜粉丝|卤鸭|家常豆腐|木耳娃娃菜|番茄炒蛋/青韭南瓜丝|盐水虾|米饭|香菇肉丝
9784,家常豆腐|木耳娃娃菜|米饭|香菇肉丝
9785,千张结烧肉|小青菜|春卷|番茄炒蛋/青韭南瓜丝|米饭|芹菜香干|雪菜毛豆子|雪菜蛋饺|韭黄肉丝小炒|香菇鸡块
9786,千张结烧肉|家常豆腐|小青菜|春卷|米饭|芹菜香干|韭黄肉丝小炒|香菇鸡块
9787,千张结烧肉|家常豆腐|小青菜|春卷|番茄炒蛋/青韭南瓜丝|米饭|芹菜香干|雪菜蛋饺
9788,家常豆腐|小青菜|春卷|盐水虾|米饭|芹菜香干|雪菜毛豆子|香菇肉丝
9789,千张结烧肉|家常豆腐|番茄炒蛋/青韭南瓜丝|米饭|芹菜香干|雪菜毛豆子|韭黄肉丝小炒|香菇鸡块
979,小黄鱼|米饭|虎皮尖椒/西葫芦炒蛋|酸辣藕丝/木耳莴笋
9790,家常豆腐|小青菜|番茄炒蛋/青韭南瓜丝|米饭|雪菜毛豆子|香菇鸡块
9791,家常豆腐|扎肉|米饭|胖干烧肉|香菇肉丝
9792,家常豆腐|小青菜|番茄炒蛋/青韭南瓜丝|米饭|芹菜香干|雪菜毛豆子|雪菜蛋饺|韭黄肉丝小炒
9793,家常豆腐|米饭|芹菜香干|雪菜毛豆子|雪菜蛋饺|韭黄肉丝小炒
9794,家常豆腐|米饭|雪菜蛋饺|韭黄肉丝小炒
9795,卤鸭|木耳娃娃菜|米饭|香菇肉丝
9796,三色绿豆芽|包菜粉丝|家常豆腐|春卷|米饭|芹菜香干|雪菜蛋饺|香菇鸡块
9797,三色绿豆芽|家常豆腐|米饭|芹菜香干|雪菜蛋饺|韭黄肉丝小炒|香菇鸡块
9798,包菜粉丝|木耳娃娃菜|番茄炒蛋/青韭南瓜丝|盐水虾|米饭|香菇肉丝
9799,三色绿豆芽|家常豆腐|春卷|木耳娃娃菜|米饭|胖干烧肉|芹菜香干
980,大白菜|油豆腐烧肉|米饭|醋溜鱼/宫保鸡丁
9800,小青菜|米饭|韭黄肉丝小炒|香菇肉丝
9801,三色绿豆芽|千张结烧肉|小青菜|番茄炒蛋/青韭南瓜丝|盐水虾|米饭
9802,三色绿豆芽|卤鸭|米饭|芹菜香干
9803,包菜粉丝|家常豆腐|番茄炒蛋/青韭南瓜丝|盐水虾|米饭|胖干烧肉|香菇肉丝
9804,家常豆腐|小青菜|米饭|雪菜毛豆子|雪菜蛋饺
9805,卤鸭|家常豆腐|春卷|木耳花菜|番茄炒蛋/青韭南瓜丝|盐水虾|米饭
9806,卤鸭|家常豆腐|木耳花菜|米饭|胖干烧肉
9807,木耳花菜|盐水虾|芹菜香干
9808,家常豆腐|扎肉|番茄炒蛋/青韭南瓜丝|米饭|香菇肉丝
9809,家常豆腐|番茄炒蛋/青韭南瓜丝|米饭|胖干烧肉|雪菜毛豆子
981,包菜粉丝|干菜长江豆|米饭|青椒水面筋/木耳西兰
9810,家常豆腐|小青菜|木耳娃娃菜|木耳花菜|番茄炒蛋/青韭南瓜丝|米饭|雪菜毛豆子
9811,卤鸭|家常豆腐|春卷|木耳娃娃菜|木耳花菜|盐水虾|米饭|芹菜香干
9812,木耳娃娃菜|木耳花菜|米饭|芹菜香干
9813,三色绿豆芽|家常豆腐|春卷|米饭|雪菜蛋饺
9814,三色绿豆芽|千张结烧肉|卤鸭|木耳娃娃菜|番茄炒蛋/青韭南瓜丝|盐水虾|米饭|胖干烧肉|韭黄肉丝小炒|香菇肉丝
9815,卤鸭|春卷|番茄炒蛋/青韭南瓜丝|米饭|雪菜蛋饺|韭黄肉丝小炒
9816,春卷|米饭|芹菜香干|雪菜蛋饺
9817,家常豆腐|春卷|木耳花菜|盐水虾|米饭
9818,家常豆腐|小青菜|米饭|芹菜香干|雪菜蛋饺|香菇肉丝
9819,三色绿豆芽|家常豆腐|扎肉|米饭|香菇鸡块
982,米饭|青椒水面筋/木耳西兰|鸡米花/辣子鸡
9820,千张结烧肉|番茄炒蛋/青韭南瓜丝|米饭|韭黄肉丝小炒
9821,米饭|胖干烧肉|雪菜毛豆子|韭黄肉丝小炒
9822,三色绿豆芽|卤鸭|春卷|木耳娃娃菜|木耳花菜|番茄炒蛋/青韭南瓜丝|米饭|雪菜蛋饺
9823,卤鸭|木耳花菜|盐水虾|芹菜香干|韭黄肉丝小炒
9824,木耳花菜|盐水虾|胖干烧肉|芹菜香干|雪菜毛豆子
9825,卤鸭|木耳娃娃菜|木耳花菜|米饭|芹菜香干|雪菜蛋饺
9826,扎肉|木耳娃娃菜|米饭
9827,卤鸭|小青菜|番茄炒蛋/青韭南瓜丝|米饭|雪菜毛豆子|雪菜蛋饺|韭黄肉丝小炒
9828,家常豆腐|扎肉|木耳花菜|米饭
9829,三色绿豆芽|卤鸭|番茄炒蛋/青韭南瓜丝|盐水虾|米饭|芹菜香干|雪菜蛋饺
983,米饭|花椒排骨|青椒水面筋/木耳西兰|青瓜花生米/青椒炒蛋
9830,家常豆腐|扎肉|木耳花菜|米饭|香菇肉丝
9831,家常豆腐|番茄炒蛋/青韭南瓜丝|米饭|雪菜毛豆子
9832,三色绿豆芽|家常豆腐|木耳娃娃菜|米饭|香菇肉丝
9833,卤鸭|木耳娃娃菜|盐水虾|米饭|胖干烧肉|雪菜蛋饺
9834,卤鸭|米饭|芹菜香干|雪菜毛豆子|香菇肉丝
9835,三色绿豆芽|卤鸭|家常豆腐|木耳娃娃菜|木耳花菜|番茄炒蛋/青韭南瓜丝|盐水虾|米饭|胖干烧肉|芹菜香干|葱油鸡|香菇肉丝
9836,三色绿豆芽|家常豆腐|木耳花菜|米饭|葱油鸡
9837,三色绿豆芽|卤鸭|番茄炒蛋/青韭南瓜丝|米饭|胖干烧肉|芹菜香干|葱油鸡|韭黄肉丝小炒|香菇肉丝
9838,葱油鸡|韭黄肉丝小炒|香菇肉丝
9839,千张结烧肉|家常豆腐|小青菜|木耳娃娃菜|木耳花菜|番茄炒蛋/青韭南瓜丝|米饭|雪菜毛豆子|雪菜蛋饺|韭黄肉丝小炒|香菇肉丝|香菇鸡块
984,包菜粉丝|大白菜|干菜长江豆|米饭|醋溜鱼/宫保鸡丁|鱼香杏鲍菇炒肉
9840,三色绿豆芽|家常豆腐|小青菜|番茄炒蛋/青韭南瓜丝|盐水虾|米饭|葱油鸡|雪菜毛豆子|香菇肉丝|香菇鸡块
9841,扎肉|米饭|芹菜香干|韭黄肉丝小炒
9842,扎肉|番茄炒蛋/青韭南瓜丝|米饭|韭黄肉丝小炒
9843,家常豆腐|木耳花菜|米饭|韭黄肉丝小炒|香菇鸡块
9844,千张结烧肉|家常豆腐|米饭|雪菜毛豆子|韭黄肉丝小炒
9845,扎肉|番茄炒蛋/青韭南瓜丝|米饭|芹菜香干
9846,千张结烧肉|卤鸭|小青菜|番茄炒蛋/青韭南瓜丝|米饭|胖干烧肉|芹菜香干|葱油鸡|香菇肉丝
9847,千张结烧肉|小青菜|春卷|米饭|芹菜香干|韭黄肉丝小炒
9848,三色绿豆芽|卤鸭|木耳花菜|米饭|雪菜蛋饺
9849,三色绿豆芽|卤鸭|米饭|葱油鸡|韭黄肉丝小炒
985,大白菜|油豆腐烧肉|米饭|鸡米花/辣子鸡
9850,三色绿豆芽|木耳娃娃菜|番茄炒蛋/青韭南瓜丝|米饭|葱油鸡|香菇肉丝
9851,卤鸭|小青菜|米饭|葱油鸡|韭黄肉丝小炒
9852,家常豆腐|番茄炒蛋/青韭南瓜丝|米饭|胖干烧肉|葱油鸡|香菇肉丝|香菇鸡块
9853,三色绿豆芽|扎肉|木耳花菜|番茄炒蛋/青韭南瓜丝|米饭|莴笋目鱼花|香菇肉丝
9854,三色绿豆芽|木耳娃娃菜|番茄炒蛋/青韭南瓜丝|米饭|葱油鸡|香菇肉丝
9855,小青菜|米饭|芹菜香干|韭黄肉丝小炒
9856,家常豆腐|小青菜|扎肉|木耳娃娃菜|木耳花菜|米饭|芹菜香干
9857,千张结烧肉|家常豆腐|米饭|芹菜香干|韭黄肉丝小炒|香菇鸡块
9858,三色绿豆芽|卤鸭|木耳娃娃菜|米饭|胖干烧肉|葱油鸡
9859,千张结烧肉|小青菜|米饭|胖干烧肉|韭黄肉丝小炒|香菇肉丝
986,大白菜|米饭|醋溜鱼/宫保鸡丁|青瓜花生米/青椒炒蛋|鸡米花/辣子鸡
9860,卤鸭
9861,小青菜|扎肉|木耳花菜|米饭
9862,三色绿豆芽|小青菜|番茄炒蛋/青韭南瓜丝|米饭|胖干烧肉|芦笋牛柳/莴笋目鱼花|葱油鸡
9863,卤鸭|木耳花菜|米饭|芦笋牛柳/莴笋目鱼花|香菇肉丝
9864,木耳花菜|米饭|香菇肉丝
9865,三色绿豆芽|卤鸭|家常豆腐|米饭|芦笋牛柳/莴笋目鱼花|茭白肉丝小炒
9866,家常豆腐|米饭|芦笋牛柳/莴笋目鱼花|香菇肉丝
9867,三色绿豆芽|家常豆腐|米饭|芦笋牛柳/莴笋目鱼花|茭白肉丝小炒
9868,三色绿豆芽|卤鸭|木耳娃娃菜|米饭|香菇肉丝
9869,木耳娃娃菜|米饭|茭白肉丝小炒
987,包菜粉丝|干菜长江豆|米饭|醋溜鱼/宫保鸡丁|青瓜花生米/青椒炒蛋|鸡米花/辣子鸡
9870,家常豆腐|米饭|芦笋牛柳/莴笋目鱼花|茭白肉丝小炒
9871,三色绿豆芽|米饭|胖干烧肉|茭白肉丝小炒|韭黄肉丝小炒
9872,扎肉|木耳花菜|米饭|芦笋牛柳/莴笋目鱼花|香菇鸡块
9873,千张结烧肉|卤鸭|米饭|芦笋牛柳/莴笋目鱼花|香菇肉丝|香菇鸡块
9874,米饭|胖干烧肉|芹菜香干
9875,三色绿豆芽|家常豆腐|木耳花菜|米饭|芹菜香干
9876,三色绿豆芽|卤鸭|家常豆腐|木耳娃娃菜|米饭|胖干烧肉|香菇肉丝
9877,千张结烧肉|扎肉|木耳娃娃菜|米饭|韭黄肉丝小炒|香菇肉丝
9878,家常豆腐|木耳娃娃菜|米饭|香菇肉丝
9879,卤鸭|米饭|韭黄肉丝小炒|香菇肉丝
988,包菜粉丝|大白菜|油豆腐烧肉|米饭|花椒排骨|醋溜鱼/宫保鸡丁|青椒水面筋/木耳西兰|青瓜花生米/青椒炒蛋|鸡米花/辣子鸡
9880,家常豆腐|米饭|胖干烧肉|香菇肉丝
9881,三色绿豆芽|千张结烧肉|米饭|芦笋牛柳/莴笋目鱼花|韭黄肉丝小炒|香菇肉丝
9882,家常豆腐|扎肉|木耳花菜|米饭|芦笋牛柳/莴笋目鱼花|香菇肉丝
9883,卤鸭|米饭|芦笋牛柳/莴笋目鱼花|香菇肉丝
9884,扎肉|木耳花菜|米饭|胖干烧肉|香菇肉丝
9885,木耳花菜|番茄炒蛋/青韭南瓜丝|肉沫茄子/西葫芦炒蛋|鱼香肉丝
9886,付皮包|肉末粉条|胖干烧肉/香菇鸡块|青椒藕片
9887,米饭|肉沫茄子/西葫芦炒蛋|葱油娃娃菜|酥鱼
9888,油豆腐烧肉|米饭|肉沫茄子/西葫芦炒蛋|葱油娃娃菜
9889,木耳花菜|米饭|肉末粉条|肉沫茄子/西葫芦炒蛋|酥鱼
989,包菜粉丝|大白菜|干菜长江豆|米饭|醋溜鱼/宫保鸡丁|青椒水面筋/木耳西兰|青瓜花生米/青椒炒蛋|鸡米花/辣子鸡
9890,付皮包|米饭|胖干烧肉/香菇鸡块|葱油娃娃菜|酥鱼
9891,白菜|盐水虾|米饭|红烧排骨|肉沫茄子/西葫芦炒蛋
9892,木耳莴笋片|盐水虾|米饭|肉沫茄子/西葫芦炒蛋|葱油鸡|酥鱼
9893,木耳花菜|木耳莴笋片|油豆腐烧肉|米饭|肉末粉条|酥鱼|鱼香肉丝
9894,木耳莴笋片|盐水虾|米饭|胖干烧肉/香菇鸡块|葱油娃娃菜|酥鱼|酸辣土豆丝|青椒藕片
9895,付皮包|米饭|肉沫茄子/西葫芦炒蛋|葱油鸡|青椒藕片
9896,付皮包|米饭|肉末粉条|酥鱼
9897,木耳莴笋片|白菜|米饭|肉沫茄子/西葫芦炒蛋|胖干烧肉/香菇鸡块|葱油鸡|酥鱼
9898,油豆腐烧肉|米饭|酥鱼|酸辣土豆丝
9899,红烧排骨|葱油鸡
990,大白菜|干菜长江豆|米饭|花椒排骨|青椒水面筋/木耳西兰
9900,米饭|红烧排骨|肉沫茄子/西葫芦炒蛋|葱油娃娃菜
9901,米饭|肉末粉条|葱油娃娃菜|酥鱼|酸辣土豆丝|青椒水面筋|鱼香肉丝
9902,油豆腐烧肉|白菜|米饭|肉沫茄子/西葫芦炒蛋|酥鱼
9903,木耳莴笋片|盐水虾|米饭|红烧排骨
9904,木耳花菜|米饭|肉沫茄子/西葫芦炒蛋|酸辣土豆丝|鱼香肉丝
9905,白菜|盐水虾|米饭|红烧排骨|青椒水面筋
9906,付皮包|白菜|盐水虾|米饭|红烧排骨|肉末粉条|酸辣土豆丝|青椒水面筋
9907,木耳莴笋片|白菜|米饭|酥鱼
9908,木耳莴笋片|盐水虾|米饭|肉沫茄子/西葫芦炒蛋|胖干烧肉/香菇鸡块|酥鱼|酸辣土豆丝|青椒藕片
9909,付皮包|木耳莴笋片|米饭|青椒藕片
991,大白菜|干菜长江豆|米饭|花椒排骨|青椒水面筋/木耳西兰|青瓜花生米/青椒炒蛋|鱼香杏鲍菇炒肉
9910,付皮包|培红菜蘑菇毛豆肉丝|木耳莴笋片|米饭|红烧排骨|肉沫茄子/西葫芦炒蛋
9911,米饭|红烧排骨|肉沫茄子/西葫芦炒蛋|鱼香肉丝
9912,盐水虾|米饭|肉末粉条|肉沫茄子/西葫芦炒蛋|葱油鸡|酥鱼|酸辣土豆丝
9913,油豆腐烧肉|米饭|肉末粉条|酸辣土豆丝|鱼香肉丝
9914,付皮包|木耳花菜|油豆腐烧肉|米饭|肉末粉条|肉沫茄子/西葫芦炒蛋|葱油鸡|鱼香肉丝
9915,培红菜蘑菇毛豆肉丝|木耳莴笋片|白菜|米饭|肉沫茄子/西葫芦炒蛋|葱油鸡|青椒藕片|鱼香肉丝
9916,油豆腐烧肉|米饭|肉末粉条|肉沫茄子/西葫芦炒蛋|葱油鸡|酸辣土豆丝|鱼香肉丝
9917,木耳花菜|油豆腐烧肉|米饭|肉沫茄子/西葫芦炒蛋|葱油鸡|酥鱼|酸辣土豆丝|鱼香肉丝
9918,培红菜蘑菇毛豆肉丝|木耳莴笋片|米饭|肉沫茄子/西葫芦炒蛋|青椒藕片
9919,付皮包|米饭|酸辣土豆丝|青椒水面筋
992,包菜粉丝|油豆腐烧肉|米饭|醋溜鱼/宫保鸡丁|青椒水面筋/木耳西兰|青瓜花生米/青椒炒蛋|鱼香杏鲍菇炒肉|鸡米花/辣子鸡
9920,付皮包|木耳花菜|米饭|肉沫茄子/西葫芦炒蛋
9921,盐水虾|米饭|肉沫茄子/西葫芦炒蛋|胖干烧肉/香菇鸡块|葱油娃娃菜|酥鱼|鱼香肉丝
9922,付皮包|木耳莴笋片|米饭|红烧排骨|肉沫茄子/西葫芦炒蛋|葱油娃娃菜
9923,培红菜蘑菇毛豆肉丝|木耳莴笋片|盐水虾|米饭|肉沫茄子/西葫芦炒蛋|葱油鸡
9924,培红菜蘑菇毛豆肉丝|木耳莴笋片|盐水虾|米饭|肉沫茄子/西葫芦炒蛋|胖干烧肉/香菇鸡块|葱油娃娃菜|青椒藕片
9925,培红菜蘑菇毛豆肉丝|米饭|肉末粉条|肉沫茄子/西葫芦炒蛋
9926,盐水虾|米饭|肉沫茄子/西葫芦炒蛋|酸辣土豆丝|青椒水面筋|青椒藕片|鱼香肉丝
9927,培红菜蘑菇毛豆肉丝|木耳莴笋片|白菜|米饭|红烧排骨|胖干烧肉/香菇鸡块
9928,盐水虾|米饭|红烧排骨|酸辣土豆丝|青椒藕片
9929,付皮包|培红菜蘑菇毛豆肉丝|木耳花菜|油豆腐烧肉|米饭|红烧排骨|肉末粉条|青椒水面筋|鱼香肉丝
993,包菜粉丝|大白菜|米饭|花椒排骨|青椒水面筋/木耳西兰|青瓜花生米/青椒炒蛋|鱼香杏鲍菇炒肉|鸡米花/辣子鸡
9930,付皮包|木耳莴笋片|白菜|盐水虾|肉末粉条|肉沫茄子/西葫芦炒蛋|酥鱼|青椒水面筋|青椒藕片
9931,米饭|肉沫茄子/西葫芦炒蛋|胖干烧肉/香菇鸡块|酸辣土豆丝
9932,木耳花菜|肉末粉条|肉沫茄子/西葫芦炒蛋|青椒水面筋
9933,米饭|红烧排骨|肉沫茄子/西葫芦炒蛋|胖干烧肉/香菇鸡块|青椒藕片
9934,米饭|肉末粉条|酸辣土豆丝|青椒水面筋
9935,油豆腐烧肉|米饭|肉沫茄子/西葫芦炒蛋|葱油娃娃菜|葱油鸡
9936,木耳花菜|米饭|肉沫茄子/西葫芦炒蛋|葱油鸡|酥鱼|酸辣土豆丝|鱼香肉丝
9937,付皮包|培红菜蘑菇毛豆肉丝|米饭|肉沫茄子/西葫芦炒蛋|酸辣土豆丝|鱼香肉丝
9938,付皮包|米饭|肉末粉条|葱油娃娃菜|葱油鸡
9939,培红菜蘑菇毛豆肉丝|木耳莴笋片|白菜|米饭|肉沫茄子/西葫芦炒蛋|葱油鸡
994,大白菜|米饭|花椒排骨|醋溜鱼/宫保鸡丁|青椒水面筋/木耳西兰|青瓜花生米/青椒炒蛋|鱼香杏鲍菇炒肉|鸡米花/辣子鸡
9940,培红菜蘑菇毛豆肉丝|米饭|肉沫茄子/西葫芦炒蛋|葱油娃娃菜|鱼香肉丝
9941,木耳花菜|米饭|肉沫茄子/西葫芦炒蛋|胖干烧肉/香菇鸡块|葱油娃娃菜|酸辣土豆丝|青椒藕片|鱼香肉丝
9942,木耳花菜|米饭|肉沫茄子/西葫芦炒蛋|酥鱼|青椒藕片
9943,付皮包|培红菜蘑菇毛豆肉丝|油豆腐烧肉|米饭|葱油娃娃菜|酥鱼
9944,培红菜蘑菇毛豆肉丝|木耳莴笋片|米饭|肉沫茄子/西葫芦炒蛋|酥鱼
9945,付皮包|油豆腐烧肉|米饭|肉末粉条
9946,木耳花菜|油豆腐烧肉|米饭|肉沫茄子/西葫芦炒蛋|酥鱼
9947,油豆腐烧肉|米饭|酸辣土豆丝|鱼香肉丝
9948,盐水虾|米饭|肉末粉条|酸辣土豆丝|青椒水面筋|青椒藕片
9949,白菜|米饭|肉沫茄子/西葫芦炒蛋|胖干烧肉/香菇鸡块|酥鱼
995,包菜粉丝|大白菜|干菜长江豆|油豆腐烧肉|米饭|鱼香杏鲍菇炒肉
9950,付皮包|木耳花菜|米饭|肉沫茄子/西葫芦炒蛋|酥鱼|鱼香肉丝
9951,木耳花菜|木耳莴笋片|米饭|肉沫茄子/西葫芦炒蛋|葱油鸡|酥鱼|酸辣土豆丝|青椒水面筋|青椒藕片
9952,白菜|米饭|肉沫茄子/西葫芦炒蛋|葱油鸡|酥鱼|青椒水面筋
9953,培红菜蘑菇毛豆肉丝|盐水虾|米饭|肉沫茄子/西葫芦炒蛋|葱油鸡|酥鱼
9954,付皮包|木耳莴笋片|油豆腐烧肉|盐水虾|米饭|葱油鸡|青椒藕片
9955,盐水虾|米饭|红烧排骨|肉沫茄子/西葫芦炒蛋|胖干烧肉/香菇鸡块|葱油鸡
9956,木耳莴笋片|米饭|红烧排骨|肉沫茄子/西葫芦炒蛋|葱油娃娃菜|葱油鸡
9957,培红菜蘑菇毛豆肉丝|油豆腐烧肉|白菜|米饭|肉末粉条|葱油鸡|酥鱼
9958,木耳花菜|油豆腐烧肉|米饭|肉沫茄子/西葫芦炒蛋|葱油鸡|酸辣土豆丝|鱼香肉丝
9959,木耳莴笋片|油豆腐烧肉|米饭|肉末粉条|肉沫茄子/西葫芦炒蛋|胖干烧肉/香菇鸡块|酥鱼
996,大白菜|油豆腐烧肉|米饭|醋溜鱼/宫保鸡丁|青椒水面筋/木耳西兰
9960,培红菜蘑菇毛豆肉丝|木耳莴笋片|米饭|肉沫茄子/西葫芦炒蛋|青椒藕片
9961,付皮包|白菜|米饭|胖干烧肉/香菇鸡块|青椒藕片|鱼香肉丝
9962,培红菜蘑菇毛豆肉丝|米饭|红烧排骨|肉末粉条|肉沫茄子/西葫芦炒蛋
9963,付皮包|米饭|肉沫茄子/西葫芦炒蛋|葱油鸡
9964,培红菜蘑菇毛豆肉丝|木耳莴笋片|盐水虾|米饭|肉沫茄子/西葫芦炒蛋|胖干烧肉/香菇鸡块
9965,白菜|盐水虾|米饭|红烧排骨|肉沫茄子/西葫芦炒蛋|胖干烧肉/香菇鸡块|葱油娃娃菜|葱油鸡
9966,油豆腐烧肉|米饭|肉末粉条|肉沫茄子/西葫芦炒蛋
9967,培红菜蘑菇毛豆肉丝|木耳花菜|木耳莴笋片|白菜|米饭|红烧排骨|肉末粉条|肉沫茄子/西葫芦炒蛋
9968,培红菜蘑菇毛豆肉丝|木耳花菜|米饭|肉沫茄子/西葫芦炒蛋|葱油鸡
9969,木耳花菜|米饭|肉沫茄子/西葫芦炒蛋|葱油鸡|酥鱼|青椒水面筋|青椒藕片
997,米饭|醋溜鱼/宫保鸡丁|青瓜花生米/青椒炒蛋|鸡米花/辣子鸡
9970,付皮包|木耳花菜|米饭|肉沫茄子/西葫芦炒蛋|葱油鸡|酸辣土豆丝
9971,培红菜蘑菇毛豆肉丝|油豆腐烧肉|白菜|米饭|肉沫茄子/西葫芦炒蛋|胖干烧肉/香菇鸡块|酸辣土豆丝
9972,木耳花菜|木耳莴笋片|油豆腐烧肉|盐水虾|米饭|肉末粉条|肉沫茄子/西葫芦炒蛋|酥鱼|酸辣土豆丝|青椒水面筋|鱼香肉丝
9973,米饭|红烧排骨|肉沫茄子/西葫芦炒蛋|胖干烧肉/香菇鸡块|葱油娃娃菜|青椒藕片
9974,木耳花菜|米饭|葱油鸡|鱼香肉丝
9975,白菜|盐水虾|米饭|红烧排骨|肉沫茄子/西葫芦炒蛋|胖干烧肉/香菇鸡块|青椒藕片
9976,油豆腐烧肉|米饭|肉末粉条|肉沫茄子/西葫芦炒蛋|葱油鸡
9977,米饭|肉沫茄子/西葫芦炒蛋|酥鱼|酸辣土豆丝|鱼香肉丝
9978,付皮包|培红菜蘑菇毛豆肉丝|木耳莴笋片|盐水虾|米饭|胖干烧肉/香菇鸡块|葱油鸡
9979,培红菜蘑菇毛豆肉丝|木耳莴笋片|盐水虾|米饭|红烧排骨|肉沫茄子/西葫芦炒蛋|葱油娃娃菜|葱油鸡|酸辣土豆丝|青椒水面筋
998,米饭|花椒排骨|青椒水面筋/木耳西兰|青瓜花生米/青椒炒蛋|鸡米花/辣子鸡
9980,米饭|肉沫茄子/西葫芦炒蛋|鱼香肉丝
9981,木耳花菜|米饭|肉沫茄子/西葫芦炒蛋|酥鱼|鱼香肉丝
9982,木耳花菜|油豆腐烧肉|米饭|肉沫茄子/西葫芦炒蛋|胖干烧肉/香菇鸡块|酥鱼|酸辣土豆丝|青椒水面筋
9983,培红菜蘑菇毛豆肉丝|米饭|红烧排骨|肉沫茄子/西葫芦炒蛋|葱油鸡
9984,油豆腐烧肉|盐水虾|米饭|肉沫茄子/西葫芦炒蛋|葱油娃娃菜
9985,付皮包|盐水虾|米饭|肉沫茄子/西葫芦炒蛋
9986,培红菜蘑菇毛豆肉丝|白菜|米饭|葱油娃娃菜
9987,木耳莴笋片|盐水虾|葱油娃娃菜|葱油鸡|酸辣土豆丝
9988,木耳花菜|米饭|肉沫茄子/西葫芦炒蛋|葱油鸡|青椒水面筋|鱼香肉丝
9989,培红菜蘑菇毛豆肉丝|油豆腐烧肉|白菜|米饭|肉沫茄子/西葫芦炒蛋|胖干烧肉/香菇鸡块|葱油娃娃菜|青椒藕片
999,大白菜|油豆腐烧肉|米饭|青椒水面筋/木耳西兰|鸡米花/辣子鸡
9990,白菜|盐水虾|米饭|肉沫茄子/西葫芦炒蛋|葱油鸡|青椒藕片
9991,培红菜蘑菇毛豆肉丝|木耳莴笋片|白菜|米饭|肉沫茄子/西葫芦炒蛋|胖干烧肉/香菇鸡块|葱油鸡
9992,白菜|盐水虾|米饭|肉沫茄子/西葫芦炒蛋|葱油鸡
9993,油豆腐烧肉|米饭|肉沫茄子/西葫芦炒蛋|酥鱼|酸辣土豆丝|鱼香肉丝
9994,培红菜蘑菇毛豆肉丝|米饭|葱油鸡|青椒藕片
9995,米饭|肉沫茄子/西葫芦炒蛋
9996,米饭|肉末粉条|酸辣土豆丝
9997,培红菜蘑菇毛豆肉丝|米饭|肉沫茄子/西葫芦炒蛋|青椒藕片
9998,付皮包|木耳花菜|米饭|肉沫茄子/西葫芦炒蛋|葱油鸡
9999,培红菜蘑菇毛豆肉丝|米饭|肉沫茄子/西葫芦炒蛋|酱肉
