indent_id,订单总重量,订单总金额,订单菜品种类数,热量总量,碳水总量,蛋白质总量,脂肪总量,膳食纤维总量
1000,615,11.14,7,980.97,106.10999999999999,50.51,38.32,7.79
10000,739,13.25,5,1342.8,159.59,70.17,46.730000000000004,8.43
10001,563,8.97,3,990.0999999999999,118.7,53.33,32.6,6.04
10002,298,8.030000000000001,8,482.81,49.72,26.17,20.68,5.4799999999999995
10003,418,8.53,8,705.89,81.76,32.35,28.93,7.47
10004,1378,8.71,4,1917.81,365.09000000000003,53.27,23.39,8.83
10005,295,4.51,5,401.07,59.36,18.45,9.64,4.36
10006,416,10.37,7,514.86,59.900000000000006,33.05,16.57,5.16
10007,190,8.719999999999999,3,287.94,20.799999999999997,18.36,16.259999999999998,3.46
10008,394,8.57,5,552.49,71.99,27.419999999999998,15.670000000000002,4.35
10009,583,11.049999999999999,6,1036.44,118.28,55.019999999999996,38.11,8.68
1001,630,13.84,6,993.8199999999999,118.02,54.72,35.12,14.68
10010,394,7.7700000000000005,6,718.63,86.03999999999999,38.61,23.889999999999997,6.67
10011,478,9.2,7,787.03,90.61,39.66,28.23,6.32
10012,345,9.4,6,758.1,76.45,41.49,31.64,6.7299999999999995
10013,369,9.33,6,490.53,55.51,30.009999999999998,16.14,2.6399999999999997
10014,617,8.61,4,1242.1,145.85,56.16,47.97,11.17
10015,694,15.91,12,1061.81,125.06,51.199999999999996,39.7,11.43
10016,352,11.77,8,673.1,59.54,45.29,29.04,6.569999999999999
10017,341,11.38,12,578.51,46.35,38.01,27.69,5.21
10018,385,9.74,6,575.56,59.35000000000001,31.9,24.27,4.94
10019,420,10.219999999999999,6,470.37,54.269999999999996,32.99,12.370000000000001,3.2399999999999998
1002,791,11.39,5,1366.85,139.68,57.77,60.379999999999995,10.28
10020,607,18.49,4,1047.2,116.56,50.78,46.31999999999999,5.09
10021,401,11.83,7,607.3,55.72,45.01,22.68,2.85
10022,415,11.18,6,678.1800000000001,80.4,39.0,21.65,3.8
10023,550,11.78,4,1161.0,148.28,55.24,38.71,10.31
10024,482,9.33,4,723.5,96.96000000000001,30.15,23.7,5.390000000000001
10025,617,13.32,6,853.6600000000001,126.53,34.67,24.16,5.89
10026,575,14.51,6,1022.1,112.08,51.8,42.37,8.709999999999999
10027,513,10.19,6,836.8900000000001,95.75999999999999,43.69,31.94,5.9
10028,635,12.46,4,1046.67,127.91999999999999,48.150000000000006,40.36,7.13
10029,529,8.71,6,548.71,84.38,23.95,12.540000000000001,6.7
1003,428,8.84,6,808.3,85.68,46.66,29.28,7.6
10030,769,19.49,11,1153.97,132.5,57.92,45.78,10.79
10031,317,6.8100000000000005,6,348.17,41.65,18.43,12.41,4.42
10032,494,9.559999999999999,4,713.04,88.85000000000001,34.68,21.94,4.86
10033,628,13.42,6,986.1,127.72,47.07,33.37,9.89
10034,382,13.09,4,527.73,35.75,41.53,24.29,4.4399999999999995
10035,303,7.12,5,585.87,48.44,36.39,27.26,4.7
10036,420,9.1,5,608.4,92.94,27.72,12.89,4.6
10037,227,9.48,3,257.8,6.36,30.48,11.99,0.94
10038,535,12.67,5,1182.8,133.77,53.769999999999996,49.91,8.82
10039,396,8.379999999999999,6,796.44,87.96000000000001,39.230000000000004,32.07,7.99
1004,659,12.9,4,1224.5,110.59,63.59,56.34,7.65
10040,644,13.32,6,781.3100000000001,92.76,41.67,25.66,4.11
10041,556,13.59,5,1100.6,109.57,65.65,45.1,9.48
10042,679,11.06,6,861.54,129.38,39.95,20.04,7.34
10043,659,12.83,5,870.63,128.67000000000002,38.37,22.310000000000002,7.65
10044,646,12.58,6,1088.08,154.33999999999997,46.98,31.83,9.81
10045,355,10.01,7,537.34,56.73,37.190000000000005,16.49,4.28
10046,560,8.88,7,923.8199999999999,135.23,38.24,25.67,7.16
10047,733,13.12,7,1086.1399999999999,137.35,56.2,32.01,7.199999999999999
10048,482,9.52,7,739.74,89.21,41.35,22.520000000000003,4.78
10049,347,7.909999999999999,6,438.31,60.540000000000006,22.6,10.74,3.08
1005,497,9.399999999999999,4,1110.5,105.1,76.34,40.49,8.32
10050,279,10.41,5,672.2,38.18,47.78,36.91,5.72
10051,526,6.77,4,799.1,122.22,31.410000000000004,18.61,5.46
10052,635,13.28,7,970.9100000000001,115.4,48.59,33.839999999999996,7.640000000000001
10053,470,16.17,7,677.7,63.61,41.28,27.240000000000002,5.16
10054,606,10.780000000000001,5,1009.4000000000001,128.42,51.330000000000005,29.33,6.390000000000001
10055,269,6.22,6,346.44,49.88,14.969999999999999,10.559999999999999,2.97
10056,631,20.790000000000003,9,1237.02,87.15,88.44,59.47,7.42
10057,481,10.549999999999999,7,729.41,82.47,46.41,21.330000000000002,1.69
10058,634,13.29,6,876.75,98.81,49.52,29.080000000000002,5.76
10059,581,10.85,4,1141.6,138.39,54.82,40.96,10.31
1006,603,11.129999999999999,6,1023.9300000000001,98.47,51.06,45.73,9.52
10060,502,8.74,5,638.07,84.73,33.78,16.8,3.04
10061,462,8.66,4,645.2,77.61,28.61,22.64,4.37
10062,500,12.74,8,793.39,100.9,38.85,24.48,8.52
10063,544,11.14,4,744.4,88.71000000000001,44.49,21.35,2.66
10064,728,12.84,8,924.0699999999999,138.88,42.35,21.16,7.57
10065,483,12.44,6,655.45,81.86999999999999,29.36,23.18,4.63
10066,338,12.34,6,471.85,23.45,39.44,25.41,1.79
10067,317,9.8,6,673.6,58.830000000000005,42.37,30.65,5.96
10068,462,14.78,8,588.37,68.55,35.239999999999995,21.15,4.61
10069,460,10.879999999999999,6,760.5699999999999,71.07,50.4,29.57,4.96
1007,482,7.49,4,598.8800000000001,91.24000000000001,28.22,14.54,8.77
10070,515,7.96,5,784.05,121.47999999999999,27.5,20.580000000000002,6.51
10071,456,8.530000000000001,5,662.3,99.3,29.560000000000002,15.8,3.8
10072,547,7.359999999999999,4,931.8199999999999,133.82,38.5,27.16,7.32
10073,734,13.14,8,946.47,133.53,45.22,25.439999999999998,11.02
10074,793,15.409999999999998,5,1531.16,180.85,82.53999999999999,51.4,11.24
10075,380,9.03,5,551.1,62.54,31.669999999999998,17.54,2.7199999999999998
10076,82,2.95,1,205.0,28.7,8.2,6.56,1.64
10077,657,14.07,7,1077.7,138.05,50.75,32.01,5.43
10078,401,11.58,7,652.55,65.03,37.61,27.31,3.8200000000000003
10079,445,8.91,4,645.66,94.9,28.65,15.04,3.96
1008,321,5.779999999999999,4,578.7,62.629999999999995,27.86,24.22,5.8
10080,524,9.639999999999999,8,795.5,102.52,39.93,23.88,6.21
10081,459,11.3,6,776.23,89.22,36.97,30.0,4.95
10082,507,11.87,5,961.45,94.27000000000001,58.620000000000005,38.48,9.45
10083,588,11.27,4,955.25,104.99000000000001,45.160000000000004,37.68,6.470000000000001
10084,488,13.969999999999999,9,697.34,67.34,49.11,24.56,4.05
10085,378,11.54,7,772.8,74.09,51.82,29.56,6.4
10086,419,7.71,5,562.9100000000001,93.47,20.41,11.0,4.77
10087,601,16.98,6,1403.1,126.69,80.01,65.25,13.75
10088,550,11.389999999999999,6,762.92,114.29,35.2,18.72,4.99
10089,686,15.27,8,1122.9,127.33000000000001,59.52,41.49,8.92
1009,567,9.870000000000001,4,865.1,104.7,45.35,28.18,8.06
10090,591,8.8,5,663.02,114.16,27.1,10.53,5.15
10091,491,12.59,4,598.77,70.06,37.03,20.720000000000002,3.02
10092,446,11.9,4,687.2,88.32,29.5,25.7,4.67
10093,607,14.670000000000002,7,1131.15,121.93,55.949999999999996,45.95,7.13
10094,423,8.28,4,567.7,72.22,29.69,15.47,2.59
10095,681,15.49,6,1133.0,117.24,65.0,42.48,4.8100000000000005
10096,765,12.37,5,1067.1100000000001,138.31,52.04,32.440000000000005,6.91
10097,534,11.01,8,765.17,102.58,36.71,23.35,5.27
10098,269,9.16,6,412.6,20.26,34.22,21.509999999999998,3.43
10099,435,8.36,5,649.8,78.74000000000001,31.14,24.81,5.71
1010,689,22.06,4,1715.17,68.99,137.07999999999998,94.9,9.91
10100,681,14.83,8,886.65,104.69,47.3,31.020000000000003,6.180000000000001
10101,429,13.74,7,757.91,61.16,55.269999999999996,32.39,6.8
10102,692,14.969999999999999,4,1133.6399999999999,135.57,60.73,33.18,4.859999999999999
10103,496,10.58,7,791.27,86.87,44.05,29.43,4.91
10104,428,8.280000000000001,4,532.5899999999999,91.53,20.939999999999998,10.06,4.57
10105,482,5.53,6,803.15,117.09,32.13,22.509999999999998,6.62
10106,622,11.74,5,965.75,150.34,39.69,21.88,4.97
10107,1659,53.12,7,3665.24,478.97,161.53,126.85,28.390000000000004
10108,623,10.67,8,945.06,127.12,42.42,28.419999999999998,8.17
10109,543,16.64,7,923.75,85.09,54.39,38.66,3.27
1011,596,7.05,5,808.5799999999999,107.60000000000001,29.49,26.95,6.92
10110,476,13.450000000000001,7,834.8,90.54,44.46,32.32,5.54
10111,385,10.84,8,421.09,52.43,29.03,9.08,3.61
10112,494,12.89,8,870.6700000000001,72.84,54.97,39.56,6.85
10113,476,8.27,6,393.24,56.58,21.5,8.61,4.91
10114,185,6.76,4,226.5,8.14,20.37,12.74,1.19
10115,202,0.44,1,262.6,56.96,5.45,0.61,0.81
10116,746,12.78,6,1146.25,153.11,56.24,30.61,5.59
10117,429,10.19,8,568.6700000000001,70.56,27.47,20.47,5.6
10118,242,6.07,5,339.25,30.75,22.26,14.09,3.8000000000000003
10119,416,10.53,6,667.65,63.69,39.69,28.509999999999998,4.63
1012,536,7.86,5,914.6,105.62,37.16,35.5,7.4399999999999995
10120,562,16.8,7,1115.75,98.63,64.75,53.08,8.08
10121,515,16.08,5,862.1,96.14,45.980000000000004,35.86,6.09
10122,464,8.55,4,867.47,105.33,42.65,28.37,6.77
10123,6749,330.21,10,13706.199999999999,157.86,1559.92,708.59,10.709999999999999
10124,454,13.049999999999999,5,820.05,101.85,42.73,25.91,7.489999999999999
10125,480,14.129999999999999,8,802.6,70.71,53.78,34.67,7.83
10126,380,11.850000000000001,8,696.04,56.22,47.81,31.64,4.79
10127,508,12.49,9,784.38,85.85,44.11,28.17,6.75
10128,475,13.37,11,696.25,84.27000000000001,36.36,24.54,8.84
10129,303,9.81,8,549.08,42.64,39.379999999999995,24.5,4.03
1013,518,6.39,4,784.23,105.99000000000001,44.1,18.81,6.6899999999999995
10130,621,8.77,6,764.8,136.9,28.330000000000002,10.68,6.1899999999999995
10131,547,11.73,7,1002.45,111.9,44.58,41.66,9.12
10132,439,7.45,4,598.9,78.72,21.66,21.18,7.220000000000001
10133,433,8.370000000000001,4,696.1999999999999,97.08,29.06,19.23,3.27
10134,911,17.119999999999997,8,1256.34,163.08,59.17,41.17,17.12
10135,388,8.94,6,541.5,59.43,24.52,22.11,7.58
10136,826,14.190000000000001,8,1087.6200000000001,140.06,47.47,38.26,13.2
10137,333,11.69,7,540.61,38.15,37.06,25.85,3.05
10138,668,16.09,5,791.3,71.71,48.87,35.33,5.41
10139,492,7.390000000000001,5,674.1800000000001,99.21000000000001,29.61,17.45,3.96
1014,511,9.61,6,839.1999999999999,102.82,42.480000000000004,29.05,8.55
10140,454,11.05,7,751.9,86.37,40.32,26.200000000000003,7.42
10141,430,7.96,4,535.8,62.47,31.990000000000002,18.75,3.24
10142,471,10.54,7,814.27,92.06,44.06,29.96,7.55
10143,645,11.13,5,869.4300000000001,121.49000000000001,52.34,17.86,4.699999999999999
10144,478,8.88,4,859.8,95.44,41.26,34.33,8.02
10145,559,11.68,6,853.25,93.98,47.03,31.35,10.040000000000001
10146,571,8.75,5,666.95,96.39,29.68,17.7,6.18
10147,544,12.4,8,749.03,89.14,48.589999999999996,20.97,6.41
10148,692,12.57,6,1055.1,135.45,47.21,33.56,8.64
10149,679,14.04,7,1113.25,118.13,62.900000000000006,41.03,7.41
1015,274,4.8100000000000005,4,469.7,55.72,24.23,16.91,3.71
10150,507,12.67,7,986.66,99.19,54.870000000000005,40.39,7.34
10151,427,10.379999999999999,5,586.25,72.06,27.28,20.34,3.89
10152,585,11.989999999999998,6,1047.41,112.27,51.04,43.24,11.809999999999999
10153,1015,23.65,6,1495.12,180.37,80.78999999999999,49.9,16.34
10154,685,11.139999999999999,5,1225.45,163.56,49.03,40.830000000000005,8.61
10155,637,12.98,7,953.05,97.92,47.28,41.05,8.74
10156,790,11.31,5,1087.1,161.14000000000001,41.480000000000004,29.8,10.78
10157,758,30.54,4,1259.6,71.7,91.25,72.08,19.11
10158,768,20.36,7,1184.94,126.81,69.61,42.06,6.98
10159,442,12.19,4,543.4,72.3,29.89,17.169999999999998,9.940000000000001
1016,1330,8.19,5,1748.96,332.26,52.42,19.83,8.93
10160,402,8.61,7,570.55,71.7,27.47,17.61,4.57
10161,491,6.67,7,710.66,109.77000000000001,29.56,15.03,3.71
10162,565,9.99,7,925.5,112.09,37.56,35.84,12.280000000000001
10163,501,12.719999999999999,7,537.47,71.31,35.99,11.86,5.81
10164,591,14.040000000000001,7,858.62,89.25999999999999,53.49,32.02,8.53
10165,555,15.01,8,1004.25,74.83,56.760000000000005,51.97,10.51
10166,527,12.040000000000001,9,829.81,95.80000000000001,43.02,28.92,6.51
10167,403,7.39,5,674.52,79.00999999999999,37.58,22.11,4.78
10168,437,5.83,3,482.66,87.96000000000001,14.629999999999999,7.4399999999999995,5.5200000000000005
10169,767,22.57,5,1273.9,106.96000000000001,76.4,57.66,8.77
1017,402,6.84,5,656.94,74.7,38.65,21.819999999999997,5.7
10170,235,3.72,4,352.33,42.68,15.33,13.83,4.590000000000001
10171,395,8.04,4,482.05,57.349999999999994,32.29,13.1,3.7399999999999998
10172,327,10.74,5,684.25,65.2,36.0,30.96,7.109999999999999
10173,538,12.9,5,1121.4,146.53,40.68,41.57,14.43
10174,614,10.379999999999999,6,924.75,126.43,38.28,29.290000000000003,11.32
10175,352,10.74,3,602.0,59.019999999999996,38.42,22.4,2.36
10176,610,10.32,5,1120.1,129.89,49.42,42.54,8.959999999999999
10177,595,16.23,6,1086.2,118.53,63.62,37.730000000000004,8.82
10178,429,8.26,6,559.45,77.29,24.46,16.61,5.87
10179,525,10.629999999999999,6,829.8,99.61000000000001,40.24,28.029999999999998,6.14
1018,462,13.649999999999999,4,947.9,43.42,67.56,55.12,4.71
10180,496,12.02,5,1018.9399999999999,107.78999999999999,61.06,37.11,7.18
10181,243,7.09,8,486.15999999999997,47.85,29.88,19.900000000000002,3.46
10182,448,8.629999999999999,4,677.1,89.53999999999999,27.47,22.39,8.09
10183,306,6.92,6,378.96000000000004,52.47,22.79,9.13,2.55
10184,578,13.99,4,779.7,93.22,40.2,23.97,5.5200000000000005
10185,488,8.41,3,767.5,90.86000000000001,38.85,27.14,4.07
10186,711,11.8,6,1060.5500000000002,146.85000000000002,47.199999999999996,33.15,12.19
10187,359,6.83,7,545.5,65.06,27.200000000000003,18.97,5.74
10188,422,6.640000000000001,5,492.35,81.66,18.5,10.45,7.05
10189,608,12.99,5,845.15,79.22,43.480000000000004,38.43,6.3100000000000005
1019,716,13.81,4,1710.3,142.3,106.15,74.25,8.67
10190,576,10.98,5,1061.3000000000002,111.51,50.43,43.489999999999995,7.09
10191,665,21.970000000000002,7,1344.22,111.26,95.16,56.72,9.959999999999999
10192,559,9.85,4,925.5999999999999,98.3,44.620000000000005,37.99,7.82
10193,453,9.34,5,761.76,84.31,46.36,25.74,5.62
10194,379,7.28,4,616.4,65.35,29.049999999999997,25.39,4.88
10195,571,11.45,5,763.5,83.45,41.72,29.610000000000003,4.0200000000000005
10196,567,11.41,6,878.56,104.0,52.43,28.33,6.68
10197,418,7.39,6,555.65,75.28,23.14,16.59,4.95
10198,361,14.46,4,631.1,49.269999999999996,40.65,28.41,7.01
10199,616,11.82,6,919.25,118.14,51.1,26.04,5.92
1020,474,8.14,4,585.3199999999999,70.83,31.689999999999998,19.61,6.220000000000001
10200,648,13.18,5,936.5999999999999,112.03999999999999,40.5,33.75,9.39
10201,392,10.030000000000001,6,719.3,72.42,36.019999999999996,29.89,5.220000000000001
10202,396,10.2,8,546.19,65.08,32.5,17.88,6.76
10203,389,7.07,4,696.3,82.1,34.56,24.11,3.9
10204,497,11.91,7,831.91,99.22,41.58,29.08,8.18
10205,491,10.62,8,761.8299999999999,89.03999999999999,43.699999999999996,25.73,6.15
10206,461,8.43,5,796.5,90.28,39.14,31.699999999999996,7.92
10207,557,14.059999999999999,5,1071.6,101.54,53.58,48.08,10.78
10208,632,10.95,4,1024.0,132.38,42.42,34.66,11.05
10209,515,14.38,5,868.95,109.7,46.98,25.94,7.83
1021,692,10.53,6,1020.42,117.47,43.54,39.33,9.25
10210,442,8.76,7,744.8399999999999,72.88,36.09,34.67,9.14
10211,409,8.89,6,730.58,72.87,38.29,32.16,8.02
10212,616,10.530000000000001,4,824.2,117.19,35.269999999999996,23.75,3.9699999999999998
10213,442,8.48,7,713.55,87.62,32.74,23.7,5.01
10214,244,5.7,7,366.5,44.12,18.22,12.64,4.09
10215,772,12.15,5,1173.2,162.94,43.47,37.55,14.75
10216,498,10.76,9,684.9300000000001,80.4,43.69,21.68,6.67
10217,582,11.700000000000001,5,953.51,136.71,46.08,23.61,7.88
10218,471,10.63,4,680.9,83.04,31.869999999999997,22.93,7.23
10219,487,10.06,5,702.3,95.7,32.81,18.5,4.92
1022,556,9.67,5,1127.3400000000001,107.64,69.73,42.9,9.56
10220,350,4.3,4,452.05,71.36,14.93,11.59,5.41
10221,427,10.790000000000001,6,836.25,77.82,47.580000000000005,38.54,5.92
10222,634,13.85,5,1234.0,122.05999999999999,65.65,52.129999999999995,11.780000000000001
10223,525,13.62,8,885.03,84.75,49.93,36.7,6.3100000000000005
10224,513,13.78,8,923.39,86.95,60.220000000000006,37.379999999999995,7.89
10225,454,11.73,8,962.9,80.60000000000001,52.24,48.68000000000001,10.23
10226,599,16.740000000000002,7,893.25,81.89999999999999,63.4,33.03,4.21
10227,655,14.98,8,1061.45,120.75999999999999,62.29,36.27,6.68
10228,362,9.82,7,801.65,60.980000000000004,44.15,41.98,8.16
10229,515,13.07,6,855.41,91.06,50.45,31.39,8.7
1023,409,7.53,4,611.1,82.93,28.51,18.44,7.61
10230,531,10.29,6,569.85,85.11,22.79,15.15,9.49
10231,381,7.95,5,586.45,65.52000000000001,28.14,21.82,5.0600000000000005
10232,435,9.55,5,834.85,82.08,40.260000000000005,36.57,7.450000000000001
10233,369,7.66,4,696.2,75.85,40.120000000000005,25.68,5.220000000000001
10234,438,8.99,4,452.8,69.49,16.83,11.13,7.81
10235,665,8.27,6,872.55,143.14,30.18,18.8,8.88
10236,599,11.4,8,861.64,137.51999999999998,40.24,15.370000000000001,6.35
10237,664,17.59,8,904.96,102.84,62.43,26.86,7.07
10238,551,14.059999999999999,4,583.49,77.14,44.38,9.23,2.4299999999999997
10239,483,10.36,5,646.8,88.83,26.47,19.44,8.39
1024,524,9.139999999999999,5,1026.51,105.98,63.45,35.92,6.720000000000001
10240,426,12.81,5,865.15,69.2,53.4,44.07,8.73
10241,526,11.370000000000001,4,682.25,98.18,29.730000000000004,19.349999999999998,10.790000000000001
10242,406,13.09,8,722.7,54.82,55.88,31.81,4.16
10243,674,9.26,6,1016.8,150.03,38.05,26.990000000000002,7.970000000000001
10244,294,8.41,6,525.4000000000001,31.0,31.369999999999997,31.28,5.92
10245,388,11.32,9,620.1,56.72,40.43,24.78,5.43
10246,434,10.86,5,714.94,72.31,43.92,26.46,4.64
10247,308,8.01,6,522.8,50.52,28.07,22.82,5.54
10248,553,12.74,7,701.94,93.66,49.47,14.42,4.33
10249,683,15.51,12,1224.5,135.65,55.14,50.53,13.959999999999999
1025,569,10.89,6,857.45,92.16,44.81,34.02,10.19
10250,678,13.17,4,727.25,110.5,42.230000000000004,15.629999999999999,7.4399999999999995
10251,544,14.22,9,796.45,75.25,40.11,37.31,13.43
10252,453,13.32,10,657.46,52.019999999999996,42.59,30.45,5.57
10253,482,14.94,7,671.15,48.22,46.67,33.56,8.24
10254,814,13.87,6,1078.6,160.03,50.58,23.6,5.95
10255,778,15.41,6,1464.1,170.32999999999998,64.02,59.13,20.03
10256,503,11.75,6,585.89,54.199999999999996,41.84,23.3,5.34
10257,585,12.809999999999999,7,885.92,120.9,39.86,24.85,6.91
10258,680,13.54,9,1020.35,130.95999999999998,57.32,29.45,8.370000000000001
10259,384,12.65,7,756.5,57.870000000000005,43.95,37.46,7.7299999999999995
1026,1016,25.98,5,2238.53,133.34,145.96,119.02000000000001,25.13
10260,520,10.620000000000001,6,762.15,100.71000000000001,38.32,23.04,9.370000000000001
10261,625,13.06,4,969.5999999999999,124.87,44.03,32.71,4.0
10262,669,10.27,5,1158.85,132.87,50.69,44.74,9.07
10263,223,9.75,6,304.85,12.129999999999999,34.5,12.9,3.18
10264,575,11.73,5,1009.05,119.65,48.58,36.01,8.7
10265,336,11.17,6,616.23,49.370000000000005,42.35,26.54,4.8
10266,492,8.329999999999998,4,605.6300000000001,74.95,30.83,20.509999999999998,3.36
10267,423,12.190000000000001,7,840.6,72.32,44.25,40.47,9.73
10268,377,8.92,9,518.9300000000001,55.05,32.76,19.36,5.2700000000000005
10269,463,9.18,7,647.25,86.86,30.479999999999997,18.29,5.11
1027,393,8.27,5,693.37,55.78,40.39,33.01,4.28
10270,396,9.82,6,689.0,67.11,36.93,29.17,6.15
10271,687,14.45,4,1336.7,127.85000000000001,74.81,60.12,8.940000000000001
10272,497,8.219999999999999,6,641.31,104.5,22.95,14.46,5.59
10273,531,14.39,7,824.75,86.14,44.730000000000004,32.01,8.93
10274,322,5.840000000000001,3,338.79999999999995,53.32,11.52,9.87,7.720000000000001
10275,551,10.86,7,898.95,125.77,36.15,26.69,7.540000000000001
10276,540,13.17,3,860.4,94.62,42.47,32.14,7.67
10277,394,7.800000000000001,4,594.45,89.13,22.490000000000002,16.04,2.81
10278,449,8.32,6,492.7,69.73,22.75,12.030000000000001,3.44
10279,631,6.41,4,670.35,126.91999999999999,18.48,9.42,7.92
1028,531,8.129999999999999,5,842.9,101.4,33.01,32.85,9.56
10280,445,4.2700000000000005,2,404.84999999999997,86.08,10.05,1.48,2.99
10281,642,11.129999999999999,5,845.1800000000001,118.63,37.94,23.57,8.84
10282,577,11.69,6,676.7,85.96000000000001,31.509999999999998,21.169999999999998,7.2
10283,410,7.22,5,715.65,100.84,28.37,22.65,6.7
10284,388,11.3,5,445.26,33.64,40.76,17.060000000000002,3.31
10285,731,12.4,8,851.3000000000001,108.80000000000001,37.9,27.880000000000003,7.42
10286,336,7.25,4,666.9,67.06,33.15,28.14,5.3100000000000005
10287,320,7.96,6,438.9,53.89,21.54,15.07,3.3
10288,483,16.58,8,689.2,86.59,36.73,22.95,11.21
10289,273,7.83,6,484.15000000000003,39.36,28.53,23.48,4.74
1029,682,14.76,4,1259.6,120.88,67.99000000000001,57.7,13.74
10290,353,10.48,5,624.8,64.55,34.44,25.189999999999998,7.55
10291,572,19.07,5,1144.2,86.92,71.99,56.52,9.7
10292,709,13.879999999999999,5,1113.05,132.44,49.650000000000006,39.739999999999995,9.85
10293,686,14.79,6,1029.23,129.81,53.980000000000004,31.849999999999998,5.56
10294,285,5.390000000000001,5,456.15,50.57,22.64,18.38,4.77
10295,427,14.74,7,695.85,64.58,53.14,24.13,6.39
10296,449,9.65,4,541.45,59.800000000000004,33.370000000000005,20.04,3.62
10297,382,9.28,8,598.2,67.25,30.490000000000002,23.17,4.94
10298,291,6.65,5,595.9,59.73,28.61,26.2,4.38
10299,647,14.799999999999999,8,1066.7,130.41,51.959999999999994,35.53,7.66
1030,582,10.05,4,773.8,88.49,39.7,28.299999999999997,6.09
10300,700,13.860000000000001,6,1159.8000000000002,131.72,60.01,44.56,10.16
10301,294,6.71,4,695.95,90.67,25.740000000000002,25.169999999999998,6.36
10302,365,10.0,8,670.2,65.46000000000001,36.73,28.08,4.4
10303,358,9.01,5,514.1,60.5,25.72,19.59,4.19
10304,807,13.15,7,1099.1,163.26,50.96,28.900000000000002,12.4
10305,521,12.690000000000001,5,710.45,104.34,38.08,17.97,6.659999999999999
10306,656,11.17,4,849.2,129.87,33.47,19.92,8.96
10307,423,11.38,7,747.9,65.81,40.15,34.620000000000005,7.68
10308,471,11.85,4,666.3000000000001,76.33,35.11,21.43,3.86
10309,392,8.26,3,895.4,91.81,41.56,40.13,10.51
1031,475,5.68,4,738.04,88.16,28.13,28.269999999999996,5.56
10310,667,7.24,4,930.45,144.3,31.110000000000003,24.700000000000003,9.85
10311,337,8.98,4,696.2,58.59,37.9,33.06,6.1899999999999995
10312,489,8.29,5,723.6,94.16,32.86,21.919999999999998,3.96
10313,443,12.34,7,719.53,82.36,37.77,25.0,5.65
10314,297,7.43,4,417.75,44.54,21.38,15.450000000000001,3.5300000000000002
10315,438,7.67,4,510.7,88.17,18.61,8.5,5.52
10316,448,9.1,6,663.2,80.32,32.16,23.22,5.859999999999999
10317,426,11.190000000000001,6,576.45,64.95,30.12,21.529999999999998,8.559999999999999
10318,397,10.91,7,612.28,67.50999999999999,35.81,21.96,6.42
10319,464,8.88,9,641.1,80.61000000000001,28.64,21.63,6.91
1032,419,7.9,4,720.0999999999999,80.03999999999999,37.23,27.38,5.32
10320,646,14.950000000000001,5,1117.7,95.6,61.57,52.57,4.96
10321,425,11.57,7,856.6,95.28,41.13,34.15,9.0
10322,554,12.469999999999999,7,713.2,99.47,37.72,19.12,6.789999999999999
10323,594,11.85,8,767.4,111.94,33.36,19.189999999999998,8.58
10324,469,10.530000000000001,8,657.0699999999999,79.3,39.339999999999996,20.81,5.96
10325,270,9.31,5,464.35,41.42,28.5,18.88,3.47
10326,407,9.75,5,580.7,70.99,28.17,18.87,6.11
10327,486,16.25,9,889.1,80.52000000000001,54.88,39.29,10.12
10328,473,7.28,7,562.2,92.24,19.14,12.03,6.6899999999999995
10329,668,15.37,5,1267.7,126.21,64.52000000000001,54.0,10.98
1033,464,7.18,4,625.4300000000001,83.76,28.91,18.04,5.37
10330,376,9.11,6,616.5,64.7,31.36,26.06,7.07
10331,673,13.51,7,1183.05,128.66,54.75,47.620000000000005,11.09
10332,560,7.98,3,623.1,86.56,29.689999999999998,17.7,3.14
10333,484,11.24,4,658.3,87.71,32.980000000000004,20.79,10.87
10334,505,12.21,5,742.21,88.47999999999999,42.02,22.61,4.78
10335,526,12.7,4,823.8,97.1,42.67,29.040000000000003,5.66
10336,552,11.59,5,771.2,94.37,31.92,29.089999999999996,11.78
103362,473,10.71,9,663.1899999999999,64.38,38.57,27.7,4.76
103363,343,8.93,5,356.91999999999996,45.339999999999996,19.65,9.43,2.78
103364,409,13.16,5,678.3,73.09,36.68,26.169999999999998,4.8
103365,625,14.16,7,781.9,108.17,36.760000000000005,21.060000000000002,5.36
103366,744,24.01,6,1054.38,90.89,68.52,48.34,5.08
103367,580,12.57,6,671.5,68.41,34.14,26.490000000000002,5.58
103368,460,8.8,5,727.59,84.14,34.22,25.939999999999998,4.1
103369,464,11.370000000000001,6,745.22,83.57,40.34,26.939999999999998,4.8500000000000005
10337,479,6.62,3,474.4,88.2,12.440000000000001,6.76,6.49
103370,268,7.22,4,363.55,19.28,27.75,21.19,2.99
103371,729,21.2,13,1127.1399999999999,94.37,70.46000000000001,51.28,9.28
103372,346,8.370000000000001,4,617.15,54.3,33.72,28.64,4.11
103373,439,7.48,6,525.25,58.550000000000004,24.380000000000003,20.98,6.34
103374,437,10.52,6,760.9,74.81,39.61,32.93,5.67
103375,231,9.219999999999999,5,275.22,27.1,18.61,9.629999999999999,1.8
103376,345,6.48,6,527.33,59.910000000000004,23.84,20.28,4.69
103377,323,6.43,6,364.58,37.63,21.2,15.219999999999999,3.92
103378,489,12.8,7,702.35,64.15,39.53,31.41,3.68
103379,377,10.030000000000001,5,708.5,67.33,38.94,30.18,5.18
10338,416,11.17,6,661.15,65.62,37.980000000000004,28.83,8.129999999999999
103380,457,10.97,8,667.04,53.699999999999996,38.75,31.88,4.95
103381,582,12.149999999999999,8,711.1,82.03999999999999,35.75,24.75,6.98
103382,460,7.49,4,551.21,73.71000000000001,27.25,15.02,3.13
103383,294,12.22,6,435.95,35.44,29.080000000000002,20.509999999999998,1.83
103384,292,8.79,6,471.65,41.160000000000004,30.560000000000002,21.58,2.19
103385,295,12.8,7,509.1,34.64,32.55,27.810000000000002,4.02
103386,395,10.73,7,436.59000000000003,44.68,26.099999999999998,16.32,6.14
103387,588,15.04,8,790.2,80.79,43.660000000000004,34.06,8.36
103388,787,14.3,8,986.97,125.48,47.58,29.62,7.27
103389,440,9.18,5,519.0,62.11000000000001,27.55,16.53,6.18
10339,420,12.07,6,950.0,79.78999999999999,54.160000000000004,47.48,8.46
103390,582,16.96,6,922.14,97.69999999999999,56.64,34.44,5.85
103391,410,11.43,7,563.69,54.07,35.92,24.189999999999998,3.3600000000000003
103392,451,12.0,7,750.89,61.37,49.34,34.61,4.16
103393,220,7.930000000000001,5,342.8,30.11,22.65,15.37,0.9199999999999999
103394,404,13.069999999999999,5,895.9,50.849999999999994,51.56,53.199999999999996,7.89
103395,503,1.41,1,653.9,141.85,13.58,1.51,2.01
103396,397,10.33,8,648.34,50.46,40.49,32.18,4.52
103397,397,22.65,5,835.8,47.230000000000004,57.51,47.71,6.43
103398,400,13.04,4,565.2,55.480000000000004,40.260000000000005,21.05,2.7199999999999998
103399,478,12.0,9,630.1,67.41,36.24,22.98,5.3100000000000005
1034,367,8.83,3,949.7,65.57,66.95,44.029999999999994,3.92
10340,561,13.36,8,859.9,105.5,44.72,30.0,8.290000000000001
103400,366,9.73,6,469.75,59.57,24.99,14.2,3.6
103401,533,8.69,8,644.16,82.37,30.36,20.04,7.45
103402,557,23.06,4,696.6,80.55000000000001,42.81999999999999,22.09,3.34
103403,378,6.67,6,491.0,59.21,21.2,18.51,4.98
103404,448,4.37,2,672.4,106.14,21.4,16.04,3.3899999999999997
103405,566,12.04,8,786.55,83.88,43.86,29.91,7.82
103406,487,17.9,9,810.1,63.13,49.18,38.620000000000005,5.58
103407,684,13.84,11,814.67,89.46,43.62,30.54,7.0200000000000005
103408,608,10.79,5,741.35,95.3,35.59,22.52,5.26
103409,442,11.600000000000001,5,594.63,75.09,32.56,18.0,4.67
10341,533,9.93,5,879.25,104.34,42.93,32.22,6.87
103410,370,8.129999999999999,6,404.28,37.23,22.240000000000002,17.810000000000002,6.38
103411,591,16.08,6,959.3499999999999,83.46000000000001,60.72,44.79,4.79
103412,614,19.14,9,956.72,52.76,58.03,58.11,12.62
103413,928,34.05,8,1360.3,94.47,88.4,62.56,7.9
103414,517,15.06,4,679.35,73.45,36.78,22.770000000000003,2.69
103415,561,16.5,8,807.19,64.77,50.63,36.99,4.85
103416,484,8.04,6,591.98,83.91000000000001,27.25,14.440000000000001,4.43
103417,582,9.59,5,783.5,95.7,39.489999999999995,26.740000000000002,4.38
103418,651,17.48,7,775.0,102.49,41.37,22.3,5.7
103419,263,9.45,3,434.7,42.53,25.060000000000002,16.869999999999997,2.49
10342,422,9.31,7,761.8,75.62,40.06,33.400000000000006,6.76
103420,410,13.47,8,520.25,49.97,31.48,20.22,4.86
103421,371,24.25,5,609.25,25.66,51.18,33.980000000000004,4.609999999999999
103422,651,38.73,8,1069.7,66.23,78.82000000000001,51.55,4.29
103423,507,10.64,4,741.9,95.39,31.25,23.240000000000002,3.59
103424,283,25.47,1,707.5,14.15,56.6,42.45,0.0
103425,318,6.01,4,417.76,48.37,23.29,14.4,5.029999999999999
103426,557,17.72,10,685.8199999999999,64.07,44.94,27.21,6.11
103427,474,11.219999999999999,6,769.4,93.27,37.71,26.88,3.6399999999999997
103428,632,14.57,7,749.3,88.8,37.93,23.23,4.71
103429,430,10.309999999999999,6,571.6,68.17,29.33,19.119999999999997,2.14
10343,425,9.55,7,739.8499999999999,77.41999999999999,39.09,31.3,7.890000000000001
103430,254,11.54,2,635.0,17.299999999999997,50.8,42.96,0.92
103431,621,12.88,10,777.4,106.41,37.14,21.65,6.0
103432,847,25.96,11,1393.6399999999999,107.84,86.72,65.91,8.1
103433,485,8.58,8,617.28,79.75,26.98,20.189999999999998,5.9
103434,569,15.049999999999999,5,849.3,93.22999999999999,47.16,30.91,2.96
103435,427,14.08,6,734.79,67.97,44.1,29.990000000000002,2.9
103436,677,18.11,10,992.1999999999999,107.49,56.67,35.9,6.42
103437,357,9.81,5,525.0,62.68,28.630000000000003,17.240000000000002,2.23
103438,609,12.379999999999999,4,910.25,104.23,40.76,33.44,6.05
103439,724,14.620000000000001,10,760.5699999999999,109.79,34.69,20.34,8.68
10344,657,13.29,5,1319.55,165.78,52.68,47.76,11.51
103440,565,21.42,12,646.09,41.97,49.37,31.26,8.07
103441,506,12.17,7,722.66,70.91,41.35,28.04,5.27
103442,324,11.54,6,513.9300000000001,25.34,34.96,28.64,4.52
103443,477,16.32,10,571.45,51.31,34.42,24.29,6.24
103444,501,16.85,5,635.5,77.69,34.96,19.84,4.32
103445,606,17.1,6,729.4,91.77,38.49,22.86,5.59
103446,349,5.880000000000001,3,232.25,47.38,6.9,1.47,3.7199999999999998
103447,743,27.73,7,1097.5,97.58,67.88,44.76,7.15
103448,633,11.030000000000001,6,798.29,108.94,37.78,21.8,6.98
103449,410,15.68,4,773.9,53.95,50.86,39.019999999999996,2.76
10345,533,11.37,6,811.8000000000001,112.21,34.43,22.799999999999997,6.79
103450,391,15.37,4,609.8,51.64,38.42,25.63,1.91
103451,687,9.6,5,782.0,108.41000000000001,35.510000000000005,20.830000000000002,5.19
103452,256,13.59,8,454.15,16.61,36.12,25.79,2.31
103453,520,13.629999999999999,7,789.35,92.24999999999999,42.28,26.43,5.58
103454,1009,24.830000000000002,7,1497.1,185.48,75.64,46.76,10.15
103455,411,12.92,6,411.38,42.46,31.060000000000002,12.66,4.16
103456,487,10.78,7,730.67,81.0,43.09,26.13,4.82
103457,562,13.82,5,1035.3,84.89,59.96,51.739999999999995,5.49
103458,419,11.030000000000001,5,547.05,62.019999999999996,29.5,18.439999999999998,3.7
103459,576,15.93,6,883.0,82.72999999999999,49.349999999999994,38.24,5.28
10346,373,9.39,7,680.5,68.89,35.82,28.99,6.95
103460,354,14.870000000000001,4,670.7,52.17,39.23,31.5,3.84
103461,372,6.15,5,531.22,67.05,26.47,16.41,3.6999999999999997
10347,801,22.27,9,1458.55,121.69,86.44,66.95,8.04
10348,613,10.11,5,1024.9,128.57,42.06,36.29,9.69
10349,631,11.66,5,738.55,101.96,39.46,18.799999999999997,5.79
1035,469,9.28,4,928.3,82.52,55.97,40.61,9.2
10350,737,16.099999999999998,6,1082.05,135.01000000000002,50.96,35.1,9.39
10351,504,10.18,4,1035.1,99.98,54.76,45.62,4.75
10352,621,16.900000000000002,4,1286.9,107.28999999999999,76.89,62.96,8.15
10353,586,11.24,4,1179.7,118.23,49.67,56.459999999999994,16.05
10354,489,9.51,5,552.25,90.31,24.990000000000002,10.5,6.25
10355,447,9.719999999999999,5,818.5,78.47,43.65,35.78,3.75
10356,541,8.92,5,923.7,131.32,36.58,27.07,9.549999999999999
10357,566,10.120000000000001,5,895.6500000000001,127.43,37.9,25.34,6.98
10358,299,7.1899999999999995,6,483.3,47.26,27.48,21.94,6.83
10359,597,9.55,6,994.15,123.32,46.78,35.11,8.98
1036,433,7.27,4,704.35,80.12,32.25,27.21,8.360000000000001
10360,608,9.56,4,706.95,105.28,37.84,17.37,6.6
10361,525,13.09,6,799.5,114.73,37.93,21.16,9.07
10362,240,5.96,4,358.39,42.919999999999995,23.22,10.0,2.4000000000000004
10363,577,9.31,5,1037.2,131.53,41.72,37.08,10.55
10364,629,12.18,5,883.5,148.06,33.69,17.15,9.049999999999999
10365,422,7.39,5,720.5,80.32,29.74,31.330000000000002,9.68
10366,296,7.32,5,597.8,58.91,29.77,27.099999999999998,7.43
10367,474,9.7,5,949.1,92.8,41.06,46.48,14.41
10368,471,9.82,6,878.5,90.86,41.5,38.61,8.6
10369,281,8.85,10,438.49,52.19,26.07,14.97,5.029999999999999
1037,446,6.04,5,542.63,73.08,21.8,17.8,5.88
10370,522,8.98,3,716.6,121.6,26.22,12.56,6.82
10371,410,8.01,4,847.0,76.17,43.69,40.6,6.9399999999999995
10372,486,10.0,5,738.1,87.96000000000001,36.55,26.39,7.4
10373,272,7.2299999999999995,5,524.4,55.79,28.1,21.47,5.41
10374,692,10.99,7,1082.35,146.06,48.160000000000004,33.66,7.91
10375,412,6.43,8,671.0,90.13,27.990000000000002,21.15,5.42
10376,414,9.18,4,910.6999999999999,119.19,36.49,31.51,9.09
10377,535,9.43,6,748.25,93.94000000000001,33.69,25.28,5.15
10378,587,13.03,5,697.6,108.47999999999999,33.79,15.459999999999999,8.81
10379,422,12.450000000000001,5,712.9000000000001,59.57,41.65,34.510000000000005,9.34
1038,256,4.28,5,456.4,55.2,26.04,13.8,4.3
10380,425,9.41,5,798.8,91.42,39.85,30.65,7.03
10381,680,8.95,4,1115.6,150.56,44.87,34.339999999999996,5.65
10382,594,11.94,6,754.3,98.03,36.18,24.11,7.82
10383,831,15.92,6,1217.9,152.66,53.01,41.74,12.43
10384,453,8.77,5,733.45,86.16,33.4,27.82,8.09
10385,591,10.05,3,671.4,95.57,29.72,16.79,5.75
10386,253,6.95,4,261.1,29.87,14.139999999999999,9.219999999999999,5.0
10387,543,13.72,3,939.9,120.28999999999999,46.64,28.430000000000003,9.95
10388,369,6.45,5,488.6,63.209999999999994,20.68,16.349999999999998,5.83
10389,401,4.12,4,357.55,75.52,8.59,1.28,3.24
1039,476,8.22,6,884.51,80.18,45.65,39.7,6.59
10390,413,8.12,3,672.8,94.58,29.72,17.51,5.47
10391,608,10.06,5,799.15,116.03,30.29,20.45,6.24
10392,463,11.13,6,582.3,57.41,28.61,24.099999999999998,6.3100000000000005
10393,360,8.57,4,853.4,64.11,45.32,45.28,6.32
10394,375,6.17,4,634.9,84.97999999999999,25.130000000000003,20.08,5.88
10395,534,11.909999999999998,5,725.25,86.88,35.35,24.41,7.069999999999999
10396,420,8.73,5,790.2,69.68,37.43,38.72,7.449999999999999
10397,504,8.81,7,875.65,102.84,36.62,33.66,8.51
10398,583,10.659999999999998,4,757.75,119.72,32.23,15.92,8.1
10399,420,10.16,8,684.7,67.12,36.38,29.09,6.01
1040,361,5.69,3,672.9,80.91,41.42,19.950000000000003,6.52
10400,404,7.94,5,489.55,73.38,20.72,11.629999999999999,5.98
10401,405,6.51,4,732.8000000000001,74.12,31.830000000000002,33.67,7.26
10402,394,9.59,6,626.4,64.25999999999999,31.32,25.82,6.31
10403,502,7.279999999999999,5,816.5,100.72999999999999,33.29,29.6,6.83
10404,504,10.25,6,853.15,93.92,39.660000000000004,34.13,8.72
10405,575,10.05,5,699.7,89.7,28.86,22.91,6.4
10406,408,5.09,5,591.55,87.19,21.64,15.950000000000001,4.890000000000001
10407,540,11.41,4,692.7,94.61,32.54,18.8,6.84
10408,450,11.51,6,769.85,81.25,38.089999999999996,31.05,9.27
10409,598,8.53,4,1100.45,125.33,45.419999999999995,45.73,10.72
1041,710,11.81,4,1085.0,152.79,49.59,30.810000000000002,12.08
10410,453,8.25,6,720.3499999999999,97.03,29.77,22.72,8.09
10411,331,10.55,3,700.3,63.73,39.32,30.910000000000004,5.22
10412,590,23.03,4,1041.1,43.55,75.44,62.5,8.129999999999999
10413,473,10.12,4,735.1,100.22,28.65,25.259999999999998,9.21
10414,564,15.45,6,1028.52,104.03,50.27,46.32,7.87
10415,641,15.739999999999998,7,1102.32,123.10999999999999,54.47,42.76,8.61
10416,625,10.35,4,877.36,124.11,39.66,21.4,5.79
10417,904,16.84,6,1473.84,174.43,64.78,56.25,14.709999999999999
10418,524,15.399999999999999,8,840.41,84.52000000000001,50.980000000000004,34.02,6.57
10419,646,14.01,6,963.51,137.78,39.71,26.63,6.739999999999999
1042,715,9.73,4,1025.54,124.68,42.74,38.4,9.27
10420,720,14.87,7,1133.7,147.22,46.68,39.48,10.280000000000001
10421,344,5.96,4,500.1,74.01,21.6,11.569999999999999,3.84
10422,313,4.1499999999999995,5,389.70000000000005,61.13,14.100000000000001,10.35,4.279999999999999
10423,484,11.11,5,913.9,104.0,45.09,36.339999999999996,8.27
10424,897,40.92,7,1610.92,119.38000000000001,106.02,77.76,11.639999999999999
10425,333,7.08,7,498.75,39.83,34.62,21.82,2.36
10426,517,6.5,6,747.7,103.63,33.71,21.72,3.96
10427,682,11.74,4,1059.9,153.74,43.11,29.87,9.709999999999999
10428,547,12.760000000000002,5,949.4,99.02000000000001,61.13,33.56,5.26
10429,392,8.73,8,540.79,59.35,31.23,19.97,4.88
1043,467,7.3,5,846.9,99.59,45.120000000000005,28.32,8.629999999999999
10430,419,8.46,3,811.0999999999999,92.75,41.33,30.64,6.25
10431,702,12.639999999999999,7,924.7800000000001,105.18,52.42,33.03,7.220000000000001
10432,454,12.57,5,703.3,76.86,32.57,29.03,5.73
10433,754,12.02,10,997.0799999999999,139.32999999999998,45.879999999999995,27.61,7.37
10434,351,8.56,4,427.28,53.86,28.96,11.02,2.13
10435,279,5.55,4,482.99,42.089999999999996,32.39,20.009999999999998,1.9
10436,537,11.35,4,805.15,104.61,36.620000000000005,25.04,6.359999999999999
10437,429,8.77,4,561.19,72.65,23.939999999999998,20.35,5.98
10438,284,7.37,6,465.26,47.07,26.28,19.32,5.7
10439,586,9.64,4,825.8,108.18,42.099999999999994,22.46,4.53
1044,371,6.16,6,691.3,68.42,40.05,27.07,4.48
10440,587,9.88,8,854.9,113.81,36.85,29.65,7.71
10441,729,11.84,8,940.25,145.86,31.0,27.59,14.33
10442,719,13.22,6,1122.22,126.89999999999999,66.5,36.5,5.11
10443,601,12.81,9,880.75,91.2,55.04,33.05,5.45
10444,493,15.870000000000001,3,909.4,100.47,32.65,42.08,10.22
10445,428,6.64,5,614.47,87.16,21.98,20.52,8.22
10446,737,14.45,8,997.47,133.04,52.77,27.44,8.06
10447,613,11.93,5,902.6,104.01,48.09,31.5,2.39
10448,227,5.53,7,381.55,27.28,26.25,18.95,2.19
10449,367,6.68,4,653.8399999999999,60.71,38.4,29.01,3.8600000000000003
1045,842,12.65,7,1214.3,169.36,54.06,35.94,14.18
10450,433,6.7299999999999995,4,737.73,89.47,34.61,27.48,7.27
10451,321,6.21,6,547.16,49.95,33.86,23.82,2.9
10452,621,9.43,5,950.3,130.97,36.44,29.57,7.7
10453,320,7.07,7,490.13,47.42,31.17,19.240000000000002,2.9699999999999998
10454,844,12.72,6,1288.34,145.26,71.38,47.480000000000004,9.629999999999999
10455,430,9.43,8,664.63,78.91,36.769999999999996,22.33,6.970000000000001
10456,490,10.67,5,712.78,101.37,24.46,22.73,7.51
10457,582,8.58,5,845.84,101.07,42.79,30.47,3.6399999999999997
10458,321,4.32,4,436.99,71.26,14.83,10.21,4.390000000000001
10459,457,8.9,5,805.9200000000001,79.74000000000001,46.42,34.45,7.74
1046,786,12.33,7,1724.2,166.56,94.51,69.5,11.17
10460,332,6.760000000000001,4,438.09000000000003,55.730000000000004,20.96,14.76,5.2
10461,369,5.81,5,502.89,82.54,18.09,11.15,5.6899999999999995
10462,380,7.91,4,633.2,78.24000000000001,26.65,26.16,8.36
10463,621,13.38,6,930.54,116.57000000000001,40.84,31.91,6.01
10464,532,10.879999999999999,7,800.6099999999999,91.0,46.13,27.86,4.8
10465,458,10.99,6,703.02,88.16,25.89,27.12,7.199999999999999
10466,390,7.24,4,650.2,93.96000000000001,26.0,18.98,7.57
10467,485,10.79,6,758.9300000000001,88.52,37.19,26.599999999999998,3.56
10468,545,16.09,4,852.7,93.42,54.93,27.729999999999997,9.2
10469,560,11.41,4,846.14,120.41,34.75,26.03,10.8
1047,475,9.84,7,985.4599999999999,87.22999999999999,61.87,40.67,9.379999999999999
10470,298,5.56,6,337.67999999999995,57.33,11.33,7.06,5.57
10471,589,11.79,6,846.5699999999999,106.19,44.19,28.34,7.56
10472,535,10.75,4,817.22,65.53999999999999,55.78,36.61,3.81
10473,548,7.2700000000000005,4,752.0,123.67000000000002,23.53,18.61,6.6899999999999995
10474,787,24.26,5,1362.88,102.31,106.66,58.08,5.82
10475,480,11.67,4,694.62,81.12,42.61,21.58,5.48
10476,447,22.05,5,967.84,37.85,65.24000000000001,62.81999999999999,8.18
10477,332,4.34,4,459.24,73.24000000000001,17.05,11.68,5.14
10478,414,5.72,5,522.52,58.82,31.39,19.049999999999997,4.28
10479,529,9.709999999999999,5,816.4,77.69,43.68,37.87,6.78
1048,652,16.51,4,1383.1,66.16,74.97,86.97,13.780000000000001
10480,549,11.09,7,746.05,88.7,41.07,25.44,8.39
10481,586,10.83,6,904.72,111.95000000000002,46.07,30.5,7.8500000000000005
10482,498,6.41,5,651.18,106.38000000000001,24.62,15.37,8.04
10483,411,8.21,7,529.0,71.53,25.68,16.18,7.21
10484,506,9.89,6,783.3199999999999,103.8,37.59,24.39,8.86
10485,938,23.31,5,1614.74,174.76,73.02000000000001,72.57,14.42
10486,463,13.17,10,793.29,48.5,60.230000000000004,39.34,4.08
10487,478,12.32,5,868.5999999999999,85.88,56.16,32.62,8.72
10488,853,17.3,5,1249.54,166.57,59.12,39.09,10.79
10489,499,10.05,6,719.74,87.0,39.11,21.57,4.46
1049,536,8.01,4,867.1600000000001,100.57,53.88,24.75,7.38
10490,727,9.399999999999999,4,1071.02,165.46,41.58,26.45,7.77
10491,413,9.020000000000001,4,657.5,71.65,36.35,25.49,3.47
10492,573,19.95,8,948.44,65.37,58.989999999999995,50.5,10.24
10493,299,9.9,6,392.33,17.23,35.96,20.439999999999998,4.5
10494,454,12.31,6,818.29,73.49,44.32,38.160000000000004,6.16
10495,490,9.97,5,640.94,81.67,29.840000000000003,22.18,8.05
10496,654,16.02,4,1087.0,115.44,58.89,41.01,8.47
10497,385,9.56,5,679.05,55.1,44.04,32.37,3.5200000000000005
10498,220,10.16,3,409.87,23.72,22.47,25.1,3.45
10499,484,12.57,7,832.1,57.519999999999996,60.089999999999996,41.21,3.76
1050,505,10.91,4,762.71,46.129999999999995,39.16,46.19,10.77
10500,327,9.07,6,525.38,54.36,22.91,24.970000000000002,6.55
10501,515,13.03,6,881.88,91.7,50.31,35.519999999999996,6.2
10502,566,14.6,9,845.95,81.53999999999999,48.8,36.75,9.36
10503,259,5.78,4,403.21999999999997,52.58,22.08,11.59,2.9699999999999998
10504,616,10.45,5,957.8,114.38000000000001,50.39,30.81,4.699999999999999
10505,300,8.049999999999999,5,570.4,51.42,35.39,25.4,4.95
10506,797,19.45,4,1287.4,177.88,47.64,44.72,14.719999999999999
10507,437,14.98,7,800.9,60.28,48.29,41.09,6.76
10508,348,5.79,5,498.36,73.29,22.24,13.18,5.25
10509,703,12.25,6,983.8599999999999,111.88,46.49,40.35,10.41
1051,798,9.13,4,1069.3,152.26,37.85,31.77,8.79
10510,511,13.33,7,810.0,73.96000000000001,47.01,36.87,6.64
10511,497,8.93,5,784.8,102.94,33.43,25.11,6.3100000000000005
10512,519,12.18,6,743.3800000000001,89.63,32.79,27.48,6.78
10513,486,7.23,5,656.01,99.44,24.840000000000003,18.360000000000003,6.28
10514,359,11.38,8,578.48,39.81,38.18,30.28,4.96
10515,460,9.89,5,703.3199999999999,73.03,33.67,30.53,4.9799999999999995
10516,569,13.36,6,811.67,87.69999999999999,42.980000000000004,32.3,11.540000000000001
10517,598,8.24,6,888.23,118.83000000000001,41.11,27.37,6.83
10518,511,14.49,5,880.0,94.94999999999999,43.879999999999995,35.13,7.07
10519,551,13.17,6,889.0,89.9,49.04,36.15,6.8
1052,464,14.379999999999999,5,934.25,43.980000000000004,62.660000000000004,56.800000000000004,10.64
10520,355,9.370000000000001,5,474.59000000000003,28.35,37.29,23.860000000000003,5.73
10521,450,10.120000000000001,6,785.67,71.88,50.01,33.26,3.8400000000000003
10522,659,14.73,4,1024.97,89.2,52.19,50.169999999999995,4.6
10523,574,12.91,5,971.5,124.88,38.120000000000005,33.89,8.16
10524,447,8.73,4,714.99,95.48,35.61,20.369999999999997,7.18
10525,532,11.4,8,856.5,77.25,51.89,38.49,5.02
10526,376,8.42,5,594.19,67.34,32.99,20.04,5.57
10527,299,8.58,5,418.96,41.75,26.029999999999998,15.95,4.65
10528,295,10.85,6,571.31,35.37,36.629999999999995,31.009999999999998,7.49
10529,203,5.87,6,333.08,25.05,21.24,17.07,4.8500000000000005
1053,411,10.92,7,960.1,67.82,54.93,50.54,8.01
10530,591,11.05,6,907.0,129.5,36.45,24.33,4.57
10531,622,13.31,5,836.78,92.61999999999999,43.86,30.119999999999997,7.15
10532,322,12.149999999999999,5,605.04,50.84,30.759999999999998,31.64,8.95
10533,414,5.16,4,541.4,88.11,24.369999999999997,10.11,4.33
10534,345,4.9399999999999995,4,472.86,67.32,15.899999999999999,16.77,5.9399999999999995
10535,439,11.79,5,756.1,82.78,41.34,27.75,3.99
10536,540,6.5,4,752.29,100.57000000000001,30.48,26.52,7.24
10537,390,8.69,7,681.75,58.0,39.71,33.2,5.93
10538,470,6.49,4,579.46,96.14,19.47,12.47,5.89
10539,532,9.39,6,759.52,99.61,39.67,22.2,3.92
1054,444,9.280000000000001,6,1060.96,82.04,68.58,46.96,7.36
10540,427,4.75,3,580.5,99.69,18.009999999999998,11.42,4.5
10541,400,13.91,5,829.9,70.61,45.01,40.699999999999996,8.16
10542,339,5.65,3,476.82000000000005,56.73,29.35,14.139999999999999,1.25
10543,734,19.26,7,1151.28,107.78,67.85000000000001,50.71,5.3100000000000005
10544,510,12.379999999999999,7,727.64,75.81,48.37,24.939999999999998,4.26
10545,724,12.59,7,1098.68,119.56,59.52,42.41,9.61
10546,458,11.620000000000001,5,724.7,74.11,47.84,25.47,5.25
10547,250,8.19,5,385.23,17.62,31.8,21.86,2.42
10548,402,7.45,5,661.31,70.1,36.02,26.94,7.08
10549,483,9.81,8,775.31,101.58999999999999,34.019999999999996,26.86,9.48
1055,403,8.86,6,943.1999999999999,77.56,63.32,40.370000000000005,7.27
10550,435,9.01,5,680.3599999999999,81.41,33.78,25.55,4.67
10551,603,11.620000000000001,4,739.3399999999999,65.02,34.09,41.69,12.89
10552,615,11.0,6,899.86,82.16999999999999,55.16,39.35,5.49
10553,403,11.39,5,739.04,75.29,37.54,31.85,6.7
10554,544,12.17,9,794.61,90.35000000000001,37.75,31.52,8.89
10555,402,5.26,3,564.47,101.27000000000001,11.629999999999999,13.629999999999999,8.81
10556,412,9.709999999999999,5,768.3,82.53,46.21,26.700000000000003,5.1
10557,575,18.42,7,857.04,53.92,73.51,38.160000000000004,2.38
10558,378,8.71,4,611.1,66.69,28.91,26.720000000000002,4.11
10559,263,5.08,3,357.64,46.83,20.2,9.89,2.65
1056,434,6.8,4,657.15,69.8,31.45,26.500000000000004,4.800000000000001
10560,469,11.889999999999999,6,719.35,79.55,36.349999999999994,27.61,8.0
10561,439,12.77,7,770.8199999999999,82.98,38.39,32.019999999999996,8.96
10562,476,4.92,3,654.2,117.17,20.21,12.74,8.65
10563,551,13.12,4,888.36,53.01,60.739999999999995,50.84,8.16
10564,414,11.57,5,671.94,84.52,24.549999999999997,26.48,8.950000000000001
10565,482,8.16,5,543.39,81.3,19.5,15.850000000000001,7.67
10566,382,11.85,7,669.04,58.86,36.8,31.68,6.21
10567,440,11.180000000000001,5,683.03,54.669999999999995,47.57,29.11,3.39
10568,445,11.19,6,645.74,75.48,37.3,20.94,6.0200000000000005
10569,215,10.95,4,502.98,15.059999999999999,40.09,30.94,3.32
1057,484,8.58,5,862.0,100.51,43.54,30.599999999999998,5.88
10570,85,5.1,1,170.0,4.25,17.0,8.5,0.85
10571,277,10.77,6,522.5,25.25,34.25,31.85,4.55
10572,309,12.82,5,491.53999999999996,25.62,40.41,24.58,5.15
10573,695,11.809999999999999,6,929.25,121.57,39.98,30.07,7.96
10574,259,10.93,5,502.74,18.35,32.95,33.79,2.99
10575,225,2.94,4,204.53000000000003,37.050000000000004,8.15,2.54,1.77
10576,312,6.26,9,412.32,48.13,22.82,14.370000000000001,3.2499999999999996
10577,478,5.94,4,634.04,95.31,23.04,18.73,6.14
10578,335,8.67,7,506.56,58.330000000000005,27.169999999999998,17.98,5.25
10579,521,9.09,4,787.8000000000001,113.74000000000001,26.93,25.55,9.53
1058,532,9.19,3,756.51,75.16,42.91,30.990000000000002,3.95
10580,731,13.77,6,1140.3200000000002,136.14,49.800000000000004,44.15,9.52
10581,682,11.18,5,869.65,129.7,26.689999999999998,28.51,12.09
10582,407,10.59,9,660.03,65.63,42.35,24.68,3.89
10583,156,2.4299999999999997,4,146.84,27.04,3.8200000000000003,2.84,2.66
10584,514,14.15,7,826.94,62.82,62.96,36.14,4.52
10585,545,11.01,6,873.9,89.61,51.94,34.85,5.67
10586,604,9.74,5,872.57,120.11999999999999,37.440000000000005,27.740000000000002,5.92
10587,658,11.01,6,885.04,119.77000000000001,45.15,25.32,4.48
10588,413,12.919999999999998,9,663.8199999999999,58.260000000000005,36.1,32.589999999999996,5.5
10589,359,7.59,5,585.6800000000001,69.8,28.240000000000002,22.66,8.040000000000001
1059,574,9.35,8,963.3199999999999,107.25,50.56,35.5,7.46
10590,505,10.21,5,751.8199999999999,88.47,44.65,23.2,3.55
10591,306,7.24,6,475.47,41.85,32.66,19.39,3.1700000000000004
10592,640,11.55,5,851.0899999999999,95.45,50.31,28.98,3.66
10593,441,11.03,4,745.4,90.04,28.619999999999997,28.779999999999998,6.069999999999999
10594,454,8.790000000000001,5,654.0600000000001,80.03999999999999,34.44,21.58,6.38
10595,320,8.3,7,394.75,48.1,23.560000000000002,12.75,4.5
10596,448,14.25,7,793.26,71.75,51.49,32.9,5.68
10597,443,10.48,6,575.5,63.809999999999995,34.519999999999996,18.65,3.61
10598,310,6.84,6,380.87,52.010000000000005,19.7,10.52,3.46
10599,626,10.149999999999999,4,1027.4,143.78,36.67,34.66,8.04
1060,208,3.12,4,348.79999999999995,43.46,13.8,13.33,4.36
10600,600,10.61,5,686.62,94.92999999999999,30.8,20.02,6.59
10601,334,9.17,5,474.22,41.72,31.269999999999996,19.87,2.5
10602,516,10.9,6,693.4200000000001,94.69,32.56,20.46,7.57
10603,282,5.63,6,344.5,42.510000000000005,18.21,11.54,3.73
10604,317,8.55,5,424.1,40.51,24.54,19.259999999999998,5.93
10605,329,6.6,6,457.07,62.620000000000005,21.369999999999997,13.33,4.98
10606,303,9.02,4,504.4,39.54,26.78,27.729999999999997,7.01
10607,366,9.040000000000001,6,554.22,55.03,38.5,20.099999999999998,3.85
10608,353,10.629999999999999,5,594.7,64.48,28.85,24.91,7.26
10609,391,8.5,6,571.0,67.22999999999999,29.57,20.7,6.95
1061,709,13.379999999999999,5,1339.9,137.17000000000002,68.76,56.78,10.6
10610,418,6.13,5,512.46,85.94999999999999,17.45,11.24,5.74
10611,428,5.84,5,545.94,90.03,22.560000000000002,10.76,4.27
10612,278,3.9,4,399.4,57.73,12.18,13.26,4.21
10613,617,16.39,4,885.3,78.50999999999999,61.68000000000001,34.51,4.65
10614,365,7.6899999999999995,6,593.48,65.85,32.72,22.34,4.37
10615,406,12.309999999999999,7,695.0,68.44999999999999,43.94,26.36,6.96
10616,410,10.71,7,680.7,63.2,40.93,29.78,6.28
10617,403,10.58,6,572.55,49.16,38.4,25.42,4.55
10618,470,6.99,4,692.9000000000001,110.04,19.14,20.5,9.22
10619,513,10.84,4,779.76,93.09,36.91,29.61,8.53
1062,509,7.91,7,774.86,93.01,40.66,25.3,6.91
10620,589,10.82,6,748.5,107.77,37.480000000000004,17.02,4.890000000000001
10621,354,8.01,5,546.5,68.16,30.400000000000002,17.34,7.8
10622,282,7.29,5,381.6,38.51,27.51,13.31,3.44
10623,305,8.58,5,491.9,56.39,30.35,16.09,4.79
10624,561,12.55,5,808.15,104.05000000000001,31.28,27.990000000000002,6.4
10625,328,10.01,5,531.8399999999999,48.89,30.84,23.1,4.01
10626,275,5.63,5,441.77,56.010000000000005,19.35,15.28,5.22
10627,608,13.36,4,840.0,106.52000000000001,37.93,29.909999999999997,7.67
10628,558,12.76,6,848.6,108.25,39.47,27.65,7.33
10629,522,11.19,7,711.25,93.6,26.96,25.52,7.72
1063,457,8.32,6,880.3,88.19,50.25,35.239999999999995,7.04
10630,419,9.37,6,545.8,68.32,29.92,16.31,5.07
10631,709,15.030000000000001,5,1016.9200000000001,120.13,52.84,34.99,5.55
10632,497,7.47,5,517.94,96.98,17.54,6.05,6.390000000000001
10633,537,11.46,5,719.75,98.69,34.92,20.46,8.5
10634,396,11.26,6,667.42,68.77,40.36,26.939999999999998,8.06
10635,405,6.71,4,566.48,64.89999999999999,31.75,19.66,2.55
10636,583,7.63,4,850.22,132.01999999999998,39.39,17.25,4.13
10637,485,9.12,5,746.04,103.26,35.25,20.34,6.76
10638,363,10.65,5,643.04,68.07,32.120000000000005,25.88,4.34
10639,225,3.21,3,333.3,50.51,12.26,7.81,1.27
1064,408,7.92,5,702.0999999999999,74.78999999999999,34.66,29.32,7.13
10640,345,11.780000000000001,5,575.76,50.28,36.449999999999996,23.849999999999998,2.84
10641,697,7.8500000000000005,4,971.44,160.37,35.44,19.49,4.87
10642,592,11.41,8,856.35,116.69,36.46,27.5,8.45
10643,640,13.87,7,1025.35,116.99,59.43,35.75,10.850000000000001
10644,637,12.25,8,750.84,104.75,34.22,23.2,11.0
10645,537,5.640000000000001,3,589.94,117.72,14.89,6.35,7.0200000000000005
10646,636,12.36,7,866.4399999999999,116.13999999999999,44.85,24.63,8.36
10647,554,11.57,8,873.73,99.95,48.8,30.07,7.26
10648,616,19.74,4,1085.8,93.45,65.43,47.01,2.55
10649,428,9.3,7,564.36,77.66,26.79,17.45,6.25
1065,514,10.809999999999999,7,1055.9,100.69,63.53,41.81,10.0
10650,458,8.1,4,673.6,90.0,37.36,17.02,4.0
10651,540,12.25,5,885.8,100.61,47.66,32.86,10.22
10652,598,11.62,6,831.65,105.61,42.46,26.1,7.24
10653,613,15.04,8,993.14,113.94,50.22,39.43,12.209999999999999
10654,339,11.209999999999999,5,617.7,38.4,47.19,29.91,5.33
10655,531,12.4,4,760.4,83.85,49.86,23.85,2.8600000000000003
10656,474,6.9399999999999995,6,675.8399999999999,100.14000000000001,28.939999999999998,17.61,5.8
10657,516,15.88,6,728.0,64.71000000000001,52.67,26.82,5.01
10658,481,9.29,6,554.09,65.42999999999999,34.32,17.48,5.24
10659,625,12.26,6,910.72,123.77000000000001,48.99,24.04,7.96
1066,446,6.96,4,686.9,67.72,30.78,31.32,5.9799999999999995
10660,627,10.87,5,898.88,122.97,41.160000000000004,27.25,8.42
10661,560,13.959999999999999,7,886.31,106.17,41.23,31.81,7.75
10662,561,10.850000000000001,5,717.3800000000001,96.84,34.67,21.06,5.6899999999999995
10663,513,10.92,5,742.0,78.78,45.48,27.080000000000002,4.02
10664,478,7.359999999999999,5,673.38,103.09,24.73,18.259999999999998,7.3
10665,521,10.24,5,730.6800000000001,86.02000000000001,42.42,24.88,7.84
10666,491,8.38,5,709.8,93.89999999999999,37.17,19.560000000000002,5.0200000000000005
10667,283,2.63,3,320.82,64.53,7.58,3.3099999999999996,3.33
10668,437,9.82,7,553.21,68.0,24.08,22.17,8.67
10669,546,12.74,6,943.02,103.63,50.29,37.019999999999996,11.11
1067,210,4.640000000000001,2,145.0,18.9,10.3,5.6,5.4
10670,435,13.16,9,645.6800000000001,53.13,49.69,26.130000000000003,4.8
10671,452,12.13,7,700.8,59.03,44.26,32.42,5.2
10672,650,10.649999999999999,3,893.6999999999999,140.68,41.08,19.310000000000002,11.64
10673,498,10.66,5,840.22,85.53999999999999,51.339999999999996,31.04,4.83
10674,191,14.59,1,477.5,9.55,28.65,34.38,1.91
10675,225,17.19,1,562.5,11.25,33.75,40.5,2.25
10676,433,7.66,5,630.8799999999999,82.88,32.79,17.900000000000002,5.3
10677,135,0.3,1,175.5,38.07,3.65,0.41,0.54
10678,455,13.47,7,735.69,79.1,33.22,32.410000000000004,11.42
10679,482,13.33,5,691.85,65.52,43.15,27.94,4.29
1068,612,13.05,4,1409.2,127.82,91.03,54.169999999999995,9.31
10680,438,10.3,6,572.04,52.53,41.51,22.37,5.9399999999999995
10681,386,12.2,7,736.6800000000001,68.66,36.29,34.940000000000005,7.15
10682,601,8.89,5,730.29,115.62,32.2,15.35,6.56
10683,400,7.39,5,540.6,75.43,22.05,16.619999999999997,5.09
10684,515,11.11,8,810.22,94.97,39.09,31.2,9.28
10685,132,1.58,2,190.1,29.75,7.0,3.9800000000000004,0.75
10686,190,14.52,1,475.0,9.5,28.5,34.2,1.9
10687,211,7.91,2,386.4,23.33,27.2,21.87,2.0
10688,337,8.44,5,640.4,54.39,34.59,29.39,5.27
10689,484,7.35,5,793.9000000000001,102.71000000000001,34.45,27.209999999999997,7.39
1069,467,9.06,7,844.45,87.9,49.57,31.759999999999998,6.8100000000000005
10690,2083,110.22,11,5042.160000000001,112.66,402.52000000000004,305.0,3.66
10691,469,9.53,7,796.15,99.23,35.1,29.31,6.33
10692,371,6.949999999999999,6,587.3,56.53,28.630000000000003,27.46,3.75
10693,624,9.89,8,898.89,120.84,36.97,28.84,6.34
10694,416,7.66,4,578.0,90.41,24.96,12.709999999999999,5.91
10695,442,9.18,5,893.95,103.38999999999999,37.3,35.36,7.93
10696,466,11.8,8,658.62,76.38,44.66,18.42,6.21
10697,504,11.3,7,750.0,77.22999999999999,42.46,28.49,5.32
10698,668,11.71,5,1101.0,135.70000000000002,52.44,35.12,5.8100000000000005
10699,746,14.23,6,1009.08,113.48,55.85,33.6,6.51
1070,565,10.99,4,874.6700000000001,96.94,48.82,34.230000000000004,8.72
10700,470,8.24,4,757.9,107.48,34.34,20.6,4.16
10701,543,9.43,5,777.2,111.2,44.3,15.44,2.7800000000000002
10702,562,13.76,9,822.74,107.71000000000001,44.92,23.62,6.49
10703,494,8.41,7,795.35,98.71,36.32,27.689999999999998,5.470000000000001
10704,532,11.7,7,944.38,95.88,46.19,40.910000000000004,8.57
10705,369,9.540000000000001,5,771.1,63.78,47.1,36.15,5.22
10706,426,9.2,3,855.8,83.1,42.47,36.63,4.0600000000000005
10707,694,34.32,6,1382.1599999999999,29.2,145.11,72.9,3.76
10708,271,7.739999999999999,5,566.7,49.29,34.4,26.27,3.1700000000000004
10709,323,7.85,6,608.57,52.99,37.660000000000004,26.28,5.640000000000001
1071,388,8.99,7,693.63,52.95,40.17,35.87,6.85
10710,302,7.43,4,448.40000000000003,47.81,24.349999999999998,16.28,1.99
10711,377,7.8,5,548.6899999999999,60.720000000000006,26.86,22.45,3.13
10712,623,11.84,6,956.75,96.94,52.54,39.9,4.56
10713,459,10.05,5,739.05,75.07,47.65,24.59,1.5299999999999998
10714,1010,18.07,4,2244.0,255.38,93.1,92.83,16.72
10715,669,11.71,5,742.99,111.64,47.989999999999995,9.97,3.09
10716,426,10.35,3,922.0,72.13,50.02,47.67,4.74
10717,567,11.040000000000001,6,1116.6,125.19999999999999,51.1,43.29,7.37
10718,524,11.299999999999999,7,761.7,82.4,47.730000000000004,26.11,5.01
10719,427,10.05,6,822.74,76.99,38.72,39.14,8.41
1072,665,8.79,5,1174.8,149.7,57.0,36.25,10.66
10720,386,6.77,4,516.6,67.77,25.939999999999998,15.36,3.25
10721,203,3.3600000000000003,5,190.41,32.050000000000004,6.76,4.0,3.11
10722,407,7.28,5,575.2,86.22,21.0,15.989999999999998,5.17
10723,489,8.3,5,686.39,86.19,30.41,21.72,4.52
10724,603,11.540000000000001,5,960.95,120.97,42.71,34.52,4.220000000000001
10725,503,9.99,4,834.55,108.09,32.96,29.41,6.54
10726,394,10.49,7,685.85,55.19,46.849999999999994,30.18,6.590000000000001
10727,371,8.15,7,535.3,66.50999999999999,29.95,16.57,4.16
10728,400,11.99,5,509.75,48.72,43.1,16.12,1.3900000000000001
10729,471,8.870000000000001,5,836.1,91.14,41.68,31.52,3.59
1073,706,10.11,7,1246.7,161.17,59.92,38.71,10.23
10730,354,6.5,8,517.49,63.730000000000004,26.84,16.73,4.15
10731,524,3.17,2,590.25,122.94,13.4,3.39,2.74
10732,461,4.67,3,600.05,78.73,23.619999999999997,19.66,5.5
10733,255,6.6,7,511.3,45.88,29.66,23.07,2.59
10734,464,7.45,7,808.2,95.81,33.34,32.1,6.22
10735,490,7.260000000000001,4,610.56,103.91000000000001,27.62,8.899999999999999,3.93
10736,525,9.870000000000001,8,799.45,87.78999999999999,39.49,31.28,7.24
10737,598,13.11,4,1103.7,145.57999999999998,43.56999999999999,38.01,8.43
10738,458,9.91,6,679.2,67.66,40.47,26.72,3.92
10739,418,8.209999999999999,6,626.25,62.08,41.52,23.169999999999998,4.76
1074,807,12.65,4,1736.5,157.71,88.38,77.28,12.469999999999999
10740,604,10.39,4,870.4100000000001,105.67999999999999,46.269999999999996,26.589999999999996,6.14
10741,533,7.8,6,488.9,85.36,19.89,7.94,6.24
10742,388,7.279999999999999,5,653.0,72.46000000000001,30.970000000000002,25.5,6.18
10743,420,7.28,7,673.22,81.72,27.71,26.29,7.05
10744,426,12.61,8,705.6,69.94999999999999,40.42,30.07,4.04
10745,397,11.51,7,794.5,57.56999999999999,49.36,40.6,4.52
10746,553,9.22,6,1036.7,126.85999999999999,44.81,38.52,7.08
10747,488,6.72,6,680.45,88.66,33.28,20.099999999999998,3.71
10748,405,9.920000000000002,6,623.5,52.36000000000001,42.81,27.74,3.3
10749,480,13.159999999999998,5,772.96,63.39,55.69,32.68,4.12
1075,695,13.59,4,1293.0,120.28,63.26,58.57,10.440000000000001
10750,468,11.27,6,624.1600000000001,74.6,46.5,14.65,3.2699999999999996
10751,490,10.54,7,787.1700000000001,95.56,37.24,26.97,6.31
10752,607,9.68,5,775.15,115.63,33.13,18.55,9.65
10753,693,17.96,5,1244.9,117.18,72.4,53.1,7.85
10754,424,8.14,3,842.5,77.97,42.72,36.18,4.29
10755,448,8.260000000000002,5,683.15,83.78,33.04,21.71,3.1
10756,520,9.82,5,921.5,111.97,40.68,35.71,6.97
10757,423,6.77,3,531.3,68.93,24.709999999999997,17.14,2.13
10758,632,17.49,6,953.8,101.27,61.86,31.599999999999998,2.1399999999999997
10759,322,8.16,5,600.19,46.35,38.629999999999995,27.63,4.85
1076,622,8.41,6,955.94,116.44,39.87,34.56,6.88
10760,579,16.17,5,748.0,83.83,47.54,26.169999999999998,3.75
10761,673,12.75,7,1055.95,116.91,54.36,37.7,7.5
10762,490,14.07,5,695.88,70.27,44.14,25.28,5.9399999999999995
10763,637,9.030000000000001,6,913.77,118.60000000000001,41.540000000000006,29.52,4.08
10764,372,9.23,5,690.87,61.730000000000004,41.87,29.38,5.4799999999999995
10765,508,8.44,9,730.5699999999999,109.8,32.45,16.45,4.3
10766,690,24.57,8,1184.82,51.9,92.02,68.76,9.24
10767,691,18.42,5,1136.24,94.52000000000001,71.07,51.36,5.51
10768,468,11.75,6,817.5,59.7,47.37,43.63,4.61
10769,426,12.26,6,808.5,56.64,51.76,40.11,4.85
1077,631,11.29,4,1581.8,129.88,104.69,64.99,9.76
10770,335,7.58,7,474.05,61.17,26.79,13.69,4.09
10771,485,12.48,8,782.4,79.5,47.89,29.71,3.4
10772,224,5.57,4,380.29,35.55,26.28,14.1,1.6199999999999999
10773,528,11.15,5,815.05,90.65,38.53,34.68,3.99
10774,459,8.85,5,535.54,76.58,30.34,11.270000000000001,3.02
10775,377,9.57,8,477.55,49.019999999999996,29.66,18.2,3.4499999999999997
10776,559,10.23,5,951.65,98.6,50.13,37.870000000000005,3.75
10777,417,5.95,4,775.96,89.56,31.490000000000002,30.39,6.32
10778,542,13.35,9,979.49,88.36,59.49,42.03,7.3
10779,392,9.08,7,644.9100000000001,60.81,41.190000000000005,26.26,4.34
1078,584,12.659999999999998,4,1176.1,101.11,61.86,56.11,10.32
10780,423,8.47,6,589.29,66.55,36.07,19.2,5.08
10781,441,9.6,5,863.79,96.22999999999999,40.089999999999996,34.27,6.4
10782,419,8.19,7,606.15,67.05000000000001,33.25,22.31,4.68
10783,437,7.16,4,792.3,78.03,35.47,36.13,6.7
10784,444,4.95,3,646.4,90.83,24.08,19.03,6.8
10785,476,10.58,4,698.29,69.66,44.58,24.79,5.34
10786,391,5.32,6,630.98,93.16,22.51,17.419999999999998,5.42
10787,533,11.17,11,688.36,85.74,38.36,20.11,5.92
10788,872,16.19,8,1251.01,169.11,73.8,27.919999999999998,5.32
10789,471,9.190000000000001,5,714.55,60.67,40.35,34.1,4.05
1079,431,10.41,4,713.58,57.21,45.95,34.94,6.76
10790,640,11.46,7,1085.1100000000001,116.16999999999999,52.59,44.71,8.17
10791,607,17.169999999999998,6,1109.67,84.42,81.72,46.06,6.0200000000000005
10792,561,8.09,5,939.0999999999999,116.34,39.339999999999996,34.08,7.75
10793,656,12.0,9,1069.15,136.07999999999998,51.58,33.19,4.47
10794,451,16.5,7,1002.98,46.59,76.83,55.8,8.0
10795,884,22.28,6,935.85,138.05,66.98,12.989999999999998,5.380000000000001
10796,557,13.190000000000001,4,1011.3,88.77,58.42,43.89,7.53
10797,373,6.11,4,502.73,79.21,20.23,11.600000000000001,3.91
10798,426,12.49,5,576.8,62.44,36.49,19.22,2.74
10799,469,11.45,7,648.16,71.05,39.94,23.61,3.98
1080,1081,19.45,6,2095.1899999999996,198.76999999999998,117.82,88.44,14.95
10800,365,11.9,6,511.86,33.53,38.34,25.950000000000003,2.91
10801,397,12.67,7,712.75,56.64,46.230000000000004,32.64,3.89
10802,380,9.9,4,339.13,47.45,25.910000000000004,5.27,3.07
10803,135,4.67,2,181.7,6.75,13.32,10.37,0.76
10804,361,4.37,4,502.41999999999996,64.85,19.6,16.73,5.47
10805,279,7.75,4,321.49,32.08,26.48,9.63,1.23
10806,308,9.379999999999999,6,422.58000000000004,40.85,27.81,16.88,2.44
10807,424,9.89,7,770.37,65.6,45.69,35.5,6.61
10808,275,9.41,7,580.8,24.5,40.26,35.19,3.3
10809,404,11.44,5,626.79,56.74,39.57,27.97,3.95
1081,1239,19.310000000000002,8,1926.1599999999999,225.97,93.28,69.3,16.36
10810,227,6.3,3,227.3,21.33,16.77,8.76,2.62
10811,516,16.51,7,929.23,68.71000000000001,70.91,39.12,5.88
10812,553,9.06,4,1011.8,106.72,48.660000000000004,41.73,5.8
10813,271,10.85,5,388.90999999999997,24.66,38.54,13.96,1.6
10814,325,11.02,6,480.85,35.06,39.23,19.13,2.98
10815,593,10.16,7,1007.0699999999999,110.24000000000001,48.559999999999995,40.010000000000005,5.38
10816,382,9.51,7,590.85,54.480000000000004,37.31,23.47,4.61
10817,532,9.49,4,750.8,98.61,30.349999999999998,27.21,4.220000000000001
10818,309,9.790000000000001,6,455.8,38.900000000000006,39.12,14.51,3.39
10819,376,9.959999999999999,7,631.12,52.129999999999995,45.46,25.65,3.35
1082,604,7.75,5,989.1,137.24,42.15,28.14,10.31
10820,522,9.15,6,838.61,84.4,39.43,36.44,7.1899999999999995
10821,320,9.37,4,398.92999999999995,40.71,33.65,11.48,2.73
10822,509,10.77,6,858.55,78.82,50.96,35.21,5.65
10823,690,13.95,7,1078.68,108.46000000000001,61.26,42.88,9.16
10824,633,15.42,6,1312.5,101.24000000000001,77.99,61.6,7.71
10825,330,13.8,8,413.12,30.53,41.92,13.07,3.09
10826,266,7.32,5,426.25,36.26,26.060000000000002,17.63,3.0
10827,629,7.77,6,1012.0500000000001,126.86,40.45,34.5,7.77
10828,309,7.96,6,409.93,45.36,26.77,12.34,1.84
10829,520,8.93,5,584.5,71.53,27.22,21.85,3.69
1083,269,8.69,3,817.5,40.2,67.22,41.269999999999996,5.5
10830,411,14.85,5,477.0,38.36,44.11,15.620000000000001,7.0600000000000005
10831,368,8.940000000000001,8,476.04999999999995,50.209999999999994,30.36,16.05,3.45
10832,373,8.23,5,501.25,44.48,34.05,20.919999999999998,2.11
10833,614,11.81,6,1120.8000000000002,96.5,57.53,54.96,7.43
10834,543,7.9,6,700.35,94.32,36.989999999999995,18.02,5.1899999999999995
10835,531,18.43,9,706.56,50.18,60.84,28.61,2.9399999999999995
10836,549,25.939999999999998,4,691.42,28.93,76.36,27.700000000000003,5.279999999999999
10837,614,10.44,8,1059.0,109.80000000000001,46.769999999999996,47.3,9.09
10838,809,21.400000000000002,5,1085.5,129.19,72.55,31.910000000000004,4.71
10839,421,7.0600000000000005,7,581.2,72.14999999999999,27.11,19.46,5.47
1084,493,9.67,3,752.2,100.75,39.05,24.259999999999998,11.19
10840,501,14.95,6,804.19,74.36,54.31,31.07,4.859999999999999
10841,439,11.7,6,614.75,54.05,35.2,28.23,7.2
10842,593,8.76,4,1137.4,113.27,56.83,47.339999999999996,6.99
10843,331,10.73,7,506.62,36.02,37.37,23.3,2.32
10844,305,8.27,7,404.73,42.76,28.729999999999997,11.219999999999999,3.76
10845,272,9.63,5,404.74,17.47,34.39,21.89,4.01
10846,319,9.81,9,513.51,43.0,35.34,20.57,3.9
10847,591,19.39,10,943.18,67.77,70.66,40.85,6.09
10848,475,11.530000000000001,5,788.52,83.81,42.89,27.37,6.49
10849,247,8.35,6,389.7,29.82,27.34,18.67,4.57
1085,539,12.84,5,996.1299999999999,75.77000000000001,59.589999999999996,49.68,9.44
10850,748,16.21,7,1159.35,114.53,62.15,48.5,8.11
10851,520,10.41,7,557.02,71.65,33.79,14.4,2.88
10852,272,7.4399999999999995,5,462.52,44.97,31.58,16.23,2.58
10853,358,12.819999999999999,7,583.68,39.71,46.25,26.500000000000004,2.15
10854,715,14.33,5,1062.32,127.59,56.95,35.5,5.71
10855,413,10.15,7,701.98,69.03,40.980000000000004,28.82,5.25
10856,604,19.46,5,666.61,86.94000000000001,57.94,9.9,3.26
10857,1492,28.159999999999997,5,2558.6,298.26,112.77,96.69,20.310000000000002
10858,98,4.28,2,238.3,5.109999999999999,18.05,16.97,0.31
10859,608,13.91,5,1012.35,93.65,56.28,42.42,6.38
1086,572,12.02,7,1111.8000000000002,103.82,58.24,50.19,9.23
10860,588,10.86,7,836.5999999999999,102.24,39.31,28.29,6.92
10861,550,11.94,5,659.51,85.25,39.62,16.1,3.9699999999999998
10862,347,7.74,5,687.4,59.93,36.36,31.68,5.14
10863,613,12.61,6,1002.46,119.34,55.67,30.61,6.2
10864,346,4.18,4,414.7,71.66,13.35,7.02,3.0
10865,329,7.12,6,604.85,58.49,31.63,25.95,3.99
10866,561,11.100000000000001,5,979.8499999999999,101.53,48.01,43.669999999999995,7.09
10867,366,9.17,5,598.7,53.32000000000001,39.43,23.05,5.550000000000001
10868,477,12.04,5,769.8,80.97999999999999,42.769999999999996,31.9,5.41
10869,661,11.59,7,1161.1000000000001,124.23,54.78,48.83,7.640000000000001
1087,551,10.78,7,1194.9,105.58,63.959999999999994,54.42,10.3
10870,440,9.89,7,508.16999999999996,55.75,29.150000000000002,17.45,4.79
10871,313,8.08,6,610.76,54.76,32.3,27.4,3.1500000000000004
10872,600,6.81,4,750.6500000000001,123.36,25.380000000000003,16.93,8.24
10873,597,11.09,4,922.45,91.38,45.38,38.230000000000004,6.71
10874,604,13.39,7,858.26,97.26,51.04,26.740000000000002,5.8
10875,508,10.63,5,794.5,89.96,39.99,30.519999999999996,4.72
10876,435,8.74,6,601.85,71.7,30.36,18.89,4.53
10877,615,9.62,5,795.95,108.94,38.2,21.05,7.300000000000001
10878,601,17.450000000000003,6,775.35,80.28,55.0,24.84,3.67
10879,702,15.489999999999998,6,1168.0,120.50999999999999,68.08,41.96,7.36
1088,379,9.5,6,783.4000000000001,65.35,44.78,37.54,7.3
10880,389,5.33,3,645.73,88.55,23.759999999999998,20.43,5.2
10881,547,14.31,7,864.56,82.64,57.15,30.11,4.87
10882,627,7.53,5,1001.95,139.07999999999998,37.45,32.74,8.1
10883,609,14.04,4,825.48,98.36,51.239999999999995,24.07,5.61
10884,703,10.24,5,1162.85,144.29,47.64,44.980000000000004,8.21
10885,854,12.24,5,1120.65,173.59,46.84,23.43,10.8
10886,430,13.16,6,740.8799999999999,68.03,43.06,32.629999999999995,6.199999999999999
10887,603,8.43,3,1001.9,125.67999999999999,40.45,36.52,7.79
10888,419,6.11,3,468.35,64.03999999999999,19.68,15.8,3.2399999999999998
10889,658,11.35,4,965.1,139.66,37.629999999999995,30.04,6.76
1089,398,8.67,8,835.73,64.66,50.37,40.25,5.78
10890,400,11.870000000000001,4,520.3,73.24,39.06,7.7,1.5899999999999999
10891,451,8.61,4,584.98,84.73,31.85,10.540000000000001,3.76
10892,176,5.99,3,290.14,25.19,22.299999999999997,11.68,0.9
10893,588,11.58,5,756.26,103.39,37.76,19.48,7.63
10894,502,5.59,4,517.75,92.02,20.29,7.54,4.87
10895,484,11.67,4,557.35,65.47999999999999,30.03,18.419999999999998,4.22
10896,700,10.54,4,978.55,147.75,37.22,28.23,6.49
10897,470,9.88,5,595.45,87.84,28.8,12.26,6.91
10898,391,9.069999999999999,5,820.9,73.47,40.58,40.06,5.92
10899,523,10.26,4,719.44,87.68,30.269999999999996,28.47,5.02
1090,1019,16.58,5,1741.26,205.8,99.12,55.52,14.24
10900,370,10.91,10,597.64,54.0,42.730000000000004,22.51,3.5300000000000002
10901,478,13.22,6,572.8299999999999,66.48,36.69,19.85,5.3
10902,616,8.24,6,734.85,120.71,26.05,15.57,5.67
10903,428,9.83,5,767.84,74.85000000000001,38.95,34.82,4.859999999999999
10904,410,10.58,5,440.27,58.67,36.63,6.66,4.21
10905,545,8.08,4,692.7,98.36000000000001,27.21,22.25,4.51
10906,777,19.87,7,1042.35,123.93,64.28,30.0,11.709999999999999
10907,514,7.86,4,601.55,90.88,25.43,13.639999999999999,8.02
10908,330,8.09,7,377.04,47.89,20.96,12.430000000000001,4.07
10909,411,8.64,6,550.7,67.25,25.41,20.87,5.0
1091,641,9.7,7,1041.2,142.98,49.5,28.75,10.1
10910,340,8.72,5,527.25,54.21,27.61,23.630000000000003,4.0
10911,546,11.66,7,759.55,84.64,39.83,27.85,5.0
10912,606,11.03,7,886.35,119.89,39.85,26.91,7.37
10913,464,4.46,3,591.5,94.41999999999999,20.13,13.870000000000001,4.109999999999999
10914,412,9.08,6,646.95,73.73,31.34,25.08,4.63
10915,93,2.75,2,115.65,6.45,6.54,7.62,0.9299999999999999
10916,393,10.57,6,519.91,60.21,35.33,13.97,3.54
10917,263,0.58,1,341.9,74.17,7.1,0.79,1.05
10918,435,8.35,7,620.5400000000001,75.05,31.580000000000002,21.27,3.6
10919,571,12.11,5,867.95,79.4,41.71,43.37,6.95
1092,332,9.92,5,785.1,47.739999999999995,48.519999999999996,44.25,7.7
10920,376,4.02,5,494.4,84.1,15.780000000000001,9.66,4.55
10921,424,11.49,5,594.26,72.33,43.47,13.01,4.0600000000000005
10922,567,10.51,6,825.3900000000001,116.27000000000001,33.25,25.54,7.09
10923,183,6.390000000000001,4,305.5,31.16,20.48,10.040000000000001,1.98
10924,505,8.68,3,880.3199999999999,106.35,35.32,33.099999999999994,8.26
10925,703,15.25,4,1115.95,134.32999999999998,49.12,39.190000000000005,11.18
10926,194,8.120000000000001,4,279.91,26.25,20.09,11.72,2.77
10927,175,0.39,1,227.5,49.35,4.73,0.53,0.7
10928,128,0.28,1,166.4,36.1,3.46,0.38,0.51
10929,426,5.470000000000001,4,569.1,84.17,21.94,14.950000000000001,3.5300000000000002
1093,498,11.389999999999999,4,770.7,84.03,43.62,31.459999999999997,10.66
10930,230,1.71,3,224.39000000000001,48.16,5.41,0.61,2.0
10931,466,22.23,7,1010.87,31.31,76.39,58.63,3.06
10932,462,11.43,9,678.45,68.69,32.31,30.56,8.34
10933,463,7.9799999999999995,5,698.46,99.88,25.729999999999997,21.619999999999997,8.48
10934,477,10.629999999999999,4,676.9000000000001,93.99000000000001,21.9,23.9,8.87
10935,390,9.56,5,608.78,64.19,32.24,23.41,3.02
10936,353,6.75,3,386.15,61.09,15.77,8.32,3.54
10937,423,9.120000000000001,4,566.77,59.15,32.03,20.36,2.56
10938,443,7.93,3,649.9,81.61,32.79,20.3,5.430000000000001
10939,372,9.55,7,477.5,39.660000000000004,28.46,22.73,4.65
1094,591,12.75,8,1047.1,88.88,63.53999999999999,48.46,11.45
10940,231,8.58,7,297.11,22.560000000000002,28.82,9.57,1.4000000000000001
10941,329,8.33,7,373.46,45.83,25.87,8.76,2.38
10942,411,12.88,8,606.09,61.53,38.69,23.959999999999997,8.25
10943,422,9.25,4,716.9000000000001,97.2,24.97,24.74,5.999999999999999
10944,580,10.07,4,830.9,104.25999999999999,38.14,26.33,7.14
10945,355,9.94,9,455.44,39.19,26.39,20.93,5.2
10946,660,8.809999999999999,6,858.79,132.43,29.869999999999997,22.759999999999998,10.21
10947,430,10.94,6,730.3299999999999,64.1,44.92,30.06,3.7600000000000002
10948,610,10.65,5,854.62,110.03,39.66,28.03,7.34
10949,479,7.64,4,705.16,104.73,23.41,21.34,9.03
1095,483,9.38,7,938.72,87.17,53.76,39.07,6.5600000000000005
10950,339,7.5200000000000005,5,536.74,53.54,31.86,20.86,4.48
10951,854,21.78,9,1393.95,141.98000000000002,71.28,57.93,12.17
10952,386,7.4399999999999995,4,542.31,66.25,30.240000000000002,17.57,6.92
10953,585,11.0,5,780.85,90.98,44.339999999999996,26.06,6.49
10954,430,10.59,6,584.36,77.08,31.79,17.13,7.9799999999999995
10955,542,12.42,11,836.44,97.91,44.6,29.200000000000003,9.44
10956,579,12.76,4,928.3,112.52,38.58,35.69,11.549999999999999
10957,499,10.32,5,766.85,95.44,35.26,28.189999999999998,12.55
10958,421,10.02,4,755.88,83.21000000000001,32.31,34.24,7.09
10959,513,10.32,6,861.34,110.91,36.11,30.52,9.39
1096,285,9.1,4,682.8,43.82,53.14,33.29,8.27
10960,606,32.15,6,1077.8899999999999,28.57,114.39,54.45,4.38
10961,565,11.379999999999999,7,948.5999999999999,119.64,40.46,35.21,11.34
10962,804,13.66,7,837.11,125.58,29.97,24.490000000000002,12.8
10963,346,6.46,4,349.02,45.03,19.33,9.36,3.0999999999999996
10964,672,11.99,8,859.87,124.66,35.980000000000004,24.23,11.07
10965,629,9.18,4,780.4,122.54,23.080000000000002,22.5,12.25
10966,286,7.3100000000000005,7,394.65,42.45,22.36,14.48,2.93
10967,487,13.499999999999998,6,731.27,67.65,41.46,32.28,4.9399999999999995
10968,617,11.72,5,812.0899999999999,123.28999999999999,33.71,19.92,6.86
10969,453,10.02,4,746.9,77.57,42.04,27.53,4.28
1097,514,11.28,4,1018.7,83.66,57.97,49.75,6.83
10970,562,11.83,6,1002.6800000000001,114.58000000000001,47.9,37.83,9.22
10971,532,13.14,14,703.98,76.39999999999999,41.07,26.97,8.31
10972,502,10.05,7,641.67,79.0,32.13,21.57,7.08
10973,585,11.690000000000001,5,760.5,111.67,24.47,24.29,8.790000000000001
10974,695,13.4,10,1073.49,132.74,55.79,32.83,7.5200000000000005
10975,615,7.75,6,707.1500000000001,120.94999999999999,19.28,17.03,11.18
10976,505,5.75,5,635.5999999999999,109.94,16.79,15.11,9.98
10977,605,9.93,4,952.9,122.88,45.37,29.74,5.76
10978,619,10.02,4,1019.25,142.17000000000002,39.57,33.86,13.620000000000001
10979,539,8.75,7,742.25,108.7,26.54,22.59,6.99
1098,390,7.82,4,781.4,81.2,40.06,32.02,7.029999999999999
10980,697,26.509999999999998,4,1279.2,92.75,84.6,61.91,8.85
10981,791,20.98,5,1394.93,115.26999999999998,93.69,58.89,10.629999999999999
10982,661,9.76,3,1075.8,161.25,42.04,26.59,5.609999999999999
10983,442,12.209999999999999,6,807.52,78.1,51.19,31.05,7.12
10984,602,12.82,7,905.49,107.8,43.85,31.82,5.18
10985,655,14.36,5,913.61,131.54000000000002,41.63999999999999,24.0,7.68
10986,436,10.51,7,587.48,75.07,22.279999999999998,22.31,7.12
10987,452,6.609999999999999,5,502.6,84.66999999999999,20.01,9.66,5.81
10988,238,14.29,2,541.5,8.69,41.05,36.42,1.31
10989,236,6.99,4,473.68,42.260000000000005,29.34,20.06,3.5100000000000002
1099,357,8.16,6,685.2,63.54,36.81,31.57,8.31
10990,656,13.52,7,949.02,127.89,39.46,33.87,15.31
10991,413,10.52,5,609.95,68.8,26.08,26.38,7.510000000000001
10992,535,8.34,5,806.4,105.86,38.739999999999995,22.95,5.0
10993,519,11.469999999999999,6,732.81,87.57,36.22,23.98,4.04
10994,440,9.79,4,692.3,98.28,23.189999999999998,23.31,7.24
10995,615,14.83,6,911.5899999999999,101.54,56.36,31.21,11.52
10996,522,10.52,5,838.5799999999999,96.97,37.48,33.8,7.92
10997,467,12.21,6,574.01,78.57000000000001,33.93,15.0,8.09
10998,580,16.27,7,882.1700000000001,95.93,48.02,31.96,5.8100000000000005
10999,462,8.28,6,576.45,84.27000000000001,20.11,19.79,8.92
1100,465,9.38,4,519.99,68.08,29.96,16.79,10.709999999999999
11000,401,11.569999999999999,7,462.62,54.86,29.05,13.73,4.07
11001,454,8.43,7,677.3499999999999,84.36,32.910000000000004,22.34,7.04
11002,497,11.370000000000001,8,678.0699999999999,71.80000000000001,38.67,26.14,5.9399999999999995
11003,493,15.589999999999998,6,708.78,56.78,48.37,31.030000000000005,7.08
11004,519,15.139999999999999,8,977.04,84.19,56.83,44.050000000000004,8.32
11005,537,6.44,4,508.16,95.6,16.2,5.42,4.62
11006,576,17.31,7,952.0799999999999,87.91,55.97,38.99,4.930000000000001
11007,488,7.59,6,715.1800000000001,109.13,27.73,18.63,7.03
11008,366,7.93,5,423.5,52.74,28.369999999999997,10.010000000000002,2.79
11009,293,7.22,5,508.88,55.79,26.169999999999998,19.55,3.61
1101,612,11.86,8,1022.76,100.24000000000001,57.04,44.02,11.879999999999999
11010,731,14.47,6,1094.34,127.63,56.03,38.38,7.5
11011,597,14.28,7,856.58,97.74,48.44,28.45,5.49
11012,576,13.24,6,765.02,105.43,32.91,22.61,7.16
11013,398,10.62,5,635.6,74.21000000000001,27.86,24.13,5.22
11014,508,10.34,8,659.5899999999999,93.53999999999999,32.25,18.52,9.17
11015,517,7.76,6,758.38,107.58000000000001,32.23,21.13,7.13
11016,370,10.209999999999999,8,543.73,53.73,28.080000000000002,24.12,5.49
11017,593,13.82,5,847.8,111.46000000000001,47.29,23.220000000000002,7.7
11018,529,9.6,5,623.13,84.81,29.64,17.62,4.86
11019,467,11.9,7,637.3,58.06999999999999,37.35,28.14,5.72
1102,487,12.07,8,1104.7,82.48,71.01,53.06,10.5
11020,472,13.04,7,734.71,73.17,44.55,31.51,10.31
11021,505,10.379999999999999,4,967.4,109.18,49.52,35.440000000000005,8.43
11022,723,15.1,6,909.42,106.21,47.51,31.47,8.97
11023,826,19.44,6,1220.1399999999999,153.62,63.56,36.49,9.05
11024,515,13.45,7,747.33,81.8,46.43,23.35,3.58
11025,414,10.46,7,466.14,56.97,25.49,16.41,6.15
11026,474,14.92,8,703.36,53.41,42.79,33.53,6.71
11027,501,9.61,6,624.45,69.65,34.43,22.860000000000003,7.009999999999999
11028,451,10.219999999999999,6,773.04,95.03,32.910000000000004,29.45,6.76
11029,611,11.040000000000001,8,775.0,112.32999999999998,31.47,22.5,8.93
1103,229,5.82,6,475.59999999999997,39.379999999999995,27.509999999999998,23.25,5.2
11030,330,9.559999999999999,4,486.01,48.38,28.57,18.619999999999997,3.49
11031,621,17.54,5,1134.0,118.34,63.3,42.99,6.15
11032,168,5.19,6,279.86,29.689999999999998,12.280000000000001,12.52,3.08
11033,589,14.93,8,805.4200000000001,69.42,46.480000000000004,38.08,8.959999999999999
11034,505,11.74,7,803.1,82.58,46.08,30.4,4.39
11035,653,12.84,6,901.3499999999999,122.75,43.32,24.93,5.22
11036,709,14.57,6,1070.45,128.66,49.41,39.580000000000005,9.67
11037,444,13.06,7,832.74,75.72999999999999,52.23,34.78,8.68
11038,431,11.67,7,594.9,58.019999999999996,31.4,26.349999999999998,7.220000000000001
11039,572,11.19,5,999.9,124.72999999999999,46.94,33.88,9.35
1104,271,9.850000000000001,3,595.1999999999999,35.629999999999995,43.04,32.79,8.38
11040,472,8.25,6,710.19,97.56,30.33,21.63,5.28
11041,503,10.120000000000001,10,763.03,97.14,32.11,26.64,7.05
11042,530,10.05,5,724.06,101.78,29.56,22.32,7.8
11043,435,10.0,5,611.8,66.13,30.6,26.080000000000002,7.67
11044,373,10.96,5,618.65,62.89,30.47,26.7,6.8
11045,522,14.600000000000001,4,771.73,85.78999999999999,58.92,20.78,6.98
11046,356,6.34,5,608.94,86.25,22.45,19.45,5.17
11047,454,9.25,7,667.44,85.11,27.86,24.0,8.5
11048,383,4.0600000000000005,4,527.1500000000001,82.11000000000001,20.03,12.77,4.25
11049,475,12.01,5,883.6,79.21000000000001,50.63,39.71,7.4
1105,272,5.38,5,524.22,40.59,26.24,27.07,4.220000000000001
11050,465,9.129999999999999,4,527.62,59.540000000000006,29.51,17.080000000000002,3.38
11051,515,11.89,4,835.8,87.41,36.84,35.63,5.07
11052,404,13.2,6,535.85,60.489999999999995,40.52,14.620000000000001,4.42
11053,445,8.43,4,497.58,84.43,24.29,7.040000000000001,6.08
11054,486,4.42,4,682.15,120.32,19.88,13.08,5.6
11055,449,11.16,5,712.88,75.15,36.18,28.02,6.69
11056,374,12.329999999999998,9,661.05,57.85,32.57,33.48,8.39
11057,591,12.08,4,898.0,105.58,39.72,33.58,8.9
11058,674,20.46,8,999.98,79.74,80.82000000000001,39.12,9.03
11059,466,10.24,6,625.84,58.489999999999995,31.08,29.919999999999998,8.59
1106,578,11.53,6,986.6999999999999,101.27000000000001,50.42,42.28,10.16
11060,532,13.05,4,748.36,101.64,44.91,17.13,5.95
11061,857,13.99,4,1287.5,174.4,51.71,43.5,16.72
11062,486,16.21,7,622.95,44.55,48.989999999999995,28.77,8.770000000000001
11063,515,9.209999999999999,6,677.72,93.0,25.299999999999997,22.37,9.15
11064,440,9.59,6,656.72,67.19,32.26,28.94,6.949999999999999
11065,516,12.37,4,829.7,86.03,43.67,32.98,4.91
11066,364,7.15,5,550.45,76.83,19.98,19.16,5.92
11067,967,11.89,6,1117.7,197.52999999999997,31.25,23.04,15.120000000000001
11068,196,3.26,4,274.2,41.31,9.43,8.58,3.8100000000000005
11069,451,10.21,6,701.2,65.59,39.089999999999996,32.24,9.41
1107,380,8.23,7,792.0,71.2,48.17,33.49,6.54
11070,206,9.79,1,515.0,10.3,41.2,30.9,2.06
11071,778,14.11,5,1009.5699999999999,126.35,52.53999999999999,32.53,7.68
11072,563,11.819999999999999,5,836.97,109.92999999999999,47.36,23.21,7.55
11073,407,5.36,4,396.53000000000003,68.47,15.77,6.1899999999999995,4.55
11074,373,8.16,5,542.85,74.77000000000001,20.67,18.18,6.57
11075,515,13.49,4,955.1,66.99000000000001,64.92999999999999,47.23,6.82
11076,490,10.64,5,537.27,85.05,32.879999999999995,7.32,5.38
11077,610,10.74,5,778.05,117.96000000000001,25.79,23.43,12.530000000000001
11078,898,16.560000000000002,10,1181.79,162.99,49.49,36.519999999999996,11.44
11079,567,8.84,4,398.2,79.58,12.6,3.18,6.279999999999999
1108,505,9.28,5,1010.7,94.21000000000001,47.11,47.41,9.05
11080,405,5.2,5,529.8,84.12,17.0,13.7,5.64
11081,539,12.03,4,800.48,100.26,39.28,24.31,3.8
11082,329,8.2,5,417.32,41.98,23.9,15.62,4.55
11083,1070,26.59,9,1730.05,185.76,102.23,60.8,8.93
11084,266,4.21,2,413.0,49.86,23.79,12.03,0.68
11085,444,12.53,9,650.55,64.98,43.410000000000004,23.26,5.909999999999999
11086,493,9.629999999999999,4,666.6,84.82,29.07,23.41,7.72
11087,416,8.85,5,565.02,61.89,32.2,18.76,2.3499999999999996
11088,435,11.57,5,594.35,72.17000000000002,37.44,17.71,6.5
11089,559,9.1,5,910.7,110.42000000000002,41.54,33.84,8.48
1109,406,7.4,6,684.7,68.98,30.91,30.63,6.9
11090,145,3.9699999999999998,5,149.25,16.73,6.82,6.45,3.0
11091,682,10.860000000000001,5,905.8,136.64,29.589999999999996,25.38,10.7
11092,306,6.260000000000001,6,446.08,59.599999999999994,22.35,12.81,3.4699999999999998
11093,280,5.99,5,410.25,47.55,20.75,13.879999999999999,2.94
11094,337,8.57,8,469.96,47.230000000000004,26.04,18.65,4.37
11095,369,9.030000000000001,7,474.46000000000004,56.18,28.16,14.989999999999998,4.4799999999999995
11096,635,9.69,4,886.8,108.05,47.3,28.45,4.04
11097,456,8.98,7,591.96,84.67,30.230000000000004,15.02,5.91
11098,505,8.620000000000001,6,644.2,95.94999999999999,22.08,18.17,7.81
11099,545,10.790000000000001,7,735.88,93.45,39.660000000000004,22.74,6.21
1110,506,9.63,6,914.5999999999999,101.45,46.21,36.27,9.16
11100,247,9.02,6,286.33,21.490000000000002,23.33,12.209999999999999,4.79
11101,412,12.59,6,604.9100000000001,49.53,40.949999999999996,24.87,2.9
11102,330,7.1,4,348.45000000000005,52.31,15.03,8.0,3.1799999999999997
11103,540,10.26,4,720.7,85.60000000000001,38.91,21.76,2.81
11104,564,9.14,7,896.7,120.49,38.42,28.88,7.95
11105,545,15.3,6,855.52,81.65,54.25,32.660000000000004,4.13
11106,465,12.04,10,755.17,79.58,42.66,28.38,6.49
11107,465,9.16,5,631.5,85.53999999999999,21.17,23.87,10.5
11108,532,11.1,5,652.22,90.52,29.150000000000002,16.169999999999998,4.58
11109,291,6.859999999999999,6,442.9,53.49999999999999,25.419999999999998,13.46,2.96
1111,406,9.48,9,708.76,61.870000000000005,39.11,34.68,9.59
11110,493,11.44,9,737.1099999999999,85.13,45.57,22.8,4.91
11111,462,9.58,5,650.41,80.86,32.13,20.61,6.18
11112,337,10.62,5,646.83,67.18,39.41,23.99,7.17
11113,448,11.0,9,812.55,88.44999999999999,39.92,31.919999999999998,8.58
11114,322,10.39,5,533.47,53.129999999999995,37.93,18.0,4.12
11115,618,9.27,5,904.99,137.32,38.69,20.98,6.9
11116,255,6.17,6,390.25,45.75,19.369999999999997,11.879999999999999,2.32
11117,243,6.84,4,310.94,20.48,20.259999999999998,15.82,3.53
11118,452,11.37,7,664.15,78.65,38.65,21.92,5.99
11119,530,12.77,7,663.5,71.8,48.05,19.169999999999998,3.31
1112,642,11.23,5,1238.4,135.05,62.370000000000005,48.05,7.99
11120,584,16.45,7,1147.08,107.75999999999999,63.78,47.61,9.620000000000001
11121,390,10.32,6,552.78,53.53,42.41,18.34,4.6
11122,562,10.62,6,621.1500000000001,93.56,24.6,12.85,4.79
11123,665,10.41,6,914.3,143.12,32.230000000000004,21.73,7.08
11124,408,6.8,4,603.5,88.96,23.1,15.139999999999999,6.09
11125,351,5.83,4,536.23,76.06,22.479999999999997,15.959999999999999,6.8100000000000005
11126,592,14.86,8,992.45,101.78,54.09,37.36,8.0
11127,553,9.760000000000002,4,754.65,109.5,29.49,18.54,7.34
11128,355,4.98,4,461.89,67.01,18.560000000000002,13.16,5.0600000000000005
11129,516,10.01,4,788.3,97.78999999999999,36.68,26.38,4.569999999999999
1113,326,6.93,5,620.4,61.010000000000005,32.71,26.409999999999997,5.7299999999999995
11130,473,11.74,4,913.7,77.0,53.51,41.660000000000004,7.32
11131,414,13.469999999999999,6,608.76,57.309999999999995,48.739999999999995,18.25,1.98
11132,455,15.66,6,662.79,62.03,39.58,27.540000000000003,8.83
11133,548,12.14,6,816.8499999999999,91.28,39.06,33.74,9.01
11134,617,9.25,5,776.7,131.91,22.64,17.06,8.5
11135,420,16.32,6,594.8199999999999,37.26,59.7,21.66,4.2
11136,435,9.62,5,590.82,72.47,28.59,17.55,3.3099999999999996
11137,454,12.15,7,732.3299999999999,79.58,49.07,23.580000000000002,4.949999999999999
11138,464,10.06,5,642.38,83.1,30.259999999999998,17.72,3.43
11139,346,9.41,6,557.47,61.95,33.08,19.53,4.95
1114,594,11.19,5,1282.2,115.62,75.2,53.54,8.93
11140,608,13.42,6,908.0,119.29,42.5,25.76,4.8100000000000005
11141,760,13.94,5,1206.9,145.44,63.94,40.65,8.53
11142,288,5.79,2,350.84000000000003,59.78,23.959999999999997,0.87,0.85
11143,684,13.459999999999999,5,997.89,136.06,44.71,25.45,4.76
11144,557,11.91,4,799.85,89.84,40.96,26.28,2.84
11145,473,5.98,3,485.6,88.36000000000001,14.75,5.64,3.06
11146,418,8.62,4,506.68,81.12,30.72,6.49,3.19
11147,581,7.52,6,693.4000000000001,119.66999999999999,19.65,14.66,9.24
11148,338,4.25,5,516.9,78.72,17.17,14.629999999999999,5.02
11149,239,9.1,4,412.91,26.36,26.990000000000002,19.44,2.3899999999999997
1115,405,8.19,6,677.6,79.8,35.68,24.25,7.5600000000000005
11150,573,12.74,6,808.36,96.72,52.61,22.69,5.890000000000001
11151,456,13.26,4,955.7,70.22,67.22,43.17,5.16
11152,411,9.34,6,640.52,82.63,29.72,18.94,5.6899999999999995
11153,502,12.06,6,774.25,86.31,35.8,29.02,7.39
11154,352,10.13,4,724.4,53.480000000000004,50.65,32.480000000000004,3.42
11155,645,10.24,5,916.2,130.43,34.28,29.029999999999998,7.48
11156,299,2.16,2,296.05,60.989999999999995,8.620000000000001,2.21,2.83
11157,545,12.09,4,720.08,79.87,38.6,25.7,5.3
11158,339,10.5,4,652.0,67.55000000000001,34.53,25.27,4.99
11159,236,7.300000000000001,5,309.69,26.08,24.34,10.98,1.78
1116,520,12.530000000000001,5,1018.3000000000001,84.48,59.54,49.4,9.86
11160,556,10.58,6,727.9,87.53999999999999,41.56,21.7,4.97
11161,589,8.11,6,850.65,137.41,31.8,16.07,4.23
11162,367,8.43,6,455.4,55.870000000000005,23.76,14.7,5.38
11163,540,13.610000000000001,4,628.71,61.15,48.489999999999995,18.82,2.3
11164,493,9.620000000000001,4,766.5,93.19,40.25,25.9,5.55
11165,566,10.53,6,867.35,109.32,42.3,26.93,7.15
11166,458,9.55,7,688.17,87.22,29.47,25.38,8.09
11167,618,11.99,5,971.85,140.32,37.97,27.25,10.41
11168,364,8.02,8,511.94,62.78,24.009999999999998,17.74,5.28
11169,470,9.0,5,653.75,82.24000000000001,34.769999999999996,18.990000000000002,3.42
1117,558,12.17,4,1415.1,100.43,84.76,70.48,8.63
11170,470,9.899999999999999,5,857.4000000000001,91.53,46.970000000000006,31.669999999999998,5.56
11171,449,10.54,5,663.59,89.72,34.26,15.250000000000002,4.14
11172,470,11.66,6,565.3,72.32,26.13,17.130000000000003,7.9399999999999995
11173,504,9.49,8,652.23,96.3,29.98,16.83,7.55
11174,324,6.52,4,298.95,50.45,11.48,4.91,3.9400000000000004
11175,373,8.61,6,566.05,75.22,30.130000000000003,13.73,3.79
11176,289,9.13,5,573.85,56.72,37.46,20.25,4.55
11177,632,12.47,5,763.1700000000001,109.03999999999999,32.46,19.98,8.52
11178,533,6.7700000000000005,4,854.3000000000001,124.7,38.17,20.47,4.38
11179,400,12.8,9,760.77,65.39,49.18,31.22,6.68
1118,580,12.33,8,1165.0,116.06,69.57000000000001,45.6,11.25
11180,615,12.34,6,738.38,97.33,44.6,16.64,3.44
11181,336,8.96,7,435.41,51.99,27.04,11.69,3.21
11182,564,12.4,6,639.75,94.60000000000001,37.05,10.56,3.74
11183,395,6.220000000000001,2,655.1,84.01,31.080000000000002,18.529999999999998,2.29
11184,551,13.04,6,802.15,91.46,37.81,31.049999999999997,6.319999999999999
11185,145,6.82,1,261.0,21.75,17.4,11.6,4.35
11186,230,6.67,3,291.9,31.439999999999998,16.47,10.73,3.75
11187,368,12.88,5,671.4000000000001,48.06,45.31,31.619999999999997,6.16
11188,512,7.63,4,672.7,91.55,24.270000000000003,23.470000000000002,5.24
11189,369,7.970000000000001,5,622.7,75.09,30.82,18.79,2.43
1119,494,8.850000000000001,3,927.4000000000001,99.30000000000001,49.269999999999996,36.169999999999995,4.87
11190,559,7.17,3,842.9,117.52000000000001,33.769999999999996,23.76,4.33
11191,439,9.89,8,554.91,66.11,32.81,16.29,4.79
11192,103,6.15,2,139.23,6.9,19.2,3.85,1.38
11193,360,7.62,5,486.7,64.85000000000001,22.24,12.73,3.29
11194,428,20.83,2,937.7,40.3,70.47999999999999,50.97,5.67
11195,689,16.34,5,1087.8400000000001,132.65,62.019999999999996,30.910000000000004,4.99
11196,449,8.4,8,636.65,81.07,29.98,20.08,4.21
11197,522,13.67,7,781.87,91.06,47.51,25.71,9.94
11198,477,9.1,4,851.8,100.97,44.14,27.44,3.8
11199,311,8.27,5,275.1,22.169999999999998,18.59,12.45,4.46
1120,492,7.16,4,662.38,83.4,38.9,17.36,6.63
11200,338,6.680000000000001,5,298.6,41.82,14.77,8.2,4.79
11201,656,12.299999999999999,6,815.25,109.65,38.13,21.84,5.48
11202,230,6.96,3,242.55,14.04,15.07,14.84,3.84
11203,442,8.14,4,498.59999999999997,77.42,20.38,10.52,4.779999999999999
11204,878,13.65,8,878.9499999999999,148.44,31.85,17.96,11.370000000000001
11205,497,13.67,7,815.99,81.74000000000001,47.85,30.880000000000003,7.08
11206,596,14.28,5,933.1,106.38000000000001,45.26,36.15,7.17
11207,753,13.450000000000001,4,913.45,119.18,43.33,25.67,5.25
11208,532,10.64,5,637.6,89.8,26.87,18.59,6.78
11209,551,10.059999999999999,6,782.26,117.55,32.06,19.37,7.37
1121,444,8.0,6,1057.7,94.18,65.99,42.440000000000005,5.83
11210,682,14.78,5,1615.7,138.16000000000003,89.72,77.57,11.56
11211,459,14.64,13,1005.9399999999999,51.589999999999996,69.05,57.35,10.33
11212,357,12.39,7,795.46,51.17,50.75,42.5,8.030000000000001
11213,347,10.61,5,448.74,46.97,22.650000000000002,20.220000000000002,8.23
11214,602,10.93,4,1129.44,119.3,54.190000000000005,48.23,8.36
11215,410,13.42,8,643.55,64.16,45.22,21.88,4.61
11216,590,14.95,6,826.34,84.45,44.54,34.68,10.120000000000001
11217,428,7.52,4,687.03,86.57,32.54,21.15,2.6
11218,363,6.54,7,699.6899999999999,73.46000000000001,29.7,29.53,4.54
11219,574,15.66,8,848.99,90.34,57.88,30.5,10.26
1122,444,7.99,6,770.1999999999999,86.87,38.06,29.22,6.24
11220,424,6.71,6,582.25,93.27,19.71,14.01,5.52
11221,409,10.719999999999999,8,879.68,76.23,45.32,41.82,6.279999999999999
11222,286,9.26,7,418.71000000000004,39.91,33.03,14.47,4.12
11223,458,19.84,7,770.3399999999999,46.95,80.43,28.83,5.180000000000001
11224,565,17.37,9,1088.67,87.5,68.56,51.42,9.47
11225,503,8.870000000000001,4,753.96,110.06,32.26,18.04,3.84
11226,465,9.16,4,955.5,99.94,52.760000000000005,38.120000000000005,7.0200000000000005
11227,384,7.71,8,598.84,78.42,32.07,16.91,5.18
11228,442,10.83,5,883.6,85.61,53.66,36.1,6.9
11229,1005,16.05,5,1765.1,238.18,71.25,57.61,17.9
1123,478,6.68,4,544.39,84.83,24.1,12.36,6.62
11230,557,10.23,5,891.4000000000001,119.74000000000001,40.87,28.42,9.6
11231,494,6.26,4,778.5999999999999,101.38999999999999,38.54,24.099999999999998,7.33
11232,673,15.1,6,1146.4,121.78999999999999,61.53,47.64,11.19
11233,673,14.74,7,1331.66,119.28,68.63,63.61,8.56
11234,564,11.649999999999999,6,1046.9099999999999,104.9,56.51,44.419999999999995,7.1
11235,531,13.75,6,850.4,103.52000000000001,51.31,26.240000000000002,6.87
11236,808,16.990000000000002,6,1817.3,169.28,75.36,85.77,16.27
11237,707,18.07,6,850.38,101.52,60.05,21.729999999999997,6.59
11238,369,9.02,5,688.4300000000001,81.41,33.92,25.89,6.59
11239,762,37.94,6,1598.1100000000001,63.39,146.59,83.74,9.29
1124,456,7.710000000000001,4,839.5999999999999,98.25999999999999,35.86,32.72,9.82
11240,383,12.4,4,904.79,40.24,56.46,57.56,6.92
11241,834,15.46,4,1628.9,196.3,74.44,60.97,16.540000000000003
11242,438,11.92,7,917.92,67.32000000000001,55.14,46.65,8.48
11243,431,21.740000000000002,3,1061.4,31.85,81.96000000000001,63.040000000000006,3.8899999999999997
11244,621,14.06,6,1328.3400000000001,133.52,60.66,55.15,6.82
11245,363,10.68,8,573.55,69.94,30.41,18.72,5.21
11246,377,9.45,4,655.68,75.14,29.310000000000002,25.169999999999998,3.08
11247,602,8.99,5,1037.57,153.57999999999998,38.75,28.419999999999998,8.3
11248,528,11.8,6,990.35,100.45,53.870000000000005,40.1,6.619999999999999
11249,440,8.700000000000001,4,744.35,82.75,40.84,27.41,7.02
1125,661,8.61,7,997.65,138.06,45.0,27.26,7.66
11250,252,6.16,8,491.22,51.230000000000004,23.35,21.23,4.5
11251,543,11.92,7,1188.34,121.71000000000001,54.959999999999994,50.44,8.95
11252,422,10.18,8,669.79,84.82,32.629999999999995,21.79,6.11
11253,431,4.85,3,809.7,112.52000000000001,30.15,25.71,7.09
11254,539,10.41,5,872.79,102.72,52.730000000000004,26.09,4.59
11255,553,8.36,3,729.25,129.56,34.45,6.359999999999999,3.54
11256,559,12.46,5,921.3299999999999,102.72,51.6,31.299999999999997,6.22
11257,1068,19.82,7,1790.72,209.41,92.84,61.23,12.08
11258,613,14.98,7,1141.6,89.03,59.57,58.910000000000004,6.22
11259,450,7.7299999999999995,4,726.41,82.92,31.64,28.27,2.7800000000000002
1126,412,6.359999999999999,4,536.52,82.47,23.29,12.290000000000001,7.260000000000001
11260,772,11.31,5,1230.8,169.19,44.68,36.25,7.2700000000000005
11261,445,8.370000000000001,4,805.8,75.14999999999999,43.55,34.96,3.9000000000000004
11262,390,7.12,4,624.4,72.39,33.55,22.290000000000003,5.27
11263,141,1.82,3,287.35,33.61,11.489999999999998,11.94,3.3000000000000003
11264,501,12.78,5,797.72,104.91,35.69,24.849999999999998,6.73
11265,673,9.59,6,1092.35,159.22,41.55,27.380000000000003,4.58
11266,763,17.81,7,1525.93,126.88,89.31,72.45,8.219999999999999
11267,448,7.699999999999999,3,653.4000000000001,107.59,25.299999999999997,12.28,5.4799999999999995
11268,571,13.149999999999999,6,1058.49,112.26,55.44,43.04,9.21
11269,394,7.87,5,632.69,85.64,28.15,17.43,2.6
1127,458,8.71,4,888.4000000000001,93.91,42.95,37.129999999999995,9.02
11270,367,4.96,4,677.4200000000001,95.25,24.5,21.45,5.62
11271,556,9.66,6,837.0999999999999,109.76,42.81,25.619999999999997,8.99
11272,426,5.69,5,655.7,101.92999999999999,23.73,16.240000000000002,6.5
11273,326,5.96,4,620.03,72.41999999999999,28.81,23.34,3.52
11274,298,11.01,6,747.27,47.06,47.8,39.71,3.9499999999999997
11275,380,11.44,5,659.4,59.58,46.72,26.2,5.89
11276,474,13.53,7,921.04,76.89,51.73,44.25,6.47
11277,455,7.4,3,587.3,100.47,22.37,9.83,6.449999999999999
11278,730,19.54,8,1225.2,142.86,68.71000000000001,43.05,12.549999999999999
11279,626,7.55,6,833.3899999999999,135.20000000000002,27.240000000000002,20.279999999999998,10.86
1128,451,13.13,4,1016.6,61.09,70.36,54.55,12.120000000000001
11280,568,9.46,6,666.95,108.25999999999999,23.19,15.83,9.46
11281,497,9.45,6,937.65,116.28,40.26,34.72,9.61
11282,407,8.29,5,817.12,72.03,38.71,41.69,6.34
11283,245,6.58,3,437.90999999999997,61.010000000000005,21.130000000000003,11.989999999999998,2.2
11284,374,9.48,4,629.1,68.14,35.61,22.05,4.15
11285,446,12.64,9,604.67,69.4,39.52,19.24,5.4
11286,644,13.26,9,1181.56,124.10000000000001,59.28,47.74,7.6
11287,708,13.61,5,1248.2,153.63,62.61,43.32,12.360000000000001
11288,331,11.73,7,572.4,37.82,43.03,28.17,3.6499999999999995
11289,833,14.13,10,1372.06,171.9,62.29,47.58,11.42
1129,566,7.51,4,868.1800000000001,106.51,52.2,23.069999999999997,6.7
11290,295,6.21,4,320.25,52.16,16.65,5.079999999999999,3.2399999999999998
11291,576,10.06,4,1112.71,118.6,49.36,48.22,8.97
11292,667,14.540000000000001,6,866.5699999999999,114.62,45.22,24.93,8.24
11293,670,13.89,6,1044.18,120.79,49.120000000000005,38.97,7.79
11294,517,9.49,4,898.91,89.97,42.35,40.410000000000004,4.26
11295,249,6.05,6,374.44,44.05,22.169999999999998,12.14,3.38
11296,119,7.4799999999999995,2,116.28,3.06,24.82,0.48,0.34
11297,395,8.7,5,757.15,90.91,33.47,25.68,3.09
11298,291,3.98,4,334.0,57.16,14.34,5.91,5.41
11299,538,10.88,7,970.14,106.49000000000001,46.79,38.96,8.18
1130,462,6.38,5,694.6800000000001,85.57,35.32,22.3,6.45
11300,228,4.23,3,433.3,54.45,18.72,15.29,4.510000000000001
11301,447,10.91,6,1022.59,94.13,50.34,46.199999999999996,7.21
11302,526,13.65,6,989.8100000000001,95.07,55.370000000000005,44.129999999999995,8.32
11303,352,7.890000000000001,5,538.7,67.23,31.119999999999997,16.72,5.13
11304,391,16.13,5,757.76,30.82,50.78,46.63,5.109999999999999
11305,446,7.89,8,921.13,97.62,37.910000000000004,39.59,8.6
11306,522,9.0,4,760.3,94.83000000000001,33.769999999999996,25.240000000000002,4.48
11307,495,9.33,7,1065.5,105.11,46.35,47.08,7.71
11308,376,8.37,6,440.90000000000003,70.82,25.75,5.74,3.94
11309,511,10.34,4,870.84,106.68,49.28,27.14,8.16
1131,293,5.04,5,478.33000000000004,52.76,30.35,15.77,4.6
11310,386,11.44,6,898.52,65.03999999999999,49.04,45.379999999999995,4.71
11311,380,8.629999999999999,8,793.94,68.93,41.51,37.76,6.11
11312,489,8.6,5,827.64,107.09,39.3,26.12,5.8100000000000005
11313,571,8.69,4,981.7,129.49,40.26,31.23,7.12
11314,709,13.53,5,1374.53,161.16,66.65,49.43,10.98
11315,594,11.85,8,959.6800000000001,134.01999999999998,45.61,26.55,7.91
11316,286,7.87,7,480.82,48.4,30.7,18.72,3.04
11317,587,16.849999999999998,5,1059.33,96.22,60.75,46.96,8.07
11318,703,19.52,7,1216.78,132.9,73.16,42.88,12.68
11319,563,17.67,5,880.25,95.72,60.43,27.72,6.07
1132,584,12.22,6,1046.1,101.16,59.48,44.64,9.65
11320,423,8.85,6,628.4699999999999,84.81,31.75,16.81,4.390000000000001
11321,451,11.63,6,875.02,79.96000000000001,46.72,39.21,6.859999999999999
11322,405,9.61,6,764.3,64.22,46.56,35.34,5.64
11323,494,13.11,7,663.85,85.22,40.6,18.22,6.09
11324,509,15.21,6,871.85,76.66,58.089999999999996,36.45,7.06
11325,604,16.74,4,1500.4,136.24,60.99,69.59,7.9799999999999995
11326,559,15.049999999999999,6,1027.7,113.2,52.46,36.62,5.77
11327,357,9.969999999999999,4,853.3000000000001,93.47,39.129999999999995,35.12,7.010000000000001
11328,633,14.82,5,1290.85,127.58,52.75,55.86,10.06
11329,584,21.0,3,1934.9,105.4,94.22,116.22,16.95
1133,347,6.71,6,464.02,55.41,25.04,16.59,6.0
11330,451,6.96,7,884.0,91.28,39.39,37.75,7.890000000000001
11331,393,12.239999999999998,3,1009.2,61.49,59.510000000000005,58.21999999999999,9.18
11332,533,11.540000000000001,5,1090.77,110.05,54.29,46.96,7.21
11333,465,11.040000000000001,8,937.56,89.11,43.54,41.74,7.930000000000001
11334,479,8.270000000000001,6,1010.96,96.74000000000001,52.06,45.51,7.49
11335,287,5.58,3,488.74,58.3,21.93,17.66,1.74
11336,379,5.52,3,488.70000000000005,85.28,17.46,8.02,4.79
11337,401,9.73,5,640.38,82.71000000000001,29.87,19.04,4.19
11338,509,7.74,4,695.73,120.61,23.7,12.110000000000001,6.13
11339,469,14.28,8,863.64,72.17,53.690000000000005,39.33,8.1
1134,483,8.799999999999999,5,898.0,81.83,39.72,43.13999999999999,8.26
11340,502,8.86,8,888.9300000000001,106.92,42.88,30.28,5.64
11341,346,5.96,6,654.62,68.59,32.57,26.689999999999998,4.01
11342,521,10.35,4,1052.55,94.44,53.61,51.72,13.88
11343,336,8.02,5,499.98,69.84,23.98,14.41,5.06
11344,491,11.850000000000001,8,820.54,102.31,46.019999999999996,25.51,8.52
11345,662,11.24,4,1165.85,151.13,54.83,37.09,11.1
11346,363,4.22,4,378.22,75.87,9.0,4.2,5.03
11347,391,5.17,4,633.0,82.32,25.95,22.5,7.45
11348,532,8.52,4,1215.6,130.72,49.44,51.870000000000005,10.43
11349,569,13.9,10,1087.9,120.86,50.38,42.64,9.7
1135,613,11.08,4,1067.99,95.21000000000001,56.05,49.519999999999996,6.48
11350,559,11.59,6,928.0,112.78,43.74,30.65,6.47
11351,577,6.24,4,704.8,133.07,22.82,7.9799999999999995,5.59
11352,607,9.219999999999999,6,1066.3,136.13,40.129999999999995,37.269999999999996,9.34
11353,410,11.24,6,767.31,63.32,52.91,32.58,5.43
11354,499,11.84,9,879.9100000000001,98.02,46.480000000000004,31.979999999999997,7.0600000000000005
11355,384,18.3,9,765.37,29.15,69.71,40.21,3.14
11356,394,9.76,6,513.05,51.36,36.22,16.98,3.54
11357,462,4.55,3,887.7,119.83,31.96,30.64,8.34
11358,483,13.219999999999999,6,767.3399999999999,79.08,56.72,24.709999999999997,4.74
11359,320,10.17,4,401.95000000000005,48.52,34.55,7.66,3.98
1136,362,9.53,5,615.6,52.54,34.870000000000005,29.900000000000002,8.4
11360,425,7.970000000000001,4,585.25,99.41,19.84,10.850000000000001,5.53
11361,479,10.95,8,801.98,69.53,47.61,36.28,6.87
11362,536,10.98,6,895.45,89.59,50.53,35.589999999999996,6.42
11363,481,10.4,5,912.37,102.84,39.5,33.95,4.74
11364,554,12.08,5,598.9200000000001,86.38000000000001,38.95,10.47,5.54
11365,392,9.57,6,710.8,77.67999999999999,36.15,26.62,4.42
11366,559,11.200000000000001,7,881.71,121.27,44.58,24.37,6.62
11367,604,13.809999999999999,4,986.07,93.67,51.519999999999996,42.169999999999995,2.16
11368,477,9.78,5,1003.93,100.39,45.15,47.76,13.83
11369,351,8.39,9,665.36,67.59,38.28,26.59,4.720000000000001
1137,254,5.26,3,368.56999999999994,18.35,19.04,23.63,4.58
11370,411,7.44,4,916.4,86.81,47.59,40.36,5.970000000000001
11371,173,6.220000000000001,3,438.68,22.3,35.93,23.0,3.7800000000000002
11372,226,6.2,6,331.51,44.75,16.87,9.88,3.63
11373,334,8.9,5,516.14,50.91,28.33,20.77,2.7800000000000002
11374,650,14.34,8,913.38,139.37,44.23,19.63,6.32
11375,383,7.25,3,758.7,71.67,44.07,30.38,2.36
11376,257,6.76,4,435.4,50.33,21.73,14.620000000000001,2.06
11377,680,16.92,11,1402.37,131.61,76.87,59.4,9.280000000000001
11378,447,8.9,9,777.04,98.89,33.91,26.669999999999998,7.08
11379,567,9.14,5,798.1899999999999,134.14,29.07,14.91,7.02
1138,337,8.89,4,602.72,37.45,36.04,34.25,8.02
11380,513,12.95,5,972.49,96.67999999999999,50.870000000000005,37.36,5.4
11381,404,10.51,7,717.1,60.010000000000005,42.46,32.7,5.37
11382,672,14.48,4,1358.0,142.48,67.33,54.25,9.08
11383,301,10.42,7,687.89,46.47,42.29,37.3,8.170000000000002
11384,431,12.38,8,877.79,101.47,41.76,33.449999999999996,7.81
11385,271,7.05,5,456.1,50.870000000000005,24.75,16.24,3.04
11386,362,12.47,10,683.38,44.33,50.400000000000006,31.7,3.49
11387,277,10.36,5,564.75,54.24,31.82,23.759999999999998,4.4
11388,384,9.610000000000001,6,586.33,62.67,31.47,21.65,3.71
11389,343,6.930000000000001,6,447.85,62.45,20.259999999999998,13.65,6.08
1139,621,9.23,5,1022.4,138.62,42.14,30.94,10.15
11390,321,8.850000000000001,7,413.33000000000004,49.629999999999995,30.5,10.25,3.01
11391,503,10.41,5,879.7,117.27,35.74,29.28,10.4
11392,599,10.92,5,1069.58,121.06,51.019999999999996,41.940000000000005,11.07
11393,460,10.280000000000001,5,587.97,63.69,34.81,21.37,6.59
11394,449,7.39,5,614.6700000000001,70.74000000000001,30.74,22.65,4.04
11395,345,8.09,5,583.9,67.75999999999999,32.29,21.13,5.449999999999999
11396,481,10.23,7,913.56,103.76,43.29,36.34,8.7
11397,686,12.32,6,744.05,118.36000000000001,37.010000000000005,13.94,7.62
11398,644,11.23,7,1181.72,151.04,46.01,40.93,10.47
11399,191,9.93,1,477.5,9.55,38.2,28.65,0.0
1140,720,10.47,5,1110.5,161.24,44.809999999999995,30.98,13.43
11400,281,10.45,8,558.91,24.2,44.72,30.74,4.33
11401,453,9.469999999999999,4,742.1,119.24000000000001,27.4,16.66,6.67
11402,551,11.23,4,939.6400000000001,106.28,51.36,34.129999999999995,9.22
11403,383,12.71,5,638.2,19.84,47.73,40.03,4.07
11404,574,15.47,6,1034.2,104.62,50.78,42.78,9.620000000000001
11405,487,10.48,5,624.89,82.27,39.04,14.209999999999999,3.79
11406,619,13.33,5,1146.12,136.62,53.9,40.02,6.51
11407,420,13.979999999999999,4,736.23,86.71000000000001,49.58,19.75,2.9299999999999997
11408,479,11.76,7,576.11,62.989999999999995,32.86,22.080000000000002,5.67
11409,299,10.99,4,480.72999999999996,42.77,37.11,18.98,6.26
1141,416,8.35,7,620.61,66.72999999999999,30.5,25.95,8.6
11410,687,14.24,7,913.85,123.64999999999999,46.150000000000006,25.439999999999998,6.93
11411,318,7.98,7,467.25,64.13,24.96,13.57,6.18
11412,352,8.09,5,755.64,62.43,42.47,37.55,6.82
11413,422,9.43,6,806.76,82.31,43.46,33.11,6.74
11414,379,12.52,7,777.3299999999999,63.730000000000004,51.269999999999996,33.63,4.55
11415,317,4.4,5,541.8,74.07,21.759999999999998,16.74,4.37
11416,416,13.88,6,818.21,51.42,57.74,41.099999999999994,2.8600000000000003
11417,329,5.09,5,433.0,62.46,15.8,13.190000000000001,5.57
11418,368,8.530000000000001,8,633.23,62.650000000000006,38.07,25.209999999999997,4.53
11419,616,15.18,10,1031.34,103.56,60.04,40.32,6.3
1142,525,8.44,4,822.6300000000001,88.11,40.4,32.3,5.69
11420,523,9.91,7,867.99,107.87,34.48,29.5,6.84
11421,249,5.87,4,574.3,60.25,24.15,23.819999999999997,3.1999999999999997
11422,467,10.700000000000001,5,895.8199999999999,93.08,35.97,37.63,7.92
11423,386,12.079999999999998,5,797.6,71.95,46.55,34.06,4.02
11424,692,11.73,6,1369.6599999999999,165.72,59.769999999999996,51.07,9.51
11425,614,10.81,4,857.2,112.97,42.34,23.76,4.76
11426,566,18.96,8,1206.1399999999999,85.07,75.01,60.72,10.07
11427,757,14.83,6,1244.87,128.57999999999998,64.91,50.92,7.27
11428,319,9.24,5,586.85,63.050000000000004,31.44,21.6,3.37
11429,386,9.06,6,783.94,64.75,42.879999999999995,38.02,6.44
1143,604,11.4,10,1085.21,108.94,57.74,45.230000000000004,10.25
11430,457,10.17,5,644.8499999999999,74.88,33.89,20.98,3.4
11431,492,12.0,6,965.65,101.0,45.79,37.56,4.48
11432,355,9.040000000000001,5,863.0,76.24000000000001,42.55,39.82,5.86
11433,422,6.03,6,721.81,94.86,35.75,20.88,3.4299999999999997
11434,373,12.87,4,850.1999999999999,49.45,56.28,47.85,8.14
11435,432,9.18,8,830.64,95.83,37.64,30.56,6.52
11436,509,10.87,6,784.66,95.12,34.66,29.68,6.8
11437,607,10.21,5,1239.6399999999999,126.55,63.129999999999995,52.949999999999996,11.49
11438,426,9.180000000000001,5,827.1800000000001,93.25999999999999,43.550000000000004,30.59,7.970000000000001
11439,498,4.55,4,730.93,106.39999999999999,31.689999999999998,18.69,4.09
1144,427,7.68,3,357.87,54.25,14.969999999999999,8.91,7.1499999999999995
11440,233,5.91,5,478.71,35.68,30.240000000000002,23.7,3.6799999999999997
11441,562,8.89,5,982.25,119.48,41.58,35.61,4.5
11442,401,6.23,4,673.55,78.00999999999999,34.94,22.89,3.21
11443,558,10.57,5,838.4300000000001,103.67999999999999,36.16,30.22,5.48
11444,610,16.31,6,1017.28,80.34,63.230000000000004,45.95,6.840000000000001
114448,63,1.39,1,28.35,6.3,0.95,0.13,1.45
114449,445,13.89,5,867.65,59.17,64.27,42.38,7.91
11445,298,3.77,4,548.4,70.93,21.43,19.88,6.08
114450,496,8.27,5,627.3000000000001,94.32,21.65,20.67,10.63
114451,480,12.120000000000001,10,778.05,75.81,42.44,33.51,7.9
114452,465,12.1,7,795.45,69.02000000000001,53.92,32.1,6.38
114453,609,12.299999999999999,7,916.0799999999999,112.09,41.730000000000004,34.29,9.63
114454,353,5.97,5,570.53,70.52000000000001,24.77,21.380000000000003,6.08
114455,549,9.91,8,729.7,95.09,34.33,25.04,8.87
114456,788,19.32,9,1401.6,140.13,89.53999999999999,51.16,8.69
114457,367,8.940000000000001,6,510.1,58.39,30.369999999999997,16.64,6.49
114458,396,8.98,5,549.75,56.940000000000005,38.73,16.75,4.22
114459,657,9.91,6,770.35,117.92,32.199999999999996,17.46,10.39
11446,790,15.790000000000001,7,1386.1200000000001,189.69,63.15,41.64,12.6
114460,615,13.94,6,1062.89,106.85,56.37,44.010000000000005,7.5
114461,432,10.4,8,676.99,73.75,32.83,28.23,7.45
114462,502,12.83,7,691.7,75.32,36.21,26.060000000000002,8.760000000000002
11447,506,11.02,5,1120.39,103.33999999999999,54.6,49.43,7.55
11448,540,14.37,8,1141.29,97.34,60.42,52.39,7.04
11449,460,12.95,9,745.62,84.24,46.07,23.91,5.16
1145,278,7.37,3,493.6,32.8,27.72,28.98,7.92
11450,597,19.310000000000002,4,1200.7400000000002,81.7,85.34,57.410000000000004,2.6100000000000003
11451,613,15.23,5,1144.28,111.58,60.78,46.68,2.67
11452,465,8.89,5,920.38,100.16,38.11,37.44,3.48
11453,549,9.39,4,1057.39,114.05000000000001,49.98,44.88,9.59
11454,338,8.17,6,605.62,60.68000000000001,32.77,24.11,3.74
11455,342,5.35,5,636.44,70.80000000000001,30.86,24.64,5.16
11456,250,6.32,7,405.3,41.43,29.11,13.5,2.44
11457,292,6.7,7,611.53,65.89,27.66,24.53,3.42
11458,438,8.88,7,686.12,72.76,33.339999999999996,29.2,8.46
11459,407,9.29,5,712.38,69.23,38.32,30.75,4.4399999999999995
1146,628,8.23,4,814.46,122.71,35.94,19.81,7.390000000000001
11460,492,8.21,5,920.36,118.0,37.54,32.03,8.18
11461,739,15.370000000000001,7,1245.79,128.53,64.67,50.84,11.12
11462,976,25.07,6,1927.68,216.75,90.88,75.91,13.09
11463,593,16.62,4,922.46,88.63,59.27,36.35,2.7199999999999998
11464,588,10.780000000000001,6,962.12,113.96000000000001,47.22,33.04,6.71
11465,395,6.64,6,614.9100000000001,80.51,28.39,19.37,4.14
11466,492,14.84,5,860.0,81.23,60.529999999999994,31.26,4.08
11467,307,8.81,6,460.29,37.4,22.46,23.67,4.85
11468,383,6.8100000000000005,4,789.3,82.97999999999999,38.85,31.86,6.09
11469,208,5.4,4,374.23,33.6,20.64,16.790000000000003,2.38
1147,357,6.6000000000000005,4,557.4,70.63,32.51,16.44,7.9
11470,383,12.56,7,824.84,59.769999999999996,51.9,40.52,5.47
11471,188,4.33,4,320.42,27.740000000000002,22.09,13.5,2.13
11472,189,9.83,1,472.5,9.45,37.8,28.35,0.0
11473,458,8.39,3,793.4000000000001,120.80000000000001,30.14,19.06,4.8100000000000005
11474,436,9.5,7,805.75,80.78,41.03,34.269999999999996,7.48
11475,391,8.97,7,675.45,66.65,36.65,27.74,4.859999999999999
11476,421,13.469999999999999,7,744.85,69.53,40.15,34.25,8.06
11477,425,7.76,7,866.9,88.99000000000001,44.36,37.050000000000004,8.29
11478,569,13.66,7,1194.1000000000001,110.64,59.74,57.96,14.09
11479,362,9.45,7,720.1500000000001,64.82,41.379999999999995,33.42,7.91
1148,329,5.48,4,365.92,54.89,16.77,8.860000000000001,5.9
11480,217,6.99,4,400.95,26.340000000000003,27.86,20.3,5.05
11481,736,25.689999999999998,4,1470.3,87.7,95.88,81.96,20.18
11482,761,13.690000000000001,5,1516.9,176.22,60.39,62.68000000000001,15.02
11483,173,4.79,3,210.5,18.41,13.74,8.53,5.06
11484,457,6.470000000000001,4,718.05,104.30000000000001,22.32,25.060000000000002,10.770000000000001
11485,547,13.790000000000001,7,934.05,100.81,42.93,38.95,10.84
11486,440,7.42,5,758.65,88.76,29.92,31.82,10.290000000000001
11487,584,12.4,6,973.4,109.56,42.14,38.68,8.84
11488,741,15.5,7,1439.7,148.37,68.08,63.81,14.96
11489,446,8.89,5,707.1,95.89,31.509999999999998,22.46,9.71
1149,577,11.29,5,1047.3,108.66,53.34,43.57,10.68
11490,445,8.61,4,777.3,101.12,34.67,26.86,10.3
11491,421,7.89,7,764.85,91.99,37.37,27.75,7.82
11492,481,10.049999999999999,5,894.9,95.35,46.71,34.56,7.58
11493,732,12.64,7,994.0500000000001,139.68,48.42999999999999,25.41,6.45
11494,886,33.77,4,1863.4,149.91,85.61999999999999,101.89,19.01
11495,501,9.32,5,991.5999999999999,107.44999999999999,47.69,40.440000000000005,8.969999999999999
11496,270,6.1,4,391.9,48.849999999999994,17.91,15.12,7.56
11497,509,7.43,4,895.9,121.55,35.82,30.66,9.93
11498,389,6.23,5,503.1,71.05,23.43,13.41,3.9899999999999998
11499,496,9.010000000000002,5,1007.1999999999999,112.18,46.18,41.9,11.91
1150,321,5.51,3,562.9,53.870000000000005,25.360000000000003,26.389999999999997,5.31
11500,346,7.61,5,600.5999999999999,65.91,31.040000000000003,23.279999999999998,7.5
11501,887,22.49,7,1964.9,167.34,108.74,93.84,19.96
11502,555,9.4,4,906.8,125.25999999999999,41.370000000000005,24.53,6.46
11503,853,13.42,7,1351.6,166.82999999999998,64.69,47.0,13.74
11504,486,7.04,3,747.1,106.36999999999999,34.42,18.96,7.48
11505,564,21.5,6,1243.4,48.629999999999995,92.0,73.47,10.94
11506,439,6.3,3,799.5,106.41,26.78,31.91,12.809999999999999
11507,612,11.629999999999999,5,1122.75,130.38,49.31,42.24999999999999,7.1
11508,319,6.64,9,555.0,56.96,28.84,23.2,5.37
11509,581,11.43,7,1131.6,118.13,51.99,49.93,13.56
1151,611,8.370000000000001,5,1068.98,122.39,60.93,34.38,5.09
11510,340,5.84,5,505.90000000000003,57.63,25.47,19.499999999999996,6.45
11511,487,9.85,5,732.55,81.66999999999999,43.39,24.44,5.63
11512,279,6.19,7,514.95,47.900000000000006,24.98,24.42,5.38
11513,662,10.66,6,874.0,119.16,40.06999999999999,25.82,9.190000000000001
11514,466,7.72,3,694.0999999999999,105.66,25.11,21.32,10.21
11515,562,5.8100000000000005,4,996.0,140.35,33.86,33.05,10.120000000000001
11516,550,10.12,7,780.45,101.73,34.74,25.93,8.76
11517,678,12.54,8,1151.3,131.43,53.11,46.13,13.79
11518,721,11.02,5,907.5,144.37,29.0,22.830000000000002,8.290000000000001
11519,626,11.709999999999999,5,1116.4,121.31,54.93,42.85,8.72
1152,759,13.02,6,1298.4,145.79000000000002,71.92,46.269999999999996,13.540000000000001
11520,751,10.08,4,1320.9,162.29000000000002,51.94,48.370000000000005,9.17
11521,541,10.57,5,824.5,117.06,31.11,24.419999999999998,7.39
11522,320,5.17,6,521.5,67.7,20.13,19.71,8.22
11523,396,6.75,4,641.1,88.06,27.19,20.81,8.879999999999999
11524,401,7.15,5,633.8499999999999,77.23,25.13,24.71,8.05
11525,862,13.64,7,1222.45,168.01,52.0,38.13,15.34
11526,600,13.11,9,961.65,105.74,53.39,37.23,12.32
11527,515,11.9,6,901.0999999999999,108.09,39.75,33.21,7.31
11528,581,11.07,4,1201.9,128.66,57.35,48.55,9.25
11529,1106,24.87,5,1843.1,212.18,91.05,66.28999999999999,16.45
1153,444,12.540000000000001,6,751.81,38.93,50.66,44.7,9.16
11530,482,9.81,6,912.85,89.72,48.9,39.96,9.71
11531,532,9.5,6,842.0999999999999,112.16999999999999,35.92,27.75,10.25
11532,349,6.6,4,605.1,64.67,29.97,22.919999999999998,3.2600000000000002
11533,454,9.83,5,908.8,100.9,44.5,37.31,12.08
11534,405,10.45,5,604.45,68.25999999999999,38.43,19.99,5.86
11535,648,10.59,6,846.5,111.79,41.18,25.130000000000003,8.1
11536,43,0.7,2,30.7,5.4399999999999995,1.1600000000000001,0.63,0.9099999999999999
11537,748,17.93,11,1336.5,115.83,73.7,63.61,15.55
11538,576,14.03,5,1203.0,117.4,59.01,54.47,12.63
11539,424,14.56,6,764.3,72.93,41.42,34.42,7.02
1154,463,7.88,5,958.6999999999999,95.30000000000001,55.65,36.21,6.61
11540,398,6.97,8,689.75,79.23,31.68,27.15,8.04
11541,496,8.82,5,887.75,94.87,49.67,33.57,6.71
11542,848,11.889999999999999,5,1555.3,186.11,73.28,56.58,14.05
11543,459,6.62,9,654.35,100.95,25.46,15.8,4.97
11544,446,3.63,3,540.6,99.8,17.87,5.83,2.0100000000000002
11545,555,11.12,7,824.45,107.08,44.67,22.64,5.03
11546,430,9.36,5,623.2,79.05,27.080000000000002,20.259999999999998,4.55
11547,405,10.96,7,695.0999999999999,65.50999999999999,36.96,30.860000000000003,6.09
11548,411,9.54,6,573.3,61.32,33.93,21.73,6.489999999999999
11549,487,8.33,5,728.55,76.1,40.54,28.189999999999998,5.09
1155,672,10.360000000000001,6,1280.97,129.64,69.05,50.46,7.09
11550,400,12.81,7,734.85,62.69,40.16,36.160000000000004,7.68
11551,397,11.83,7,843.9,63.72,53.54,40.83,7.86
11552,550,8.79,4,742.65,95.84,39.980000000000004,20.53,5.33
11553,573,15.04,8,1013.5,102.49000000000001,51.5,41.98,6.79
11554,457,9.95,5,690.2,77.57,38.24,25.46,7.7
11555,440,9.79,5,956.1,79.17,56.73,44.86,7.25
11556,401,8.79,9,679.05,73.48,37.31,26.48,6.9
11557,672,9.59,5,1193.55,153.69,47.32,44.17,14.24
11558,715,10.95,3,1082.0,171.12,35.97,29.53,14.69
11559,349,9.549999999999999,8,532.65,48.41,33.77,21.47,5.78
1156,500,8.18,7,979.0,101.89,50.03,38.2,7.29
11560,426,9.46,6,666.65,69.71000000000001,40.18,23.33,3.71
11561,498,12.31,7,972.05,78.9,52.06,49.71,11.37
11562,497,8.55,8,701.05,85.39,31.54,24.72,7.13
11563,515,10.370000000000001,5,808.9,106.55000000000001,41.16,24.85,9.3
11564,462,9.93,8,751.3,81.36,39.5,29.33,8.48
11565,526,11.4,5,707.5,98.66,38.83,17.17,5.35
11566,590,8.86,4,1002.7,118.81,43.56,36.66,7.779999999999999
11567,764,11.530000000000001,5,986.25,124.92999999999999,51.71,30.1,6.76
11568,670,10.96,5,891.15,123.10000000000001,44.34,21.66,4.14
11569,176,3.26,3,461.9,38.45,23.54,23.74,4.62
1157,491,9.27,7,902.0699999999999,93.68,53.29,34.11,7.69
11570,302,8.64,4,718.3,52.32,41.03,38.42,9.790000000000001
11571,513,10.73,5,1082.5,108.22,52.28,48.83,12.46
11572,325,8.88,7,607.45,57.82,27.740000000000002,28.41,5.54
11573,666,15.48,5,1129.3,132.19,55.34,40.57,10.03
11574,333,7.4,4,454.0,47.94,24.840000000000003,16.37,4.12
11575,552,11.36,7,948.55,115.35999999999999,37.96,35.94,8.58
11576,557,8.18,4,1071.0,122.62,41.78,45.68,11.56
11577,344,4.0,3,414.6,72.53,10.899999999999999,9.16,5.76
11578,499,10.649999999999999,4,665.5,96.16,36.16,14.5,5.8
11579,342,5.64,4,669.0,77.19,29.64,26.36,7.880000000000001
1158,416,10.02,6,973.69,66.33,65.52,46.9,5.38
11580,329,7.33,5,502.85,52.17,26.32,19.950000000000003,4.16
11581,442,8.110000000000001,4,853.5,87.17,44.209999999999994,36.49,7.62
11582,630,12.5,5,932.75,115.02,47.74,31.48,9.44
11583,455,10.01,6,637.2,79.80000000000001,28.05,20.82,3.53
11584,408,8.209999999999999,6,602.5999999999999,75.78999999999999,26.04,21.47,7.859999999999999
11585,258,3.25,4,422.05,59.14,17.18,12.959999999999999,3.91
11586,417,9.43,6,645.8000000000001,70.11,27.23,28.259999999999998,7.05
11587,445,8.87,5,806.8,73.55000000000001,44.84,35.089999999999996,5.35
11588,568,8.34,5,930.5999999999999,115.55000000000001,36.49,36.49,11.78
11589,618,17.46,6,1047.0,103.08000000000001,58.69,45.08,9.95
1159,427,7.119999999999999,4,948.8,82.00999999999999,53.089999999999996,41.88999999999999,6.5
11590,674,12.26,6,1086.25,129.06,48.410000000000004,40.04,9.42
11591,384,8.22,7,486.5,57.59,24.8,19.23,8.64
11592,520,11.02,7,1039.1,105.47,46.28,49.709999999999994,16.71
11593,304,7.38,10,520.1,51.52,30.880000000000003,20.17,3.93
11594,610,12.200000000000001,5,816.8,101.19,40.02,25.43,3.25
11595,610,10.85,6,990.3,132.7,45.65,31.58,9.51
11596,323,9.73,5,591.2,43.239999999999995,36.7,31.619999999999997,8.13
11597,424,10.860000000000001,4,792.4,87.17,35.160000000000004,34.64,10.2
11598,717,7.66,6,912.65,154.57,30.03,18.0,6.68
11599,271,9.01,5,550.1500000000001,31.71,33.36,31.7,5.06
1160,491,8.28,7,758.9599999999999,87.62,38.03,28.11,5.39
11600,525,12.49,8,932.1,87.5,48.94,42.24,10.39
11601,505,9.48,4,741.35,97.64,33.45,22.85,5.17
11602,497,13.99,4,860.4,73.27,56.47,37.75,7.26
11603,618,9.53,6,1040.05,126.97,47.34,36.589999999999996,8.05
11604,357,8.62,5,618.45,59.099999999999994,37.44,24.959999999999997,3.46
11605,815,18.62,7,1669.3,179.95999999999998,81.44,66.54,12.43
11606,581,8.530000000000001,5,790.8,118.94,37.849999999999994,17.5,4.25
11607,434,9.33,7,732.45,68.39,40.67,31.090000000000003,5.42
11608,443,5.18,3,867.1,112.96000000000001,30.869999999999997,33.3,10.8
11609,592,13.33,9,770.8499999999999,95.95,41.4,23.34,5.5200000000000005
1161,389,7.4799999999999995,7,738.9300000000001,78.03999999999999,45.92,27.599999999999998,6.87
11610,347,7.24,6,417.2,53.629999999999995,20.07,12.61,4.6
11611,413,10.77,5,665.5,79.92999999999999,29.17,24.69,7.19
11612,469,6.3999999999999995,3,621.1,106.27,17.259999999999998,15.47,10.14
11613,401,9.100000000000001,5,688.9,75.64,43.71,23.02,4.32
11614,335,9.55,5,691.5,45.71,47.2,34.14,3.98
11615,518,9.76,7,691.9,88.47,33.42,22.77,8.2
11616,264,8.86,4,652.1,49.93,34.95,34.07,5.75
11617,626,8.11,5,858.8,126.75999999999999,32.28,23.38,8.02
11618,328,9.08,5,354.20000000000005,23.85,24.900000000000002,16.55,2.23
11619,365,9.07,6,590.4,59.92,33.81,23.240000000000002,5.37
1162,408,8.66,6,799.3,88.96,50.550000000000004,28.130000000000003,8.94
11620,304,7.359999999999999,5,521.95,51.160000000000004,30.490000000000002,19.81,3.13
11621,604,13.6,10,1064.15,103.47,54.21,47.44,11.77
11622,321,8.33,5,779.1,57.45,47.67,38.63,5.9
11623,446,5.58,3,677.5,106.10000000000001,28.409999999999997,14.44,5.569999999999999
11624,774,17.44,6,1449.65,121.41,80.12,70.02,14.62
11625,550,13.79,6,828.4,95.11000000000001,47.37,29.35,9.83
11626,429,8.26,6,548.5,63.89,28.05,18.91,4.890000000000001
11627,439,10.5,9,743.2,76.63,41.53,30.04,7.8500000000000005
11628,292,6.640000000000001,3,167.65,8.89,15.11,7.5600000000000005,2.43
11629,536,5.3500000000000005,3,1022.7,139.92,35.62,35.9,11.17
1163,479,6.7,6,744.0,103.33,28.27,23.349999999999998,8.63
11630,399,10.54,7,868.0,78.55,50.42,39.67,9.75
11631,500,8.88,5,696.8,86.6,34.26,22.52,5.34
11632,1152,28.58,6,1942.15,223.27,89.26,73.27,13.17
11633,287,7.38,5,347.2,40.15,22.76,10.05,2.39
11634,251,3.6799999999999997,4,439.95000000000005,49.59,18.01,18.619999999999997,4.83
11635,293,4.01,4,350.65,56.28,14.93,7.01,3.65
11636,378,8.98,5,489.4,53.019999999999996,33.65,15.54,4.0600000000000005
11637,586,11.709999999999999,5,835.0,96.05,40.96,32.03,9.62
11638,384,9.36,5,650.55,59.29,40.75,26.62,6.39
11639,509,9.19,5,899.1,92.75,43.25,39.46,10.15
1164,340,8.399999999999999,5,596.15,36.31,37.9,33.3,4.84
11640,571,8.77,7,904.6,109.55,36.51,34.339999999999996,8.93
11641,459,12.86,5,939.4,74.34,54.34,45.57,11.26
11642,122,7.44,1,146.4,3.66,21.96,6.1,0.0
11643,354,11.02,6,477.75,46.57,24.67,20.990000000000002,5.42
11644,306,7.05,6,524.15,54.54,26.549999999999997,22.28,5.71
11645,468,12.73,5,907.7,90.72999999999999,49.71,38.5,10.82
11646,421,9.0,7,732.25,77.57000000000001,36.57,28.689999999999998,5.359999999999999
11647,466,7.92,4,699.55,83.33,33.43,24.130000000000003,6.18
11648,610,10.52,6,860.95,116.0,34.36,30.35,12.69
11649,333,10.82,4,626.3,44.32,31.18,35.57,7.4
1165,365,7.19,9,646.87,71.17999999999999,33.81,26.240000000000002,6.21
11650,459,10.81,5,539.95,59.550000000000004,29.32,18.15,4.6899999999999995
11651,384,6.13,8,575.3,78.53,24.25,17.189999999999998,5.4399999999999995
11652,484,10.139999999999999,5,493.4,75.82,25.92,8.530000000000001,3.79
11653,474,8.39,5,811.35,88.32,37.76,32.64,7.39
11654,398,9.01,12,587.4,57.0,31.18,26.18,8.15
11655,661,12.76,6,1041.6,120.32000000000001,54.81,37.24,8.86
11656,341,8.040000000000001,7,578.3,59.879999999999995,31.37,23.29,5.83
11657,548,9.48,4,560.4,82.35000000000001,25.93,12.66,4.7700000000000005
11658,415,6.64,8,546.35,85.99000000000001,24.32,10.74,3.48
11659,466,5.86,3,527.2,87.87,18.990000000000002,8.35,2.46
1166,297,9.94,4,667.0,30.400000000000002,44.71,41.89,7.380000000000001
11660,322,4.48,4,489.25,64.32,17.52,19.39,7.99
11661,501,8.379999999999999,6,592.75,79.17999999999999,24.939999999999998,18.09,7.49
11662,738,9.32,5,1176.4,152.07,49.74,39.489999999999995,10.33
11663,503,10.200000000000001,6,737.1,84.09,36.24,28.1,8.68
11664,376,9.19,8,812.0,73.00999999999999,44.5,37.76,8.89
11665,624,10.1,6,1014.6500000000001,122.59,43.37,37.92,10.44
11666,534,9.05,4,925.6,100.3,42.11,37.27,7.9399999999999995
11667,206,8.42,3,403.0,27.990000000000002,29.42,21.450000000000003,6.65
11668,155,11.84,1,387.5,7.75,23.25,27.9,1.55
11669,297,9.02,4,450.38,48.41,23.19,17.5,2.39
1167,577,12.16,5,1055.6,121.28999999999999,58.64,39.910000000000004,8.959999999999999
11670,840,16.73,7,1574.98,153.82999999999998,83.8,68.47,14.2
11671,479,11.620000000000001,5,869.7,83.86,50.0,35.449999999999996,7.4
11672,372,5.32,4,453.69,65.08,20.14,11.239999999999998,2.52
11673,610,10.31,5,1214.8000000000002,134.91,57.94,47.26,12.66
11674,457,11.469999999999999,6,873.38,85.14,40.93,40.16,7.970000000000001
11675,720,13.58,5,809.25,116.08,36.28,19.75,8.4
11676,923,16.169999999999998,6,1339.85,189.55,60.86,32.739999999999995,11.86
11677,615,10.13,7,794.5,118.05000000000001,28.990000000000002,21.36,9.05
11678,599,10.92,6,917.85,116.39,44.75,29.09,8.209999999999999
11679,433,13.67,7,838.94,72.84,45.98,39.27,9.64
1168,613,10.59,5,942.4,133.15,43.42,25.99,11.74
11680,969,11.52,5,1597.6999999999998,219.77,55.43,55.489999999999995,17.77
11681,383,7.54,4,557.15,74.34,26.36,15.600000000000001,3.87
11682,617,12.02,8,1161.07,119.78,58.65,48.39,12.530000000000001
11683,478,8.09,6,760.98,91.59,35.1,28.099999999999998,7.840000000000001
11684,544,6.03,4,990.6500000000001,134.09,37.26,33.4,9.92
11685,543,7.99,8,895.5,120.26,35.73,28.529999999999998,9.27
11686,470,10.54,4,751.9,94.33,36.05,23.11,7.73
11687,478,8.07,5,671.0,80.28,33.11,21.56,2.9299999999999997
11688,441,7.53,5,680.22,86.8,29.67,21.48,8.08
11689,476,7.62,4,1020.2,113.9,41.089999999999996,44.75,13.51
1169,438,6.26,5,584.3299999999999,81.44,31.71,14.320000000000002,6.73
11690,320,7.93,4,608.28,55.7,37.019999999999996,25.22,4.61
11691,502,13.26,8,1025.1,81.64,55.04,51.910000000000004,10.73
11692,534,8.53,4,775.0,114.86,31.29,18.330000000000002,7.37
11693,714,7.970000000000001,7,972.6600000000001,150.37,35.93,22.98,6.77
11694,383,9.370000000000001,6,802.86,73.38,45.61,35.22,7.09
11695,299,7.9799999999999995,5,641.45,46.29,37.42,31.709999999999997,4.79
11696,589,9.76,4,824.5999999999999,103.6,43.379999999999995,25.290000000000003,8.39
11697,560,13.54,7,877.15,80.59,46.230000000000004,41.02,10.3
11698,680,12.35,4,1342.6,161.57999999999998,55.31,51.129999999999995,11.530000000000001
11699,606,8.379999999999999,6,931.0799999999999,120.24,37.64,32.3,8.82
1170,681,13.17,6,1070.24,108.47999999999999,56.73,46.33,11.13
11700,295,10.239999999999998,6,649.24,32.28,45.58,36.27,4.9
11701,391,10.319999999999999,7,690.31,49.230000000000004,46.18,33.3,5.4
11702,534,8.389999999999999,5,931.8,115.94,36.96,33.51,10.81
11703,403,10.26,8,816.73,69.23,46.43,38.11,7.380000000000001
11704,398,6.970000000000001,5,532.26,59.519999999999996,26.43,19.65,3.94
11705,544,9.76,7,970.5799999999999,100.44999999999999,46.72,40.96,8.08
11706,526,8.08,6,885.8,109.26,39.7,29.38,7.91
11707,515,14.63,8,948.11,87.82,46.96,43.12,9.32
11708,607,14.17,5,968.4,116.44,45.5,32.54,5.24
11709,515,11.87,8,987.0,91.6,52.23,44.05,10.11
1171,343,7.29,6,620.2,66.55,32.95,25.259999999999998,7.53
11710,355,5.93,3,492.55,66.07,22.529999999999998,12.780000000000001,1.47
11711,457,15.19,7,766.35,48.089999999999996,45.81,41.4,5.59
11712,452,9.41,4,571.81,77.22,22.19,17.47,3.75
11713,428,9.93,5,688.75,80.75,29.119999999999997,25.54,5.64
11714,403,8.59,4,553.5999999999999,60.43,29.29,21.4,8.209999999999999
11715,332,6.7,5,651.84,61.32,37.89,27.849999999999998,5.2
11716,386,8.530000000000001,3,692.9000000000001,82.27000000000001,29.95,23.33,4.0
11717,319,6.51,4,406.76,44.34,22.96,14.649999999999999,5.13
11718,418,9.64,5,576.25,69.17,23.9,22.549999999999997,6.94
11719,530,9.42,4,926.6199999999999,112.01,47.81,29.849999999999998,5.91
1172,360,9.06,4,555.16,42.58,37.15,28.080000000000002,6.4
11720,167,0.37,1,217.1,47.09,4.51,0.5,0.67
11721,720,19.91,12,1277.59,115.23,66.85,58.79,9.48
11722,472,7.4,6,632.0999999999999,80.84,34.07,17.78,4.07
11723,554,10.95,5,893.45,93.55,48.53,33.86,5.79
11724,315,7.1899999999999995,4,475.5,47.64,25.23,17.02,2.98
11725,272,8.42,5,515.8,35.480000000000004,32.83,23.369999999999997,2.31
11726,636,12.84,8,1006.88,121.88,45.660000000000004,33.99,4.82
11727,373,8.540000000000001,5,634.6,70.66,30.389999999999997,22.46,4.32
11728,651,10.37,5,1255.88,148.32999999999998,54.25,50.89,16.13
11729,545,9.52,7,834.75,100.18,37.7,27.869999999999997,6.43
1173,340,8.41,7,792.53,58.1,50.120000000000005,39.64,6.36
11730,430,9.370000000000001,4,758.65,80.51,42.800000000000004,27.78,5.32
11731,432,9.059999999999999,3,592.35,83.39,21.79,17.87,4.13
11732,810,17.96,5,1301.44,133.57000000000002,66.02,53.62,10.84
11733,311,7.38,4,503.45,43.730000000000004,33.85,20.48,3.77
11734,358,8.01,6,598.8,51.75,31.3,27.92,4.86
11735,526,7.62,4,930.4000000000001,105.97999999999999,43.95,35.33,7.209999999999999
11736,560,13.04,5,865.95,75.51,48.38,38.24,7.33
11737,359,6.32,4,544.25,67.25,28.48,16.89,5.79
11738,351,9.9,6,525.8,49.89,26.64,24.18,6.17
11739,907,32.83,10,1953.41,71.60000000000001,130.84,132.97,8.69
1174,443,10.68,7,901.6,87.46000000000001,52.54,40.11,9.040000000000001
11740,888,17.12,8,1292.46,156.88,65.56,43.75,7.41
11741,655,16.64,7,976.98,95.66999999999999,57.32,41.519999999999996,8.93
11742,24,1.5,2,37.2,1.6,4.08,1.72,0.12
11743,471,13.280000000000001,7,506.11,67.97,39.28,8.47,4.12
11744,499,7.72,6,489.61,81.19,21.5,8.54,6.05
11745,350,7.36,4,435.15,66.5,20.68,8.73,3.4
11746,390,7.93,7,491.49,56.0,34.199999999999996,14.42,3.28
11747,963,13.48,1,1377.09,9.63,125.19,96.3,0.0
11748,598,11.35,6,797.35,109.63,41.41,20.009999999999998,6.73
11749,570,15.35,9,785.95,61.54,59.41,34.58,5.5
1175,701,15.61,4,1264.86,105.58000000000001,96.93,48.830000000000005,15.18
11750,482,7.13,5,619.19,64.25,40.43,22.439999999999998,2.5
11751,394,6.64,4,569.95,69.59,26.05,19.65,3.69
11752,658,11.370000000000001,5,1020.6,103.45,58.910000000000004,38.839999999999996,2.96
11753,699,11.3,6,962.12,128.48,43.900000000000006,30.86,4.83
11754,404,15.23,8,539.98,35.28,57.36,18.08,2.22
11755,560,10.58,7,780.04,95.17,39.27,25.69,5.64
11756,549,8.83,4,695.7,112.75,29.0,14.200000000000001,7.97
11757,623,13.59,7,817.6,85.87,54.660000000000004,28.009999999999998,5.04
11758,688,14.379999999999999,6,686.84,101.96,36.76,14.24,8.1
11759,518,12.030000000000001,5,744.08,68.2,47.53,29.61,3.79
1176,597,14.66,4,833.08,94.83,51.519999999999996,31.43,17.42
11760,489,8.95,5,535.5600000000001,78.16,23.08,14.49,6.05
11761,659,21.849999999999998,4,1057.1,61.01,67.46000000000001,59.459999999999994,12.51
11762,472,10.39,5,674.0,65.43,39.67,26.39,2.84
11763,422,11.25,8,573.76,43.08,39.4,25.45,4.05
11764,634,10.07,4,694.9399999999999,125.11,36.72,3.2199999999999998,3.61
11765,461,7.61,3,616.56,97.52,31.560000000000002,9.3,2.19
11766,729,11.18,4,1084.65,139.69,49.5,35.46,5.85
11767,662,14.05,7,744.05,99.75999999999999,40.879999999999995,19.509999999999998,6.109999999999999
11768,1117,20.55,6,1741.3,212.0,85.33,61.3,10.9
11769,504,12.16,5,715.85,88.37,40.769999999999996,21.26,5.43
1177,588,8.709999999999999,5,894.1,130.19,34.51,25.25,11.620000000000001
11770,385,8.73,5,577.14,54.82000000000001,36.050000000000004,22.16,2.2
11771,409,6.64,4,559.3,76.72,23.11,18.0,4.1
11772,285,7.11,7,254.86,31.080000000000002,17.61,7.21,4.27
11773,594,9.74,6,520.5799999999999,85.51,24.19,9.22,7.04
11774,369,7.26,5,492.40999999999997,49.199999999999996,30.92,18.13,2.5
11775,632,14.49,5,984.24,115.94,51.62,32.18,6.75
11776,472,8.64,5,592.74,62.19,41.019999999999996,20.48,3.9899999999999998
11777,463,11.49,7,711.53,34.61,52.62,40.92,3.33
11778,273,11.26,4,478.39,14.06,37.86,27.41,2.91
11779,716,13.91,6,821.0,118.31,56.01,12.65,3.0300000000000002
1178,358,9.98,5,727.4,60.86,41.620000000000005,36.57,8.97
11780,488,7.13,3,698.1500000000001,58.25,44.85,31.23,1.6600000000000001
11781,364,7.58,6,413.08,53.07000000000001,26.259999999999998,10.22,3.88
11782,654,13.93,6,899.9100000000001,93.69999999999999,55.07,31.87,4.79
11783,577,12.65,6,738.3,111.63999999999999,35.74,16.580000000000002,8.62
11784,311,6.59,7,403.59,51.480000000000004,19.96,14.43,5.3100000000000005
11785,250,3.9099999999999997,4,333.33,24.71,24.29,15.46,1.08
11786,564,16.779999999999998,6,781.07,49.39,66.41,36.14,3.18
11787,364,9.9,4,517.13,45.71,26.520000000000003,29.110000000000003,8.32
11788,504,10.65,6,778.11,56.92,50.54,39.65,3.0500000000000003
11789,469,9.89,7,666.51,55.400000000000006,48.05,27.96,2.67
1179,371,8.77,5,723.3,72.41999999999999,41.980000000000004,31.45,7.82
11790,388,9.55,5,570.84,65.24,29.88,22.580000000000002,5.03
11791,428,11.100000000000001,6,518.04,57.85,31.58,17.45,7.1
11792,458,11.38,8,596.5699999999999,75.09,35.83,17.09,5.86
11793,566,11.82,6,877.32,67.97,60.65,38.72,1.9500000000000002
11794,632,12.75,6,853.4,105.41999999999999,41.88,28.26,6.61
11795,544,15.91,6,702.44,68.22,57.43,20.54,3.34
11796,392,12.08,5,446.6,51.36,29.67,14.810000000000002,6.3
11797,376,6.3100000000000005,4,503.90999999999997,61.84,29.53,15.51,2.4699999999999998
11798,454,8.110000000000001,4,641.7,92.87,30.25,15.87,3.89
11799,553,8.68,4,661.24,80.22,35.050000000000004,21.18,4.5200000000000005
1180,348,6.74,5,423.31,50.15,22.89,15.620000000000001,5.74
11800,915,11.280000000000001,6,1300.9,161.54,60.78,42.99,5.890000000000001
11801,434,10.68,3,629.5,90.1,33.59,14.4,3.92
11802,425,9.85,6,613.3499999999999,56.58,35.29,27.25,3.23
11803,635,13.61,7,812.52,104.41,44.75,23.39,4.7
11804,718,13.14,6,866.96,109.22999999999999,47.17,26.41,5.04
11805,369,7.49,5,527.15,44.59,34.44,23.71,1.98
11806,449,10.57,7,532.6500000000001,57.48,32.87,17.79,5.73
11807,416,9.62,8,398.18,52.65,19.59,12.709999999999999,9.16
11808,473,8.659999999999998,4,499.39,84.45,29.279999999999998,3.65,3.49
11809,644,10.01,5,727.0,100.61000000000001,38.1,18.43,6.290000000000001
1181,363,6.31,6,535.59,72.31,27.07,16.52,5.56
11810,279,8.27,8,365.28999999999996,37.95,27.47,11.87,2.57
11811,412,14.03,7,601.28,47.290000000000006,43.56,26.46,3.68
11812,269,7.58,9,355.47,36.53,27.6,11.34,2.04
11813,480,12.790000000000001,6,739.37,71.14,42.54,28.490000000000002,4.31
11814,261,11.469999999999999,3,599.0,14.44,47.6,38.7,0.92
11815,539,9.799999999999999,5,757.46,90.48,41.35,25.83,3.36
11816,383,6.05,5,551.38,55.37,33.34,20.9,1.4500000000000002
11817,542,8.27,6,704.4200000000001,82.27,37.92,24.35,4.3
11818,428,9.24,5,578.3399999999999,63.949999999999996,29.3,21.14,3.75
11819,500,8.69,7,725.14,66.88,44.37,32.16,2.7
1182,296,4.86,4,612.5,62.28,32.5,24.669999999999998,5.86
11820,441,15.120000000000001,5,612.13,50.78,52.2,20.72,1.79
11821,397,7.29,5,427.33000000000004,60.41,19.490000000000002,11.98,5.32
11822,380,11.7,6,436.1,44.019999999999996,39.24,9.88,2.02
11823,617,22.349999999999998,4,1156.38,50.39,85.03999999999999,71.41,8.290000000000001
11824,301,6.51,6,425.3,46.150000000000006,19.75,17.580000000000002,3.81
11825,341,7.9399999999999995,5,496.18,46.38,35.84,17.4,1.5
11826,391,10.86,6,281.53999999999996,26.060000000000002,26.53,8.56,6.529999999999999
11827,376,6.0200000000000005,6,427.22,75.35,19.82,5.0200000000000005,4.52
11828,419,5.4,4,539.1,91.18,17.79,11.83,5.300000000000001
11829,541,11.11,8,723.81,85.45,35.38,24.78,7.85
1183,611,12.57,6,1215.87,114.08,78.53,47.56,9.780000000000001
11830,480,11.219999999999999,7,673.05,56.07000000000001,38.53,31.009999999999998,5.74
11831,1440,19.46,6,2076.68,312.96,88.26,50.59,7.119999999999999
11832,305,3.64,3,317.33,65.3,8.4,2.73,5.3999999999999995
11833,427,10.56,6,652.9,59.800000000000004,38.34,26.93,3.1399999999999997
11834,511,12.65,7,836.2,74.65,51.17,35.51,3.3200000000000003
11835,603,13.08,5,880.05,111.75999999999999,41.87,29.56,5.18
11836,347,10.64,4,449.52,55.95,35.49,9.14,4.5600000000000005
11837,436,6.18,5,504.92,83.07,22.96,8.32,3.16
11838,635,10.41,4,967.87,98.61000000000001,53.93000000000001,37.52,4.6
11839,482,4.71,3,529.6800000000001,95.63,20.9,6.359999999999999,3.41
1184,289,7.13,6,542.2,57.010000000000005,30.64,23.45,7.98
11840,531,10.22,7,738.8,89.39,37.21,24.959999999999997,4.66
11841,518,6.21,4,751.7,114.71,26.41,19.66,6.73
11842,414,15.11,8,571.78,47.22,48.18,22.09,4.8500000000000005
11843,297,9.55,5,536.2,31.769999999999996,38.620000000000005,27.42,1.35
11844,416,8.77,7,554.95,60.58,32.17,19.95,3.1400000000000006
11845,680,9.72,5,1053.93,117.51,58.489999999999995,35.91,2.09
11846,412,9.610000000000001,7,482.53999999999996,67.11,31.81,9.2,3.34
11847,356,8.68,7,420.65,47.660000000000004,27.93,13.260000000000002,3.35
11848,381,11.88,10,641.86,52.400000000000006,45.41,26.37,2.41
11849,295,7.07,7,403.97,40.480000000000004,25.439999999999998,15.600000000000001,3.2
1185,508,10.02,6,744.3,99.31,36.94,24.0,11.03
11850,750,12.27,5,960.8599999999999,125.53,46.12,32.79,6.63
11851,402,8.59,5,586.5600000000001,73.69,28.43,19.72,3.57
11852,624,16.13,12,938.8,90.17,53.93,38.24,8.37
11853,472,14.35,10,703.89,63.09,42.97,29.91,8.33
11854,726,12.6,5,1004.52,101.17,61.26,38.15,3.6
11855,286,8.780000000000001,6,279.81,33.57,25.28,4.6000000000000005,1.86
11856,567,11.72,7,843.8199999999999,89.36,43.32,35.29,6.08
11857,315,6.46,5,441.86,50.15,24.79,14.6,1.93
11858,551,15.629999999999999,9,763.5899999999999,75.46000000000001,55.17,25.22,4.45
11859,692,12.54,6,929.0899999999999,87.60999999999999,53.66,40.19,4.619999999999999
1186,449,8.58,7,643.02,73.92,33.66,25.25,8.7
11860,480,13.08,5,721.0899999999999,68.47,45.46,26.64,3.11
11861,353,8.13,7,498.07,57.06,27.419999999999998,19.41,4.45
11862,426,8.549999999999999,6,585.76,68.85000000000001,32.03,19.77,3.0500000000000003
11863,641,14.719999999999999,6,794.21,82.66999999999999,64.67999999999999,22.56,3.81
11864,516,12.16,7,824.05,73.23,49.9,35.6,4.13
11865,241,9.55,4,281.95,13.799999999999999,25.28,14.32,2.44
11866,710,18.25,4,693.4300000000001,96.33000000000001,56.730000000000004,7.71,6.53
11867,325,7.93,7,447.14,46.779999999999994,27.08,17.66,2.57
11868,329,7.53,6,330.64,32.4,28.259999999999998,10.64,2.44
11869,515,17.14,7,721.84,13.47,77.59,39.79,2.39
1187,234,4.48,5,555.7,46.620000000000005,31.869999999999997,25.05,3.25
11870,395,11.77,7,492.97,55.51,35.86,14.940000000000001,5.9
11871,368,15.84,4,670.5,26.259999999999998,54.84,36.68,5.3
11872,627,10.91,7,948.16,93.37,55.06,38.48,2.88
11873,418,13.68,8,521.13,54.29,40.57,16.57,4.06
11874,341,10.5,5,389.8,30.270000000000003,28.839999999999996,16.55,3.52
11875,546,10.55,8,736.3199999999999,53.18,49.93,37.2,4.24
11876,432,14.4,11,618.34,47.89,48.85,26.04,4.62
11877,707,12.15,7,1007.11,123.47,52.36,33.13,4.99
11878,547,14.44,9,741.75,73.55,43.019999999999996,30.71,7.59
11879,359,8.620000000000001,5,529.78,48.67,35.589999999999996,20.889999999999997,3.6399999999999997
1188,449,8.75,8,974.4000000000001,95.69,58.81,37.5,7.68
11880,627,10.77,6,644.79,92.39,31.509999999999998,17.85,7.87
11881,521,11.879999999999999,5,611.0699999999999,79.31,37.93,15.67,3.88
11882,346,7.71,4,434.2,51.95,21.97,15.39,2.24
11883,973,25.18,6,1670.0,145.12,92.60000000000001,82.03999999999999,8.309999999999999
11884,262,7.89,7,319.6,12.7,27.02,18.15,2.84
11885,1592,35.410000000000004,6,1213.28,156.32,78.95,32.52,23.41
11886,288,8.32,8,424.2,12.84,35.42,26.28,1.92
11887,658,12.74,6,926.44,100.67999999999999,55.75,32.07,4.4
11888,643,5.6,3,584.3199999999999,118.06,15.48,5.470000000000001,6.0600000000000005
11889,507,7.590000000000001,4,649.52,84.49000000000001,30.28,22.18,3.44
1189,438,6.51,4,557.77,77.44,26.92,16.49,5.56
11890,633,15.03,8,979.8399999999999,75.15,64.2,47.32,4.49
11891,458,6.9399999999999995,6,669.29,81.66,34.53,22.84,2.3
11892,357,7.67,6,424.68,54.56,19.009999999999998,14.76,4.8500000000000005
11893,304,10.85,9,456.98,33.08,34.879999999999995,21.4,2.94
11894,551,7.9,4,750.75,95.34,30.439999999999998,27.16,4.92
11895,541,9.77,6,817.62,88.57000000000001,43.239999999999995,31.26,2.83
11896,555,9.42,5,605.6800000000001,96.00999999999999,28.46,13.55,8.81
11897,548,12.790000000000001,7,785.41,87.31,46.559999999999995,25.939999999999998,3.09
11898,528,6.78,5,619.64,86.66,31.87,16.689999999999998,4.25
11899,701,13.61,7,1016.5899999999999,131.96,57.05,26.57,2.98
1190,445,8.64,8,714.3399999999999,80.27000000000001,40.22,26.68,8.200000000000001
11900,427,7.72,6,534.0999999999999,69.67,28.85,16.25,3.04
11901,574,10.66,7,787.27,54.599999999999994,56.49,37.78,2.01
11902,477,10.14,5,631.4,79.91,29.32,22.93,7.13
11903,463,10.02,8,715.2,60.64,45.64,30.76,2.26
11904,434,11.690000000000001,6,558.25,57.82,31.9,24.43,5.04
11905,620,13.7,7,927.25,128.43,41.74,28.81,8.219999999999999
11906,525,18.37,7,866.1800000000001,60.6,57.92,41.76,4.27
11907,738,12.46,7,1039.88,157.86,43.83,26.09,8.19
11908,462,13.43,5,616.93,54.34,44.13,23.299999999999997,2.38
11909,663,9.620000000000001,6,927.64,120.65,41.44,31.2,5.3100000000000005
1191,473,8.82,7,821.41,78.03999999999999,47.18,35.04,7.47
11910,515,7.749999999999999,5,644.51,103.86,27.490000000000002,13.81,5.84
11911,548,7.77,6,705.34,83.52000000000001,35.26,25.77,4.12
11912,217,5.29,4,116.92999999999999,15.5,7.880000000000001,3.9499999999999997,4.05
11913,417,8.18,5,521.05,81.07,24.89,11.040000000000001,4.05
11914,594,11.68,6,789.1500000000001,104.93,37.15,22.939999999999998,6.67
11915,502,6.51,7,708.6500000000001,118.75999999999999,24.88,13.65,4.18
11916,552,13.0,8,735.08,74.66,43.21,27.78,5.47
11917,687,13.65,6,1083.56,131.86,50.72,37.69,8.45
11918,434,10.18,7,609.71,41.58,44.75,28.39,1.66
11919,625,12.700000000000001,4,760.72,94.04,47.17,23.04,5.38
1192,533,10.02,6,957.0,103.09,44.339999999999996,40.53,12.280000000000001
11920,454,7.32,5,535.1700000000001,72.08,26.369999999999997,15.120000000000001,3.98
11921,297,7.18,5,423.59000000000003,23.31,31.74,22.28,1.22
11922,781,14.74,8,1146.62,136.47,54.94,42.8,10.67
11923,561,5.13,5,526.65,104.84,15.7,4.09,5.05
11924,443,10.03,5,651.09,80.02,31.53,24.25,4.72
11925,379,10.559999999999999,5,569.5,40.05,39.29,25.729999999999997,2.1
11926,417,9.15,6,490.42,51.86,28.79,18.73,5.57
11927,447,10.860000000000001,8,660.16,47.33,47.33,30.24,2.28
11928,414,11.11,10,571.01,68.61,29.54,20.81,7.5
11929,515,8.71,4,725.5799999999999,85.16,37.370000000000005,27.970000000000002,4.07
1193,562,13.379999999999999,5,1174.4,99.94,76.49000000000001,52.089999999999996,9.68
11930,407,6.84,4,452.0,51.1,28.97,14.57,2.87
11931,500,14.59,9,684.0,40.239999999999995,53.03,33.87,3.52
11932,608,10.94,7,757.54,95.89999999999999,39.59,22.1,4.6
11933,557,12.299999999999999,6,785.76,96.85,40.75,26.330000000000002,4.44
11934,549,10.6,7,881.19,95.16,49.39,32.01,3.07
11935,599,8.22,5,795.17,126.05,32.61,17.240000000000002,5.14
11936,318,5.8100000000000005,5,432.40999999999997,54.85,21.040000000000003,15.14,3.09
11937,606,12.61,6,890.96,99.83,48.54,33.37,4.42
11938,564,9.82,5,801.01,94.34,44.59,25.61,2.52
11939,506,13.04,6,858.81,73.24,50.91,39.28,3.26
1194,373,12.120000000000001,4,1006.6,56.730000000000004,67.98,57.410000000000004,4.87
11940,569,14.35,8,903.69,91.29,53.14,35.47,5.4
11941,744,14.79,6,1080.3,147.9,49.83,29.63,7.76
11942,332,9.97,5,601.8,46.34,35.6,29.610000000000003,2.2
11943,425,10.23,5,518.5699999999999,14.28,43.75,32.12,2.73
11944,258,0.57,1,335.4,72.76,6.97,0.77,1.03
11945,631,12.5,7,860.24,101.17,45.31,30.439999999999998,4.76
11946,557,9.9,9,741.08,96.17,36.07,22.69,6.13
11947,534,11.49,5,721.9,65.98,48.129999999999995,26.950000000000003,2.66
11948,450,8.42,6,549.9100000000001,50.3,35.54,22.46,3.1100000000000003
11949,528,7.57,5,671.45,90.81,36.34,17.87,3.6700000000000004
1195,584,9.88,8,1055.05,115.59,59.25,38.02,9.76
11950,729,11.16,5,976.1,141.6,39.96,26.41,6.3100000000000005
11951,562,12.34,5,649.3299999999999,80.7,41.04,18.55,5.26
11952,722,11.770000000000001,9,891.85,132.68,43.73,20.099999999999998,6.9
11953,347,8.709999999999999,5,458.85,53.23,26.279999999999998,15.31,3.4499999999999997
11954,477,13.49,9,735.36,59.959999999999994,47.26,31.72,3.77
11955,529,7.13,4,587.2,96.64,23.67,10.11,4.68
11956,552,11.65,7,718.15,84.56,43.34,22.01,4.59
11957,689,11.34,5,850.0999999999999,109.29,44.040000000000006,28.35,5.91
11958,329,3.5399999999999996,3,417.75,66.17,18.68,8.1,1.9500000000000002
11959,642,10.54,8,900.71,128.25,39.8,25.99,6.6
1196,625,12.08,5,1259.5,109.81,70.47999999999999,57.35,9.059999999999999
11960,380,7.47,6,364.07,49.85,17.18,10.3,4.43
11961,537,11.91,9,720.37,80.24,41.58,24.71,4.25
11962,486,6.88,5,551.08,95.06,20.33,9.59,4.87
11963,503,7.5600000000000005,6,594.1,81.89999999999999,29.299999999999997,14.77,2.8899999999999997
11964,548,10.299999999999999,7,680.72,81.44,39.23,22.98,4.89
11965,299,6.71,5,390.9,53.97,17.25,10.879999999999999,3.48
11966,647,6.79,4,720.0799999999999,126.51,26.810000000000002,10.88,4.91
11967,335,3.34,3,298.25,62.760000000000005,7.0200000000000005,0.85,2.38
11968,345,4.87,4,506.2,67.27,26.06,14.209999999999999,1.4100000000000001
11969,532,10.19,4,677.32,70.14,45.06,22.57,2.3200000000000003
1197,636,12.2,6,1322.1999999999998,115.91,64.15,64.0,10.530000000000001
11970,518,1.14,1,673.4,146.08,13.99,1.55,2.07
11971,1032,2.2699999999999996,1,1341.6,291.02,27.87,3.1,4.13
11972,515,10.08,5,961.31,104.6,50.92,37.459999999999994,7.09
11973,360,12.72,8,370.91,36.05,19.12,15.18,6.94
11974,330,7.8,7,576.0699999999999,46.01,32.690000000000005,28.580000000000002,4.21
11975,433,11.18,7,705.26,73.05999999999999,33.89,30.209999999999997,5.71
11976,479,11.18,6,598.24,92.93,37.59,7.7700000000000005,4.25
11977,536,11.41,7,808.79,103.84,49.260000000000005,21.37,6.220000000000001
11978,554,9.790000000000001,5,839.85,127.49000000000001,30.52,21.540000000000003,4.0
11979,275,7.5,4,335.74,44.21,23.9,6.720000000000001,3.2
1198,576,9.2,7,845.28,102.1,44.56,28.36,9.76
11980,422,15.04,9,890.38,59.519999999999996,57.56,46.01,8.18
11981,605,6.1899999999999995,3,1183.6,154.69,44.17,41.65,9.23
11982,389,13.969999999999999,7,696.99,55.59,53.0,30.33,8.88
11983,438,8.38,5,634.7,94.18,23.880000000000003,17.080000000000002,5.62
11984,602,13.59,8,1169.5,99.56,64.32000000000001,56.73,9.290000000000001
11985,397,12.33,8,609.49,59.129999999999995,48.67,19.79,4.93
11986,68,0.15,1,88.4,19.18,1.84,0.2,0.27
11987,542,11.709999999999999,6,600.62,85.69999999999999,39.55,10.73,5.26
11988,549,11.399999999999999,4,1165.76,118.44,50.78,52.99,11.44
11989,578,12.799999999999999,7,808.76,95.48,51.33,24.38,5.550000000000001
1199,570,11.31,5,1043.0,101.39000000000001,55.3,46.06,8.6
11990,528,12.459999999999999,5,1025.9,108.17,46.55,43.33,8.47
11991,675,10.53,6,1052.0900000000001,132.07,49.58,35.38,5.8100000000000005
11992,540,11.99,4,1162.6,112.71,56.56,54.3,11.259999999999998
11993,633,11.83,8,995.72,132.32,43.43,30.700000000000003,7.06
11994,768,13.48,6,1138.46,140.58,51.43,40.25,11.89
11995,592,11.98,9,909.95,110.47999999999999,45.480000000000004,30.47,8.05
11996,554,7.08,10,845.7,126.32,34.769999999999996,20.65,5.56
11997,695,9.93,4,1315.6,191.73,48.49,38.339999999999996,10.8
11998,369,6.99,8,610.4200000000001,68.1,28.59,22.89,4.68
11999,633,14.2,7,1163.08,132.28,54.57,44.910000000000004,11.02
1200,440,7.18,5,732.9200000000001,85.57,34.55,28.66,6.71
12000,303,7.3100000000000005,7,658.0,62.169999999999995,32.77,30.57,5.69
12001,597,11.11,8,962.59,120.5,49.34,29.73,7.3
12002,422,8.53,4,527.29,57.919999999999995,29.58,17.01,2.9
12003,652,10.93,6,831.7,115.21000000000001,37.83,24.950000000000003,8.08
12004,488,11.129999999999999,9,728.17,79.64999999999999,39.26,27.43,5.26
12005,287,7.41,7,558.52,46.79,28.55,25.55,3.96
12006,532,9.05,5,820.31,131.44,30.89,17.5,5.3100000000000005
12007,861,17.87,8,1675.92,191.37,81.48,64.43,17.380000000000003
12008,328,8.11,5,401.89,49.53,30.46,9.48,2.73
12009,474,11.59,6,1008.77,93.07,57.92,43.09,6.609999999999999
1201,548,10.09,5,984.3,105.95,46.269999999999996,41.11,11.64
12010,507,11.6,7,1141.7,120.75999999999999,51.57,47.97,8.43
12011,410,8.74,4,613.34,71.63,32.58,20.64,2.81
12012,328,8.14,5,561.1,66.49000000000001,26.759999999999998,20.04,5.27
12013,673,11.469999999999999,7,1371.04,143.19,58.17,57.910000000000004,9.01
12014,359,4.37,3,707.4,103.00999999999999,24.97,21.2,5.55
12015,512,11.65,6,893.25,94.25,50.589999999999996,33.010000000000005,7.71
12016,500,10.7,6,922.9000000000001,118.86,41.72,29.700000000000003,5.49
12017,336,8.17,6,483.1,46.57,25.37,20.43,5.26
12018,590,12.08,4,1274.3,143.75,59.1,49.08,8.16
12019,621,11.879999999999999,5,1093.9,143.37,42.769999999999996,40.1,11.540000000000001
1202,653,12.93,7,1401.1,123.3,83.08,60.92,13.31
12020,838,18.41,6,1711.5,195.26,81.47,64.43,12.89
12021,427,10.610000000000001,5,718.48,80.06,36.239999999999995,26.59,5.89
12022,491,10.89,4,753.2,100.66000000000001,33.37,23.32,6.43
12023,444,10.96,8,664.11,74.42,36.67,23.939999999999998,5.35
12024,409,8.72,4,684.35,79.95,43.73,21.67,6.029999999999999
12025,404,9.01,4,633.99,78.22,35.6,18.74,4.32
12026,624,13.16,7,937.49,133.19,44.9,25.220000000000002,8.9
12027,350,7.489999999999999,5,712.72,67.46,37.18,32.32,5.12
12028,439,9.26,5,711.4,85.19,37.24,22.89,4.48
12029,451,11.209999999999999,10,795.74,85.64999999999999,44.47,29.779999999999998,5.92
1203,848,12.64,6,1593.6,186.48,83.58,54.5,11.860000000000001
12030,521,11.15,4,970.8,118.02000000000001,46.9,35.43,8.07
12031,459,14.75,5,816.3199999999999,75.32,52.160000000000004,33.61,8.9
12032,425,10.83,5,881.19,84.14,52.64,36.41,7.01
12033,449,8.19,4,579.9,84.4,18.78,17.46,3.94
12034,440,10.2,5,746.75,82.85,33.75,30.28,6.85
12035,935,21.91,5,1857.6,227.35,86.85,64.63,14.1
12036,795,10.29,5,1539.3,200.26,51.51,54.84,11.24
12037,474,10.82,7,955.28,104.85,46.86,39.09,11.25
12038,647,12.64,6,1289.55,150.73,52.41,51.42,10.49
12039,522,9.62,5,733.35,91.96,38.99,20.88,4.1499999999999995
1204,322,7.090000000000001,4,702.9000000000001,60.269999999999996,46.89,29.79,4.9399999999999995
12040,729,13.379999999999999,6,1383.01,161.52,63.760000000000005,52.58,11.84
12041,485,10.0,5,921.1800000000001,93.92,47.33,39.29,7.07
12042,575,8.59,5,909.86,117.71000000000001,38.6,29.409999999999997,8.55
12043,657,9.450000000000001,4,1253.4,177.2,44.97,39.84,11.82
12044,364,7.8,4,677.8,93.97,25.54,21.71,5.76
12045,478,11.02,5,602.78,87.13999999999999,28.84,13.35,3.98
12046,574,8.74,8,905.49,113.45,42.019999999999996,30.66,7.430000000000001
12047,736,15.01,6,1294.7,128.69,69.17999999999999,54.24,4.38
12048,446,10.26,4,851.0,88.3,42.34,34.559999999999995,6.16
12049,546,11.36,6,993.94,112.14000000000001,49.63,37.4,6.59
1205,576,12.23,6,1279.0,116.94,76.88,55.27,9.04
12050,510,14.57,5,1209.8000000000002,88.2,65.35000000000001,64.21,9.67
12051,388,8.540000000000001,7,715.37,72.80000000000001,33.62,31.37,7.98
12052,525,11.14,6,1220.2,115.09,52.699999999999996,61.45,12.959999999999999
12053,575,20.71,4,966.38,92.83000000000001,64.91,38.980000000000004,10.33
12054,588,14.27,6,782.02,104.27000000000001,45.410000000000004,20.57,6.98
12055,684,5.8100000000000005,4,980.2,157.51,29.310000000000002,24.919999999999998,8.36
12056,560,13.149999999999999,4,892.2,96.86000000000001,52.870000000000005,33.949999999999996,8.95
12057,618,14.41,5,1045.58,120.75,45.82,40.23,8.93
12058,634,9.33,3,883.8,149.33,26.63,17.29,4.63
12059,505,6.51,4,718.0,109.1,23.08,19.4,5.73
1206,580,12.14,5,1065.9,108.15,56.22,46.2,11.32
12060,617,11.93,5,783.3,128.3,39.09,10.26,3.7199999999999998
12061,572,11.32,5,880.5,127.41000000000001,33.9,24.23,4.2700000000000005
12062,368,9.35,7,646.55,66.12,36.42,24.990000000000002,4.48
12063,608,15.15,6,881.74,83.81,56.800000000000004,34.230000000000004,3.46
12064,496,13.969999999999999,7,985.9200000000001,87.50999999999999,50.53,47.03,7.71
12065,729,18.25,8,1212.0700000000002,124.78,69.84,46.62,10.39
12066,341,10.43,4,765.74,61.15,36.33,41.35,8.9
12067,498,9.06,7,777.0,112.82,32.7,20.67,4.470000000000001
12068,657,16.36,6,1087.2,121.53,56.480000000000004,40.54,6.31
12069,311,9.5,9,663.89,43.31,39.05,36.31,7.16
1207,674,13.83,6,1142.5,127.69,55.92,46.81,17.47
12070,435,8.99,7,774.23,85.7,44.26,28.4,7.84
12071,709,14.22,8,1076.63,135.31,57.99,33.14,10.469999999999999
12072,501,12.379999999999999,4,885.12,82.21000000000001,45.11,35.0,5.52
12073,528,14.99,7,968.57,89.19,61.72,38.699999999999996,8.02
12074,572,15.41,9,1190.76,93.87,66.66,56.949999999999996,9.469999999999999
12075,497,12.49,6,895.02,93.31,44.440000000000005,36.39,6.98
12076,453,9.95,4,566.9200000000001,62.50000000000001,35.32,19.650000000000002,4.57
12077,215,12.44,2,351.74,9.89,21.93,23.22,3.01
12078,620,11.63,8,1093.4,125.99,52.550000000000004,40.949999999999996,7.34
12079,399,9.76,6,704.2,75.39,31.34,29.05,4.9799999999999995
1208,487,10.6,4,720.6,99.3,38.43,22.24,14.37
12080,527,18.47,7,1234.49,68.71,81.02,70.74000000000001,9.450000000000001
12081,399,8.48,5,696.26,76.23,37.25,26.97,6.92
12082,1554,64.6,7,3553.74,69.75999999999999,285.01,244.58999999999997,5.33
12083,449,10.17,6,895.0,86.15,48.58,38.65,7.220000000000001
12084,229,10.78,3,695.36,22.89,45.72,43.699999999999996,4.619999999999999
12085,443,12.72,7,976.61,72.56,58.01,47.91,5.43
12086,48,1.73,1,120.0,16.8,4.8,3.84,0.96
12087,400,8.51,6,552.28,69.05,32.25,16.01,6.7700000000000005
12088,472,9.88,4,844.3,99.32,30.93,34.83,6.970000000000001
12089,468,7.76,5,695.4,90.55,34.5,21.61,3.8600000000000003
1209,623,10.65,6,1014.65,128.0,59.31,31.41,9.98
12090,651,12.52,6,984.04,116.13,49.14,35.39,10.09
12091,425,10.92,5,830.98,88.87,41.78,34.26,6.21
12092,454,10.63,5,712.64,83.32,34.82,26.06,4.98
12093,447,12.38,7,837.92,76.85,52.62,34.36,6.2299999999999995
12094,429,9.15,4,545.28,75.77,24.86,15.13,6.21
12095,474,13.24,6,884.9,80.98,49.99,38.7,4.26
12096,385,13.53,8,761.81,55.46,50.33,34.61,4.02
12097,534,7.8100000000000005,4,875.34,110.64,39.71,30.41,9.94
12098,555,13.43,7,799.08,99.9,41.67,24.08,7.09
12099,521,12.78,6,705.13,63.56,43.02,31.65,10.85
1210,474,7.890000000000001,5,913.3,104.44,50.730000000000004,31.330000000000002,9.3
12100,431,7.369999999999999,5,709.89,85.07,33.96,24.6,4.5600000000000005
12101,502,8.18,4,659.6500000000001,95.71,31.009999999999998,16.55,5.05
12102,480,13.33,4,1116.98,88.47,70.75,52.24,9.52
12103,733,14.65,6,1238.23,159.67000000000002,54.22,41.22,10.94
12104,667,11.99,7,1035.86,134.99,50.53,32.0,8.11
12105,520,8.25,4,825.8199999999999,114.16,40.260000000000005,22.400000000000002,7.67
12106,511,10.62,5,778.4,95.49000000000001,39.5,26.479999999999997,4.79
12107,361,10.37,6,468.38,51.54,25.43,17.17,4.61
12108,426,8.4,6,690.8599999999999,80.46000000000001,37.08,24.53,3.6
12109,445,12.700000000000001,5,684.8,76.7,28.61,28.78,7.21
1211,298,5.9799999999999995,6,662.5,63.21,38.17,26.93,5.71
12110,256,8.17,4,482.91999999999996,27.97,29.45,26.3,3.98
12111,535,6.88,4,854.35,122.33,31.790000000000003,26.36,8.06
12112,317,7.3500000000000005,3,531.84,49.71,25.51,24.330000000000002,5.5600000000000005
12113,621,11.07,5,847.1600000000001,127.12,39.33,18.880000000000003,6.21
12114,788,15.88,6,1487.0,165.29,75.16,57.089999999999996,15.379999999999999
12115,448,8.93,8,733.7,79.08,37.2,30.31,8.21
12116,211,10.74,5,352.15,12.57,30.89,18.83,2.75
1212,534,10.66,7,1046.57,99.44,66.95,41.82,8.32
1213,533,10.799999999999999,4,914.9000000000001,99.19,48.76,37.76,10.280000000000001
1214,629,14.7,5,1275.5,94.41,71.74,67.4,10.75
1215,593,9.68,4,1046.1,121.13,48.01,39.38,9.03
1216,507,13.93,7,995.09,76.62,64.49,50.1,10.4
1217,522,9.62,5,719.33,84.3,37.71,26.36,7.359999999999999
1218,366,10.67,7,719.9,59.56,42.31,35.34,11.81
1219,596,11.88,5,1273.9,110.0,66.62,61.65,7.620000000000001
1220,513,11.74,6,1099.57,81.73,70.27,52.3,8.25
1221,701,12.75,5,1164.8,139.45,57.849999999999994,40.74,9.69
1222,413,6.69,6,679.48,73.02,31.04,28.86,6.2
1223,465,9.46,5,786.0,92.35,42.5,28.91,8.98
1224,564,10.01,4,802.5,108.19,37.56,25.32,9.55
1225,519,8.23,4,676.5899999999999,100.78999999999999,32.23,16.94,9.58
1226,563,11.89,7,1110.67,98.31,69.59,47.03,8.26
1227,438,8.01,5,826.9,97.74000000000001,47.74,26.56,8.510000000000002
1228,419,13.97,6,935.7,66.00999999999999,67.93,48.32000000000001,10.08
1229,563,11.13,6,1002.7,112.74000000000001,51.379999999999995,40.22,11.12
1230,497,7.800000000000001,4,754.5,103.53999999999999,33.76,22.430000000000003,6.84
1231,502,9.42,4,1142.7,105.50999999999999,75.29,44.04,10.06
1232,280,5.37,4,476.9,58.720000000000006,23.97,18.05,6.05
1233,427,8.95,4,914.0,92.78,61.83,33.68,8.12
1234,632,13.43,6,1311.3,113.71000000000001,70.48,63.58,9.51
1235,536,9.01,6,1011.96,103.43,59.92,37.95,10.030000000000001
1236,807,14.64,7,1600.65,166.63,97.72,59.45,14.219999999999999
1237,635,9.0,4,893.4,145.13,36.97,20.18,9.28
1238,486,9.51,4,998.6,109.06,64.11,35.23,8.42
1239,822,13.83,5,1253.8,155.74,57.74,45.6,14.18
1240,596,14.6,7,1136.9,107.87,67.1,51.62,12.36
1241,737,12.26,6,1387.7,153.92000000000002,77.78,49.0,10.84
1242,404,7.01,5,580.23,82.58,30.15,17.28,6.83
1243,529,9.13,8,1043.9,107.39,56.33,41.77,7.6499999999999995
1244,563,10.39,3,854.8,122.33,42.46,24.01,13.450000000000001
1245,398,7.25,5,819.1,79.46000000000001,49.15,32.17,6.55
1246,577,10.44,7,878.2,120.44,41.32,27.13,11.69
1247,426,8.16,5,782.8,75.66,40.64,34.800000000000004,6.06
1248,314,9.27,6,631.9,46.81,38.75,32.97,8.22
1249,1840,39.17,9,3259.7,378.59000000000003,181.3,121.34,38.83
1250,513,9.9,7,833.14,93.2,40.44,31.900000000000002,10.110000000000001
1251,1828,67.37,4,5164.6,381.11,385.46000000000004,265.56,34.69
125126,97,4.4,2,181.4,8.76,14.55,11.35,1.94
125127,485,12.4,7,793.4,80.06,42.21,33.37,7.449999999999999
125128,510,9.81,6,593.1999999999999,80.1,26.47,20.400000000000002,6.55
125129,395,9.32,5,680.6,71.47,35.79,28.31,5.87
125130,443,12.639999999999999,6,749.76,49.75,51.86,39.34,7.51
125131,461,10.99,5,485.31,54.18,29.2,16.15,7.21
125132,499,9.08,4,605.75,78.22,24.85,21.52,5.79
125133,653,9.61,7,915.08,110.11,34.87,37.29,8.34
125134,445,12.34,6,897.7,70.24,59.17,41.559999999999995,6.86
125135,503,10.53,5,689.1,94.47,31.58,20.82,5.09
125136,484,11.02,6,600.75,78.08,26.35,20.82,5.53
125137,617,15.84,10,897.75,89.51,46.38,39.06,8.04
125138,457,9.76,5,765.9,91.08,36.51,29.9,5.6
125139,758,13.8,8,883.84,108.16,36.5,33.95,10.27
125140,528,12.739999999999998,5,917.1,70.50999999999999,51.1,45.879999999999995,9.0
125141,492,15.85,6,647.45,44.31,42.379999999999995,35.83,7.7
125142,1369,39.01,8,2401.34,157.46,155.96,126.00999999999999,20.78
125143,347,11.01,5,528.6,47.55,37.97,22.419999999999998,6.41
125144,610,16.82,7,1073.1,92.13,75.75,45.92,8.99
125145,510,10.530000000000001,7,719.1,92.21,33.18,23.07,5.23
125146,294,7.84,6,424.96,27.38,22.169999999999998,24.96,4.21
125147,579,13.629999999999999,7,704.95,60.58,34.31,36.55,11.03
125148,163,5.67,4,286.65,19.049999999999997,15.74,17.21,2.66
125149,363,8.08,5,568.4,57.35,25.4,25.91,6.180000000000001
125150,342,9.129999999999999,6,466.35,50.97,31.72,15.370000000000001,4.76
125151,518,11.31,7,838.6,91.91,36.44,37.99,9.11
125152,355,10.58,4,577.0,56.739999999999995,35.03,22.42,2.78
125153,329,7.8100000000000005,5,456.74,40.83,21.12,24.03,6.07
125154,434,19.689999999999998,6,654.0500000000001,32.61,60.260000000000005,34.120000000000005,7.6
125155,377,12.0,6,524.25,44.72,32.95,24.58,6.98
125156,444,12.799999999999999,7,619.4,47.54,38.94,30.45,6.25
125157,586,10.93,6,1060.8,107.5,54.949999999999996,43.300000000000004,7.33
125158,570,10.98,8,886.4,105.39,40.58,33.33,8.11
125159,700,12.45,6,872.6,113.21,29.330000000000002,33.68,8.84
125160,422,11.940000000000001,6,525.4,59.31,32.7,17.66,6.069999999999999
125161,783,23.12,6,1201.1,130.71,74.0,45.3,14.59
125162,768,19.62,7,1423.4,130.06,91.13,59.57,10.86
125163,343,11.290000000000001,8,464.9,33.37,32.4,21.990000000000002,4.67
125164,419,7.13,5,600.0,82.71,24.19,18.71,4.34
125165,385,8.67,7,591.65,52.37,33.12,27.950000000000003,5.88
125166,584,13.26,7,888.8,93.94,46.95,35.93,10.76
125167,508,11.55,7,825.6999999999999,85.82,35.91,36.87,6.34
125168,354,19.310000000000002,3,564.1,24.46,59.85,28.689999999999998,5.32
125169,500,15.15,7,907.5,82.2,53.510000000000005,41.120000000000005,7.43
125170,650,14.55,7,811.0999999999999,105.50999999999999,37.98,26.2,9.42
125171,454,12.93,6,550.5,52.730000000000004,34.19,22.47,6.37
125172,820,17.11,12,1233.8,145.99,64.45,42.41,10.22
125173,569,14.129999999999999,6,974.5,106.5,50.73,37.25,7.7700000000000005
125174,479,10.14,4,513.55,70.25,29.330000000000002,13.34,8.37
125175,563,8.66,5,965.55,108.8,45.120000000000005,36.86,7.26
125176,122,2.1,3,149.7,20.59,6.43,4.62,2.59
125177,489,8.8,5,773.02,104.85,31.29,25.18,6.38
125178,585,11.86,7,818.0,108.34,37.730000000000004,26.32,6.38
125179,649,12.99,4,1115.7,132.77,56.0,36.24,6.69
125180,378,13.41,4,728.1999999999999,28.830000000000002,47.480000000000004,44.89,4.1899999999999995
125181,398,6.03,5,591.6,100.05,20.75,12.62,4.859999999999999
125182,447,10.11,7,660.7,78.79,38.85,21.21,4.76
125183,386,13.649999999999999,4,491.75,44.35,36.52,17.939999999999998,2.77
125184,308,9.72,6,495.8,35.97,33.23,24.25,4.59
125185,573,10.84,4,655.15,97.22,29.340000000000003,18.32,6.640000000000001
125186,495,12.629999999999999,7,747.4,57.56,42.09,37.160000000000004,6.37
125187,427,10.28,6,607.44,73.46,32.75,20.25,6.34
125188,1000,14.709999999999999,5,1448.86,216.19,51.51,40.65,12.31
125189,407,14.1,8,577.6,51.58,38.82,25.06,5.7
125190,334,5.29,3,501.59999999999997,55.14,26.58,18.92,4.3100000000000005
125191,561,9.190000000000001,4,793.9,112.28,32.12,21.990000000000002,4.859999999999999
125192,430,7.43,5,626.2,77.25,25.55,23.02,5.64
125193,585,12.55,6,785.46,91.79,40.94,29.27,7.34
125194,489,8.040000000000001,5,752.5,99.95,30.67,24.43,6.63
125195,577,24.01,3,1024.5,90.0,75.61999999999999,39.07,4.24
125196,543,14.66,6,780.19,83.18,50.35,28.549999999999997,7.460000000000001
125197,394,13.68,6,565.6,50.99,42.28,21.58,4.46
125198,517,7.43,5,574.93,85.66999999999999,22.95,14.94,8.899999999999999
125199,520,9.73,5,582.16,87.77,25.56,14.36,4.85
1252,431,5.45,4,517.7,98.13,17.68,7.4399999999999995,8.1
125200,461,13.09,6,682.05,71.54,46.39,23.290000000000003,7.03
125201,509,7.859999999999999,6,761.7,89.74,36.01,27.04,5.22
125202,518,12.290000000000001,6,798.84,83.89,44.59,30.9,6.06
125203,526,11.0,8,681.87,78.85,29.310000000000002,27.9,9.129999999999999
125204,714,14.450000000000001,7,1205.71,115.04,62.8,55.24,8.46
125205,660,18.5,11,938.8199999999999,92.84,58.35,38.12,10.58
125206,426,9.26,6,507.2,60.86,28.36,16.93,9.33
125207,169,5.609999999999999,6,224.60999999999999,11.299999999999999,17.67,12.13,3.2199999999999998
125208,542,7.130000000000001,6,820.54,112.53,30.88,26.17,6.960000000000001
125209,474,9.92,6,941.4,89.36,48.21,43.11,8.44
125210,487,12.99,6,727.3,71.37,43.32,28.58,6.16
125211,963,24.8,10,1776.65,148.19,101.89,87.43,15.51
125212,494,8.44,8,731.42,85.36,34.82,27.869999999999997,6.46
125213,750,14.8,4,1073.05,136.03,42.69,41.46,10.01
125214,142,3.12,1,213.0,28.4,7.1,8.52,2.84
125215,494,8.649999999999999,6,868.9000000000001,91.75,44.730000000000004,34.54,7.609999999999999
125216,330,9.6,7,508.1,50.61,30.6,19.87,3.58
125217,542,12.43,4,958.9,105.33,47.83,39.35,6.93
125218,596,17.68,6,1021.0,94.17,62.64,42.78,6.65
125219,406,10.96,5,647.4,64.16,40.69,24.96,5.3
125220,237,5.6,3,341.1,44.89,20.18,10.4,2.74
1253,337,6.47,6,658.74,56.349999999999994,38.5,29.3,5.95
1254,293,6.86,6,707.6,54.660000000000004,45.480000000000004,32.54,4.46
1255,481,8.86,4,955.3,77.46,46.379999999999995,48.69,6.4399999999999995
1256,609,13.860000000000001,4,1390.3,130.32999999999998,88.68,54.15,11.56
1257,490,9.58,5,947.4,97.02000000000001,49.489999999999995,38.81,7.16
1258,501,10.950000000000001,4,973.97,81.00999999999999,58.519999999999996,44.47,4.5
1259,448,7.42,4,722.0,95.63,37.74,19.26,8.26
1260,401,4.76,3,696.6,96.64,37.36,16.83,5.5600000000000005
1261,484,9.63,5,744.99,68.56,38.99,33.36,6.99
1262,78,3.56,1,249.6,3.9,19.5,17.16,0.78
1263,560,11.56,6,1009.3,118.82,53.61,35.05,11.41
1264,361,6.91,6,633.26,63.22,38.49,24.03,4.89
1265,96,5.73,2,228.0,4.5600000000000005,18.96,16.08,0.84
1266,611,11.35,5,906.8,114.39999999999999,50.23,30.939999999999998,14.709999999999999
1267,823,18.56,3,1312.9,162.15,72.1,42.089999999999996,18.13
1268,653,9.94,4,1035.4,145.97,43.95,32.84,8.15
1269,129,2.84,1,232.2,19.35,15.48,12.9,3.87
1270,4,0.23,1,10.0,0.2,0.8,0.72,0.04
1271,625,28.12,2,1262.9,61.21,103.6,69.7,14.81
1272,503,13.71,4,656.28,43.83,52.2,31.58,7.279999999999999
1273,600,13.26,6,889.14,111.30000000000001,48.93,28.76,6.84
1274,591,14.120000000000001,4,788.13,60.06999999999999,60.339999999999996,40.12,14.62
1275,307,9.68,5,436.7,37.19,33.62,18.259999999999998,4.93
1276,340,6.6,5,502.4,55.71,30.419999999999998,17.96,5.75
1277,443,9.08,6,741.96,87.97,36.14,28.67,7.2299999999999995
1278,412,9.32,5,580.7,77.57,31.29,18.32,6.84
1279,458,10.47,6,674.9000000000001,88.63000000000001,35.62,20.92,6.93
1280,424,5.38,4,602.8,96.03999999999999,25.880000000000003,12.440000000000001,4.8100000000000005
1281,502,8.89,4,943.2,112.63,44.800000000000004,35.36,9.0
1282,507,10.66,7,847.55,99.6,40.73,34.12,10.790000000000001
1283,428,11.4,6,686.56,74.89,39.46,27.11,7.23
1284,407,7.6000000000000005,5,570.91,63.349999999999994,35.82,19.55,4.34
1285,621,13.29,5,952.73,124.6,41.55,34.55,14.62
1286,464,9.29,4,781.1,94.53999999999999,36.54,31.89,8.87
1287,452,10.92,5,731.1,72.84,42.6,31.56,8.42
1288,456,8.58,4,810.6,95.27000000000001,39.870000000000005,30.330000000000002,10.21
1289,697,15.139999999999999,5,991.88,101.68,63.82,36.58,6.59
1290,522,9.27,6,726.8199999999999,97.39,34.86,24.87,10.14
1291,380,6.97,4,542.5,76.34,23.34,18.13,11.13
1292,573,10.4,4,753.26,90.8,45.93,22.250000000000004,6.3
1293,701,16.29,6,931.27,117.38,49.34,32.66,11.1
1294,510,9.04,7,696.1800000000001,107.77000000000001,33.4,13.96,4.28
1295,419,10.52,6,652.88,62.730000000000004,40.260000000000005,28.509999999999998,7.07
1296,563,11.690000000000001,4,777.94,87.8,43.86,27.82,7.32
1297,317,6.89,4,491.12,60.49,23.13,18.48,4.33
1298,354,5.49,5,450.49,65.67,23.509999999999998,10.53,6.83
1299,477,12.44,6,754.73,72.60000000000001,43.27,36.54,10.33
1300,358,7.05,5,635.6,74.46000000000001,33.27,23.43,7.01
1301,363,6.46,4,558.8,69.23,29.41,20.37,5.54
1302,597,11.92,5,880.1,96.17,54.4,33.47,9.540000000000001
1303,395,10.75,7,729.86,64.56,43.12,33.38,7.24
1304,473,8.54,6,656.73,88.16,30.119999999999997,22.38,7.43
1305,511,14.31,7,851.54,63.730000000000004,63.11000000000001,39.84,7.34
1306,288,7.58,6,341.87,46.4,20.29,9.08,3.76
1307,513,11.4,4,944.0999999999999,95.55000000000001,53.72,37.49,6.24
1308,470,14.489999999999998,4,758.0,62.839999999999996,55.59,34.78,16.080000000000002
1309,666,12.83,7,936.77,110.0,53.36,34.36,11.83
1310,492,6.79,4,512.6500000000001,78.15,26.4,13.5,10.99
1311,490,11.79,7,827.75,79.07,50.04,35.05,8.91
1312,588,13.39,5,870.5,100.59,52.41,32.47,9.06
1313,212,0.4,1,275.6,59.78,5.72,0.64,0.85
1314,317,8.42,5,560.6,55.400000000000006,35.94,22.21,4.67
1315,405,9.35,6,645.1,60.839999999999996,43.75,26.32,5.92
1316,316,7.05,7,485.26,50.93,29.45,18.18,5.44
1317,513,16.39,4,1184.2,73.95,80.3,62.06,10.42
1318,860,14.15,9,1147.8,159.70999999999998,53.63,34.21,14.370000000000001
1319,739,21.41,4,1525.8,115.75,105.98,67.27,8.39
1320,736,11.7,5,1000.74,150.64000000000001,39.980000000000004,29.13,14.05
1321,364,12.2,4,810.4,47.3,60.75,39.94,3.6
1322,664,15.47,5,1114.09,111.98,69.83,44.9,13.77
1323,618,12.88,4,860.8,89.77000000000001,55.75,33.01,12.72
1324,467,10.07,5,659.1,65.64,41.72,27.119999999999997,6.99
1325,390,8.9,5,447.37,66.61,22.009999999999998,11.0,5.36
1326,373,10.11,5,618.04,57.129999999999995,34.55,28.78,7.12
1327,209,6.880000000000001,2,214.8,18.96,20.700000000000003,8.26,5.64
1328,661,12.620000000000001,6,977.25,125.31,47.42,32.410000000000004,8.95
1329,632,11.02,6,880.96,108.66999999999999,49.36,28.86,7.5200000000000005
1330,813,16.68,4,1472.6399999999999,152.68,82.56,55.580000000000005,12.030000000000001
1331,647,9.25,6,954.97,136.07,43.49,25.61,7.93
1332,407,5.49,3,513.2,91.25,21.68,6.62,3.38
1333,407,10.17,5,609.9,76.57000000000001,30.84,22.16,9.15
1334,834,23.43,4,1396.71,131.45,79.25,65.66,10.3
1335,327,7.25,4,501.6,57.910000000000004,29.66,17.6,5.66
1336,208,5.3100000000000005,4,469.71000000000004,40.129999999999995,28.32,20.56,3.3600000000000003
1337,506,10.48,6,690.21,88.13,32.56,25.36,9.700000000000001
1338,1372,9.17,4,1799.04,349.67,47.94,20.35,10.56
1339,626,13.78,5,971.9,129.31,47.4,30.63,7.84
1340,793,12.56,6,1105.79,155.8,53.7,30.09,12.459999999999999
1341,436,7.64,5,649.6,78.74000000000001,35.730000000000004,22.65,7.220000000000001
1342,813,16.6,6,1177.82,142.57999999999998,62.669999999999995,43.230000000000004,17.6
1343,497,10.93,7,831.47,88.17,44.86,33.42,10.879999999999999
1344,353,7.53,7,542.57,62.46,29.14,20.03,6.859999999999999
1345,397,9.55,7,630.19,58.42,40.379999999999995,27.91,6.63
1346,401,5.31,4,560.3000000000001,83.84,23.58,17.43,9.7
1347,299,7.300000000000001,5,538.2,43.85,37.5,23.48,3.2800000000000002
1348,375,7.56,5,553.3,71.09,27.88,19.16,9.11
1349,512,10.32,8,670.4,73.54,42.59,25.88,12.52
1350,403,9.43,6,656.51,68.89,36.45,26.15,7.5200000000000005
1351,319,7.890000000000001,5,514.5600000000001,49.76,28.680000000000003,21.81,6.67
1352,300,8.469999999999999,5,385.86,39.65,28.38,12.79,2.52
1353,235,0.45,1,305.5,66.27,6.35,0.7,0.94
1354,451,10.14,5,935.1600000000001,93.42999999999999,50.62,38.51,8.27
1355,554,12.069999999999999,6,933.28,99.08,55.03,33.730000000000004,9.959999999999999
1356,531,9.01,4,706.7,109.78,35.83,13.709999999999999,6.74
1357,440,9.95,6,694.45,73.74,40.699999999999996,25.73,6.66
1358,265,6.930000000000001,5,463.26,36.1,32.14,21.560000000000002,3.88
135876,159,6.42,3,426.7,14.899999999999999,29.88,27.27,3.6399999999999997
135877,463,12.649999999999999,5,696.5,82.16,38.12,23.299999999999997,5.8100000000000005
135878,290,7.51,6,489.19,52.72,24.77,20.28,5.9399999999999995
135879,552,14.469999999999999,6,867.4,101.52000000000001,48.1,29.35,7.52
135880,341,3.03,3,488.0,87.22,13.940000000000001,7.84,2.94
1359,475,9.979999999999999,5,834.21,93.72999999999999,41.46,32.190000000000005,7.659999999999999
1360,467,8.97,4,849.2,90.33000000000001,49.300000000000004,30.5,5.140000000000001
1361,495,8.55,8,775.62,101.11,36.42,25.16,9.4
1362,504,7.24,8,725.25,101.46,34.6,19.81,7.04
1363,549,13.530000000000001,6,945.6300000000001,103.72999999999999,45.56,40.9,13.31
1364,247,7.5,3,446.2,39.78,29.13,19.48,3.66
1365,430,11.21,5,679.2,80.66,37.47,24.91,5.18
1366,534,10.56,6,750.54,87.36,42.23,27.29,6.34
1367,392,6.9799999999999995,5,570.71,75.12,28.82,15.97,5.57
1368,377,10.1,5,617.55,44.03,44.77,29.43,5.15
1369,329,7.12,4,549.6,63.9,26.81,21.7,5.319999999999999
1370,710,14.82,6,906.27,110.65,56.35,27.69,8.24
1371,356,15.0,5,508.71000000000004,18.38,48.62,28.46,4.58
1372,439,9.16,5,566.11,76.55,32.26,14.65,3.2600000000000002
1373,325,8.41,5,473.49,50.5,25.4,20.25,8.68
1374,388,9.66,5,629.02,59.25,36.35,27.33,7.1899999999999995
1375,500,9.51,6,705.1800000000001,80.98,39.730000000000004,25.54,7.23
1376,513,8.799999999999999,4,633.13,104.72,25.25,12.94,6.28
1377,1511,11.620000000000001,4,2237.0,386.81,76.0,35.99,10.129999999999999
1378,995,19.53,7,1659.37,185.22,94.08999999999999,59.6,14.02
1379,376,3.93,5,461.3,81.64999999999999,16.689999999999998,7.66,5.61
1380,373,10.129999999999999,4,606.3,47.839999999999996,43.400000000000006,27.84,4.51
1381,670,15.42,6,1101.93,126.97,57.83,43.37,13.36
1382,516,8.99,6,693.5799999999999,95.64,34.25,19.81,9.24
1383,888,21.28,9,1383.6100000000001,132.5,85.44,60.13,16.13
1384,357,8.04,7,543.26,58.47,29.39,21.91,7.96
1385,716,15.09,5,1139.0,139.95,57.64,41.04,12.309999999999999
1386,511,10.38,7,806.0799999999999,94.33,42.589999999999996,29.259999999999998,7.640000000000001
1387,496,9.790000000000001,6,795.14,100.03999999999999,37.2,27.65,8.82
1388,457,10.9,5,578.81,77.56,32.46,15.74,6.62
1389,608,11.63,5,1148.0,123.93,62.14,46.1,11.84
1390,829,13.91,5,1181.63,167.05,52.94,35.66,11.5
1391,364,10.48,6,487.47,54.67,30.16,18.22,5.83
1392,425,12.639999999999999,7,808.89,64.86,49.9,40.19,8.78
1393,519,11.52,6,826.06,101.35999999999999,44.65,26.88,7.67
1394,772,17.53,6,1465.1599999999999,144.20999999999998,83.82000000000001,59.650000000000006,12.93
1395,440,7.46,5,606.8199999999999,87.82000000000001,25.12,17.91,5.44
1396,598,10.0,5,841.81,113.16999999999999,41.089999999999996,25.88,10.14
1397,326,7.78,5,437.5,55.83,25.36,14.739999999999998,6.83
1398,268,3.05,3,346.4,59.8,11.46,7.94,6.300000000000001
1399,352,8.36,4,749.9000000000001,72.32,40.25,33.86,7.789999999999999
1400,514,11.51,6,810.48,88.83,44.61,32.86,10.299999999999999
1401,627,12.09,4,870.52,96.99,55.51,27.869999999999997,5.84
1402,490,10.81,7,621.0799999999999,81.69999999999999,34.37,19.400000000000002,7.35
1403,364,13.18,4,829.6,44.52,59.32,46.120000000000005,9.040000000000001
1404,470,11.94,6,647.02,68.91,41.91,23.66,6.96
1405,399,11.06,4,600.7,59.260000000000005,31.619999999999997,28.9,8.04
1406,468,9.3,6,686.44,81.42,37.2,24.380000000000003,6.33
1407,277,8.98,4,452.6,26.46,35.78,23.8,6.73
1408,465,12.65,6,686.5,77.17,41.06,25.64,9.01
1409,491,10.06,6,808.75,87.55,48.559999999999995,29.419999999999998,6.52
1410,626,13.209999999999999,4,1139.3,111.47,70.59,43.4,6.75
1411,730,18.52,4,1503.5,136.75,89.08,65.79,9.56
1412,557,11.56,4,968.1800000000001,98.55,56.33,37.2,9.94
1413,408,12.229999999999999,7,680.94,54.910000000000004,49.61,29.86,5.05
1414,775,14.17,7,1315.68,163.48000000000002,66.63,42.29,8.2
1415,376,6.6899999999999995,4,522.3,73.57,25.4,15.41,9.709999999999999
1416,361,7.76,3,483.8,56.42,24.66,22.82,15.39
14166,320,0.7,1,416.0,90.24,8.64,0.96,1.28
14167,438,9.290000000000001,5,861.9,71.24,47.18,42.03,8.24
14168,463,9.62,5,641.3399999999999,76.39,31.91,21.12,4.49
14169,134,6.37,1,335.0,6.7,26.8,20.1,1.34
1417,442,13.23,5,729.71,67.31,46.0,31.450000000000003,3.81
14170,603,16.63,7,1168.9,98.1,67.62,52.99,8.92
14171,384,8.87,4,791.3,78.58,40.86,35.68,5.47
14172,541,12.23,10,847.2199999999999,100.67999999999999,46.5,28.42,7.17
14173,528,12.120000000000001,5,914.28,75.92999999999999,47.019999999999996,47.72,14.14
14174,590,12.190000000000001,5,844.04,110.74,36.68,26.4,5.75
14175,203,0.45,1,263.9,57.25,5.48,0.61,0.81
14176,443,10.69,7,603.18,69.87,34.76,19.18,6.48
14177,616,13.54,5,875.9,94.4,45.46,33.06,8.07
14178,358,5.05,3,356.6,48.339999999999996,16.75,9.350000000000001,5.08
14179,446,8.91,6,848.0,92.89,38.769999999999996,36.31,8.469999999999999
1418,513,13.5,6,994.3000000000001,90.37,59.21,43.75,7.34
14180,483,12.01,5,1072.3,93.68,59.26,49.47,7.78
14181,581,10.27,7,855.55,107.55,35.85,31.490000000000002,10.48
14182,527,10.97,6,757.92,96.19,45.4,18.970000000000002,6.25
14183,606,12.25,6,994.39,123.87,49.56,30.36,4.59
14184,566,11.26,6,1023.0999999999999,110.28,48.74,40.46,8.81
14185,422,9.25,5,781.3,85.14,43.699999999999996,29.74,7.430000000000001
14186,427,9.66,6,892.35,83.53999999999999,45.18,43.370000000000005,7.15
14187,475,11.45,8,913.37,83.9,48.07,42.12,8.280000000000001
14188,543,11.25,5,1071.32,109.73,51.83,47.86,8.88
14189,626,11.76,5,995.3499999999999,114.75999999999999,53.11,33.95,6.6
1419,719,17.55,8,1229.5,118.8,74.34,52.85,12.85
14190,583,11.379999999999999,8,807.37,115.89,43.89,17.58,7.1
14191,513,8.78,9,733.0,89.02,37.34,25.11,5.34
14192,436,8.17,7,845.24,80.67,44.870000000000005,38.57,7.5
14193,504,11.8,6,972.1800000000001,94.53,51.33,40.989999999999995,6.54
14194,413,8.88,4,911.1,88.56,49.06,38.49,6.92
14195,369,6.93,6,452.99,61.64,24.58,12.35,3.92
14196,661,13.51,4,1071.69,125.47,60.51,34.480000000000004,6.68
14197,371,7.489999999999999,5,522.54,70.42,28.87,12.49,3.89
14198,525,14.25,6,752.1800000000001,78.53,53.31,24.25,8.8
14199,88,4.75,1,220.0,4.4,17.6,13.2,0.0
1420,556,14.92,9,765.5,71.3,53.62,31.310000000000002,9.15
14200,391,6.88,6,763.0,78.26,36.89,33.42,6.16
14201,509,10.46,5,727.34,68.89,41.94,32.58,4.87
14202,369,8.09,4,667.02,64.2,39.13,29.119999999999997,4.08
14203,423,8.55,8,604.4,63.97,32.2,24.2,4.81
14204,564,9.29,6,907.58,110.64000000000001,41.25,32.019999999999996,8.73
14205,476,10.76,6,759.9,77.88,39.800000000000004,32.04,6.28
14206,564,17.64,7,1378.4,91.17,85.03,72.55,13.2
14207,515,13.88,9,775.3399999999999,70.08,42.44,35.37,10.87
14208,344,5.109999999999999,6,513.78,68.11,22.79,15.99,5.05
14209,645,11.19,9,1040.81,104.97999999999999,53.9,44.669999999999995,8.99
1421,626,10.29,4,930.8,131.62,40.01,29.37,10.290000000000001
14210,425,6.52,5,754.45,92.38,32.17,27.880000000000003,5.24
14211,465,10.93,6,895.6800000000001,84.9,47.08,40.22,10.95
14212,404,8.75,5,650.54,71.00999999999999,32.940000000000005,24.66,3.18
14213,472,9.75,6,949.6,96.05000000000001,48.74,39.86,6.85
14214,514,9.26,5,900.06,89.78,45.63,39.35,10.26
14215,790,15.61,9,1255.15,153.81,61.0,41.82,5.6899999999999995
14216,558,11.2,5,1020.86,109.1,53.88,38.58,8.79
14217,811,15.68,8,1342.74,150.19,62.849999999999994,52.88,13.08
14218,1035,18.84,6,1721.3,184.85000000000002,83.64,72.88,10.95
14219,577,9.47,7,870.1,95.24000000000001,41.94,34.08,10.41
1422,493,14.979999999999999,8,792.0699999999999,68.85,55.5,33.49,5.6
14220,500,7.6,3,804.0,109.00999999999999,39.06,23.139999999999997,7.98
14221,538,10.7,5,839.28,101.23,37.050000000000004,29.59,6.95
14222,573,11.81,8,903.0799999999999,95.75999999999999,47.379999999999995,33.99,7.92
14223,395,12.120000000000001,6,426.90999999999997,37.16,38.7,13.1,3.59
14224,246,10.22,4,614.3,29.75,42.1,36.48,5.02
14225,582,12.35,5,1017.44,93.13,55.82,45.05,8.06
14226,424,15.92,6,1094.06,60.019999999999996,73.53999999999999,63.45,10.290000000000001
14227,464,8.51,4,940.5,99.03999999999999,42.17,40.83,9.57
14228,772,17.93,6,1112.6,121.47999999999999,64.47,41.519999999999996,10.03
14229,468,12.42,7,813.58,72.08,49.089999999999996,36.39,7.2299999999999995
1423,470,10.34,7,598.82,83.64,32.4,15.629999999999999,7.79
14230,473,12.700000000000001,4,858.52,66.68,48.07,41.19,7.22
14231,667,15.17,6,1508.5,139.7,79.42,68.69,12.15
14232,416,12.7,10,849.11,64.06,52.54,41.17,6.78
14233,544,11.75,6,883.5799999999999,98.39,50.239999999999995,32.01,6.4399999999999995
14234,648,10.729999999999999,4,1193.6,124.5,54.519999999999996,54.14,8.59
14235,677,10.15,4,1294.3,156.03,56.24,46.669999999999995,9.379999999999999
14236,410,8.43,6,547.43,67.58,26.96,17.08,5.34
14237,577,11.94,6,999.99,111.41,57.28,34.94,10.950000000000001
14238,474,12.11,8,732.2,74.08,40.83,30.099999999999998,7.21
14239,434,3.68,3,769.3,101.71000000000001,29.580000000000002,26.28,7.0
1424,472,10.54,7,689.4,81.19,41.96,22.62,7.96
14240,463,8.549999999999999,6,788.97,84.43,37.06,32.82,9.41
14241,467,10.18,4,1053.18,103.79,60.15,43.879999999999995,10.38
14242,405,9.13,6,658.24,67.63,34.28,27.37,6.48
14243,429,11.35,6,691.88,58.54,35.95,34.01,6.61
14244,491,9.86,8,859.73,92.97,44.75,32.5,7.0
14245,494,10.620000000000001,6,885.15,93.61,49.43,32.67,7.79
14246,497,10.99,8,947.7,92.78,48.75,42.04,9.620000000000001
14247,405,10.82,5,694.45,62.980000000000004,40.19,28.439999999999998,3.3
14248,253,6.25,5,411.47999999999996,39.11,20.96,18.83,4.91
14249,674,10.6,5,994.1,140.91,43.61,27.750000000000004,11.16
1425,499,15.51,6,766.1,74.5,53.84,30.63,7.029999999999999
14250,361,7.359999999999999,5,605.6600000000001,67.94,27.85,24.580000000000002,5.48
14251,344,8.37,6,410.15,60.16,23.92,8.16,4.24
14252,466,10.52,5,921.94,89.47,50.75,41.03,6.800000000000001
14253,541,10.95,4,1109.6,102.73,53.550000000000004,50.98,7.5
14254,661,13.3,5,1307.4,134.87,55.43,61.26,11.74
14255,277,6.72,8,598.09,46.26,32.51,30.7,4.73
14256,464,10.79,6,1017.0,86.15,52.36,49.93,8.129999999999999
14257,522,10.8,5,826.72,90.86,45.73,28.96,2.8
14258,366,9.84,4,870.9,71.75999999999999,52.339999999999996,40.3,7.13
14259,628,12.86,6,1092.86,111.43,58.51,44.03,8.57
1426,367,5.32,6,562.7,77.95,27.84,14.8,4.12
14260,378,6.09,5,618.6,80.66,25.61,20.61,4.94
14261,384,9.33,6,579.4300000000001,63.55,37.31,19.29,5.55
14262,208,5.74,5,244.2,14.530000000000001,16.89,12.59,3.81
14263,453,10.29,5,835.9499999999999,81.65,41.78,37.13,7.949999999999999
14264,524,11.77,9,976.39,90.92,53.42,43.86000000000001,13.25
14265,528,10.81,5,1012.26,103.6,53.89,40.45,9.81
14266,634,13.0,5,857.4200000000001,98.08,40.93,34.089999999999996,8.68
14267,343,8.47,6,531.14,60.6,32.56,18.1,3.87
14268,400,4.85,3,723.9,101.66,24.990000000000002,23.95,6.66
14269,637,11.76,6,1068.94,112.0,56.99,43.14,8.48
1427,438,9.93,7,600.61,74.63,32.6,21.59,9.540000000000001
14270,545,12.09,9,894.65,90.77000000000001,46.57,37.11,8.72
14271,449,11.39,8,870.6500000000001,81.06,48.6,40.16,9.0
14272,627,9.18,5,1096.6,121.94,48.4,45.71,10.92
14273,502,10.89,5,1006.4,95.89,50.07,45.489999999999995,7.57
14274,622,14.31,4,1316.0,109.89,65.39999999999999,71.22,8.79
14275,572,14.23,6,908.06,81.24000000000001,56.160000000000004,36.16,8.79
14276,399,9.77,8,590.51,64.56,37.09,19.61,6.39
14277,367,10.1,8,646.55,61.99,39.87,26.939999999999998,7.23
14278,652,17.509999999999998,6,1303.4,107.37,77.61,62.65,10.219999999999999
14279,620,8.469999999999999,5,1073.9,128.75,45.769999999999996,41.41,8.98
1428,617,11.76,5,969.7,111.81,58.41,30.669999999999998,7.16
14280,552,9.870000000000001,8,913.72,91.96000000000001,45.03,40.13,7.58
14281,455,7.920000000000001,7,840.56,89.00999999999999,38.65,36.38,6.79
14282,573,10.16,6,1070.8000000000002,122.15,51.43,41.080000000000005,10.63
14283,318,6.68,2,740.16,51.35,43.89,41.06,8.1
14284,703,19.12,9,1282.94,119.97,80.22,52.88,10.72
14285,413,12.25,6,755.11,58.47,52.6,33.99,4.98
14286,321,10.02,5,636.1800000000001,32.1,42.33,39.53,4.99
14287,324,8.370000000000001,5,553.05,54.9,28.34,23.92,2.89
14288,446,11.07,7,913.36,71.62,52.46,45.76,5.67
14289,589,8.08,6,885.71,112.82,41.78,29.09,8.35
1429,445,11.47,6,675.8,70.88,43.57,26.62,6.93
14290,703,14.040000000000001,7,1178.51,149.69,62.15,35.14,8.73
14291,227,5.9399999999999995,5,503.75,44.42,28.55,23.490000000000002,4.29
14292,360,7.91,7,705.7,68.42,36.22,32.519999999999996,7.79
14293,628,12.17,10,939.73,107.57000000000001,41.66,36.91,10.88
14294,711,22.07,15,1192.93,83.09,74.67,61.04,9.99
14295,472,12.21,8,878.9000000000001,77.01,48.91,40.35,7.33
14296,717,20.01,6,1220.7,105.22999999999999,70.0,56.75,13.05
14297,386,6.86,6,708.98,65.89999999999999,35.56,33.96,5.71
14298,403,14.4,6,745.9,54.74,49.42,36.37,4.81
14299,362,9.61,5,774.24,55.78,46.22,39.28,5.98
1430,419,6.63,4,616.4,90.63000000000001,24.189999999999998,19.21,8.23
14300,1007,27.41,6,1719.75,181.63,101.28999999999999,62.11,7.79
14301,237,9.95,5,467.94,16.02,35.65,26.82,3.7600000000000002
14302,488,7.0200000000000005,4,605.25,94.21000000000001,21.24,15.59,4.99
14303,500,11.299999999999999,8,891.9,87.67,47.23,37.63,8.69
14304,398,6.140000000000001,4,515.1,72.06,23.11,12.8,3.84
14305,408,9.81,7,691.3199999999999,69.78,34.68,30.39,4.64
14306,421,13.01,7,875.01,65.42,58.39,41.45,8.06
14307,542,9.979999999999999,5,825.37,109.73,45.260000000000005,21.990000000000002,5.140000000000001
14308,385,12.59,6,605.99,44.42,44.96,27.21,10.33
14309,620,16.48,8,1072.29,95.91,53.82,53.46,14.1
1431,461,11.26,4,902.5,80.08,56.269999999999996,37.9,4.47
14310,358,9.44,7,701.54,56.31999999999999,36.28,35.24,6.26
14311,367,7.58,5,526.65,63.099999999999994,26.119999999999997,17.369999999999997,4.09
14312,444,8.27,10,756.1,81.49,37.08,30.78,6.89
14313,372,11.16,6,570.25,55.17,40.04,19.98,5.0600000000000005
14314,400,9.459999999999999,5,450.61,54.7,33.55,11.54,2.29
14315,265,9.780000000000001,5,326.35,19.419999999999998,27.439999999999998,15.200000000000001,3.04
14316,556,8.81,4,1018.04,111.06,55.11,39.4,8.48
14317,412,12.56,8,620.02,48.13,36.33,31.64,6.36
14318,340,7.95,5,397.76,44.28,23.549999999999997,13.629999999999999,4.12
14319,615,15.42,7,876.35,103.07000000000001,59.370000000000005,25.26,9.0
1432,389,11.48,6,702.4,64.18,47.5,28.69,6.26
14320,161,7.08,3,238.7,8.05,21.799999999999997,12.450000000000001,1.6099999999999999
1433,447,10.549999999999999,5,759.8,73.49,49.05,30.88,5.37
1434,249,5.419999999999999,5,381.7,45.86,19.98,14.34,5.57
1435,429,8.06,6,743.9,92.06,35.36,26.279999999999998,7.6000000000000005
1436,467,11.57,5,881.7,92.81,47.379999999999995,36.01,9.35
1437,554,13.45,6,825.1,95.85,47.17,31.04,10.37
1438,389,5.82,4,463.7,72.66,23.25,8.97,7.13
1439,481,8.709999999999999,5,734.9000000000001,89.58000000000001,38.07,23.900000000000002,5.36
1440,475,7.74,4,704.1999999999999,99.78,28.82,22.66,9.98
1441,526,8.42,4,744.9,103.9,33.89,23.119999999999997,10.69
1442,403,12.370000000000001,4,626.16,32.269999999999996,51.07,32.22,7.78
1443,601,11.99,6,795.26,104.74,42.94,23.09,9.76
1444,581,10.44,4,916.4,116.13,46.03,31.96,6.67
1445,739,15.370000000000001,6,959.12,123.59,45.89,32.65,14.48
1446,581,10.959999999999999,4,918.4,121.89999999999999,41.1,30.72,11.54
1447,500,10.88,6,645.3,73.6,38.74,22.65,10.15
1448,334,6.9,4,590.7,63.71,34.88,21.24,6.56
1449,600,20.85,10,915.96,55.86,74.03,47.71,13.44
1450,446,0.85,1,579.8,125.77,12.04,1.34,1.78
1451,431,8.15,7,707.61,86.11,34.38,26.39,8.88
1452,190,4.21,4,376.9,38.120000000000005,22.07,14.37,3.15
1453,633,10.98,5,903.48,121.59,42.24,28.54,10.89
1454,340,9.12,6,671.8,53.71,43.96,32.17,6.04
1455,347,7.51,6,514.9,52.58,31.59,20.1,6.49
1456,699,12.459999999999999,5,933.48,118.53999999999999,50.019999999999996,30.23,12.670000000000002
1457,464,9.25,4,820.2,95.6,39.33,32.269999999999996,11.85
1458,422,7.35,4,613.1,85.56,26.2,19.16,4.8100000000000005
1459,525,7.74,6,666.75,104.59,28.05,16.06,9.18
1460,384,7.9,6,561.2,69.74,28.41,18.87,6.109999999999999
1461,342,6.81,7,529.91,63.15,27.91,19.68,8.49
1462,339,8.01,4,555.1,60.61,32.75,20.18,6.02
1463,521,7.420000000000001,5,856.38,119.63000000000001,36.45,23.98,6.43
1464,513,12.620000000000001,5,805.35,84.9,48.0,30.76,9.61
1465,717,12.719999999999999,6,1122.31,149.76999999999998,49.83,36.54,9.69
1466,447,8.4,6,496.65999999999997,62.64,26.79,17.919999999999998,11.379999999999999
146606,312,11.33,3,630.4,35.47,41.08,33.97,7.050000000000001
146607,506,9.44,8,629.52,90.03,26.55,18.42,8.35
146608,294,7.48,5,469.95,49.39,25.02,18.33,4.18
146609,176,7.119999999999999,3,255.57999999999998,18.0,17.08,11.43,3.54
146610,479,7.42,4,631.45,78.14,32.6,19.5,4.99
146611,485,10.48,4,736.9000000000001,76.84,46.22,24.77,5.779999999999999
146612,537,23.78,5,1152.4,65.85,71.0,63.82,10.34
146613,557,14.51,6,790.47,87.53999999999999,52.34,24.15,6.63
146614,308,8.31,4,398.97,33.15,34.46,12.67,2.5700000000000003
146615,206,4.42,4,270.55,37.85,12.6,8.65,5.08
146616,278,8.75,3,574.1,56.66,29.790000000000003,27.15,6.65
146617,472,9.71,5,853.5,109.86,36.59,30.07,8.04
146618,420,4.94,5,460.20000000000005,79.85000000000001,12.89,9.85,6.029999999999999
146619,701,14.37,8,944.88,120.36999999999999,48.54,29.03,10.14
146620,627,13.1,9,912.85,106.49,54.76,27.06,7.13
146621,446,8.19,7,642.67,95.74,28.54,15.95,8.079999999999998
146622,446,16.29,6,871.4,65.88,53.89,42.01,4.779999999999999
146623,468,10.43,5,760.25,67.05,53.629999999999995,28.11,4.12
146624,200,2.54,3,147.8,28.16,5.5600000000000005,1.97,2.49
146625,466,7.45,5,633.35,92.63,23.59,19.11,5.6899999999999995
146626,588,9.36,8,716.46,100.91,29.18,21.43,8.23
146627,351,11.52,4,557.2,54.160000000000004,28.89,23.53,4.74
146628,565,13.65,7,971.4100000000001,108.99,47.71,37.09,6.59
146629,807,18.71,9,1296.55,137.85,76.65,44.87,8.02
146630,421,7.6,7,621.19,75.22,28.92,22.57,6.6
146631,338,9.83,5,508.03,34.88,40.0,22.310000000000002,5.430000000000001
146632,447,8.45,3,676.6,85.6,32.85,20.72,6.68
146633,292,10.16,4,459.3,23.57,42.0,20.35,3.64
146634,79,2.24,2,119.4,9.95,7.96,5.18,2.37
146635,428,17.259999999999998,8,701.3100000000001,47.28,43.730000000000004,35.62,5.359999999999999
146636,312,8.77,7,424.38,33.35,36.66,14.709999999999999,4.27
146637,450,9.56,6,560.1,72.94,26.98,15.5,3.85
146638,228,5.68,3,429.4,51.79,18.93,17.46,4.52
146639,419,10.0,4,664.9,89.37,31.61,17.9,3.4
146640,371,8.98,5,599.78,65.41,40.379999999999995,17.7,3.77
146641,617,9.91,5,853.65,128.19,33.51,23.43,7.180000000000001
146642,294,11.12,4,552.8,30.419999999999998,48.06,23.64,2.71
146643,567,13.62,6,925.9,96.75,47.76,35.42,8.120000000000001
146644,363,10.01,5,760.7,70.36,39.8,37.91,5.44
146645,340,4.95,5,397.5,52.330000000000005,17.59,13.7,3.73
146646,411,5.87,4,683.0,94.41999999999999,24.9,22.38,3.5300000000000002
146647,392,5.47,4,589.45,107.28,15.89,10.06,5.43
146648,557,10.45,6,792.5799999999999,113.53999999999999,30.41,25.4,7.619999999999999
146649,526,4.890000000000001,3,665.2,120.18,17.22,11.46,5.8
146650,613,12.18,6,773.35,99.84,36.16,23.330000000000002,5.89
146651,567,16.6,8,996.21,102.52,53.57,39.32,9.05
146652,473,9.75,6,678.4,90.64,26.8,23.9,7.4
146653,444,15.19,6,677.28,59.9,50.269999999999996,26.81,8.379999999999999
146654,515,7.92,7,761.25,116.08,26.97,20.83,6.71
146655,387,10.379999999999999,6,397.7,42.55,29.79,10.29,4.52
146656,529,6.71,3,684.55,111.55,24.9,13.53,4.84
146657,261,7.370000000000001,5,352.12,43.1,17.189999999999998,11.31,2.43
146658,481,13.47,4,764.8,90.12,36.92,25.42,3.1
146659,575,10.799999999999999,6,704.6,103.63,31.48,16.32,6.04
146660,595,11.23,7,865.94,111.74,35.52,31.59,8.32
146661,592,13.24,5,720.25,97.12,31.64,21.0,7.199999999999999
146662,479,12.4,6,772.4,70.21000000000001,53.84,28.63,7.33
146663,407,10.48,3,569.7,72.11999999999999,27.93,16.6,2.2399999999999998
146664,1210,27.61,5,1823.15,183.02,117.97999999999999,67.57,12.28
146665,981,43.959999999999994,5,1797.7,109.19,158.68,76.48,14.400000000000002
146666,439,12.350000000000001,5,728.76,85.77000000000001,30.77,27.18,4.41
146667,466,5.95,5,572.73,95.22999999999999,20.43,11.450000000000001,5.15
146668,615,20.2,5,974.45,109.16,42.58,40.04,10.5
146669,524,10.77,5,820.5,78.43,57.47,27.79,4.83
146670,686,17.02,7,843.8199999999999,90.00999999999999,48.06,28.9,9.68
146671,405,9.969999999999999,8,619.44,53.56,46.11,22.54,3.98
146672,460,11.3,5,624.45,75.22,32.8,19.68,5.789999999999999
146673,519,10.64,4,898.1,111.14,44.25,29.240000000000002,5.49
146674,457,8.61,4,628.5699999999999,96.57,22.299999999999997,14.85,4.3100000000000005
146675,560,11.32,6,686.15,76.68,35.9,24.75,6.140000000000001
146676,612,11.370000000000001,6,726.89,105.88,32.74,17.29,7.380000000000001
146677,375,7.25,4,559.75,58.12,40.519999999999996,15.89,1.8599999999999999
146678,486,10.27,7,735.0,84.81,46.77,21.689999999999998,6.24
146679,414,8.91,9,610.74,75.17,30.81,19.61,5.29
146680,240,7.290000000000001,9,364.18,26.259999999999998,22.88,19.28,4.57
146681,380,6.52,6,580.35,73.82,26.25,19.97,5.65
146682,816,22.47,8,1207.02,131.04999999999998,61.11,49.53,8.1
146683,444,16.990000000000002,11,590.17,48.660000000000004,47.760000000000005,22.3,5.63
146684,632,11.540000000000001,9,984.95,135.93,40.99,30.41,8.84
146685,262,4.3100000000000005,4,289.61,47.27,12.08,5.5,3.71
146686,442,8.67,6,635.9,75.48,31.32,22.5,6.52
146687,198,5.6899999999999995,3,131.34,12.709999999999999,9.559999999999999,4.21,3.96
146688,352,9.51,8,464.86,47.81,33.64,15.79,5.83
146689,516,20.5,5,856.15,60.82,64.28,38.41,3.9299999999999997
146690,741,13.17,7,1069.5,136.89000000000001,58.480000000000004,30.8,9.43
146691,403,10.99,9,624.32,55.64,44.11,24.95,6.45
146692,238,6.43,6,389.61,44.839999999999996,22.66,12.98,2.0700000000000003
1467,380,7.869999999999999,5,564.2,70.88,28.87,20.169999999999998,9.21
1468,505,8.41,4,707.4,101.45,26.72,25.17,12.64
1469,343,7.76,5,550.4,54.45,36.88,20.220000000000002,5.5600000000000005
1470,630,10.209999999999999,7,873.4200000000001,127.73,38.29,23.25,8.07
1471,600,10.81,7,825.12,98.96000000000001,49.3,26.5,8.799999999999999
1472,290,4.96,4,388.0,56.18000000000001,16.97,12.459999999999999,8.809999999999999
1473,340,6.65,6,427.68,53.52,23.98,14.149999999999999,7.75
1474,483,8.07,6,795.0999999999999,100.5,40.58,26.509999999999998,6.76
1475,512,8.89,5,768.52,94.61,41.1,26.24,6.78
1476,324,5.32,5,456.57,66.94,18.77,13.540000000000001,5.14
1477,507,9.35,5,638.33,84.84,34.11,19.41,8.24
1478,537,10.48,6,850.6600000000001,97.49000000000001,45.18,34.16,10.64
1479,561,13.42,5,970.6,96.42,57.980000000000004,40.71,16.08
1480,430,12.91,5,774.1,62.36,52.18,35.68,5.66
1481,484,10.68,8,787.9300000000001,86.75,44.559999999999995,31.25,10.49
1482,470,13.149999999999999,5,904.8,78.91999999999999,59.36,40.33,9.26
1483,541,9.25,5,816.5,101.3,46.87,23.97,6.87
1484,358,8.92,6,526.65,54.51,31.85,20.03,5.7
1485,381,7.86,6,618.9,67.58,36.84,24.35,7.74
1486,489,10.870000000000001,7,773.8,74.46000000000001,49.37,31.26,8.86
1487,383,7.200000000000001,3,625.3,66.11,38.62,23.85,3.83
1488,280,6.66,3,587.6,57.62,34.56,22.8,4.09
1489,572,9.4,4,937.5,124.35000000000001,41.089999999999996,31.66,12.879999999999999
1490,487,8.28,6,792.26,99.64,41.75,25.22,8.23
1491,391,7.48,7,542.7,65.22999999999999,30.18,17.97,6.18
1492,392,8.26,5,678.45,79.83,30.32,29.05,10.9
1493,564,13.1,4,954.9,111.75999999999999,47.9,36.99,9.790000000000001
1494,422,8.57,4,711.3,85.55,32.629999999999995,30.259999999999998,9.79
1495,550,13.059999999999999,6,856.96,88.33,50.480000000000004,34.97,7.37
1496,298,6.529999999999999,5,525.3,60.17,26.12,21.669999999999998,7.82
1497,553,13.12,5,900.23,97.28999999999999,48.07,36.88,7.62
1498,248,8.37,6,454.57,34.07,29.52,23.8,6.3100000000000005
1499,530,10.77,6,828.77,100.44,41.08,30.62,9.65
1500,283,7.409999999999999,5,482.16,47.510000000000005,25.65,21.919999999999998,5.28
1501,766,11.08,6,1025.8200000000002,157.84,40.620000000000005,25.18,9.19
1502,466,8.030000000000001,4,609.9300000000001,91.38,26.310000000000002,15.83,9.07
1503,495,8.620000000000001,9,661.28,89.16999999999999,31.82,21.21,7.89
1504,415,8.77,5,578.29,75.07,25.13,21.42,7.72
1505,518,10.92,4,924.5,113.69,40.11,35.82,13.24
1506,361,6.44,5,541.36,67.75,28.08,19.14,4.779999999999999
1507,2268,9.48,5,2927.53,603.21,71.23,20.64,18.1
1508,237,7.16,3,334.62,27.15,22.56,16.84,4.76
1509,406,5.7299999999999995,5,572.01,85.15,24.14,15.11,7.73
1510,442,6.96,4,612.5999999999999,84.87,28.14,16.259999999999998,5.57
1511,599,10.28,8,850.6600000000001,111.02,43.84,26.79,7.72
1512,243,7.930000000000001,6,453.12,29.96,32.120000000000005,23.9,5.49
1513,287,5.16,3,404.53,62.05,11.75,13.92,8.37
1514,347,7.16,4,659.1,76.24,32.5,24.43,6.6000000000000005
1515,561,9.27,7,884.61,111.78999999999999,43.81,29.32,6.82
1516,363,8.6,6,641.84,67.94,34.17,27.849999999999998,9.66
1517,313,6.7299999999999995,3,293.35,42.59,16.4,6.42,6.68
1518,436,9.16,5,822.3,87.15,43.58,34.25,8.12
1519,521,13.030000000000001,5,873.0,93.11,50.43,32.72,11.5
1520,237,8.129999999999999,4,489.05,36.45,31.78,24.05,6.89
1521,226,4.59,4,195.89000000000001,21.02,12.83,8.74,5.88
1522,425,10.22,4,645.95,75.11,31.77,26.25,11.77
1523,298,6.16,4,527.7,64.89,24.36,19.32,6.779999999999999
1524,223,3.7800000000000002,4,368.5,46.56,18.02,11.59,2.83
1525,430,6.6499999999999995,5,558.5,85.87,22.46,14.25,7.38
1526,607,11.15,6,1026.6,125.07,50.75,37.68,9.77
1527,537,11.989999999999998,5,958.6500000000001,97.35,52.64,41.53,6.8
1528,413,7.02,5,646.87,87.21000000000001,27.02,20.9,7.5
1529,702,11.530000000000001,5,1127.56,150.31,57.06,31.159999999999997,10.33
1530,517,9.69,3,1051.2,112.13,56.910000000000004,41.09,7.22
1531,547,7.42,3,538.83,98.71000000000001,16.14,9.36,9.49
1532,532,11.65,6,919.5999999999999,96.82,48.91,38.36,9.469999999999999
1533,648,7.94,5,886.75,142.44,32.04,23.080000000000002,10.95
1534,306,5.91,3,429.72,63.949999999999996,12.780000000000001,15.79,9.56
1535,471,7.84,5,680.0,86.84,35.56,22.52,9.57
1536,514,10.19,3,847.3,113.18,32.08,32.49,11.43
1537,253,5.11,7,348.49,45.32,16.34,12.24,6.4799999999999995
1538,488,11.73,4,886.12,90.95,48.88,36.09,5.2
1539,314,7.37,5,382.4,31.869999999999997,28.029999999999998,18.75,8.14
1540,304,4.8100000000000005,4,363.25,56.25,18.66,7.38,6.35
1541,318,6.42,4,322.02,42.620000000000005,20.52,8.31,7.4799999999999995
1542,150,0.28,1,195.0,42.3,4.05,0.45,0.6
1543,432,5.34,4,678.33,97.06,30.23,19.46,5.8
1544,1774,23.689999999999998,4,1712.1999999999998,261.2,105.88999999999999,43.86,58.85
1545,618,7.4399999999999995,4,737.3,135.03,22.84,12.3,10.91
1546,325,5.3100000000000005,3,399.78000000000003,63.83,18.48,7.34,5.2700000000000005
1547,247,6.94,5,344.5,32.33,23.09,14.870000000000001,5.4
1548,529,12.31,5,765.53,91.67000000000002,44.24,24.93,8.93
1549,298,6.2299999999999995,4,423.1,50.54,20.48,18.98,9.39
1550,441,9.97,7,798.96,83.85,40.96,33.51,9.629999999999999
1551,138,3.52,1,165.6,14.9,6.21,9.94,4.97
1552,623,9.52,4,1076.3,136.65,54.1,34.83,10.36
1553,436,13.91,6,666.9,75.4,39.46,22.889999999999997,7.430000000000001
1554,378,8.91,4,742.2,86.2,39.82,25.48,6.73
1555,422,15.31,6,639.6,69.03999999999999,44.47,20.86,5.38
1556,428,9.03,6,672.6,73.43,32.5,27.31,9.73
1557,448,9.47,6,642.5,66.38,32.86,27.79,10.41
1558,344,17.740000000000002,5,722.2,56.3,47.14,35.04,9.870000000000001
1559,392,13.389999999999999,4,529.0,75.76,27.02,13.45,5.46
1560,487,17.58,8,997.7,86.1,63.65,44.67,12.83
1561,601,21.43,5,1211.6,74.92,95.31,59.56,12.4
1562,368,7.390000000000001,7,590.6,79.08,28.04,17.8,7.26
1563,589,26.64,6,1030.2,77.68,83.39,45.370000000000005,12.97
1564,377,8.19,4,622.9,71.65,30.63,22.83,6.58
1565,373,13.25,4,544.8,61.489999999999995,28.32,22.91,12.42
1566,597,20.89,6,821.6,77.37,64.31,29.34,8.12
1567,280,9.12,4,497.20000000000005,50.8,29.39,19.18,2.87
1568,413,13.33,8,644.1,52.150000000000006,51.38,26.17,4.91
1569,521,11.52,8,860.8,91.75,45.88,34.6,11.24
1570,393,24.45,7,669.6,32.29,64.43,33.27,5.4
1571,447,6.06,6,728.3,98.09,32.2,22.060000000000002,6.4
1572,413,13.23,6,666.7,69.24000000000001,38.59,25.83,7.8100000000000005
1573,384,14.52,4,737.4000000000001,66.52,45.120000000000005,30.930000000000003,4.7
1574,462,13.83,5,1043.1,79.1,66.28999999999999,50.08,7.739999999999999
1575,500,17.2,5,892.1,101.46000000000001,46.82,32.91,7.81
1576,383,12.84,6,733.0,67.85,44.18,31.13,6.96
1577,311,11.42,6,635.5,30.07,51.63,34.620000000000005,6.84
1578,528,19.41,4,1001.9000000000001,75.41,66.9,47.61,7.63
1579,629,11.09,5,1028.5,131.99,49.99,31.31,8.19
1580,370,11.68,5,812.6,58.88,55.14,37.9,6.16
1581,552,16.12,10,917.8,83.08,62.61,37.050000000000004,8.92
1582,522,11.93,4,925.5999999999999,96.62,55.39,34.21,7.29
1583,291,12.94,5,610.5999999999999,39.9,43.05,31.93,7.6
1584,315,8.93,3,666.0,30.58,47.64,39.209999999999994,8.530000000000001
1585,250,12.530000000000001,5,400.1,26.31,29.950000000000003,20.33,5.99
1586,659,15.14,9,1080.1,125.23,57.92,37.08,10.66
1587,403,10.94,6,687.3,81.32000000000001,37.92,23.09,7.4399999999999995
1588,561,12.84,8,826.7,110.54,40.43,23.830000000000002,7.609999999999999
1589,800,14.39,5,1226.1,142.16,60.730000000000004,45.21,14.4
1590,457,13.01,4,671.0,74.85,37.04,24.69,8.28
1591,668,37.989999999999995,4,1418.2,91.56,92.66,76.83,18.34
1592,388,9.85,4,626.4,54.55,38.29,27.89,8.55
1593,631,33.59,5,1344.3,81.05,106.84,64.11,10.58
1594,385,7.59,3,636.7,81.45,37.95,16.41,2.6799999999999997
1595,604,15.96,6,924.2,113.44000000000001,43.09,33.07,11.42
1596,420,8.459999999999999,6,663.5,86.55,30.04,21.74,9.15
1597,361,7.550000000000001,5,577.7,74.38,27.64,18.32,7.36
1598,391,16.85,4,677.7,82.78999999999999,36.66,22.830000000000002,6.8
1599,427,11.81,6,725.8,80.44,39.68,26.6,5.72
1600,377,13.22,6,621.5,62.91,35.21,25.72,8.690000000000001
1601,502,24.59,5,989.6,83.8,63.76,43.64,6.45
1602,366,5.4399999999999995,5,491.9,62.519999999999996,22.950000000000003,16.5,6.74
1603,272,11.22,6,517.2,32.07,43.56,23.95,5.31
1604,411,8.81,4,710.5,86.33,31.630000000000003,26.16,9.3
1605,408,7.26,4,702.7,73.8,37.39,28.189999999999998,8.36
1606,319,5.83,5,557.1,66.52,26.59,20.6,6.15
1607,436,13.370000000000001,5,633.9,74.91,32.76,22.49,6.82
1608,449,7.460000000000001,5,656.4,91.91,30.05,18.02,6.34
1609,389,14.58,6,764.0999999999999,57.9,52.31,35.49,6.7
1610,646,13.95,5,1145.3,84.12,70.33,57.4,14.27
1611,283,14.24,5,460.4,21.16,35.61,26.67,6.51
1612,153,3.26,3,199.0,27.07,10.93,5.010000000000001,2.5
1613,516,14.18,4,835.0,105.5,40.82,27.400000000000002,5.6
1614,510,15.85,7,1015.5999999999999,107.47,57.45,39.89,12.16
1615,526,16.65,7,770.8,74.82,45.89,31.9,10.51
1616,441,11.41,6,609.8,72.97,32.82,20.52,7.24
1617,434,11.66,5,634.9,87.22,28.6,18.919999999999998,6.3100000000000005
1618,557,7.989999999999999,4,687.4000000000001,111.22,21.310000000000002,18.04,11.58
1619,584,13.78,5,911.7,85.19,57.04,36.550000000000004,11.42
1620,845,23.65,8,1684.2,156.63,107.17,68.65,14.69
1621,234,9.0,5,417.9,45.38,23.84,15.22,3.12
1622,319,7.87,3,593.7,70.42,33.599999999999994,19.11,5.52
1623,671,13.89,7,1134.1,134.42,58.339999999999996,39.06,12.620000000000001
1624,498,9.03,6,738.4000000000001,96.21000000000001,35.45,22.38,7.79
1625,402,13.64,6,713.4000000000001,68.54,41.29,31.99,13.61
1626,509,20.1,4,943.7,84.47,66.35000000000001,36.42,6.9
1627,497,9.4,6,870.5,99.28999999999999,43.54,33.61,10.98
1628,572,20.65,4,1585.7,87.55,111.32000000000001,87.3,12.0
1629,412,14.5,6,804.4,83.1,46.66,31.93,9.4
1630,704,16.0,8,1064.1,108.44,59.24,43.75,14.58
1631,380,10.6,6,687.8,54.52,41.58,34.4,10.48
1632,386,7.69,4,679.2,72.3,33.92,28.07,6.8
1633,566,11.79,5,996.4,89.64,57.31,45.31999999999999,10.79
1634,655,14.379999999999999,7,995.9,122.39999999999999,47.13,34.49,12.06
1635,519,25.66,5,776.2,83.07,47.11,29.8,8.52
1636,489,26.07,4,964.7,94.46,60.52,37.93,5.04
1637,377,10.54,6,665.9,76.34,34.07,24.759999999999998,7.81
1638,527,17.419999999999998,7,891.2,99.47,48.74,33.57,12.389999999999999
1639,384,6.87,4,685.4000000000001,80.8,33.31,25.17,6.5600000000000005
1640,460,15.09,4,564.2,68.78999999999999,32.29,17.880000000000003,7.09
1641,489,15.08,7,880.4,91.07,50.26,35.6,10.68
1642,465,11.57,6,860.2,104.09,44.05,28.88,5.78
1643,203,9.56,6,484.70000000000005,24.92,36.79,26.53,5.09
1644,478,10.1,3,931.2,101.67,53.49,32.79,4.82
1645,432,11.68,8,766.0,65.3,44.870000000000005,36.05,10.459999999999999
1646,730,11.629999999999999,5,1248.9,155.63,62.5,40.52,11.28
1647,453,0.86,1,588.9,127.75,12.23,1.36,1.81
1648,874,20.12,6,1464.4,193.51999999999998,68.19,44.42,12.0
1649,587,9.280000000000001,4,888.5999999999999,98.17,47.9,33.01,9.91
1650,722,22.97,5,1058.1,107.89,58.900000000000006,44.38,15.77
1651,423,8.88,4,813.4,90.53999999999999,41.86,30.16,7.859999999999999
1652,378,4.67,3,458.5,82.05,17.36,5.99,4.51
1653,458,12.34,7,742.6,80.18,40.08,29.130000000000003,8.13
1654,477,14.18,6,684.3,80.99,35.79,23.849999999999998,7.3
1655,566,7.720000000000001,4,789.9,133.64,26.85,17.32,12.58
1656,595,17.56,7,1107.2,116.63,62.55,42.11,10.88
1657,544,18.04,5,1092.4,98.52,64.63,48.120000000000005,7.47
1658,434,17.240000000000002,7,922.5,78.18,59.19,40.68,8.14
1659,406,7.0200000000000005,5,671.5,85.39,30.29,22.21,5.859999999999999
1660,547,12.16,6,1048.2,112.65,63.12,36.82,5.9399999999999995
1661,634,14.75,5,1238.9,120.45,67.89,54.53000000000001,14.21
1662,407,8.84,5,551.9,72.13,27.14,17.61,9.14
1663,652,15.27,5,1026.2,117.33000000000001,63.04,33.47,10.74
1664,421,9.9,4,822.8,93.30000000000001,40.93,31.21,9.31
1665,369,7.8,4,453.8,57.0,22.7,16.33,12.45
1666,390,7.82,4,722.4,70.22,42.83,28.909999999999997,5.54
1667,245,4.489999999999999,3,403.5,45.55,22.1,14.52,3.54
1668,245,11.85,3,426.6,49.120000000000005,24.21,14.999999999999998,3.52
1669,583,12.76,5,943.8,121.71000000000001,45.599999999999994,29.06,7.95
1670,485,19.37,6,1004.7,98.67,60.04,40.7,9.92
1671,378,11.06,5,812.6999999999999,74.55,51.04,32.92,5.41
1672,352,7.68,6,678.6,63.129999999999995,38.199999999999996,29.63,6.48
1673,320,5.35,4,533.6,62.49,26.02,18.86,5.7299999999999995
1674,359,33.23,2,1045.9,24.14,91.22,65.92,4.24
1675,509,19.02,5,978.3,83.38,61.3,44.39,7.8
1676,1070,25.43,7,1576.3000000000002,213.77999999999997,71.67,49.11,19.650000000000002
1677,502,14.29,5,765.0,90.14,45.95,24.47,5.42
1678,474,15.17,6,775.3,86.17,50.839999999999996,25.49,7.5200000000000005
1679,341,12.13,9,630.4,49.07,46.09,28.55,6.37
1680,366,14.139999999999999,7,699.7,62.230000000000004,44.85,30.11,6.26
1681,456,16.46,9,792.1,66.36,55.93,34.12,6.94
1682,906,24.52,6,1305.6,172.18,75.19,34.9,12.4
1683,584,21.599999999999998,6,900.2,82.47,75.42,30.619999999999997,5.03
1684,533,8.34,4,655.4,105.69,21.84,16.78,12.01
1685,511,17.599999999999998,7,941.4,96.31,55.94,36.8,8.61
1686,475,12.41,8,712.4,83.6,38.86,24.22,7.85
1687,500,14.81,6,769.0,101.88,40.410000000000004,22.13,8.26
1688,910,25.8,6,1552.6,156.18,90.23,61.809999999999995,13.52
1689,452,12.06,7,870.2,77.0,52.260000000000005,38.28,9.56
1690,358,12.13,6,632.8,57.95,42.379999999999995,26.23,5.47
1691,515,12.61,4,658.5,98.0,37.4,12.8,3.92
1692,565,20.44,7,1045.3,90.69,72.28,43.98,8.48
1693,678,23.94,9,1308.3,108.11000000000001,88.35,56.92,12.16
1694,537,17.26,4,678.8,52.730000000000004,45.45,31.87,11.67
1695,176,1.66,2,223.2,39.89,5.76,4.390000000000001,2.5
1696,542,15.48,5,936.2,105.99000000000001,48.31,36.21,10.27
1697,456,12.059999999999999,6,735.8,64.47,57.74,27.13,5.109999999999999
1698,379,14.11,5,642.6,73.76,35.15,23.02,6.3
1699,454,8.83,8,717.1,94.48,34.92,21.27,5.859999999999999
1700,544,15.33,6,954.5,100.14,50.99,39.160000000000004,10.93
1701,426,15.03,5,836.7,66.55,53.03,39.89,7.52
1702,490,12.040000000000001,8,714.7,81.6,41.6,25.35,7.84
1703,395,14.59,5,729.1,74.98,39.39,29.990000000000002,7.6899999999999995
1704,534,9.0,4,857.8,97.30000000000001,49.19,28.44,6.33
1705,296,9.77,6,433.2,39.6,33.28,15.74,3.36
1706,405,14.17,6,707.1,45.89,51.83,35.47,8.9
1707,624,19.39,5,1230.4,133.2,66.93,46.38,9.32
1708,541,13.35,7,817.0,99.16,40.62,28.08,9.14
1709,209,7.33,5,461.7,39.83,27.3,21.68,6.89
1710,353,11.08,6,715.9,58.400000000000006,43.58,33.46,9.1
1711,378,11.22,7,686.3,72.01,38.49,27.240000000000002,7.42
1712,538,9.35,5,865.9,122.92999999999999,34.34,26.43,11.97
1713,397,12.989999999999998,6,713.1,68.47999999999999,44.18,28.59,5.68
1714,565,10.08,4,801.7,109.63,44.089999999999996,21.71,8.780000000000001
1715,336,14.51,6,495.1,26.599999999999998,41.980000000000004,25.46,7.12
1716,409,6.57,4,633.0,66.57,32.25,26.12,7.87
1717,271,9.889999999999999,5,498.2,28.96,42.29,24.0,5.890000000000001
1718,336,12.1,7,517.0,51.620000000000005,31.65,20.5,6.43
1719,452,15.57,11,765.5,70.86,52.65,30.34,6.86
1720,659,14.879999999999999,5,1255.1,133.16,70.19,48.370000000000005,11.129999999999999
1721,413,9.47,6,621.9,68.82,38.4,21.06,6.38
1722,343,11.360000000000001,7,605.1,50.19,38.02,27.42,6.8
1723,425,9.33,7,713.5,72.87,46.19,26.09,6.9
1724,467,13.040000000000001,8,891.7,73.69,52.27,42.410000000000004,10.77
1725,539,11.19,6,993.6,104.24,54.47,38.28,9.39
1726,203,7.51,6,507.4,27.830000000000002,34.379999999999995,28.32,5.51
1727,406,9.65,6,704.4,61.04,43.65,30.28,7.7299999999999995
1728,454,11.68,7,873.1,91.5,48.29,33.74,6.82
1729,277,0.53,1,360.1,78.11,7.48,0.83,1.11
1730,531,10.19,6,947.5,103.75999999999999,51.43,34.4,8.1
1731,349,8.42,6,613.8,56.239999999999995,43.28,23.64,4.65
1732,322,9.58,6,647.7,58.41,39.35,27.02,4.82
1733,416,14.809999999999999,7,864.0999999999999,67.82,56.66,39.62,7.449999999999999
1734,503,9.059999999999999,4,868.5,105.12,40.66,31.580000000000002,9.41
1735,536,12.24,7,901.7,97.88,47.47,35.61,10.4
1736,336,8.26,2,483.6,55.32,19.810000000000002,22.58,12.629999999999999
1737,460,14.06,5,799.1,87.69,42.67,31.1,7.0
1738,611,12.27,6,1067.0,117.09,62.76,39.14,11.860000000000001
1739,396,13.01,5,640.1999999999999,37.94,44.28,35.019999999999996,11.21
1740,482,12.31,7,770.7,88.99,45.0,26.35,6.55
1741,378,8.49,8,604.6,66.36,34.4,23.33,8.139999999999999
1742,118,2.44,2,190.20000000000002,22.47,9.440000000000001,7.45,4.3500000000000005
1743,260,5.6000000000000005,6,447.70000000000005,44.69,24.93,18.07,4.98
1744,316,7.88,4,557.2,45.17,32.56,28.43,10.4
1745,484,12.84,5,862.1,83.66,49.019999999999996,35.67,9.43
1746,228,8.14,4,486.8,20.96,36.04,28.8,6.01
1747,273,5.27,5,418.0,47.92,21.65,15.38,6.01
1748,319,17.68,5,735.2,49.010000000000005,54.63,35.58,5.05
1749,696,8.76,4,1084.5,141.4,48.71,34.730000000000004,9.57
1750,406,9.21,6,681.9,62.129999999999995,40.93,29.58,7.86
1751,406,8.8,4,799.1,83.97999999999999,42.49,30.82,6.84
1752,378,10.43,6,787.8000000000001,67.51,49.29,35.13,8.28
1753,446,7.51,7,656.5,79.94,32.239999999999995,22.66,7.91
1754,335,6.430000000000001,5,557.1,62.35000000000001,29.909999999999997,20.16,5.17
1755,552,12.98,7,1004.5,104.9,52.5,40.07,10.58
1756,426,25.41,2,1302.7,50.45,106.5,71.75,8.52
1757,389,10.8,6,795.5,64.91,51.230000000000004,35.52,7.29
1758,173,13.47,3,475.9,23.07,35.57,26.439999999999998,3.46
1759,298,15.69,6,660.9,31.63,48.27,38.33,7.16
1760,466,12.36,5,968.5,83.91,56.85,44.0,7.9
1761,409,17.3,5,706.4,50.480000000000004,55.839999999999996,30.86,5.1000000000000005
1762,938,23.31,7,1857.8,181.75,111.28,75.21000000000001,15.879999999999999
1763,494,10.86,5,929.7,82.89,59.64,38.52,6.38
1764,368,15.19,5,613.4,51.99,40.55,26.76,5.79
1765,368,14.57,5,633.2,62.230000000000004,39.94,24.82,6.06
1766,663,16.830000000000002,8,1288.5,111.89,83.53999999999999,55.16,11.76
1767,463,16.88,7,910.6,81.5,54.69,41.64,10.5
1768,413,4.26,5,573.1,94.63999999999999,19.47,12.47,7.15
1769,345,7.710000000000001,4,552.6,55.36,38.35,18.97,4.04
1770,543,14.020000000000001,6,943.9,108.78,49.559999999999995,34.42,10.129999999999999
1771,475,11.350000000000001,6,957.3,100.30000000000001,52.07,36.74,6.92
1772,594,11.34,4,1146.0,114.69999999999999,63.47,45.79,8.09
1773,235,7.25,7,469.70000000000005,41.03,28.34,21.169999999999998,4.96
1774,467,15.77,6,1006.1,70.11,68.56,50.41,11.32
1775,456,11.14,4,869.5999999999999,90.91999999999999,46.33,34.0,7.12
1776,498,10.43,4,948.3,116.00999999999999,48.91,30.02,6.4399999999999995
1777,463,11.15,5,872.3,100.14,47.269999999999996,30.279999999999998,7.970000000000001
1778,431,9.63,5,812.9,72.23,49.92,35.370000000000005,8.26
1779,342,11.25,7,663.8,48.54,43.8,33.33,9.28
1780,367,11.66,7,728.2,61.980000000000004,45.870000000000005,33.0,8.32
1781,459,10.040000000000001,6,808.0999999999999,84.52,48.32,30.96,7.27
1782,510,14.63,5,1127.8,102.72999999999999,69.09,46.54,7.1
1783,277,5.83,6,454.4,47.0,23.93,19.4,7.3500000000000005
1784,586,9.52,5,955.9,122.97,43.35,31.060000000000002,11.73
1785,465,11.36,4,854.5999999999999,90.39,41.73,35.55,10.3
1786,228,8.35,5,466.3,46.49,27.55,18.46,2.64
1787,334,8.22,4,682.5,50.53,42.66,33.0,6.26
1788,367,12.44,6,667.1,65.28,38.29,28.23,6.11
1789,204,8.77,1,652.8,20.4,51.0,40.8,4.08
1790,374,8.69,3,780.0999999999999,75.78,43.97,33.25,7.44
1791,232,7.96,3,405.2,53.61,20.21,13.07,5.859999999999999
1792,520,12.17,5,937.4,86.22999999999999,55.56,41.059999999999995,9.29
1793,588,11.41,4,1107.6,119.88,57.64,43.720000000000006,9.92
1794,735,10.11,5,1143.4,149.69,52.4,36.67,14.61
1795,792,26.34,6,1487.4,152.39,85.54,58.98,13.99
1796,83,3.57,1,265.6,8.3,20.75,16.6,1.66
1797,252,3.51,2,386.59999999999997,63.75,13.06,8.66,5.26
1798,751,34.519999999999996,5,1423.8,152.19,80.92999999999999,56.64,19.099999999999998
1799,1551,33.26,3,3031.7000000000003,328.55,175.23,107.36,15.77
1800,311,10.3,3,707.5,60.49,46.08,29.33,3.9499999999999997
1801,470,11.1,4,1019.3,103.91,56.01,40.29,6.92
1802,594,10.45,7,954.3,118.09,44.22,33.190000000000005,10.65
1803,1534,52.01,8,3975.0,193.60000000000002,293.46,223.75,27.87
1804,393,8.33,6,731.6,73.12,40.75,29.3,6.03
1805,287,4.7,5,467.2,53.7,23.5,17.45,6.32
1806,453,18.259999999999998,3,1002.5,92.48,60.28,41.120000000000005,4.12
1807,622,15.01,5,1165.2,138.95,58.66,42.34,14.459999999999999
1808,300,9.03,5,596.8,61.59,35.2,23.02,4.31
1809,574,12.23,5,1098.2,98.96,65.39,46.919999999999995,9.03
1810,141,7.84,1,493.5,21.15,35.25,28.2,2.82
1811,664,14.870000000000001,5,1279.8,115.45,72.3,57.07,11.66
1812,461,10.39,5,880.3,96.65,44.4,34.65,9.49
1813,260,8.39,4,413.8,45.33,23.13,16.06,6.34
1814,676,14.879999999999999,4,1246.9,108.87,71.78,55.42,13.75
1815,346,6.640000000000001,4,527.6999999999999,55.0,28.81,20.919999999999998,8.450000000000001
1816,601,11.709999999999999,4,1088.3,120.65,58.41,38.379999999999995,7.869999999999999
1817,711,10.8,3,1186.3,140.09,58.129999999999995,40.480000000000004,9.99
1818,503,8.24,5,925.5,112.13000000000001,45.53,31.360000000000003,6.68
1819,522,11.58,4,1086.9,101.56,62.300000000000004,45.52,7.0600000000000005
1820,471,18.95,6,1156.6,79.28999999999999,79.0,57.01,6.359999999999999
1821,383,7.12,6,624.7,75.96,29.71,22.21,7.5
1822,398,13.81,6,858.5,81.33,50.43,35.68,5.74
1823,278,8.59,5,645.6999999999999,50.04,42.089999999999996,30.74,6.04
1824,209,2.5999999999999996,2,361.9,53.53,14.79,8.7,1.49
1825,626,9.59,5,1029.6,134.72,47.14,33.24,12.64
1826,352,8.34,4,719.0,75.52,38.16,28.8,7.33
1827,421,12.309999999999999,5,953.0,71.47,59.08,45.95,8.36
1828,470,22.279999999999998,4,1208.6,81.53,81.47,59.53,5.7
1829,483,8.61,4,822.9,98.44,39.36,28.77,9.32
1830,500,8.28,4,766.1999999999999,117.87,27.61,21.26,12.84
1831,443,7.25,5,760.2,93.71000000000001,38.55,24.39,4.62
1832,324,11.16,4,753.2,32.6,53.06,45.160000000000004,8.36
1833,397,0.75,1,516.1,111.95,10.72,1.19,1.59
1834,542,13.25,4,1186.9,112.31,67.7,50.199999999999996,8.68
1835,513,9.98,3,963.5,100.88000000000001,51.11,36.76,7.26
1836,308,8.559999999999999,4,672.0,53.92,39.83,32.269999999999996,5.52
1837,617,15.45,3,1344.1,141.24,71.87,51.800000000000004,10.16
1838,781,12.19,5,1375.8,169.17000000000002,66.52,45.26,10.51
1839,299,9.02,5,640.3,36.660000000000004,43.129999999999995,35.25,8.48
1840,425,6.64,4,715.6,75.62,38.57,28.12,7.6
1841,406,9.36,6,709.8,60.0,43.0,33.32,11.639999999999999
1842,627,8.68,3,974.9,100.37,52.78,38.870000000000005,10.94
1843,404,9.2,3,813.2,76.13,45.78,33.84,6.12
1844,248,9.16,5,611.2,46.65,39.05,29.95,7.66
1845,459,10.24,4,865.4,85.45,46.82,35.65,9.35
1846,526,12.15,6,1070.5,116.27,57.28,40.83,9.959999999999999
1847,483,16.33,5,1162.9,66.33,77.71,63.28,10.3
1848,399,8.530000000000001,5,753.9,72.08,42.71,32.28,8.9
1849,73,1.1,1,87.6,4.38,5.84,5.11,2.19
1850,374,6.87,4,698.7,73.64,37.69,27.590000000000003,6.359999999999999
1851,278,6.76,4,558.1,61.16,29.61,22.5,8.27
1852,409,7.91,5,776.7,80.57,42.33,30.740000000000002,7.039999999999999
1853,470,13.88,6,1040.8,76.57,65.6,52.1,12.51
1854,942,154.49,1,2355.0,18.84,244.92,150.72,0.0
1855,648,22.599999999999998,4,1079.3,115.00999999999999,59.0,40.010000000000005,5.07
1856,563,8.3,3,1049.6,125.63000000000001,38.94,39.4,6.74
1857,161,9.290000000000001,2,454.3,13.23,38.12,26.37,2.22
1858,599,11.33,4,966.1,115.28999999999999,48.309999999999995,30.36,5.3
1859,531,15.72,5,998.1,93.57,46.129999999999995,47.03,11.06
1860,354,5.92,4,588.8,78.41,24.46,19.91,6.720000000000001
1861,422,6.99,4,682.4,83.1,30.39,23.73,6.42
1862,417,12.2,4,845.7,64.77,55.53,37.62,6.36
1863,743,16.67,6,1248.6,121.96000000000001,74.25,48.57,13.79
1864,423,13.28,6,820.9,73.45,46.160000000000004,37.3,6.59
1865,457,9.59,5,782.0,93.33,37.68,26.6,4.65
1866,474,11.56,7,845.3,75.93,44.71,38.980000000000004,10.25
1867,429,14.23,8,932.9,51.4,64.17,50.33,7.93
1868,553,12.46,4,930.8,90.98,59.83,35.730000000000004,8.870000000000001
1869,481,14.709999999999999,8,886.2,64.59,58.56,43.36,8.370000000000001
1870,498,12.43,5,1129.4,101.19,55.599999999999994,53.51,9.71
1871,439,10.72,9,789.2,77.96000000000001,40.42,34.13,8.48
1872,325,11.42,9,674.3,40.370000000000005,44.75,36.44,6.3100000000000005
1873,536,16.759999999999998,7,988.7,96.01,53.7,43.8,9.93
1874,379,10.82,5,557.7,72.27,27.13,19.22,6.44
1875,496,12.66,6,751.7,86.11,45.54,24.09,3.14
1876,560,9.19,5,990.4,121.63,32.76,40.86,12.22
1877,424,11.530000000000001,5,820.8,88.16999999999999,38.12,35.28,8.18
1878,502,12.969999999999999,5,1001.4,113.85,43.66,42.16,11.1
1879,503,9.51,4,819.4000000000001,102.92,41.23,24.51,4.81
1880,378,12.520000000000001,3,942.5,73.91,63.0,42.33,6.22
1881,686,13.790000000000001,4,1227.6,149.74,59.129999999999995,42.03,8.51
1882,357,9.38,4,688.3,58.83,42.76,28.790000000000003,5.03
1883,494,13.68,6,1052.2,98.72,58.61,46.29,10.26
1884,260,12.83,3,574.8,11.61,49.519999999999996,34.39,0.61
1885,410,11.56,6,648.2,80.58,31.23,22.5,5.4
1886,797,14.43,6,1251.6,146.13,57.14,47.989999999999995,15.129999999999999
1887,396,7.33,5,756.1,85.59,32.42,29.46,6.65
1888,721,18.32,8,1219.5,133.66,57.4,49.510000000000005,12.57
1889,455,11.440000000000001,5,814.0999999999999,75.41,44.75,33.08,5.72
1890,364,7.12,5,532.3,57.89,33.2,18.95,5.86
1891,423,9.45,6,740.8,89.86,32.93,25.66,6.029999999999999
1892,688,14.719999999999999,6,1279.6,126.26,71.56,51.56,13.709999999999999
1893,495,9.02,5,837.3,112.35,30.72,30.349999999999998,10.33
1894,576,10.63,4,853.5,89.99000000000001,53.510000000000005,29.499999999999996,6.95
1895,414,10.89,6,870.3000000000001,90.96000000000001,40.61,38.02,8.8
1896,498,10.51,6,802.0,105.11,35.39,25.59,5.65
1897,427,10.299999999999999,6,842.3,82.85000000000001,37.86,36.88,7.59
1898,388,14.32,4,769.6,52.0,58.64,35.59,6.53
1899,717,16.05,7,1424.1999999999998,151.07999999999998,68.34,56.65,10.98
1900,571,11.01,4,926.0999999999999,95.74,52.86,35.17,12.88
1901,454,11.91,7,876.0999999999999,86.84,43.85,37.839999999999996,9.32
1902,502,10.81,5,832.6,106.03,40.83,26.94,6.45
1903,521,17.39,4,1279.6000000000001,82.75,75.86,67.8,9.43
1904,497,10.059999999999999,6,949.2,110.97,39.230000000000004,37.31,9.07
1905,398,10.129999999999999,6,684.9,78.37,32.04,25.71,5.05
1906,437,10.21,5,831.0,94.83000000000001,44.73,29.84,7.8500000000000005
1907,538,12.93,7,1085.4,109.03,53.38,45.78,8.91
1908,555,9.9,7,947.9,117.32000000000001,45.879999999999995,31.31,8.24
1909,315,7.1899999999999995,5,625.1,64.91,27.96,26.74,4.67
1910,446,10.9,4,817.5,103.03,38.129999999999995,28.32,8.84
1911,414,9.71,5,771.0,62.02,44.54,35.1,5.28
1912,442,7.75,4,858.0999999999999,96.17999999999999,38.01,33.28,6.83
1913,588,10.92,5,886.7,89.78,52.410000000000004,34.54,10.67
1914,323,9.64,4,675.3,55.55,40.53,29.259999999999998,3.13
1915,480,14.39,7,1096.0,78.04,60.120000000000005,57.65,12.36
1916,479,10.889999999999999,5,894.3,92.13000000000001,49.190000000000005,34.32,6.21
1917,606,19.509999999999998,6,1149.1,115.59,53.43,51.010000000000005,10.06
1918,595,13.5,7,1049.4,92.99000000000001,56.040000000000006,48.51,11.13
1919,330,7.07,5,557.5,63.06999999999999,24.99,22.080000000000002,5.77
1920,519,18.02,6,962.0,55.87,74.05999999999999,49.22,8.89
1921,645,17.299999999999997,6,1219.3,108.58,68.22999999999999,54.269999999999996,11.78
1922,508,14.209999999999999,7,860.0999999999999,90.61,44.62,34.57,6.79
1923,616,10.7,5,986.9000000000001,117.69999999999999,48.019999999999996,33.5,6.86
1924,479,11.16,5,837.3000000000001,100.84,32.17,32.480000000000004,9.0
1925,518,12.31,5,889.9,83.02,52.1,36.8,5.1000000000000005
1926,672,12.120000000000001,5,949.6,132.32,41.89,28.63,11.27
1927,595,21.11,4,1190.0,49.4,101.2,64.7,14.350000000000001
1928,423,10.549999999999999,7,817.5,83.12,38.15,35.339999999999996,7.27
1929,666,18.3,9,1409.5,124.11,74.21000000000001,65.34,11.12
1930,823,16.98,7,1502.0,159.56,74.4,62.12,14.459999999999999
1931,429,12.6,4,933.9,95.75,41.66,42.43,9.25
1932,305,8.56,6,619.9,63.16,27.31,28.15,5.63
1933,568,13.870000000000001,6,1108.0,120.16,52.23,45.32,9.370000000000001
1934,291,6.6499999999999995,4,584.8,53.89,30.64,26.34,6.34
1935,582,13.889999999999999,4,1020.4,76.94,68.06,44.94,7.1899999999999995
1936,199,6.18,6,416.4,23.380000000000003,27.22,21.98,3.01
1937,408,12.280000000000001,9,805.7,68.72,44.21,38.29,7.78
1938,438,11.39,5,993.5999999999999,94.51,50.83,43.27,7.05
1939,552,15.9,5,980.9,74.93,71.76,42.39,6.609999999999999
1940,456,12.75,5,958.4,100.72,45.63,41.86,9.98
1941,581,12.850000000000001,4,999.1,117.21,45.15,34.910000000000004,7.09
1942,218,8.71,5,435.5,25.060000000000002,27.119999999999997,24.060000000000002,4.5
1943,665,15.5,7,1143.4,126.88,54.669999999999995,44.08,11.040000000000001
1944,565,17.52,5,1048.0,91.67,51.510000000000005,53.269999999999996,18.61
1945,654,14.399999999999999,6,1263.0,139.93,60.77,49.209999999999994,11.55
1946,787,13.17,4,1067.0,162.1,51.33,22.349999999999998,7.380000000000001
1947,222,7.380000000000001,3,463.0,27.06,35.31,22.48,1.12
1948,386,13.069999999999999,5,885.5,64.95,56.61,44.58,8.040000000000001
1949,414,13.84,4,785.8,62.03,56.89,33.63,6.22
1950,426,11.09,4,887.7,77.23,39.12,44.72,7.74
1951,327,10.73,6,497.3,40.75,36.83,21.14,3.8
1952,800,19.62,5,1356.9,153.82,77.63,45.22,7.92
1953,305,6.75,5,530.8,72.96000000000001,16.31,19.26,5.35
1954,301,8.1,4,694.3000000000001,57.03,36.46,34.92,7.08
1955,392,11.370000000000001,5,726.8,57.77,45.59,31.849999999999998,5.27
1956,495,12.98,7,940.0,81.53999999999999,49.05,43.94,7.52
1957,557,8.549999999999999,4,889.1,119.59,27.55,35.12,13.67
1958,444,13.389999999999999,6,732.8,67.74,40.58,34.05,8.85
1959,391,8.03,6,715.2,67.21000000000001,39.62,30.419999999999998,6.79
1960,602,16.939999999999998,6,1297.1,129.5,65.92,57.35,12.86
1961,547,10.87,4,1008.5,103.5,47.12,40.47,6.68
1962,553,13.4,4,1178.4,109.91,63.13,51.17,9.9
1963,486,18.39,6,1192.1,86.55,78.44,57.129999999999995,9.06
1964,787,18.93,7,1360.4,125.81,72.53,62.040000000000006,15.59
1965,631,12.32,5,991.3000000000001,129.43,39.22,36.89,12.209999999999999
1966,380,14.35,7,965.7,70.77,56.65,49.41,8.56
1967,419,14.52,9,803.7,68.78,48.09,37.05,6.75
1968,437,11.129999999999999,6,688.0,77.24,39.17,24.65,6.56
1969,339,11.85,5,591.2,50.45,40.29,23.82,2.31
1970,477,9.8,6,867.9,102.16999999999999,35.34,35.25,10.73
1971,1408,27.81,8,1642.1,193.79,107.56,59.2,47.36000000000001
1972,433,11.930000000000001,8,715.4,76.34,39.15,27.45,5.16
1973,602,18.32,8,1272.3,92.13,73.87,66.53999999999999,15.879999999999999
1974,538,8.81,3,840.6,97.60000000000001,46.82,26.360000000000003,3.8
1975,436,14.52,5,791.3,75.08,41.81,34.86,6.38
1976,927,32.09,5,1954.0,159.7,131.06,83.14,8.27
1977,871,22.54,7,1749.3,177.77,82.02,79.48,18.0
1978,434,10.23,5,705.9,83.51,35.58,24.229999999999997,5.09
1979,545,14.74,8,969.2,93.19,49.18,44.769999999999996,12.38
1980,214,6.42,4,479.1,34.589999999999996,31.900000000000002,22.419999999999998,4.39
1981,415,11.6,6,825.9000000000001,71.44,50.7,35.87,6.77
1982,604,17.37,5,1219.0,120.08000000000001,74.79,46.29,5.63
1983,311,9.93,6,698.1,52.64,43.89,32.41,5.24
1984,452,16.88,8,962.4,67.55,63.699999999999996,47.34,8.83
1985,325,8.6,5,552.1,37.36,40.470000000000006,25.8,5.86
1986,574,13.749999999999998,5,953.1,108.87,51.06,34.63,8.61
1987,399,9.76,3,936.5,76.15,47.089999999999996,46.86,8.3
1988,273,7.4799999999999995,5,508.1,40.85,33.0,22.38,3.65
1989,408,8.0,3,811.9000000000001,84.97,26.490000000000002,40.52,10.370000000000001
1990,436,10.76,6,725.8,86.05,35.0,26.59,5.17
1991,319,7.29,6,573.6,61.489999999999995,30.98,21.2,4.14
1992,408,11.34,6,893.5,81.21,52.54,38.37,6.21
1993,337,10.08,4,571.8,44.61,39.33,24.49,3.3
1994,308,8.7,5,661.1,57.39,38.18,30.85,7.11
1995,380,9.79,9,752.5999999999999,67.23,37.95,35.58,7.41
1996,463,11.26,6,777.0,66.03,45.81,35.0,8.309999999999999
1997,403,6.46,5,622.7,80.16,28.1,21.0,8.52
1998,465,13.51,7,809.8,79.09,47.839999999999996,32.32,5.359999999999999
1999,468,11.74,4,875.4,74.24,60.42,35.64,4.46
2000,417,14.06,4,769.1,56.849999999999994,56.04,34.089999999999996,6.67
2001,506,11.96,7,950.5,106.44,46.550000000000004,35.64,7.13
2002,569,12.41,6,1092.1999999999998,125.5,46.79,41.76,8.04
2003,488,13.95,4,848.6,46.46,63.22,44.160000000000004,13.58
2004,418,12.370000000000001,5,620.5,58.46,42.25,23.38,5.5
2005,210,5.13,6,361.79999999999995,41.79,14.45,15.31,4.6
2006,312,10.5,5,655.0,28.67,45.81999999999999,38.23,6.99
2007,453,12.58,6,948.6,90.55000000000001,49.38,41.99,9.540000000000001
2008,522,15.77,7,899.3,76.81,55.69,40.89,10.33
2009,328,11.0,7,747.5,60.31,40.34,36.33,6.26
2010,347,13.52,6,703.8,45.050000000000004,45.85,39.230000000000004,9.47
2011,587,15.25,6,1071.5,99.6,62.04,44.76,9.129999999999999
2012,437,10.54,5,833.4000000000001,85.39,42.28,36.09,9.23
2013,347,8.28,3,696.2,64.84,44.01,27.71,6.199999999999999
2014,412,10.03,4,662.9,80.25,31.79,22.66,5.94
2015,319,6.08,4,497.3,64.12,21.909999999999997,16.47,4.4399999999999995
2016,563,16.32,5,1178.6,96.19999999999999,81.14,51.08,9.5
2017,504,15.35,6,919.5,80.47,55.42,39.989999999999995,6.609999999999999
2018,541,14.1,5,808.0,67.5,57.14,33.19,8.68
2019,518,11.389999999999999,5,965.9,102.47,43.65,38.32,6.09
202,238,2.97,4,223.69,35.910000000000004,7.91,4.66,2.75
2020,297,6.31,5,507.29999999999995,61.53,19.259999999999998,20.12,5.61
2021,383,11.63,6,693.8,74.91,35.18,27.81,6.3
2022,536,11.850000000000001,6,935.1,96.3,52.92,34.25,5.8
2023,313,6.0,7,540.6,57.04,25.59,22.88,6.68
2024,470,10.5,6,838.3,88.89999999999999,46.73,31.93,8.04
2025,340,13.23,4,769.1,40.32,46.879999999999995,45.5,8.13
2026,560,14.72,9,1000.3,102.16999999999999,57.89,38.95,8.03
2027,408,10.66,6,622.3,79.49000000000001,30.16,20.32,5.66
2028,575,12.370000000000001,5,944.5,118.91,46.65,30.07,8.23
2029,451,10.44,5,832.3,83.08,43.589999999999996,33.56,6.0600000000000005
203,298,4.51,6,419.09,51.64,18.84,13.850000000000001,3.62
2030,712,17.18,6,1101.2,123.19,59.09,40.11,10.16
2031,438,10.08,4,605.6,66.4,37.57,20.470000000000002,7.5600000000000005
2032,458,7.2299999999999995,4,628.6,75.57,36.5,19.4,7.42
2033,487,8.15,5,747.9,91.42999999999999,36.629999999999995,25.48,7.53
2034,500,12.17,8,1023.5,95.89,57.57,43.27,7.51
2035,403,11.66,8,842.7,56.96,51.23,44.19,8.39
2036,398,11.69,6,705.5999999999999,67.61,38.449999999999996,31.73,7.15
2037,497,12.52,6,1019.9,90.18,53.83,46.67,6.37
2038,534,10.3,6,890.3,113.21000000000001,37.92,30.82,10.6
2039,377,9.64,6,626.8,63.15,36.86,24.400000000000002,5.68
204,386,8.379999999999999,6,747.94,74.45,34.59,31.91,4.95
2040,413,11.1,8,809.3,72.07,41.5,38.8,7.91
2041,494,12.760000000000002,5,837.7,79.98,47.55,33.2,6.58
2042,485,10.87,4,925.2,73.78999999999999,52.07,43.47,6.5
2043,533,6.97,4,750.7,102.29,37.18,20.47,10.31
2044,353,11.41,7,578.2,47.17,39.06,25.27,4.7299999999999995
2045,220,5.17,5,350.0,42.21,15.899999999999999,13.56,4.37
2046,722,14.93,8,1269.7,148.97,55.76,47.33,12.19
2047,551,11.0,5,813.5,112.88999999999999,38.46,23.89,8.03
2048,513,9.78,4,962.0,106.58000000000001,51.64,33.699999999999996,7.2
2049,390,11.129999999999999,4,733.6,69.22,33.47,36.05,7.630000000000001
205,397,7.49,6,611.55,71.4,34.04,20.04,4.43
2050,457,9.42,4,874.7,89.23,48.24,33.13,7.0600000000000005
2051,600,10.69,5,1084.4,124.19,51.05,40.01,8.85
2052,603,16.23,4,1109.2,104.64,66.66,43.730000000000004,7.7
2053,274,14.120000000000001,6,678.7,27.18,51.540000000000006,39.0,4.41
2054,374,16.39,4,891.9,40.62,67.19,51.47,7.619999999999999
2055,464,11.45,6,866.6,90.28999999999999,45.48,35.4,7.6
2056,405,10.2,6,676.3,60.44,42.94,29.1,6.53
2057,301,12.12,5,651.1,27.13,48.37,37.72,5.470000000000001
2058,512,11.73,5,930.4,92.02000000000001,46.28,40.25,7.92
2059,509,8.129999999999999,5,743.4,97.06,37.34,20.84,6.09
206,322,4.66,5,381.04999999999995,62.66,11.66,9.39,3.3
2060,426,9.94,4,766.1,79.08,39.58,33.26,7.42
2061,703,13.19,5,1384.5,142.9,63.56,58.81,13.25
2062,506,12.020000000000001,4,888.6,111.18,35.35,31.91,6.08
2063,564,14.52,5,1048.3,96.8,58.739999999999995,44.38,4.59
2064,744,16.689999999999998,5,1300.4,135.85,68.29,54.24,12.74
2065,657,14.33,5,1212.1,114.78999999999999,61.620000000000005,54.540000000000006,8.76
2066,431,7.76,4,604.1,63.370000000000005,38.0,21.43,7.8
2067,404,11.18,4,832.2,73.17,54.01,35.96,6.5
2068,273,8.309999999999999,3,406.8,23.7,34.2,20.28,5.52
2069,517,11.049999999999999,5,908.5,83.16,53.6,38.9,8.09
207,541,12.45,8,908.6,92.75999999999999,51.14,34.32,9.81
2070,387,7.4399999999999995,4,606.3,77.61,27.779999999999998,19.37,4.56
2071,346,11.4,5,792.8,69.2,46.6,35.12,4.99
2072,369,11.860000000000001,4,879.2,50.55,54.18,48.28,5.3
2073,326,8.78,7,628.5,49.59,31.05,32.519999999999996,8.540000000000001
2074,393,8.92,4,681.2,55.31,41.78,31.52,6.22
2075,298,6.81,5,509.9,46.64,30.22,20.53,4.94
2076,425,8.77,6,729.1,81.6,36.43,27.0,5.41
2077,489,13.07,5,1009.7,80.97,55.03,47.04,6.83
2078,397,13.379999999999999,4,858.6,78.52,50.51,36.589999999999996,5.74
2079,497,9.86,4,746.7,71.44,48.75,28.099999999999998,6.91
208,566,10.72,4,923.9000000000001,104.02,33.56,36.17,7.56
2080,680,10.48,4,1125.0,136.38,40.989999999999995,46.42,16.49
2081,485,12.17,5,901.6,78.9,56.43,36.61,3.72
2082,616,14.07,6,1010.6,102.8,60.53,38.45,8.17
2083,474,6.4399999999999995,4,643.2,87.19,28.189999999999998,20.23,11.1
2084,566,16.88,7,1086.2,107.58000000000001,54.269999999999996,46.87,8.74
2085,408,10.83,7,788.3,67.80000000000001,46.86,34.76,5.79
2086,458,11.92,5,794.4,72.55,43.269999999999996,35.63,8.18
2087,722,17.88,8,1284.9,122.27000000000001,76.52,50.64,6.93
2088,528,12.11,5,849.7,100.82,43.42,29.08,8.39
2089,484,11.509999999999998,5,878.1,82.83,52.14,36.2,11.1
209,335,5.24,6,463.9,54.86,20.33,16.98,4.140000000000001
2090,467,9.53,5,770.0,86.46000000000001,45.18,25.12,3.36
2091,536,8.23,4,794.0,106.94,36.92,24.26,6.52
2092,691,18.25,6,1334.7,113.13,82.99,58.52,7.01
2093,469,17.15,5,1069.5,63.12,82.14,52.27,4.92
2094,411,6.91,5,646.3,69.51,33.94,24.43,7.13
2095,427,7.51,4,797.5,95.17,29.9,32.86,8.63
2096,402,10.73,5,756.1,74.78999999999999,47.96,30.310000000000002,9.780000000000001
2097,162,4.56,4,312.5,28.85,19.740000000000002,12.739999999999998,1.6800000000000002
2098,673,13.46,4,1335.0,144.85000000000002,58.239999999999995,57.31,13.58
2099,398,9.83,6,731.7,82.03999999999999,31.5,31.96,10.68
210,589,9.92,5,997.5999999999999,106.75999999999999,47.769999999999996,38.95,7.28
2100,638,10.22,5,1010.7,150.85,39.11,28.47,11.27
2101,518,10.129999999999999,4,860.8,89.62,48.769999999999996,32.51,11.19
2102,71,1.02,1,56.8,8.52,4.26,1.42,2.84
2103,490,9.36,4,851.8,100.86,48.85,27.87,8.75
2104,525,10.48,6,866.1999999999999,109.9,38.56,30.69,11.63
2105,530,13.19,4,990.0,95.89,58.0,37.74,5.16
2106,33,0.83,1,59.4,6.7,1.49,3.37,1.25
2107,259,5.61,5,483.7,60.3,19.32,18.78,5.2700000000000005
2108,356,9.33,4,752.0999999999999,82.03999999999999,40.050000000000004,28.33,5.45
2109,303,8.75,3,714.3,63.629999999999995,43.92,29.970000000000002,4.2
211,496,9.11,5,531.44,69.83,19.6,18.97,5.52
2110,184,3.91,2,366.5,41.03,21.92,12.41,2.4799999999999995
2111,323,9.639999999999999,2,742.9,63.55,51.730000000000004,31.060000000000002,5.71
2112,1922,39.18,6,3477.98,389.04,209.75,120.67999999999999,33.489999999999995
2113,598,9.06,4,1123.8,150.33,58.84,30.87,9.31
2114,534,24.599999999999998,3,1334.1,57.84,125.53,66.94,11.15
2115,461,11.64,8,865.96,78.93,57.5,34.18,8.37
2116,479,7.0,3,659.0999999999999,88.0,29.91,22.31,6.87
2117,594,10.62,5,1011.1,126.0,57.45,29.98,6.6899999999999995
2118,384,6.84,4,717.6,87.42,35.2,25.23,6.06
2119,674,11.19,4,1204.5,156.32,66.38,33.3,7.85
212,409,7.91,5,751.0999999999999,76.43,37.7,30.09,5.62
2120,487,14.159999999999998,5,758.7,75.9,55.75,26.400000000000002,7.64
2121,282,9.92,3,533.06,31.759999999999998,40.019999999999996,27.15,8.19
2122,386,13.57,5,736.1,63.67999999999999,53.43,29.000000000000004,5.869999999999999
2123,369,8.07,4,703.6,71.28999999999999,42.88,28.05,7.62
2124,357,15.65,5,806.2,49.59,68.14,37.58,9.16
2125,446,12.99,4,777.9000000000001,76.28,54.14,29.78,7.61
2126,382,11.030000000000001,5,626.6,61.71,46.11,22.419999999999998,5.14
2127,528,9.479999999999999,8,782.3,108.31,39.58,20.06,6.3100000000000005
2128,479,6.79,6,693.1600000000001,96.25,34.260000000000005,18.53,6.8100000000000005
2129,407,9.79,5,792.88,69.37,50.39,32.87,7.76
213,397,9.219999999999999,4,773.65,65.68,37.99,36.16,5.03
2130,545,20.41,3,1123.9,55.230000000000004,100.03999999999999,57.239999999999995,18.41
2131,736,20.36,6,1551.2,124.03999999999999,104.89,68.35,14.8
2132,400,4.54,3,610.4000000000001,91.44,24.63,16.2,5.16
2133,495,15.48,7,952.88,82.0,61.98,42.18,9.07
2134,425,7.13,4,726.4000000000001,83.78,37.79,25.919999999999998,7.5200000000000005
2135,514,8.27,6,827.8,102.02000000000001,44.7,26.14,8.99
2136,555,8.969999999999999,6,1024.9,131.01999999999998,51.62,31.970000000000002,10.559999999999999
2137,447,8.37,5,871.9000000000001,102.85,51.05,28.59,8.61
2138,467,10.31,7,903.4,87.22,53.47,38.57,12.77
2139,437,7.96,6,771.7,89.02000000000001,44.98,25.61,7.52
214,509,9.290000000000001,6,886.5,101.58,41.6,31.150000000000002,6.2
2140,481,12.5,5,820.3000000000001,78.99000000000001,51.11,33.379999999999995,8.63
2141,439,6.69,3,748.7,98.83,40.15,21.34,6.58
2142,545,14.879999999999999,5,971.2,99.2,68.07000000000001,33.71,11.14
2143,659,13.77,7,1326.8,145.43,76.66,48.1,15.86
2144,416,7.890000000000001,4,768.8,92.80000000000001,44.26,23.54,4.859999999999999
2145,907,15.67,5,1775.8,218.26999999999998,95.27,56.21,21.990000000000002
2146,347,6.630000000000001,3,564.6,64.4,27.42,22.43,4.55
2147,282,6.32,4,545.9,58.120000000000005,32.15,19.970000000000002,3.58
2148,481,9.76,6,957.2,101.49000000000001,52.22,37.46,12.309999999999999
2149,531,11.48,6,1028.98,110.8,60.480000000000004,37.64,13.74
215,252,6.180000000000001,3,625.5,52.0,35.08,28.46,3.83
2150,432,10.25,5,765.8,71.62,50.66,31.45,10.13
2151,616,15.17,8,1001.6,107.96000000000001,64.13,34.9,10.15
2152,662,22.2,4,1476.48,107.66,117.26,65.47,18.0
2153,641,17.94,5,1204.0,101.93,85.02,50.34,11.63
2154,418,8.42,5,681.6,78.01,41.22,21.740000000000002,4.58
2155,376,13.69,5,712.6,70.65,51.04,25.66,5.74
2156,577,16.36,5,1291.3999999999999,108.77,84.47,55.01,13.66
2157,470,14.3,7,902.26,66.61,67.43,41.25,10.14
2158,520,11.09,6,890.0,91.7,51.81,34.46,9.13
2159,353,8.35,6,665.6,65.2,44.44,25.82,6.859999999999999
216,404,5.27,4,554.08,63.2,29.23,19.81,5.03
2160,532,9.33,6,1015.1999999999999,120.85,51.800000000000004,34.89,10.23
2161,534,9.0,8,879.9,112.44000000000001,47.24,26.200000000000003,7.17
2162,456,9.809999999999999,5,800.7,79.31,49.089999999999996,30.39,11.71
2163,334,13.25,5,662.08,51.75,52.99,26.52,3.65
2164,300,9.190000000000001,5,479.3,45.85,32.28,18.48,4.37
2165,406,10.23,4,829.8599999999999,83.77,52.089999999999996,30.28,4.28
2166,573,18.07,6,1110.1,115.64000000000001,76.21,37.63,7.1
2167,537,8.120000000000001,3,982.1,149.16,45.53,21.42,7.12
2168,554,19.9,8,1124.48,80.2,89.65,49.589999999999996,10.58
2169,544,11.0,3,875.8,97.69999999999999,56.85,28.41,10.79
217,415,10.38,5,697.52,60.760000000000005,33.97,31.96,5.59
2170,478,12.190000000000001,7,757.78,82.22,50.59,24.41,5.9
2171,467,9.66,5,818.28,85.13,52.650000000000006,28.29,8.31
2172,248,8.39,7,502.24,31.11,38.36,25.45,7.37
2173,311,13.21,4,712.5,47.040000000000006,58.57,32.49,7.32
2174,231,5.28,5,449.40000000000003,43.04,30.06,17.26,5.47
2175,331,5.94,4,659.8,80.63,33.089999999999996,22.53,5.59
2176,306,14.51,4,829.2,57.14,68.87,36.06,7.0600000000000005
2177,304,10.1,4,616.6,57.510000000000005,46.949999999999996,21.92,4.83
2178,256,7.2,5,632.6,59.15,42.28,24.839999999999996,5.59
2179,577,18.81,8,1186.8,98.63,88.99,47.94,13.36
218,311,5.34,4,353.70000000000005,49.36,15.27,9.709999999999999,3.27
2180,174,10.79,1,556.8,17.4,48.72,31.32,1.74
2181,582,10.5,4,946.1,105.06,46.93,36.6,8.55
2182,332,9.2,6,709.7,59.83,51.27,28.39,6.32
2183,363,7.81,5,585.4200000000001,56.46,31.36,25.98,6.05
2184,727,20.46,8,1241.7,124.46000000000001,78.35,48.27,13.3
2185,504,10.75,4,1125.9,121.73,63.769999999999996,40.44,9.68
2186,540,16.61,8,943.7,71.15,69.78,42.29,10.62
2187,483,8.379999999999999,6,768.4000000000001,85.33000000000001,39.769999999999996,28.66,9.77
2188,441,14.41,7,873.72,78.14,62.29,35.43,9.18
2189,747,13.959999999999999,6,1351.1,158.67000000000002,73.92,44.72,9.879999999999999
219,455,7.970000000000001,4,753.7,101.14999999999999,29.11,22.3,7.040000000000001
2190,481,13.15,5,952.8,77.28,67.99000000000001,40.05,8.76
2191,460,14.55,6,1185.5,99.64,85.88,48.96,11.56
2192,561,9.309999999999999,4,834.9,102.61999999999999,46.06,26.54,7.55
2193,477,9.69,5,832.96,91.63,51.5,28.37,8.24
2194,306,8.0,6,666.5,61.940000000000005,44.47,26.63,6.18
2195,417,8.24,6,722.1,78.53,45.160000000000004,23.990000000000002,7.12
2196,537,9.35,4,787.5,86.4,41.38,31.11,9.32
2197,228,8.59,3,478.12,26.660000000000004,43.74,22.35,5.5600000000000005
2198,325,11.3,5,758.5,53.67,59.45,33.61,6.14
2199,379,8.92,6,653.6,57.83,43.29,27.830000000000002,8.040000000000001
220,431,6.26,4,588.39,74.05,23.44,19.89,4.29
2200,519,10.4,6,955.4,107.68,59.58,31.85,10.35
2201,392,7.66,2,728.1,89.61,39.68000000000001,21.529999999999998,2.26
2202,610,15.18,7,1199.3,112.82,76.89,49.9,13.93
2203,240,5.66,5,453.2,44.92,28.09,17.799999999999997,4.85
2204,386,13.01,3,800.7,51.650000000000006,66.38,37.42,12.54
2205,197,8.89,3,630.4000000000001,37.36,48.76,31.619999999999997,6.38
2206,420,13.040000000000001,4,896.8,70.68,67.08,37.93,6.86
2207,577,17.82,6,1114.1,106.10999999999999,78.01,41.63,7.64
2208,601,11.13,5,1227.5,141.31,67.43,41.31,11.0
2209,334,8.4,7,700.16,66.5,46.230000000000004,28.04,7.79
221,629,10.129999999999999,4,823.0999999999999,121.71,32.87,19.96,8.33
2210,253,7.61,5,534.6800000000001,43.61,38.48,22.71,5.1000000000000005
2211,332,4.2700000000000005,3,532.0,78.62,24.02,12.3,4.49
2212,349,9.51,5,676.6,74.44999999999999,44.22,21.65,5.78
2213,482,9.360000000000001,5,995.0,117.69999999999999,55.07,32.949999999999996,7.91
2214,513,12.290000000000001,6,985.6,103.49000000000001,57.64000000000001,36.96,12.73
2215,598,13.33,8,1035.58,102.22,57.34,45.85,12.89
2216,462,9.120000000000001,6,889.5,101.57,50.260000000000005,30.84,10.2
2217,660,19.990000000000002,2,1783.1000000000001,157.63,123.86,74.14,21.34
2218,399,9.86,6,845.06,86.39999999999999,50.73,32.019999999999996,7.74
2219,530,15.680000000000001,6,928.18,96.95,61.38,32.09,5.1
222,374,8.68,5,526.0,66.41,29.24,14.98,5.05
2220,302,5.52,7,470.55999999999995,56.93,26.29,15.07,4.92
2221,243,3.7,4,412.7,53.95,21.13,12.47,3.7
2222,649,10.22,5,1030.8600000000001,134.2,53.56,30.95,13.04
2223,589,9.879999999999999,6,1002.6,119.03,53.92,33.45,12.9
2224,442,12.09,6,807.8,87.03,54.62,25.66,5.79
2225,443,12.870000000000001,6,801.2,77.12,53.25,31.07,8.61
2226,462,12.81,7,935.4,94.84,62.559999999999995,33.76,10.92
2227,401,12.129999999999999,7,661.3199999999999,64.28999999999999,44.6,25.36,6.5
2228,240,11.05,5,439.98,20.4,37.11,23.23,3.67
2229,467,14.479999999999999,7,887.5,77.05,62.18,35.96,8.87
223,473,8.4,5,607.1,75.94,36.21,18.2,5.390000000000001
2230,378,9.9,6,764.7,67.16,46.519999999999996,34.29,8.790000000000001
2231,522,11.700000000000001,5,906.4000000000001,90.75999999999999,60.54,33.989999999999995,12.32
2232,647,23.910000000000004,4,1250.7,126.88,89.94,41.65,5.8100000000000005
2233,494,16.53,8,890.38,73.43,69.34,35.83,9.14
2234,611,13.200000000000001,5,1119.7,116.99000000000001,73.25,37.93,8.799999999999999
2235,397,7.31,5,737.4,83.71000000000001,35.73,30.089999999999996,9.99
2236,674,12.39,6,1104.02,132.94,61.97,34.87,15.2
2237,798,37.11,5,1235.8200000000002,95.19,109.33,46.11,5.8999999999999995
2238,334,11.02,5,748.4,47.58,60.33,34.78,10.65
2239,612,12.49,4,1115.6,114.72,69.83,40.18,17.740000000000002
224,241,7.640000000000001,3,309.2,25.11,19.58,14.18,6.96
2240,391,8.43,6,672.54,72.06,40.269999999999996,24.8,7.390000000000001
2241,1482,31.71,7,2375.1,249.12,141.03,89.94,30.29
2242,560,16.080000000000002,9,1017.74,98.19999999999999,71.38,36.89,9.1
2243,464,11.49,5,882.2,106.23,55.01,25.84,8.620000000000001
2244,392,11.200000000000001,5,800.08,67.52,57.4,33.79,8.969999999999999
2245,548,14.42,6,1047.0,92.87,71.97,43.07,11.469999999999999
2246,391,15.67,4,636.2,54.730000000000004,48.410000000000004,25.679999999999996,3.36
2247,639,13.0,5,1373.4,151.69,77.0,48.72,15.11
2248,491,13.389999999999999,6,990.4000000000001,87.37,69.31,40.370000000000005,9.450000000000001
2249,596,9.69,5,1023.2,132.64,51.59,31.549999999999997,8.0
225,499,13.370000000000001,5,833.96,79.47,48.85,33.83,7.56
2250,317,12.88,6,701.1,56.31,56.57,27.97,6.12
2251,353,7.12,5,631.3,67.43,40.41,21.33,7.74
2252,381,8.32,6,697.2,69.59,42.36,26.92,8.41
2253,488,10.59,4,1110.9,117.01,63.03,44.19,13.15
2254,333,14.059999999999999,7,600.74,30.93,48.980000000000004,31.48,6.98
2255,415,6.77,5,728.4,87.82,38.53,24.54,7.73
2256,287,9.36,6,624.22,45.97,45.78,28.56,5.66
2257,369,6.46,4,584.5,67.6,31.11,19.88,6.2
2258,230,3.56,6,360.86,46.24,17.98,11.23,3.56
2259,432,14.74,9,879.4,72.5,65.69,36.01,10.01
226,542,16.98,4,989.75,54.78,66.45,58.67,11.27
2260,318,7.1,6,650.3,63.39,41.47,24.8,8.97
2261,543,12.82,6,1062.9,122.04,59.63,38.05,10.34
2262,628,13.3,9,1132.62,117.58,66.77,43.72,13.44
2263,599,10.35,5,1049.5,123.89999999999999,58.78,33.88,13.1
2264,367,6.66,5,720.7,86.28999999999999,40.41,24.0,7.4
2265,408,10.09,6,740.3,84.15,44.67,24.65,6.91
2266,641,17.68,6,1312.9,132.91,87.7,45.81,9.95
2267,852,20.09,5,1452.9,163.38,85.72999999999999,49.46,14.96
2268,587,11.35,3,1030.0,102.21000000000001,57.86,38.98,9.17
2269,289,7.16,6,535.4,49.78,34.64,22.18,5.38
227,218,6.26,3,198.46999999999997,13.37,12.870000000000001,9.3,3.37
2270,320,8.790000000000001,4,752.2,72.62,50.05,27.990000000000002,5.1
2271,321,8.67,4,613.98,56.41,39.74,24.54,6.159999999999999
2272,336,6.48,4,772.3,90.64,44.48,25.23,7.6
2273,371,9.99,9,778.4,72.86,51.55,30.55,6.41
2274,388,8.84,4,776.8,85.62,44.52,27.56,6.0600000000000005
2275,472,11.29,5,876.0,79.43,51.870000000000005,39.04,8.59
2276,352,5.61,4,578.1,70.7,27.009999999999998,21.54,10.2
2277,465,14.149999999999999,5,730.64,47.970000000000006,51.48,34.69,9.290000000000001
2278,557,20.81,7,1012.0,83.13,77.91,40.6,7.45
2279,902,25.95,5,1925.3200000000002,170.78,136.55,75.3,14.549999999999999
228,413,7.71,4,544.0,55.21,34.730000000000004,21.12,6.08
2280,565,12.469999999999999,6,1118.8,119.46000000000001,64.49,42.22,9.09
2281,391,9.91,5,721.6,67.42,46.85,29.009999999999998,7.59
2282,551,10.73,5,1138.1,131.87,65.75,36.53,8.91
2283,491,11.14,5,887.5,88.21,51.519999999999996,35.59,9.329999999999998
2284,494,10.11,7,976.96,108.47,55.46,34.7,8.89
2285,412,11.11,5,610.1800000000001,68.11,36.62,21.62,4.29
2286,518,10.22,7,939.0,100.27000000000001,55.190000000000005,35.04,10.15
2287,501,11.63,5,1126.8,115.96000000000001,71.21000000000001,40.28,10.02
2288,288,10.8,4,692.8,37.57,55.89,34.2,8.68
2289,501,8.209999999999999,4,832.6,90.62,44.95,29.77,9.32
229,273,7.01,9,521.84,43.99,29.72,23.4,4.29
2290,296,6.45,4,717.8000000000001,74.85,42.06,27.1,8.139999999999999
2291,1062,26.34,6,2126.5,209.07,135.3,82.03,20.9
2292,495,12.700000000000001,5,1074.0,95.21000000000001,75.53999999999999,41.89,8.75
2293,523,9.27,5,977.8,111.61,53.97,34.589999999999996,10.83
2294,432,7.6000000000000005,4,702.74,88.53999999999999,36.769999999999996,21.28,8.06
2295,464,9.2,4,864.8000000000001,91.47999999999999,49.199999999999996,33.44,6.76
2296,422,10.1,7,781.7,73.36,49.06,32.76,7.68
2297,368,11.92,5,627.9399999999999,59.29,44.22,23.28,5.7700000000000005
2298,321,4.94,4,637.9,84.5,30.409999999999997,19.29,5.2299999999999995
2299,391,9.93,5,853.1,81.9,58.809999999999995,32.69,9.14
230,506,6.71,4,440.2,78.36,15.620000000000001,7.640000000000001,7.7299999999999995
2300,500,11.59,5,997.0,97.73,61.22,41.43,11.57
2301,328,11.45,9,602.6,47.55,47.839999999999996,24.55,5.79
2302,511,12.229999999999999,6,1025.4,102.56,70.14,37.38,9.93
2303,416,7.890000000000001,4,782.0,90.51,44.25,25.43,5.57
2304,408,10.870000000000001,5,665.3,73.22,40.769999999999996,22.38,3.8899999999999997
2305,538,10.21,5,966.6,116.21,56.47,29.67,8.6
2306,371,9.61,6,778.66,71.21000000000001,48.77,31.72,6.87
2307,457,9.7,6,885.9000000000001,94.7,55.64,31.84,11.28
2308,411,13.969999999999999,10,765.7,68.08,58.4,28.96,7.03
2309,382,7.1899999999999995,3,621.5,68.42,37.059999999999995,21.13,7.41
231,180,4.77,5,323.76,27.230000000000004,14.83,15.04,2.4000000000000004
2310,593,14.84,8,1105.0,124.19999999999999,70.53999999999999,36.42,9.93
2311,299,9.040000000000001,4,699.3,59.27,51.48,27.83,5.61
2312,647,11.43,5,1160.7,124.75,62.6,43.47,11.15
2313,647,10.860000000000001,4,1046.2,130.70999999999998,51.37,34.88,12.52
2314,487,8.4,6,902.8,108.15,45.65,30.98,9.61
2315,333,9.540000000000001,7,757.6,59.09,51.87,33.21,7.59
2316,450,9.13,3,815.0,83.75999999999999,46.4,29.68,5.87
2317,288,10.459999999999999,4,703.2,47.4,51.47,34.699999999999996,6.8100000000000005
2318,230,0.44,1,299.0,64.86,6.21,0.69,0.92
2319,677,11.1,5,1295.2,162.14999999999998,72.71000000000001,37.65,13.84
232,614,14.16,8,1176.3,107.1,62.62,50.43,9.08
2320,409,8.27,3,843.2,91.47,50.36,29.42,5.43
2321,201,4.1499999999999995,4,467.6,51.5,26.18,17.55,5.31
2322,635,14.36,7,1279.0,121.23,80.82,51.03,11.51
2323,415,6.84,4,625.2,69.97999999999999,32.72,22.73,4.52
2324,643,12.79,5,1106.9,112.46,68.8,39.87,12.27
2325,379,7.010000000000001,6,632.4,72.62,34.79,21.55,6.41
2326,355,10.2,6,619.0,62.849999999999994,43.440000000000005,21.279999999999998,6.4
2327,608,14.280000000000001,6,1011.6600000000001,95.1,69.31,39.09,7.34
2328,412,10.56,5,730.5,80.33,48.5,23.48,5.949999999999999
2329,697,14.67,6,1391.6,147.56,82.13,51.24,13.56
233,237,4.87,6,296.40999999999997,34.15,14.100000000000001,10.4,3.03
2330,388,8.52,7,652.5,59.53,41.58,26.26,5.7299999999999995
2331,326,7.500000000000001,6,564.5,50.42,36.16,23.13,4.6
2332,341,8.44,5,762.5,76.03999999999999,48.05,29.82,7.779999999999999
2333,542,9.82,6,966.1,114.21,52.66,31.74,7.59
2334,210,7.51,3,465.1,28.96,34.980000000000004,22.81,7.71
2335,989,20.72,5,1854.2,191.7,113.78,65.64999999999999,18.49
2336,434,8.17,5,873.0,101.72,49.81,29.439999999999998,8.46
2337,308,7.989999999999999,4,744.6,69.9,43.96,32.74,10.78
2338,608,12.96,5,1201.0,128.51,77.7,40.79,11.51
2339,393,9.59,5,816.5999999999999,81.73,52.81,30.529999999999998,9.4
234,447,10.46,6,813.05,81.71,47.57,30.72,5.55
2340,462,10.26,7,864.6,85.31,52.28,33.88,9.0
2341,341,6.52,5,642.3,74.31,36.480000000000004,21.05,5.63
2342,362,7.97,4,825.6,89.15,45.13,32.19,8.26
2343,494,8.71,7,791.0999999999999,93.59,46.04,25.2,6.52
2344,317,7.3100000000000005,4,569.2,53.14,38.89,21.939999999999998,3.5199999999999996
2345,549,8.99,7,1100.6,136.82,55.39,35.53,11.61
2346,567,11.8,7,1132.2,118.69,64.48,42.93,10.86
2347,662,14.36,6,1320.1,130.63,77.58,52.370000000000005,13.55
2348,733,15.69,4,1227.0,112.50999999999999,79.03,48.17,12.969999999999999
2349,472,12.049999999999999,5,943.0999999999999,85.67,65.97,35.95,5.3
235,488,9.81,5,914.6,91.82000000000001,44.589999999999996,37.4,6.82
2350,607,9.16,6,970.5,122.18,49.010000000000005,30.22,9.82
2351,428,10.799999999999999,7,926.2,87.33000000000001,60.36,36.64,7.29
2352,272,5.4399999999999995,6,541.9,61.120000000000005,32.629999999999995,18.54,5.3
2353,361,7.46,5,624.8,64.83,36.8,22.75,3.0999999999999996
2354,547,13.26,7,1066.2,105.14,69.47999999999999,40.6,11.24
2355,452,8.01,4,813.5999999999999,97.75999999999999,46.31,26.42,7.6
2356,80,4.16,1,256.0,9.6,22.4,14.4,3.2
2357,400,8.31,6,678.7,68.71000000000001,42.11,26.22,9.7
2358,199,4.890000000000001,3,193.05,37.22,6.85,3.2399999999999998,4.38
2359,476,7.79,5,632.4,127.43,17.43,6.53,8.17
236,383,7.64,5,680.05,70.16999999999999,27.66,28.25,4.5
2360,412,13.74,6,814.9,87.94,48.980000000000004,31.43,8.92
2361,383,20.43,3,1115.08,58.22,82.88,63.150000000000006,5.04
2362,345,12.6,8,727.4300000000001,49.82,47.38,37.9,5.39
2363,531,13.32,5,1040.4,105.17,66.43,39.79,6.71
2364,561,12.15,4,825.45,112.45,38.78,24.680000000000003,8.98
2365,606,10.25,5,843.48,126.3,39.39,18.3,6.76
2366,671,21.36,4,1139.4,75.3,78.48,59.54,10.84
2367,745,13.24,4,1003.9,147.66,47.02,25.08,10.69
2368,447,8.99,3,834.4,103.37,46.59,25.59,5.94
2369,416,6.16,4,496.0,73.91,24.22,11.809999999999999,5.0200000000000005
237,460,7.369999999999999,4,775.45,93.30000000000001,37.43,26.35,5.6899999999999995
2370,2877,143.9,2,7181.79,143.5,575.46,430.58,0.0
2371,531,14.66,6,962.01,101.22,53.04,39.04,6.64
2372,430,8.91,5,604.8,109.05,19.61,10.85,9.209999999999999
2373,335,6.2299999999999995,5,440.54,69.33,24.58,6.83,3.79
2374,269,7.43,4,333.4,37.019999999999996,19.61,13.059999999999999,6.21
2375,321,9.57,5,578.85,53.93,35.27,24.900000000000002,5.4
2376,359,9.8,8,670.44,80.22999999999999,34.61,24.04,5.57
2377,579,8.31,5,758.5,128.35,27.46,15.1,5.9
2378,683,16.14,6,941.88,110.76,65.88,25.44,6.25
2379,503,12.229999999999999,4,812.8499999999999,68.33,47.309999999999995,38.589999999999996,4.55
238,477,7.87,6,771.01,88.91,33.8,28.56,4.43
2380,451,9.55,5,700.77,87.69,30.84,23.77,4.93
2381,407,5.840000000000001,5,535.65,89.12,21.09,10.549999999999999,4.390000000000001
2382,279,2.6199999999999997,3,423.8,81.36,11.46,5.01,3.1900000000000004
2383,389,8.09,5,540.0699999999999,85.93,29.65,8.16,4.12
2384,342,3.8400000000000003,3,435.35,76.78,14.5,6.380000000000001,2.8
2385,418,13.229999999999999,5,830.2,74.25,54.17,36.0,6.66
2386,379,7.55,6,575.19,73.36,29.68,18.06,5.02
2387,850,23.810000000000002,7,1552.0900000000001,154.43,86.83,62.87,9.74
2388,937,20.18,5,1297.28,168.66,79.63,30.41,7.970000000000001
2389,292,7.62,5,570.05,59.019999999999996,32.74,22.42,4.47
239,460,9.23,6,682.64,78.09,33.11,24.37,8.7
2390,308,4.59,4,441.15,78.37,14.27,7.86,4.279999999999999
2391,507,6.23,3,760.7,131.82,26.450000000000003,12.95,5.359999999999999
2392,349,9.0,5,699.9,80.22,39.800000000000004,23.8,4.34
2393,631,12.59,6,1067.3,148.42000000000002,47.16,30.09,7.91
2394,358,14.21,5,572.68,56.97,46.81,17.42,6.49
2395,713,11.32,4,1057.72,154.3,45.99,24.73,5.33
2396,469,10.46,9,806.27,101.19999999999999,39.65,25.96,5.58
2397,523,11.370000000000001,6,922.41,117.78999999999999,41.910000000000004,31.18,6.17
2398,429,9.2,6,756.6,90.94,39.36,25.79,5.8
2399,404,10.459999999999999,5,789.5999999999999,95.32,41.06,26.8,7.21
240,348,6.32,4,522.3,56.010000000000005,31.23,19.04,5.7
2400,466,8.78,5,644.19,90.53,33.35,15.88,3.0
2401,445,9.27,6,735.9,90.35,39.22,22.96,4.67
2402,253,2.64,3,217.76,44.22,7.02,1.69,2.96
2403,423,7.8999999999999995,4,528.45,83.73,26.09,9.59,5.0
2404,484,7.55,6,669.5600000000001,106.3,27.27,14.68,6.29
2405,487,10.78,5,587.3399999999999,69.48,33.11,19.1,5.51
2406,495,9.93,7,726.03,92.51,39.77,20.99,4.16
2407,495,6.89,4,502.34000000000003,101.47,15.81,4.890000000000001,6.48
2408,536,9.26,6,789.44,102.97,38.190000000000005,24.669999999999998,6.06
2409,586,9.69,5,853.21,129.18,42.61,17.330000000000002,5.6
241,544,7.29,7,690.87,106.13000000000001,29.59,15.04,4.69
2410,630,10.61,5,865.05,153.8,34.949999999999996,12.1,7.14
2411,209,8.790000000000001,3,441.59,11.05,30.810000000000002,30.52,2.04
2412,387,9.09,7,523.8199999999999,68.62,30.92,13.6,4.53
2413,271,5.33,3,415.2,69.02000000000001,17.18,7.89,5.390000000000001
2414,430,10.23,8,744.13,80.19999999999999,40.82,28.75,5.88
2415,514,14.1,6,649.38,80.88,34.38,21.4,10.14
2416,671,17.45,7,1314.8899999999999,144.82999999999998,71.11,49.94,10.09
2417,654,8.08,4,888.74,167.13,28.42,11.73,8.14
2418,608,15.309999999999999,6,1169.86,138.65,59.6,41.81,8.81
2419,217,1.16,2,233.07999999999998,49.959999999999994,6.140000000000001,0.59,1.67
242,469,7.94,5,693.3,89.31,25.16,23.28,7.130000000000001
2420,624,15.2,5,1158.6,110.86000000000001,67.01,46.449999999999996,5.41
2421,266,3.1900000000000004,3,393.0,68.47,13.32,6.8500000000000005,3.4699999999999998
2422,300,6.4399999999999995,4,551.0,71.47,27.630000000000003,15.370000000000001,3.7
2423,180,7.72,2,392.0,23.5,27.299999999999997,19.46,1.16
2424,637,14.059999999999999,6,1213.37,138.48000000000002,59.58,43.22,5.74
2425,343,7.449999999999999,4,579.91,58.5,29.57,24.669999999999998,2.52
2426,646,20.15,5,1249.75,91.22,83.82,58.410000000000004,6.37
2427,625,14.72,4,1014.3,125.51,51.239999999999995,34.07,9.73
2428,342,7.54,6,538.5699999999999,65.51,30.39,17.7,4.68
2429,315,9.860000000000001,6,514.45,47.29,36.68,19.630000000000003,3.9299999999999997
243,910,19.37,8,1679.73,176.47,77.37,65.95,10.64
2430,440,11.73,5,892.5,100.63999999999999,48.64,30.07,4.86
2431,241,5.64,4,396.45000000000005,41.870000000000005,24.220000000000002,14.959999999999999,3.69
2432,427,8.65,5,782.5,99.07,38.269999999999996,23.74,3.46
2433,302,11.66,4,765.8,53.92,51.85,35.66,3.9299999999999997
2434,226,2.76,3,353.3,66.88,10.32,4.7299999999999995,2.56
2435,315,8.25,7,606.4300000000001,64.03,33.32,23.919999999999998,4.83
2436,380,10.149999999999999,6,746.65,96.26,34.97,24.82,7.109999999999999
2437,419,8.83,5,731.14,97.78999999999999,34.62,22.189999999999998,5.82
2438,363,8.71,5,593.8299999999999,76.72,32.68,16.71,2.83
2439,555,10.790000000000001,5,798.15,123.22,33.25,19.52,10.14
244,491,10.629999999999999,6,870.95,80.48,48.05,37.02,6.84
2440,384,9.54,5,777.3,82.26,42.2,27.55,2.94
2441,511,9.79,7,762.28,108.07,36.76,19.46,6.45
2442,610,12.35,7,1022.1800000000001,142.07,48.84,27.35,7.3
2443,219,3.69,4,273.68,50.53,9.38,3.98,4.38
2444,374,11.14,9,714.42,66.74000000000001,41.86,31.430000000000003,5.26
2445,497,10.59,6,748.11,85.46000000000001,42.96,24.68,5.38
2446,577,15.89,7,1175.37,119.92,66.05,47.879999999999995,8.22
2447,534,13.63,5,940.7,104.52,46.49,35.6,5.18
2448,339,8.52,4,696.9,86.98,33.13,23.45,5.96
2449,820,13.719999999999999,6,1468.68,191.56,69.01,43.4,5.71
245,504,10.89,4,989.7,102.72999999999999,37.56,41.7,7.83
2450,458,9.97,4,486.99,80.21,32.37,3.54,4.3
2451,293,9.93,5,400.1,41.64,32.370000000000005,11.16,5.11
2452,402,7.48,6,551.5699999999999,83.94,23.869999999999997,12.48,5.79
2453,546,14.040000000000001,8,1039.37,98.11,60.6,43.69,5.7
2454,287,4.87,4,326.57,49.31,14.36,7.180000000000001,3.43
2455,401,9.48,5,818.4,90.13,41.14,30.599999999999998,3.85
2456,354,11.16,4,770.46,56.28,56.22,35.78,5.28
2457,301,14.36,8,662.38,25.78,54.68,37.29,3.7800000000000002
2458,420,10.81,5,761.59,88.32999999999998,39.230000000000004,27.74,6.75
2459,254,7.83,6,436.73,46.73,25.169999999999998,17.240000000000002,4.68
246,428,8.64,6,789.56,80.99,34.7,32.14,4.57
2460,515,8.51,5,715.59,119.55,25.599999999999998,15.030000000000001,8.85
2461,408,10.5,3,477.67,82.63,30.79,2.22,5.69
2462,396,13.1,7,816.2,49.95,54.77,42.669999999999995,3.53
2463,656,14.95,6,876.47,112.57,55.25,20.05,4.83
2464,494,13.16,5,831.13,108.16999999999999,50.36,20.66,6.08
2465,489,16.09,4,543.24,33.019999999999996,55.96,22.490000000000002,7.640000000000001
2466,399,10.51,4,498.63,85.88,30.84,3.79,4.87
2467,333,8.29,5,646.74,74.03999999999999,34.96,21.82,5.08
2468,286,4.57,5,416.35,65.05,16.43,9.760000000000002,3.7
2469,627,11.51,6,941.6899999999999,126.55,47.769999999999996,27.26,7.4
247,410,7.590000000000001,4,714.25,86.21,23.93,27.220000000000002,3.27
2470,366,10.81,6,721.89,64.96000000000001,45.43,31.22,5.720000000000001
2471,363,6.65,5,543.95,71.03,23.62,18.07,4.3
2472,281,6.57,6,485.72,56.1,26.55,17.3,4.640000000000001
2473,550,11.079999999999998,4,756.14,81.47,37.94,30.95,5.16
2474,451,7.14,5,531.21,103.22,21.669999999999998,3.29,4.96
2475,390,11.78,5,709.51,60.68,52.339999999999996,28.27,4.44
2476,377,10.67,7,751.24,68.19,46.22,31.16,4.55
2477,557,10.42,6,833.37,135.03,39.32,13.39,5.390000000000001
2478,472,11.19,8,719.0699999999999,93.84,35.54,22.01,7.07
2479,385,8.1,5,617.24,79.13,32.41,17.189999999999998,5.0
248,696,12.6,5,1124.78,133.59,57.77,36.2,11.19
2480,338,8.49,4,587.45,58.239999999999995,34.769999999999996,23.79,4.35
2481,560,15.63,7,883.6800000000001,101.18,52.129999999999995,28.68,7.75
2482,506,15.38,7,1079.33,119.58000000000001,63.15,37.03,8.29
2483,475,7.27,4,787.5799999999999,127.63,26.73,17.75,6.21
2484,511,12.85,5,848.6,89.58999999999999,50.1,31.19,5.37
2485,254,7.66,4,512.8,47.730000000000004,32.24,21.78,5.09
2486,419,7.19,4,736.55,100.05000000000001,29.160000000000004,23.14,3.8600000000000003
2487,530,11.08,4,727.37,109.77000000000001,40.44,13.07,5.62
2488,376,4.66,3,553.64,82.66,26.67,12.39,3.45
2489,456,10.61,6,680.54,82.19,40.21,19.29,3.64
249,244,12.14,3,826.2,30.54,52.31,50.339999999999996,5.75
2490,446,11.23,5,936.9,115.35,46.339999999999996,29.52,7.03
2491,403,9.07,6,671.84,76.27,37.269999999999996,24.17,5.75
2492,265,9.89,5,576.08,46.77,35.080000000000005,24.84,3.75
2493,284,8.51,4,554.27,53.57000000000001,28.279999999999998,23.4,3.32
2494,438,13.05,6,867.88,65.53999999999999,53.67,41.9,4.1899999999999995
2495,585,11.459999999999999,7,789.3699999999999,124.87,38.06,14.89,8.27
2496,644,10.92,4,848.6600000000001,143.3,32.68,13.540000000000001,9.22
2497,544,12.98,4,1022.9,138.42000000000002,46.21,30.96,9.98
2498,425,8.459999999999999,4,725.5,83.53,41.53,24.62,4.75
2499,423,9.149999999999999,6,761.96,98.4,36.769999999999996,23.459999999999997,6.68
250,547,7.13,4,605.35,104.22999999999999,18.259999999999998,13.31,4.57
2500,395,8.94,6,638.87,82.27,28.49,22.04,5.82
2501,320,5.35,5,442.58,74.86,18.78,7.930000000000001,4.76
2502,417,7.92,5,642.64,93.72,30.33,15.100000000000001,4.76
2503,604,12.98,4,803.76,103.95,53.07,18.549999999999997,4.98
2504,349,12.14,6,712.05,63.379999999999995,42.18,31.31,6.64
2505,489,11.219999999999999,5,886.5799999999999,103.81,52.21,26.11,3.67
2506,538,12.35,6,874.84,85.81,51.89,35.94,6.07
2507,644,9.64,7,891.97,139.29000000000002,37.41,20.09,7.66
2508,518,19.31,7,1062.7,96.92,64.91,46.14,11.57
2509,503,9.5,6,627.79,81.46000000000001,29.509999999999998,20.93,5.73
251,381,9.92,4,674.74,68.63,25.689999999999998,29.54,4.42
2510,391,9.94,7,738.98,81.71,41.339999999999996,27.619999999999997,5.47
2511,519,11.96,6,813.58,102.71000000000001,39.209999999999994,27.43,8.370000000000001
2512,246,9.79,5,438.79999999999995,31.85,42.83,15.07,2.12
2513,576,12.61,5,1121.8600000000001,142.94,52.28,36.92,6.98
2514,514,9.24,5,771.25,119.2,32.92,18.06,8.41
2515,520,11.56,4,978.15,113.65,54.11,33.87,7.800000000000001
2516,505,7.529999999999999,4,732.4,146.46,19.89,7.57,8.05
2517,622,10.370000000000001,4,906.8199999999999,125.9,42.07,23.799999999999997,6.03
2518,249,6.21,5,523.1,60.160000000000004,28.689999999999998,17.61,3.74
2519,415,9.020000000000001,6,789.6,90.9,41.42,28.3,5.27
252,523,16.56,4,1368.05,91.5,66.42,73.39,8.379999999999999
2520,512,10.01,6,825.25,115.8,39.47,22.69,6.76
2521,525,12.2,7,1037.68,113.59,55.269999999999996,37.8,5.52
2522,404,7.16,5,692.47,82.53,34.870000000000005,23.82,3.0300000000000002
2523,527,14.59,7,1022.26,97.77,57.15,43.699999999999996,6.7
2524,454,7.07,4,625.9200000000001,108.61,23.419999999999998,9.68,4.83
2525,511,9.52,4,849.0,112.85,39.2,25.970000000000002,6.029999999999999
2526,452,10.0,5,812.96,92.59,48.06,26.730000000000004,5.93
2527,490,10.129999999999999,8,776.33,99.36000000000001,38.11,25.13,5.800000000000001
2528,384,10.41,6,748.3,72.34,42.56,31.58,4.7299999999999995
2529,539,9.66,6,939.3599999999999,120.31,42.83,30.589999999999996,5.0
253,339,6.62,4,555.2,63.089999999999996,21.95,20.73,3.2800000000000002
2530,370,8.03,5,498.28000000000003,63.39,26.84,14.790000000000001,3.28
2531,573,13.42,6,1047.27,124.62,49.68,38.08,8.13
2532,350,9.459999999999999,5,584.05,61.56,34.73,21.439999999999998,5.32
2533,568,11.02,5,966.28,133.46,43.99,27.66,7.949999999999999
2534,515,9.74,4,918.2,111.07000000000001,48.59,30.02,5.0
25343,362,8.23,5,516.56,61.9,32.03,14.57,2.8099999999999996
25344,606,10.11,6,540.86,95.03,21.69,9.120000000000001,12.620000000000001
25345,243,9.84,4,463.8,37.68,26.66,23.44,3.6799999999999997
25346,797,22.19,10,1272.8400000000001,108.73,78.79,57.699999999999996,8.61
25347,440,14.19,7,660.2,67.97,33.849999999999994,27.970000000000002,5.4399999999999995
25348,465,15.1,5,878.7,81.71,53.760000000000005,37.21,6.4
25349,636,13.32,7,1022.4,121.92,50.940000000000005,38.16,5.8
2535,471,9.99,6,772.02,107.18,38.1,21.8,7.05
25350,451,7.25,5,633.1800000000001,86.94,27.740000000000002,20.46,8.780000000000001
25351,509,15.73,10,864.62,84.53,44.94,39.05,8.76
25352,752,19.36,6,955.96,116.25,47.64,32.79,13.0
25353,247,5.61,5,429.79999999999995,49.89,19.64,17.900000000000002,2.2800000000000002
25354,383,13.36,6,530.66,53.14,25.72,23.689999999999998,4.29
25355,524,14.43,6,950.96,83.05,58.24,43.629999999999995,7.86
25356,418,11.77,9,768.3,71.78,47.41,32.87,5.79
25357,873,17.54,10,980.88,154.57,44.18,18.580000000000002,10.76
25358,376,10.73,7,615.87,52.43,41.7,28.15,4.45
25359,454,10.97,8,682.6700000000001,90.94999999999999,28.43,21.98,5.08
2536,320,7.88,5,589.9,61.650000000000006,35.52,22.37,5.03
25360,524,12.07,5,553.71,52.94,38.73,20.650000000000002,5.63
25361,415,7.77,7,389.69,51.42,22.779999999999998,10.88,7.35
25362,607,13.6,4,1016.0799999999999,118.2,48.45,41.83,9.21
25363,370,13.47,5,719.4,30.38,57.31,42.099999999999994,3.61
25364,1169,47.49,11,2266.62,128.05,159.91,127.34,16.740000000000002
25365,789,17.3,7,1111.44,134.16,65.55,35.56,13.0
25366,640,13.18,7,866.35,82.31,56.45,33.93,8.5
25367,507,18.16,8,859.52,86.10000000000001,61.07,29.689999999999998,5.53
25368,392,13.79,12,569.82,49.81,40.49,23.66,6.3
25369,564,13.56,6,908.95,85.28,53.28,42.01,6.88
2537,642,15.19,4,1186.65,121.87,70.52,45.83,7.64
25370,384,9.36,8,550.25,55.81999999999999,34.34,19.96,5.4399999999999995
25371,570,9.58,5,614.37,92.36999999999999,27.55,14.19,6.890000000000001
25372,458,11.97,5,744.4000000000001,87.15,36.870000000000005,27.390000000000004,6.0200000000000005
25373,623,11.32,7,860.1499999999999,101.41,49.59,27.459999999999997,5.94
25374,494,9.98,6,651.2,76.72999999999999,38.59,19.99,5.55
25375,396,12.139999999999999,5,617.85,72.97,25.77,23.64,3.52
25376,507,10.64,6,798.66,98.0,42.53,27.38,9.559999999999999
25377,260,7.0,5,192.17,20.0,14.459999999999999,5.94,5.53
25378,658,12.32,5,919.51,128.0,39.56,25.57,6.69
25379,400,11.18,6,493.25,65.66,28.41,12.36,4.58
2538,278,6.2,4,463.76,45.03999999999999,26.62,19.54,2.66
25380,359,9.93,8,433.25,49.56,25.83,15.919999999999998,6.77
25381,401,8.58,9,537.51,72.16,27.27,15.56,6.43
25382,381,12.96,10,597.5699999999999,56.62,31.98,26.86,5.69
25383,388,10.39,7,526.47,52.54,35.98,19.77,5.37
25384,425,11.33,7,545.41,58.36,29.439999999999998,21.13,4.8
25385,349,5.33,4,427.62,68.52,18.049999999999997,8.84,6.52
25386,497,9.45,7,580.44,70.91,32.47,19.11,6.050000000000001
25387,365,9.01,7,416.4,46.78,27.64,14.19,5.67
25388,521,10.18,7,594.4200000000001,80.19,29.990000000000002,16.3,8.66
25389,291,7.47,7,446.52,31.6,31.669999999999998,22.2,3.0300000000000002
2539,624,14.44,8,1065.83,135.25,52.9,33.92,7.91
25390,458,16.71,5,539.77,26.84,51.46,24.88,3.41
25391,431,10.85,7,603.14,75.46,34.55,18.1,3.17
25392,407,11.04,4,607.55,73.27,27.66,22.88,2.82
25393,513,11.89,5,680.96,99.83,36.86,16.66,7.880000000000001
25394,526,16.61,5,651.4,50.37,53.41,25.340000000000003,4.859999999999999
25395,353,9.77,9,545.78,39.0,39.86,26.22,4.46
25396,219,16.52,3,579.85,12.17,41.01,42.64,2.54
25397,407,8.08,8,564.49,72.83,27.27,17.17,5.25
25398,479,13.3,7,537.28,38.949999999999996,41.05,23.33,6.16
25399,381,9.96,7,583.2,49.45,41.14,23.509999999999998,4.15
254,646,12.4,6,1059.1200000000001,126.42000000000002,53.34,34.08,10.31
2540,496,12.5,4,950.6600000000001,105.9,50.78,35.52,7.92
25400,4,0.06,1,1.8,0.27,0.13,0.06,0.08
2541,662,13.209999999999999,7,1088.85,171.82999999999998,41.96,24.81,11.02
2542,713,22.35,6,1659.46,144.06,99.55000000000001,73.32,8.98
2543,261,7.66,4,563.95,44.599999999999994,40.33,25.01,3.7
2544,326,9.49,5,704.8599999999999,65.3,43.57,29.169999999999998,3.63
2545,609,17.11,7,1053.43,111.62,60.22,37.93,7.92
2546,427,12.850000000000001,6,966.44,96.7,55.51,37.86,5.89
2547,755,15.15,5,1406.2,187.95999999999998,63.6,42.35,10.72
2548,535,9.75,6,749.96,118.43,34.339999999999996,16.46,7.48
2549,612,11.86,5,1114.06,135.29,58.949999999999996,34.62,5.64
255,513,10.31,4,930.35,103.34,36.37,35.59,4.97
2550,621,11.17,6,1007.49,139.97,49.58,27.38,8.99
2551,644,9.55,3,779.9200000000001,143.36,20.27,11.8,4.57
2552,291,11.64,1,931.2,72.75,52.38,43.65,8.73
2553,574,11.17,4,980.2,119.84,47.64,34.27,5.84
2554,478,5.87,4,583.5,105.88,15.059999999999999,11.450000000000001,6.07
2555,372,7.21,4,467.17999999999995,54.769999999999996,26.44,15.88,3.13
2556,526,10.1,7,697.04,93.64,32.9,20.43,5.7299999999999995
2557,561,13.0,4,834.0,91.27000000000001,44.93,30.01,3.8200000000000003
2558,387,11.21,5,677.12,63.480000000000004,36.53,27.87,4.2299999999999995
2559,725,21.24,8,1131.27,113.69,59.14,46.72,6.72
256,538,10.92,5,884.5,91.83,37.32,36.9,7.18
2560,407,6.12,4,329.17,62.629999999999995,9.05,5.109999999999999,3.84
2561,528,8.75,6,823.1,115.84,36.61,22.73,5.11
2562,467,9.68,4,890.9,97.07,45.910000000000004,32.07,5.01
2563,556,16.73,6,1129.1,93.06,75.68,50.07,5.37
2564,672,14.8,4,1134.22,119.03,60.669999999999995,40.91,4.4399999999999995
2565,593,14.649999999999999,5,993.4000000000001,91.06,61.77,42.67,6.35
2566,624,16.740000000000002,5,1224.7,110.75,77.66,51.28,8.209999999999999
2567,660,21.36,4,1157.4,76.09,71.47999999999999,59.7,9.86
2568,259,6.51,5,373.3,36.230000000000004,22.66,14.71,2.16
2569,404,7.819999999999999,5,542.2,67.89,26.37,17.52,3.5100000000000002
257,506,7.76,4,709.3,101.46,25.35,20.28,8.4
2570,491,12.26,5,932.6,88.36000000000001,58.559999999999995,37.0,5.18
2571,588,13.629999999999999,6,826.98,85.19999999999999,47.94,33.28,7.6
2572,393,8.22,5,483.37,75.03,24.18,9.17,3.8
2573,605,10.38,4,1117.4,147.57,50.559999999999995,34.28,8.86
2574,405,9.57,4,771.3,91.42,40.04,26.77,3.7
2575,466,10.49,5,784.34,91.34,39.68,28.35,7.53
2576,476,11.08,6,821.45,99.24000000000001,35.93,30.89,7.25
2577,916,24.83,5,1763.6,137.7,110.21,81.06,9.950000000000001
2578,405,8.68,5,748.6,84.42,37.5,28.95,7.6
2579,410,9.85,5,726.85,74.11,40.45,28.64,6.41
258,402,7.7299999999999995,5,645.44,66.25999999999999,26.32,28.509999999999998,4.09
2580,491,12.680000000000001,4,1056.6,114.39,50.660000000000004,39.32,5.71
2581,498,11.82,8,824.0999999999999,92.32,44.18,30.400000000000002,6.63
2582,365,7.449999999999999,3,786.4000000000001,94.05,35.53,27.139999999999997,6.69
2583,513,17.96,7,1037.5,68.27,68.14,54.33,7.35
2584,412,9.29,6,680.48,72.66,37.57,24.75,3.59
2585,353,6.61,4,668.5,84.49,32.03,21.51,5.2
2586,540,12.38,6,669.92,72.57,47.17,20.91,4.0
2587,437,9.17,5,431.14,64.38,29.790000000000003,5.85,3.27
2588,652,15.930000000000001,4,1209.6399999999999,114.41,67.92,47.519999999999996,4.82
2589,250,6.88,6,399.85,37.489999999999995,23.86,18.06,2.84
259,532,11.71,4,1102.0,101.44,51.11,48.94,6.3500000000000005
2590,570,12.53,5,824.3299999999999,102.55,46.41,23.55,6.6
2591,449,6.5,4,724.3,112.28,27.79,17.599999999999998,5.029999999999999
2592,514,10.32,4,842.4,91.73,48.199999999999996,30.029999999999998,5.21
2593,498,9.06,6,651.83,92.75,33.88,15.74,5.8
2594,515,9.62,6,803.3,100.47,36.53,26.09,5.36
2595,582,9.370000000000001,4,930.4,124.71000000000001,39.37,30.49,10.51
2596,634,18.19,6,1184.54,104.88,74.07,50.32,7.94
2597,412,11.79,5,830.5999999999999,88.49000000000001,44.2,32.92,6.45
2598,591,9.88,4,819.5899999999999,121.84,41.66,19.23,7.49
2599,552,8.17,5,823.25,123.19999999999999,35.120000000000005,20.18,5.51
260,669,11.92,9,985.3299999999999,109.86,45.39,36.45,8.54
2600,630,16.09,4,1136.62,119.43,59.7,45.63,7.0200000000000005
2601,423,10.899999999999999,4,619.0,63.09,33.28,27.68,4.22
2602,318,7.51,5,524.88,57.92,26.96,19.64,3.1
2603,590,16.02,5,979.71,102.33,68.78,31.52,6.64
2604,663,12.22,4,732.99,88.96000000000001,41.769999999999996,21.939999999999998,3.02
2605,373,9.07,6,579.42,53.790000000000006,37.540000000000006,23.25,3.6799999999999997
2606,447,8.52,4,578.8199999999999,77.89,30.1,16.229999999999997,4.04
2607,550,11.500000000000002,4,1088.0,128.78,53.42,38.46,9.58
2608,631,21.9,5,950.55,49.019999999999996,83.53999999999999,45.65,6.79
2609,694,15.36,7,1180.0,120.16,68.77,45.98,4.75
261,499,8.19,7,749.67,90.31,34.33,24.86,5.22
2610,407,11.0,5,673.15,80.83,28.44,24.75,5.22
2611,349,7.68,7,459.82,54.94,21.54,16.14,3.7
2612,449,10.85,7,677.45,70.14,36.93,25.759999999999998,3.89
2613,538,13.700000000000001,6,724.34,73.80000000000001,42.32,28.36,3.83
2614,303,7.13,5,479.20000000000005,53.56,23.39,19.34,4.19
2615,520,7.0200000000000005,6,804.4,124.82,28.7,19.150000000000002,5.48
2616,491,11.09,3,903.3,102.16,51.190000000000005,33.14,7.5200000000000005
2617,395,6.96,7,608.56,84.9,25.759999999999998,17.23,3.64
2618,731,18.84,8,1421.8,138.64,79.09,57.480000000000004,9.11
2619,428,10.41,6,729.12,88.15,34.0,25.75,6.56
262,507,4.77,6,664.02,104.92,27.48,13.95,4.48
2620,557,12.799999999999999,4,964.09,129.64,50.32,24.970000000000002,4.7
2621,327,9.8,7,590.5,53.480000000000004,32.04,26.18,4.78
2622,605,11.56,4,937.1,116.94,41.77,29.700000000000003,3.7199999999999998
2623,505,9.780000000000001,6,823.6,106.52000000000001,37.699999999999996,26.71,6.14
2624,442,11.62,6,611.52,49.26,40.08,27.35,3.03
2625,480,13.81,6,709.75,63.21,44.14,31.61,3.65
2626,585,15.12,4,1115.1,107.75,66.44,45.84,10.05
2627,625,15.55,4,1133.85,111.19999999999999,60.05,44.379999999999995,3.32
2628,514,11.76,7,892.8499999999999,108.66999999999999,42.839999999999996,31.209999999999997,6.42
2629,381,6.93,3,685.0,97.52,29.990000000000002,18.05,3.43
263,386,7.07,5,670.3,72.59,24.53,27.44,4.09
2630,509,11.06,5,904.6,109.98,44.55,30.770000000000003,7.11
2631,345,4.12,3,497.9,87.38,12.809999999999999,10.87,4.94
2632,410,6.01,4,697.9000000000001,106.64,23.65,18.33,5.96
2633,674,10.57,6,1025.76,150.12,45.36,25.029999999999998,4.76
2634,418,10.38,5,497.63,56.019999999999996,35.45,13.399999999999999,2.41
2635,434,10.56,6,714.34,70.25999999999999,44.38,27.43,4.07
2636,490,10.86,6,617.9200000000001,77.3,38.6,17.71,5.41
2637,907,16.96,5,1525.2,184.03000000000003,77.13,52.379999999999995,8.85
2638,379,9.33,6,697.6,77.62,35.17,27.150000000000002,4.72
2639,421,9.07,7,671.0,75.65,36.4,23.74,4.53
264,370,6.06,5,498.0,65.89,18.12,16.24,5.27
2640,617,17.580000000000002,6,1086.4,89.27000000000001,72.61,46.49,4.42
2641,457,12.51,8,807.8,81.33000000000001,43.31,33.2,4.86
2642,538,12.31,6,895.45,90.68,52.63,35.25,6.27
2643,271,8.16,6,535.6,43.04,33.44,23.98,3.17
2644,439,6.28,3,540.1,77.71,22.67,17.56,7.8500000000000005
2645,351,9.0,7,564.35,52.43000000000001,33.94,24.77,3.52
2646,565,15.5,5,1048.32,113.64,52.54,39.08,6.83
2647,451,8.56,5,554.02,77.14,25.73,16.38,5.33
2648,527,11.56,7,709.8399999999999,83.77,41.95,21.89,5.26
2649,343,8.620000000000001,4,570.8,56.49,31.96,25.89,3.94
265,288,5.11,4,368.14,51.480000000000004,12.41,12.73,2.05
2650,407,13.72,3,877.7,68.67,63.11,39.4,6.01
2651,387,9.34,5,544.54,50.57,36.91,21.38,2.94
2652,709,17.47,5,1095.02,99.08,71.1,44.089999999999996,5.61
2653,699,9.66,3,856.4,127.57,38.849999999999994,19.130000000000003,3.28
2654,471,11.120000000000001,7,586.47,48.95,37.86,27.71,6.37
2655,443,10.16,6,807.8,84.65,46.68,30.51,4.63
2656,385,14.01,8,683.19,39.55,49.230000000000004,36.41,5.74
2657,279,5.18,2,225.61999999999998,34.56,7.19,8.9,5.9
2658,652,11.4,7,863.97,109.42,42.93,27.75,7.04
2659,638,9.82,6,946.96,130.14,40.5,28.0,7.58
266,478,7.08,6,673.74,83.09,36.19,20.77,7.04
2660,1182,24.97,7,2059.05,246.81,97.79,72.73,15.81
2661,517,10.4,4,825.25,115.63999999999999,32.53,23.39,4.23
2662,650,11.07,5,1001.5,132.46,44.760000000000005,33.82,8.45
2663,577,10.14,5,809.95,104.16,40.54,25.47,4.27
2664,503,8.01,5,611.04,94.81,22.36,16.689999999999998,7.01
2665,377,10.35,4,640.6,57.160000000000004,41.53,25.79,2.59
2666,356,12.33,5,592.85,47.57,35.64,28.650000000000002,3.17
2667,478,11.42,7,779.35,76.41,43.29,31.770000000000003,4.58
2668,659,14.23,5,1063.16,135.56,51.97,32.49,6.96
2669,402,11.06,6,741.64,62.65,46.43,32.14,4.6
267,502,10.23,4,876.0,101.2,47.769999999999996,29.220000000000002,9.67
2670,342,8.92,6,647.8,60.42,39.55,25.62,3.07
2671,445,10.67,5,769.6,79.94999999999999,43.519999999999996,30.16,6.74
2672,398,10.360000000000001,7,707.38,62.19,44.98,29.54,3.5
2673,436,12.709999999999999,6,591.7,61.599999999999994,45.94,16.47,3.62
2674,520,17.080000000000002,6,1214.6,97.15,74.06,54.02,5.81
2675,316,12.79,4,595.62,33.0,48.32,27.97,3.95
2676,362,6.96,6,580.8,78.81,25.970000000000002,17.560000000000002,4.38
2677,488,11.15,5,864.6,84.13,47.79,34.6,5.64
2678,561,15.37,7,1048.08,106.87,58.28,42.379999999999995,7.35
2679,377,12.549999999999999,6,678.45,54.73,42.15,31.86,3.53
268,413,11.31,4,637.05,56.24,33.46,28.110000000000003,3.3499999999999996
2680,396,7.92,6,643.35,71.98,36.18,22.25,3.58
2681,775,17.65,5,1310.1,147.63,63.36,46.07,5.62
2682,189,7.93,3,396.72,23.96,28.759999999999998,20.11,3.41
2683,505,10.91,8,724.49,93.15,33.99,23.32,6.220000000000001
2684,424,8.57,5,782.6,93.52000000000001,39.89,26.86,6.44
2685,335,9.42,5,649.6,62.76,38.36,27.05,3.7
2686,330,6.63,5,597.0999999999999,69.59,33.22,19.71,3.12
2687,285,8.47,8,527.23,41.4,34.54,23.689999999999998,3.0100000000000002
2688,330,7.74,5,288.44,36.620000000000005,20.24,7.540000000000001,3.55
2689,259,7.22,5,391.07,34.72,26.22,16.14,2.51
269,271,5.56,7,480.3,48.900000000000006,23.47,19.33,3.88
2690,208,5.260000000000001,4,387.1,41.72,20.64,14.299999999999999,2.96
2691,557,11.1,5,882.52,110.66999999999999,39.16,29.69,8.47
2692,425,9.07,5,599.6,69.92,29.4,21.02,3.77
2693,300,6.74,4,464.7,61.61,21.32,14.01,2.98
2694,698,24.12,8,1579.4,125.96000000000001,103.97,70.89999999999999,9.86
2695,354,8.22,7,617.65,66.75,32.410000000000004,22.48,2.79
2696,602,16.32,5,1185.1799999999998,116.73,70.39,45.74,7.18
2697,503,11.200000000000001,5,952.25,116.59,41.89,32.47,7.9399999999999995
2698,458,13.7,4,791.72,86.77000000000001,43.160000000000004,29.27,5.220000000000001
2699,491,8.23,5,799.03,110.59,35.89,21.62,6.44
270,365,4.56,3,592.9,80.23,30.82,16.14,4.26
2700,421,5.68,3,429.88,82.53,18.939999999999998,1.54,1.66
2701,386,9.86,4,546.7,55.03,30.5,23.97,3.51
2702,595,12.540000000000001,5,956.8,105.61,53.11,33.01,3.71
2703,500,12.26,8,872.2,89.05000000000001,48.5,36.08,6.0
2704,489,10.09,6,776.62,102.57000000000001,36.49,24.45,5.6499999999999995
2705,358,8.799999999999999,7,483.61,53.86,32.58,14.959999999999999,4.04
2706,572,9.52,6,651.08,85.50999999999999,31.52,19.09,3.8
2707,544,12.29,7,933.1,95.49,51.86,35.5,5.05
2708,503,12.92,5,890.6600000000001,92.99,49.58,35.42,4.8999999999999995
2709,545,10.72,6,818.34,104.78999999999999,37.14,25.73,5.4399999999999995
271,539,11.47,7,1028.1,111.22,44.25,39.65,5.78
2710,397,11.16,5,681.56,51.83,45.449999999999996,29.78,2.28
2711,392,11.4,5,730.2,58.21,46.480000000000004,32.699999999999996,4.79
2712,609,15.48,7,1233.62,123.72,69.48,47.36,7.870000000000001
2713,451,14.09,5,959.03,90.56,62.82,36.24,6.97
2714,464,9.05,4,913.8,110.97,43.43,30.3,7.09
2715,217,4.67,4,393.1,41.19,22.04,14.7,1.9
2716,248,8.19,7,500.4,40.459999999999994,30.11,23.619999999999997,3.0
2717,456,12.09,6,728.9,59.55,42.71,33.9,5.51
2718,418,9.32,6,670.0799999999999,83.1,32.85,23.36,6.21
2719,532,14.05,7,723.85,79.03,53.24,20.1,5.4
272,495,9.59,5,855.24,97.86,41.269999999999996,29.259999999999998,6.12
2720,417,5.41,4,517.48,85.75,18.0,12.02,4.03
2721,484,12.5,4,852.7,76.11,48.74,35.2,3.67
2722,276,5.91,4,491.64,59.07,22.27,17.23,4.79
2723,418,8.21,4,718.8,86.1,36.07,23.15,4.12
2724,336,6.3999999999999995,6,434.9,57.650000000000006,26.38,10.12,2.44
2725,349,7.930000000000001,7,656.8,75.1,30.96,24.48,5.39
2726,483,7.43,6,622.52,85.97,29.96,17.349999999999998,4.14
2727,583,12.72,4,919.05,117.12,57.7,23.8,5.33
2728,407,7.5,4,302.04,38.39,15.71,9.35,2.77
2729,172,2.7800000000000002,3,318.6,42.96,12.899999999999999,9.95,3.03
273,547,11.65,6,944.7,100.43,47.18,35.69,7.34
2730,352,8.42,6,641.2,63.34,35.5,25.13,4.02
2731,503,7.41,4,807.3,114.11000000000001,31.6,23.06,7.15
2732,246,3.87,3,314.05,43.980000000000004,14.9,8.38,2.05
2733,428,8.58,5,683.06,94.31,26.28,20.44,5.9
2734,614,11.22,6,953.4200000000001,115.64000000000001,46.92,31.52,5.91
2735,328,5.319999999999999,4,431.95000000000005,58.089999999999996,21.42,12.75,3.57
2736,398,9.040000000000001,4,812.1,84.1,41.59,31.56,5.5600000000000005
2737,601,9.15,5,795.25,121.94,38.94,16.270000000000003,5.27
2738,456,11.030000000000001,7,769.56,77.15,43.78,30.21,5.9
2739,501,10.6,4,782.3,88.62,40.37,31.440000000000005,5.74
274,378,9.52,6,619.1800000000001,60.220000000000006,24.44,30.08,3.65
2740,364,7.7700000000000005,6,527.5,52.31,29.919999999999998,21.44,4.04
2741,548,13.459999999999999,6,883.48,78.0,51.92,38.379999999999995,6.4
2742,403,8.36,5,637.9,67.19,33.62,24.22,4.6
2743,432,10.33,8,622.36,65.64,41.84,20.64,3.45
2744,400,7.99,4,590.3,70.46,34.39,18.0,2.16
2745,492,11.98,7,814.18,85.59,51.57,28.919999999999998,4.46
2746,353,7.3500000000000005,4,467.87,64.66,24.919999999999998,10.649999999999999,3.1
2747,574,11.8,6,919.4,105.21000000000001,47.800000000000004,32.910000000000004,5.93
2748,195,7.44,3,319.35,21.169999999999998,28.35,14.21,3.71
2749,479,15.74,9,897.05,56.12,63.24,45.8,4.85
275,531,5.7299999999999995,3,479.46,94.67999999999999,13.950000000000001,3.06,4.76
2750,448,12.66,6,652.35,70.16,48.51,18.34,4.13
2751,656,15.39,7,1172.75,112.42999999999999,67.26,47.39,5.65
2752,458,8.26,3,680.8,77.05,37.83,24.390000000000004,4.73
2753,316,7.319999999999999,5,387.51,37.290000000000006,25.04,14.94,2.04
2754,486,10.87,4,892.2,89.42999999999999,51.02,34.42,4.26
2755,518,8.56,6,715.56,98.56,30.06,21.35,7.1
2756,402,10.97,5,578.48,50.650000000000006,40.42,23.9,3.73
2757,344,9.85,4,755.0,61.0,46.72,32.660000000000004,3.2299999999999995
2758,374,13.34,5,746.45,53.66,59.59,30.61,3.41
2759,349,9.45,5,506.89,57.07,34.3,14.55,4.33
276,371,10.899999999999999,7,634.6800000000001,56.839999999999996,28.08,30.91,4.62
2760,366,10.52,6,678.3,50.82,45.92,30.38,2.89
2761,278,7.57,6,551.85,50.45,32.62,23.32,2.86
2762,420,6.88,5,530.2,67.0,26.46,18.040000000000003,5.04
2763,356,8.93,6,487.33,50.25,36.21,15.2,2.69
2764,602,8.4,5,822.5,116.63,39.099999999999994,20.93,3.9899999999999998
2765,406,7.18,4,595.4,76.16,28.21,20.89,4.7
2766,474,14.13,8,815.72,56.8,57.09,39.43,4.74
2767,306,5.11,3,455.9,55.76,24.689999999999998,14.639999999999999,2.4899999999999998
2768,370,6.77,4,452.9,55.91,22.65,15.76,4.78
2769,349,7.2,5,557.2,69.21,28.22,17.95,4.34
277,242,14.52,2,805.0,36.3,34.2,55.559999999999995,3.42
2770,420,11.99,6,815.4,68.77,53.5,36.02,3.93
2771,273,8.05,4,389.5,21.55,29.59,20.97,3.62
2772,694,12.73,6,928.96,126.17999999999999,55.01,21.59,5.390000000000001
2773,379,10.91,6,567.88,42.14,42.19,23.24,2.26
2774,480,10.53,7,800.02,86.30000000000001,43.769999999999996,30.33,5.26
2775,564,11.719999999999999,7,888.5600000000001,100.17,47.61,32.86,5.85
2776,486,11.09,5,704.4000000000001,82.7,43.14,23.12,4.27
2777,48,2.76,1,46.56,0.0,9.98,0.58,0.0
2778,112,0.39,2,150.4,30.66,3.7199999999999998,0.9199999999999999,0.43
2779,491,8.43,2,847.1,98.09,43.36,27.05,1.27
278,435,6.2700000000000005,3,583.9,94.61,16.439999999999998,15.41,2.65
2780,413,4.859999999999999,4,641.1,98.94999999999999,24.04,15.379999999999999,5.11
2781,274,8.700000000000001,3,516.0,26.259999999999998,35.19,28.68,3.49
2782,408,6.42,5,457.99,68.49,17.96,11.700000000000001,3.46
2783,408,5.21,4,584.0,84.22,24.13,15.85,4.0600000000000005
2784,500,5.88,4,719.7,113.26,28.9,16.66,5.619999999999999
2785,310,4.99,4,455.7,61.19,21.53,14.45,4.68
2786,542,6.15,5,623.3199999999999,108.35000000000001,21.119999999999997,10.82,4.21
2787,496,10.65,5,947.8,104.92999999999999,51.54,33.63,5.34
2788,183,2.9200000000000004,3,319.4,42.89,13.95,9.44,2.54
2789,330,4.58,3,583.0,83.67,23.57,15.299999999999999,4.07
279,434,7.91,5,746.05,82.25999999999999,32.17,28.93,4.97
2790,451,8.02,3,674.8,98.84,22.4,19.43,4.05
2791,533,10.549999999999999,6,696.4,105.69,34.18,14.23,3.99
2792,85,4.96,5,194.55,7.46,11.06,12.97,1.67
2793,425,18.36,3,580.5799999999999,30.099999999999998,47.03,30.13,7.6000000000000005
2794,104,1.72,1,46.8,8.84,3.33,0.21,2.18
2795,434,9.34,3,821.3000000000001,109.46,34.04,27.22,10.49
2796,662,18.11,5,764.49,112.35,50.42,11.99,5.93
2797,531,10.94,3,715.9,102.44,33.21,17.9,5.15
2798,664,9.86,5,1019.4,146.39,36.64,30.95,11.46
2799,333,6.8500000000000005,4,462.75,55.71,18.23,18.56,6.489999999999999
280,247,6.35,4,438.36,41.72,19.119999999999997,18.310000000000002,3.31
2800,330,11.07,3,726.7,59.120000000000005,34.62,37.63,4.71
2801,508,21.94,7,824.2,68.2,63.910000000000004,33.51,8.29
2802,323,4.63,3,510.20000000000005,70.45,19.52,15.899999999999999,3.8999999999999995
2803,391,6.59,3,505.1,76.68,17.03,14.48,6.56
2804,252,7.19,4,311.03,37.63,20.68,8.75,3.83
2805,203,15.51,1,507.5,10.15,30.45,36.54,2.03
2806,504,10.61,4,722.4,102.7,29.75,21.15,8.5
2807,549,13.42,5,944.05,96.23,42.72,41.11,6.47
2808,511,15.920000000000002,4,685.75,72.19999999999999,36.22,27.05,6.68
2809,401,8.74,4,477.58,60.7,28.89,12.78,4.98
281,408,8.6,3,753.95,73.52000000000001,27.82,33.58,3.99
2810,519,15.669999999999998,4,584.05,70.66,44.18,13.64,6.54
2811,455,15.37,5,807.4000000000001,66.87,48.14,37.71,5.8500000000000005
2812,233,7.38,6,326.27,32.61,20.23,12.8,4.09
2813,424,9.09,4,833.8,100.1,35.17,31.75,8.389999999999999
2814,543,13.08,5,791.4,96.03999999999999,48.45,22.59,5.83
2815,461,10.12,7,799.9,92.53,34.45,31.869999999999997,9.0
2816,308,7.39,7,492.36,59.480000000000004,24.49,17.39,6.72
2817,195,4.47,7,296.0,32.36,13.41,12.36,3.62
2818,592,13.68,8,839.5999999999999,95.68,38.510000000000005,33.49,11.26
2819,362,4.63,4,424.45,73.56,16.009999999999998,6.58,3.4
282,299,5.92,6,416.48,50.18,17.3,14.1,3.66
2820,365,9.95,5,518.0699999999999,62.42,36.55,13.3,5.66
2821,348,12.13,5,600.8199999999999,51.22,39.28,26.0,5.319999999999999
2822,270,5.43,6,331.95,43.65,14.09,11.280000000000001,4.84
2823,349,14.83,7,441.14,36.65,44.129999999999995,13.44,4.41
2824,602,10.36,4,789.1,121.80000000000001,25.92,20.55,6.79
2825,377,12.790000000000001,5,543.95,51.82000000000001,31.65,22.16,2.92
2826,484,14.19,8,743.25,72.46,36.95,33.21,8.79
2827,438,16.75,8,644.1800000000001,61.22,43.15,24.87,6.01
2828,616,8.459999999999999,3,869.8,140.04,25.78,21.11,6.0600000000000005
2829,1098,20.68,6,1525.72,209.48000000000002,66.73,45.61,17.3
283,282,8.09,6,583.5,47.53,33.14,27.87,4.04
2830,512,11.33,4,804.76,105.78,41.53,24.06,10.73
2831,462,8.700000000000001,4,853.0,112.01,34.32,29.189999999999998,10.530000000000001
2832,878,25.720000000000002,7,1195.96,140.42000000000002,79.66,34.93,12.21
2833,976,15.55,5,1426.52,219.59,60.18000000000001,31.65,12.05
2834,540,7.79,6,722.45,106.72,27.27,20.08,8.93
2835,669,25.45,4,1034.55,66.74000000000001,59.230000000000004,60.35,18.07
2836,625,16.42,6,960.95,118.06,45.52,33.18,9.47
2837,473,13.219999999999999,3,557.0899999999999,66.99000000000001,40.16,14.610000000000001,7.1
2838,395,8.22,5,578.84,82.17,29.82,13.66,4.7
2839,471,7.67,4,596.5,81.38,21.79,19.98,7.13
284,704,9.34,6,800.75,131.69,29.12,16.5,12.08
2840,687,15.97,8,996.75,122.31,41.86,36.809999999999995,11.370000000000001
2841,438,7.21,5,546.5,81.28999999999999,23.45,13.92,7.15
2842,545,12.729999999999999,4,675.2,87.93,35.410000000000004,19.4,6.61
2843,443,15.120000000000001,4,658.86,76.77,50.94,15.99,5.88
2844,629,12.76,5,1047.8,123.25,40.46,42.26,11.33
2845,342,8.77,4,553.25,60.519999999999996,27.65,21.84,5.36
2846,217,6.21,5,243.1,29.53,12.36,8.58,4.16
2847,568,13.659999999999998,5,981.4000000000001,114.27,42.3,39.74,14.76
2848,370,10.17,8,533.55,51.510000000000005,30.87,22.39,6.1000000000000005
2849,426,6.789999999999999,3,423.65000000000003,74.55000000000001,25.7,1.83,3.5100000000000002
285,284,7.53,5,486.15,44.72,22.33,21.51,5.25
2850,632,16.23,5,948.8000000000001,101.45,45.76,40.07,12.1
2851,374,5.2299999999999995,4,481.7,74.38,16.98,12.16,4.33
2852,308,12.219999999999999,4,484.79999999999995,42.33,40.99,16.31,3.18
2853,432,15.67,7,577.14,55.53,48.57,18.24,8.52
2854,380,8.67,5,616.5600000000001,76.0,32.31,19.69,5.72
2855,451,9.68,8,687.1500000000001,94.5,31.12,20.45,7.66
2856,621,11.540000000000001,7,660.61,102.23,35.66,11.26,6.78
2857,661,15.61,8,890.29,110.97999999999999,58.5,22.59,8.29
2858,677,11.73,6,904.35,126.99000000000001,35.33,27.770000000000003,10.38
2859,268,6.75,4,427.62,55.75,25.23,11.489999999999998,5.8
286,349,7.449999999999999,4,564.73,59.78,22.21,22.67,4.52
2860,541,12.49,7,912.3,103.89,39.25,37.43,11.25
2861,532,17.369999999999997,8,850.45,93.94999999999999,45.31,32.05,8.26
2862,506,15.14,6,680.5699999999999,74.99,46.37,21.52,7.13
2863,433,10.98,6,707.75,92.29,36.019999999999996,21.42,7.21
2864,472,15.15,7,856.45,85.78999999999999,43.97,36.69,7.07
2865,412,8.94,5,460.35,69.26,20.84,11.16,6.4799999999999995
2866,483,12.05,5,771.3,84.03,32.39,32.9,7.13
2867,599,20.78,9,961.25,96.64,58.25,37.19,8.57
2868,500,12.79,3,852.71,104.21000000000001,55.550000000000004,22.82,8.91
2869,278,3.38,3,461.70000000000005,75.18,15.41,10.45,4.43
287,436,11.08,7,781.6,78.45,41.13,32.33,4.63
2870,392,11.25,7,437.52,55.730000000000004,32.86,9.11,3.52
2871,397,15.629999999999999,5,679.4,60.98,36.68,31.57,8.29
2872,577,16.36,6,876.47,97.53,58.629999999999995,27.099999999999998,8.47
2873,367,11.1,6,485.06,58.36,38.84,10.19,4.36
2874,510,23.65,5,907.56,54.65,77.97,41.0,5.85
2875,439,15.97,7,747.49,72.78,50.269999999999996,27.32,5.43
2876,505,11.5,5,786.8499999999999,86.47999999999999,43.5,28.27,5.779999999999999
2877,387,11.39,4,629.6,64.53,34.26,25.64,5.42
2878,368,8.71,6,364.38,47.0,25.34,8.83,7.11
2879,523,15.82,5,708.8,86.2,40.129999999999995,21.78,4.94
288,330,6.89,6,387.71,46.2,18.400000000000002,13.75,3.75
2880,330,11.370000000000001,4,451.95,47.31,23.98,17.810000000000002,4.37
2881,553,12.45,9,800.72,95.25999999999999,42.52,27.22,9.52
2882,579,17.92,8,846.25,72.66,42.42,42.89,11.77
2883,498,14.030000000000001,5,893.0999999999999,100.4,41.21,35.08,8.77
2884,415,13.68,8,625.0,66.96000000000001,36.480000000000004,23.77,7.55
2885,440,8.89,4,661.6500000000001,83.78999999999999,29.880000000000003,22.330000000000002,6.2
2886,876,18.73,5,922.2,143.19,51.03,14.899999999999999,9.1
2887,717,21.45,4,912.45,125.41,59.13,19.16,5.54
2888,254,6.88,4,358.75,37.82,17.25,16.28,7.98
2889,344,8.27,4,634.3,74.75,23.67,26.03,6.93
289,408,7.12,5,605.55,74.88,27.9,19.08,5.2
2890,565,18.55,4,843.3,93.67,55.309999999999995,27.34,4.949999999999999
2891,669,17.490000000000002,4,1085.5,129.08,47.92,42.690000000000005,16.84
2892,302,9.06,5,583.3199999999999,62.03,31.95,22.740000000000002,6.35
2893,521,7.07,4,702.75,106.15,22.08,21.71,12.03
2894,284,8.76,4,399.15,45.86,19.33,14.570000000000002,3.28
2895,311,6.51,4,332.96000000000004,46.01,22.57,5.62,2.21
2896,472,15.11,7,642.56,63.83,39.89,24.66,7.51
2897,558,14.02,7,822.85,99.0,47.830000000000005,25.76,8.61
2898,436,11.67,5,712.2,81.25,30.44,29.12,10.13
2899,411,11.16,5,658.55,63.76,30.91,29.7,5.21
290,599,8.709999999999999,6,997.42,130.54,38.68,31.48,7.13
2900,494,13.1,5,621.25,84.94999999999999,34.2,16.15,6.21
2901,442,12.77,6,773.1500000000001,74.74000000000001,35.92,35.71,7.69
2902,364,13.27,6,536.77,59.81,37.269999999999996,16.73,6.11
2903,453,13.649999999999999,5,797.3399999999999,81.44,42.22,33.09,9.65
2904,420,8.22,5,416.8,66.45,24.02,6.22,5.739999999999999
2905,444,9.61,4,626.2,92.15,27.400000000000002,16.07,7.47
2906,407,9.200000000000001,5,481.65999999999997,66.06,30.41,9.82,3.52
2907,496,10.290000000000001,7,605.0,78.69,26.619999999999997,20.37,8.31
2908,506,9.879999999999999,4,518.35,80.59,21.38,11.739999999999998,6.59
2909,470,11.79,7,573.56,72.62,36.35,14.78,4.51
291,219,6.34,3,183.15,12.75,12.3,7.98,3.63
2910,326,7.88,4,546.62,60.89,33.27,18.19,5.9
2911,575,14.41,5,856.35,89.78999999999999,37.37,38.07,9.93
2912,483,18.58,5,743.8100000000001,35.61,56.68,41.25,8.68
2913,280,8.68,5,396.75,43.739999999999995,24.57,13.69,3.29
2914,550,15.4,5,603.61,76.4,57.03,6.460000000000001,2.67
2915,452,17.04,7,692.8199999999999,58.379999999999995,40.81,31.97,7.5
2916,342,12.87,7,409.13,39.98,35.54,12.16,3.98
2917,349,8.17,7,624.8,71.72,26.95,25.59,8.62
2918,350,13.99,5,587.25,55.1,34.43,25.14,5.8
2919,417,10.21,5,549.15,61.43,26.2,22.55,8.57
292,425,6.5,4,621.1,83.84,22.21,18.79,3.5599999999999996
2920,436,14.48,5,738.3499999999999,59.61,40.15,38.620000000000005,13.79
2921,441,13.97,6,538.47,70.41,39.2,10.97,3.92
2922,253,3.74,3,329.9,53.94,10.89,7.6000000000000005,3.4699999999999998
2923,572,11.57,6,932.45,126.22,36.79,29.7,8.64
2924,452,10.44,4,792.5999999999999,91.4,31.480000000000004,31.89,5.52
2925,536,12.34,5,626.97,93.84,39.86,9.7,4.24
2926,577,13.26,5,815.46,105.92,50.94,19.47,5.07
2927,506,15.85,5,804.39,83.43,51.25,29.139999999999997,6.14
2928,353,12.17,6,527.65,54.660000000000004,38.050000000000004,17.09,3.98
2929,485,10.9,7,838.65,99.76,40.07,30.62,10.1
293,238,4.09,4,279.52,34.84,13.26,8.75,2.29
2930,590,6.180000000000001,3,743.4,118.07,23.04,18.5,6.42
2931,260,15.91,4,347.77,6.54,46.36,14.340000000000002,1.44
2932,502,15.84,8,815.1600000000001,83.16,49.53,31.770000000000003,9.219999999999999
2933,501,12.24,7,601.45,72.83,32.3,19.45,5.31
2934,443,14.02,6,711.75,74.03999999999999,32.93,31.03,8.54
2935,482,18.27,7,715.74,61.75,56.96,25.16,3.7399999999999998
2936,145,0.28,1,188.5,40.89,3.92,0.43,0.58
2937,507,18.68,9,742.88,62.1,54.43,30.03,7.800000000000001
2938,348,15.27,7,493.68,38.379999999999995,42.25,18.7,4.25
2939,709,13.4,5,800.79,129.66,49.92,7.930000000000001,5.7700000000000005
294,375,8.1,9,528.47,51.550000000000004,31.369999999999997,20.66,4.5
2940,286,8.49,4,200.09,27.29,21.95,0.71,3.9099999999999997
2941,318,10.39,5,533.28,55.31999999999999,29.060000000000002,20.7,4.04
2942,357,9.030000000000001,3,417.20000000000005,50.38,28.85,11.0,4.92
2943,467,15.78,6,715.6,62.36,46.09,29.43,4.22
2944,453,10.270000000000001,5,626.15,80.13,29.2,20.61,8.42
2945,409,14.41,6,725.9,70.45,38.31,31.84,6.75
2946,466,15.02,6,557.28,56.17,35.96,20.73,6.92
2947,560,12.81,5,923.8000000000001,107.81,42.73,34.91,7.33
2948,381,10.790000000000001,4,718.5999999999999,65.32000000000001,36.31,34.07,6.8
2949,306,9.31,7,534.39,53.72,31.77,21.310000000000002,6.949999999999999
295,351,7.7,4,575.36,63.47,22.48,21.7,6.12
2950,558,14.000000000000002,4,794.1,93.45,34.08,29.21,4.91
2951,459,9.79,5,730.9,84.39,28.07,30.34,8.09
2952,337,15.06,7,490.64,40.64,35.79,20.23,3.77
2953,311,10.690000000000001,6,487.76,39.79,30.66,22.93,6.109999999999999
2954,274,9.809999999999999,5,430.61,36.08,24.990000000000002,19.73,2.91
2955,435,15.23,6,639.04,55.17,39.74,29.09,8.77
2956,787,17.25,7,1045.55,131.43,62.47,28.28,8.14
2957,284,10.51,5,427.9,32.82,34.31,17.099999999999998,3.09
2958,370,6.8999999999999995,4,424.9,65.07,17.560000000000002,10.6,5.9399999999999995
2959,646,12.24,5,794.6,116.17,27.799999999999997,23.47,9.09
296,386,5.43,4,402.3,56.95,19.36,11.01,4.3
2960,579,9.53,6,759.55,100.46000000000001,31.4,24.82,7.63
2961,578,15.96,8,700.79,80.48,45.449999999999996,21.75,7.02
2962,365,10.12,4,502.35,49.77,23.979999999999997,21.580000000000002,3.63
2963,279,8.48,6,308.29,35.58,26.31,6.619999999999999,4.03
2964,330,7.34,5,301.34999999999997,42.88,21.47,4.9799999999999995,4.59
2965,302,5.73,4,344.3,48.14,16.79,8.97,3.55
2966,506,10.33,5,759.8499999999999,75.0,35.36,34.480000000000004,7.859999999999999
2967,239,7.529999999999999,4,334.78,29.459999999999997,27.28,11.54,2.7
2968,476,12.79,6,526.12,63.92,36.23,13.58,5.04
2969,440,9.85,5,520.1800000000001,69.97,31.93,11.71,2.94
297,458,10.56,8,800.93,75.17999999999999,37.4,34.74,5.39
2970,406,15.84,6,547.29,51.44,46.19,16.13,2.7800000000000002
2971,562,12.97,6,851.8,97.32000000000001,39.16,32.32,6.470000000000001
2972,350,9.5,6,506.21000000000004,56.089999999999996,35.99,14.679999999999998,4.16
2973,322,11.06,6,507.85,40.49,31.2,24.77,5.32
2974,502,8.08,5,854.2,109.03,33.89,30.61,9.15
2975,304,5.89,4,319.75,43.8,14.780000000000001,9.65,5.3500000000000005
2976,961,31.27,6,2047.21,188.92000000000002,99.26,96.85,20.900000000000002
2977,444,7.71,5,559.45,75.47999999999999,21.47,19.18,8.07
2978,532,12.58,5,739.3,91.27,32.13,27.17,11.35
2979,663,7.92,4,874.1,140.39,25.8,23.56,13.290000000000001
298,590,10.42,5,969.25,112.07,48.849999999999994,33.53,5.93
2980,525,9.77,4,1032.1,115.22999999999999,42.589999999999996,43.11,9.629999999999999
2981,345,7.470000000000001,4,295.56,48.15,21.7,1.52,3.71
2982,396,5.87,4,491.55,71.17,18.65,14.66,6.46
2983,580,10.7,6,783.13,112.54,41.81,17.11,6.8100000000000005
2984,431,16.15,6,691.98,60.23,53.620000000000005,24.909999999999997,4.890000000000001
2985,408,6.95,6,596.24,83.94,25.96,16.6,4.87
2986,543,12.11,5,723.55,91.33000000000001,33.01,23.52,5.37
2987,363,16.23,5,537.55,45.43,36.47,22.759999999999998,3.71
2988,638,12.07,5,1047.2,132.95999999999998,38.79,38.269999999999996,9.91
2989,496,8.49,4,660.89,101.78999999999999,31.950000000000003,13.12,4.17
299,287,10.06,5,595.4,41.68,25.35,33.69,4.21
2990,514,10.8,8,728.7,95.79,29.349999999999998,24.24,7.21
2991,536,11.459999999999999,8,822.45,105.84,33.769999999999996,28.09,6.78
2992,558,16.73,6,912.85,97.58,56.07,32.61,6.16
2993,472,11.7,8,721.7,91.38,31.81,24.64,6.96
2994,487,10.66,6,756.45,97.11,26.86,28.589999999999996,8.59
2995,506,9.17,5,886.6,101.32,34.84,37.22,9.92
2996,433,10.16,4,474.99,72.85,33.42,5.07,2.83
2997,464,8.34,5,607.63,89.96,31.69,13.24,7.18
2998,454,10.28,4,603.7,75.27,23.41,22.66,6.83
2999,500,8.68,4,603.5,94.42999999999999,19.73,15.6,6.73
300,478,13.27,5,1210.4,96.46,61.08,57.919999999999995,7.47
3000,403,12.42,5,586.55,64.48,26.11,24.71,6.53
3001,432,11.809999999999999,5,734.2,68.2,34.830000000000005,34.11,5.04
3002,635,11.61,6,1015.05,142.26999999999998,33.760000000000005,33.56,10.08
3003,590,8.74,5,690.7,102.36,22.15,21.94,9.71
3004,542,12.39,6,991.65,109.7,41.86,41.23,9.129999999999999
3005,449,11.41,5,630.1,69.02,26.78,26.1,5.48
3006,372,8.5,6,720.05,72.24000000000001,29.98,34.48,9.469999999999999
3007,400,10.42,6,597.2,58.5,28.78,26.68,5.91
3008,497,10.77,3,884.1999999999999,96.79,38.37,37.01,7.72
3009,664,17.48,7,1132.0,118.22,55.56,46.57,8.05
3010,440,16.54,6,744.4,73.95,42.95,30.21,6.82
3011,495,12.11,4,1062.9,113.28,46.839999999999996,46.120000000000005,11.18
3012,519,14.16,4,1105.8,120.39000000000001,53.48,45.160000000000004,10.98
3013,299,10.3,4,425.93000000000006,34.34,33.7,16.57,3.97
3014,816,17.76,7,1191.1,140.35,52.1,45.97,15.719999999999999
3015,953,24.669999999999998,7,1692.05,181.57999999999998,74.31,74.37,25.38
3016,421,11.85,6,765.45,79.49,32.92,35.82,11.33
3017,556,11.74,5,771.3,104.14,31.1,25.200000000000003,10.94
3018,386,8.21,6,623.95,79.89,22.46,24.39,9.1
3019,252,7.79,6,435.45,45.25,23.810000000000002,18.16,5.97
302,407,11.61,4,889.65,74.75,39.36,41.9,4.9799999999999995
3020,403,12.98,4,506.7,60.879999999999995,28.979999999999997,15.739999999999998,3.85
3021,630,9.61,4,1192.1,149.25,45.43,44.44,12.49
3022,413,9.370000000000001,7,597.0,86.78,27.66,15.559999999999999,5.279999999999999
3023,350,7.159999999999999,3,808.4,89.03999999999999,32.57,35.18,8.91
3024,254,9.25,3,162.2,15.719999999999999,17.94,4.1000000000000005,4.38
3025,234,3.94,2,391.2,51.72,8.58,17.580000000000002,5.46
3026,607,12.49,5,818.8,103.69,35.53,27.73,7.3
3027,346,9.17,5,676.0,72.13,30.2,29.39,7.2
3028,556,14.509999999999998,6,896.1,116.32,47.87,26.330000000000002,7.46
3029,426,12.030000000000001,6,805.4000000000001,77.87,41.739999999999995,35.78,7.39
303,360,10.11,7,688.39,63.8,31.44,31.64,4.64
3030,420,11.99,7,801.12,75.75999999999999,43.47,35.84,10.16
3031,313,7.2,5,432.27,53.1,24.71,13.62,6.619999999999999
3032,385,5.61,4,372.45,64.59,14.69,6.67,7.76
3033,311,10.1,4,425.2,47.51,21.96,15.68,3.9699999999999998
3034,424,8.82,4,516.8,72.07000000000001,25.44,13.4,4.88
3035,422,7.28,4,812.1,101.16,26.6,33.53,9.01
3036,454,11.17,5,643.65,88.62,34.0,17.17,7.34
3037,472,6.5600000000000005,4,816.15,113.27,29.91,26.16,8.09
3038,484,10.06,3,793.1,85.33000000000001,36.410000000000004,33.43000000000001,8.13
3039,523,9.11,6,724.11,104.11,33.339999999999996,18.59,8.26
304,671,13.9,9,1305.35,144.5,55.11,51.739999999999995,7.71
3040,438,11.379999999999999,7,690.3,75.91,30.61,29.82,9.51
3041,315,6.2,4,398.9,59.64,16.18,10.75,4.78
3042,346,10.809999999999999,6,363.09,39.459999999999994,32.09,8.2,2.67
3043,511,14.64,7,846.85,85.49,36.42,39.730000000000004,9.19
3044,488,10.78,4,758.8499999999999,92.22999999999999,35.39,26.819999999999997,6.99
3045,369,8.47,7,520.0,59.7,26.8,19.130000000000003,6.17
3046,595,12.86,8,902.6,113.8,44.519999999999996,29.57,9.79
3047,469,11.08,4,786.65,79.52000000000001,36.699999999999996,35.13,8.32
3048,475,14.8,7,722.37,68.24,47.2,28.61,5.5600000000000005
3049,371,10.9,7,682.67,68.53,40.0,27.82,8.55
305,406,8.42,4,652.95,65.82,25.39,28.59,4.79
3050,572,12.85,6,843.6200000000001,98.25999999999999,41.32,31.84,8.89
3051,580,13.02,4,1046.19,118.60000000000001,43.82,44.06,9.93
3052,398,6.58,4,593.46,88.91,27.71,14.04,7.94
3053,499,6.7299999999999995,3,758.9000000000001,113.79,28.14,19.15,4.01
3054,581,8.25,3,890.8,128.11,24.32,28.98,4.55
3055,547,8.86,7,906.68,112.10000000000001,40.83,31.16,5.07
3056,493,7.97,3,747.9,91.16,41.48,22.54,2.61
3057,459,6.95,4,769.8,99.96,26.11,28.19,4.49
3058,399,6.26,4,664.3,73.36,24.25,29.08,4.1899999999999995
3059,356,9.02,7,626.63,62.18,36.21,25.470000000000002,5.26
306,698,12.67,6,1126.58,133.12,50.160000000000004,38.31,7.72
3060,340,4.81,3,417.14000000000004,74.32,22.310000000000002,2.2,1.29
3061,719,11.71,7,1064.6,149.65,37.72,35.21,11.3
3062,605,13.71,4,1032.8,88.24000000000001,57.64,47.38,3.16
3063,367,5.73,3,625.2,86.84,30.07,16.06,2.34
3064,717,14.770000000000001,8,1187.06,118.91999999999999,69.83,46.54,7.529999999999999
3065,449,10.1,4,790.88,70.37,43.85,36.940000000000005,6.3
3066,290,11.780000000000001,5,598.9,23.46,51.120000000000005,32.879999999999995,3.64
3067,854,17.24,7,1391.32,165.68,71.83000000000001,47.75,8.77
3068,414,13.209999999999999,7,703.64,42.97,58.13,32.46,2.47
3069,502,11.81,6,806.36,82.32,54.68,27.19,3.96
307,363,5.86,4,430.0,57.74,20.84,12.549999999999999,6.42
3070,529,8.379999999999999,4,829.38,98.75,32.13,31.89,2.62
3071,354,8.01,4,644.6,63.91,33.41,27.810000000000002,6.03
3072,475,11.530000000000001,6,789.74,66.42999999999999,48.99,34.91,3.1500000000000004
3073,551,8.969999999999999,5,796.3,116.69999999999999,31.96,23.05,8.6
3074,480,8.07,5,784.3,79.05,34.45,35.43,5.109999999999999
3075,165,5.880000000000001,3,370.29999999999995,19.16,16.769999999999996,25.03,3.05
3076,434,8.76,5,716.9000000000001,84.08,37.21,25.08,5.9
3077,532,19.8,7,849.4300000000001,53.74,80.98,33.32,4.62
3078,294,8.940000000000001,5,499.61,42.91,33.42,21.15,4.25
3079,276,7.079999999999999,5,439.3,28.39,33.56,21.04,2.3600000000000003
308,344,7.57,5,455.29999999999995,53.879999999999995,23.24,16.72,4.78
3080,350,11.83,7,545.0699999999999,47.62,45.3,18.53,3.23
3081,530,12.39,9,892.7,74.21000000000001,54.9,41.11,6.24
3082,523,8.57,6,721.22,97.49000000000001,35.370000000000005,20.91,5.55
3083,494,17.29,6,1023.3399999999999,56.120000000000005,76.11,53.13,3.4000000000000004
3084,363,7.76,7,584.06,54.89,36.45,24.01,3.49
3085,551,14.81,10,992.42,76.69,55.57,50.79,7.38
3086,328,7.81,6,454.78999999999996,47.68000000000001,35.4,12.959999999999999,1.29
3087,722,12.01,6,1180.2,149.58,48.75,40.35,6.64
3088,715,24.14,4,1203.46,54.5,82.24,72.48,6.62
3089,544,10.469999999999999,5,862.46,102.85000000000001,43.019999999999996,30.869999999999997,7.65
309,315,7.43,4,453.4,34.379999999999995,19.07,23.68,3.59
3090,503,12.02,5,875.4,96.15,37.129999999999995,37.11,8.57
3091,391,7.14,6,634.2,80.71000000000001,29.1,20.85,4.46
3092,345,7.32,4,408.99,57.31,31.28,5.37,1.35
3093,830,24.52,5,1600.48,123.53999999999999,117.45,67.99,4.62
3094,485,9.31,5,785.84,92.23,43.33,26.27,5.15
3095,481,11.15,7,697.47,81.21,46.89,19.25,3.04
3096,563,13.47,8,959.12,91.92,52.629999999999995,41.11,5.37
3097,647,13.26,5,1059.34,98.72,56.86,46.85,7.3
3098,318,6.140000000000001,4,521.2,58.43,29.9,18.11,2.3600000000000003
3099,639,10.74,6,1008.2,129.22,51.58,30.070000000000004,5.33
310,290,5.6,4,456.74,47.67,26.39,16.65,3.45
3100,313,9.1,5,484.08,46.209999999999994,36.01,16.55,3.7399999999999998
3101,509,9.85,5,776.9000000000001,85.75,45.29,27.04,4.01
3102,270,7.15,7,441.24,32.91,30.68,20.43,3.37
3103,495,11.209999999999999,7,810.1,86.15,48.65,29.13,5.68
3104,769,12.17,6,1081.64,142.72,53.19,32.76,7.7
3105,318,6.16,6,519.5999999999999,56.97,23.13,22.22,4.46
3106,406,9.82,6,745.9,70.16,38.44,32.91,3.6799999999999997
3107,474,10.719999999999999,6,824.9,85.6,40.550000000000004,34.51,5.5
3108,492,11.57,7,814.5,77.78,40.739999999999995,37.15,5.819999999999999
3109,9,0.15,1,10.8,1.51,0.32,0.47,0.22
311,411,5.93,5,607.38,84.9,21.69,17.71,5.9799999999999995
3110,429,9.0,6,722.52,81.09,39.17,25.55,3.46
3111,499,11.4,6,928.1,97.78,44.86,36.089999999999996,3.7199999999999998
3112,673,18.86,8,1209.42,99.36,80.21,53.35,9.72
3113,388,8.93,7,657.8,66.66,37.79,24.74,3.38
3114,574,14.75,5,1055.2,79.95,61.480000000000004,52.62,5.59
3115,154,7.24,1,385.0,7.7,15.4,30.8,0.0
3116,512,10.61,7,876.5,91.82000000000001,37.69,38.37,5.83
3117,675,13.86,7,1168.1,132.07,59.879999999999995,40.57,4.66
3118,538,12.84,4,1032.6,95.64,45.71,50.07,6.59
3119,431,9.15,8,710.2,74.23,33.3,30.35,5.41
312,388,5.99,4,651.9,91.24,27.740000000000002,18.29,3.43
3120,646,8.05,3,1038.8,124.48,42.980000000000004,38.65,7.300000000000001
3121,575,13.850000000000001,4,936.7,83.38,51.72,41.910000000000004,1.67
3122,890,25.0,8,1626.52,125.47,106.12,77.21,12.36
3123,421,8.33,4,674.2,72.45,27.51,29.26,3.87
3124,523,11.54,4,840.98,80.28,56.08,32.45,4.54
3125,808,23.979999999999997,5,1545.7,110.4,75.5,85.24000000000001,6.09
3126,614,12.64,5,1015.2,103.42,55.81999999999999,41.64,7.779999999999999
3127,262,8.31,4,605.4,48.32,36.19,28.709999999999997,3.41
3128,320,18.54,2,893.8,22.700000000000003,56.120000000000005,61.32000000000001,1.34
3129,317,8.280000000000001,5,586.4399999999999,44.22,39.27,27.38,3.45
313,401,7.62,5,476.34000000000003,66.33,17.14,16.310000000000002,3.28
3130,400,12.45,7,751.5600000000001,50.99,41.31,41.81,5.29
3131,313,10.15,7,612.8000000000001,43.349999999999994,41.24,29.27,2.87
3132,584,15.35,7,1035.34,97.71,58.46,44.0,5.62
3133,464,10.01,4,738.5,76.36,47.17,25.84,4.1
3134,431,13.68,8,808.7,65.78,47.15,38.25,6.99
3135,727,15.47,5,1300.1,136.06,59.910000000000004,53.74,6.94
3136,377,8.03,6,588.86,69.05,28.650000000000002,21.52,3.71
3137,646,15.16,5,1133.1,119.41999999999999,55.79,45.34,5.91
3138,424,11.2,4,809.6,61.19,50.04,39.43,4.8100000000000005
3139,454,6.23,3,698.76,80.41,32.89,26.05,4.140000000000001
314,522,8.19,4,820.2,109.11,27.94,26.08,7.34
3140,647,15.83,4,1263.7,99.24,75.44,60.42,8.35
3141,659,17.23,5,1288.9,88.63,77.11,67.57,8.68
3142,397,9.35,5,705.78,72.17,38.43,27.77,2.13
3143,322,8.61,6,529.4,51.17,34.0,19.68,3.81
3144,471,8.28,7,734.44,94.19,31.14,24.39,3.84
3145,427,10.87,4,814.2,72.78999999999999,34.089999999999996,41.06,4.1
3146,484,14.72,8,900.6,78.17,51.660000000000004,38.93,6.03
3147,410,15.01,5,788.3,41.129999999999995,41.870000000000005,49.900000000000006,6.279999999999999
3148,280,7.91,4,470.58000000000004,35.47,22.720000000000002,25.45,1.01
3149,506,10.3,7,795.26,86.0,37.6,32.199999999999996,5.42
315,245,4.78,6,347.89,41.46,18.939999999999998,10.99,3.24
3150,384,7.62,4,670.2,73.53,26.72,28.42,3.52
3151,444,9.68,4,721.6800000000001,87.96000000000001,36.949999999999996,21.87,4.5600000000000005
3152,381,9.26,4,637.5,63.95,30.66,27.5,4.4399999999999995
3153,597,12.55,7,1054.12,103.14,50.300000000000004,47.01,7.15
3154,245,6.01,6,419.79999999999995,45.38,20.14,17.59,5.300000000000001
3155,509,11.309999999999999,4,834.9,94.94999999999999,40.4,32.15,7.53
3156,295,8.19,3,510.4,33.879999999999995,39.72,22.880000000000003,0.69
3157,451,10.44,5,742.44,65.88,36.09,36.11,4.33
3158,321,5.9,4,440.0,62.06,18.310000000000002,13.549999999999999,5.13
3159,432,10.67,5,789.6,86.97,34.69,30.01,3.46
316,352,6.4,4,555.3,60.739999999999995,20.14,22.36,3.2800000000000002
3160,683,16.06,9,1199.8600000000001,111.53,61.11,55.160000000000004,8.030000000000001
3161,413,10.270000000000001,4,742.4,69.52,41.64,32.16,4.89
3162,638,12.36,7,1088.3,129.07999999999998,41.95,42.64,7.130000000000001
3163,413,10.42,6,734.14,66.19999999999999,41.269999999999996,32.56,3.79
3164,482,13.069999999999999,5,987.6,93.64,51.8,41.62,7.12
3165,447,11.51,5,778.2,70.77,39.01,35.58,3.05
3166,441,12.82,6,810.1,56.3,36.5,49.06,9.6
3167,350,7.709999999999999,4,557.1,63.480000000000004,20.81,23.88,4.08
3168,522,10.040000000000001,5,756.5,92.67999999999999,36.51,25.91,4.49
3169,676,17.25,4,1239.7,128.41,49.220000000000006,53.63,5.17
317,394,7.76,4,654.56,73.30000000000001,38.12,21.53,5.56
3170,221,6.17,6,445.9,38.68000000000001,24.06,19.96,2.1
3171,415,11.379999999999999,7,724.6,51.75,41.1,38.08,4.16
3172,430,8.639999999999999,5,687.7,77.78,40.2,21.62,2.29
3173,448,10.35,6,784.3,81.53999999999999,41.0,31.939999999999998,6.8100000000000005
3174,278,6.26,3,459.6,49.54,14.52,21.800000000000004,2.24
3175,298,3.66,3,372.5,71.95,7.84,6.24,5.3
3176,452,7.13,5,743.6,97.58,28.91,23.94,5.57
3177,242,7.05,4,479.9,39.5,18.56,26.509999999999998,2.38
3178,306,8.76,6,580.5,49.269999999999996,23.83,30.619999999999997,2.84
3179,267,4.93,5,382.4,47.489999999999995,19.9,12.18,2.31
318,310,5.84,4,459.75,50.290000000000006,17.87,18.62,3.58
3180,487,7.7700000000000005,5,645.8,91.00999999999999,30.93,17.83,6.63
3181,249,5.98,4,451.0,47.79,15.530000000000001,20.82,2.21
3182,431,8.52,6,741.9,70.88,34.66,34.0,5.71
3183,530,10.28,7,827.7,107.84,36.24,26.16,6.98
3184,287,5.8,5,428.28,50.019999999999996,21.14,15.46,2.5
3185,574,9.58,7,879.06,103.1,34.910000000000004,35.62,7.39
3186,326,6.32,5,520.4,63.53,21.35,18.92,3.06
3187,465,7.48,5,727.88,89.44,32.31,26.73,6.14
3188,320,8.23,6,540.5,53.18000000000001,30.1,22.98,5.41
3189,535,8.54,8,780.26,104.37,31.78,25.630000000000003,6.859999999999999
319,418,6.069999999999999,4,528.65,82.41,19.9,11.559999999999999,5.13
3190,601,12.43,6,1049.9,124.52000000000001,51.74,35.46,7.21
3191,448,10.16,5,760.5799999999999,80.86,32.76,33.24,5.36
3192,434,12.13,5,823.76,64.21,43.47,41.91,2.98
3193,459,11.2,4,945.4,91.74,44.07,43.65,7.930000000000001
3194,544,12.41,5,863.9,87.44,44.21,36.28,5.510000000000001
3195,343,6.7299999999999995,4,500.0,66.83000000000001,14.1,19.700000000000003,5.12
3196,307,6.7,4,523.2,65.35,19.19,20.560000000000002,6.48
3197,301,10.9,5,544.4,37.39,29.869999999999997,29.78,5.27
3198,477,11.39,5,806.5,95.12,41.06,26.400000000000002,7.62
3199,594,12.01,5,970.2,110.87,46.4,35.2,3.0600000000000005
320,471,12.16,4,915.0,92.08,40.47,37.5,9.17
3200,533,12.45,8,921.4000000000001,98.19,44.43,36.12,6.59
3201,577,17.080000000000002,8,1054.72,79.19,70.26,46.72,2.97
3202,364,10.7,5,741.4,55.5,37.47,38.910000000000004,3.5
3203,548,11.07,7,891.7,106.17,33.79,35.66,7.62
3204,427,8.0,6,642.0,80.25,29.740000000000002,22.11,6.54
3205,353,5.2,3,508.59999999999997,80.99,12.92,13.900000000000002,3.7600000000000002
3206,341,14.01,6,739.74,41.699999999999996,43.35,42.22,5.35
3207,349,9.68,5,625.7,67.24,28.11,24.8,4.63
3208,353,9.39,4,637.9,70.83,25.4,25.360000000000003,4.01
3209,442,9.18,6,743.5,80.36,37.980000000000004,29.66,6.65
321,252,6.2,4,385.2,46.64,15.76,15.219999999999999,2.68
3210,417,10.700000000000001,6,778.8,77.38,42.91,30.18,6.02
3211,354,11.08,7,729.8,61.260000000000005,42.160000000000004,32.11,4.43
3212,612,8.99,4,941.6,142.88,28.04,27.28,7.42
3213,421,8.55,5,705.1,84.65,36.22,22.91,5.92
3214,567,3.7299999999999995,2,718.5,138.69,16.799999999999997,10.81,5.98
3215,594,9.72,7,905.88,119.91,34.45,31.72,7.6899999999999995
3216,538,12.68,6,932.8,110.43,45.510000000000005,30.55,7.47
3217,627,11.22,5,935.0,125.69,30.339999999999996,33.1,5.61
3218,503,7.73,5,783.9,113.93,28.16,23.56,7.65
3219,473,11.1,6,720.2,85.07,31.33,28.1,8.469999999999999
322,511,9.63,4,829.6,103.44,34.22,26.75,4.9
3220,595,16.3,6,1100.2,96.01,55.8,50.42,4.64
3221,688,11.46,6,964.48,126.16,41.41,31.98,6.23
3222,554,13.14,6,1023.3,94.6,56.52,45.35,7.46
3223,361,8.97,5,631.5,58.120000000000005,24.03,32.24,4.1
3224,569,9.17,4,876.8,104.44,32.35,36.49,10.23
3225,551,12.61,5,928.9,100.27,43.809999999999995,39.25,9.219999999999999
3226,263,7.37,5,503.78,44.73,30.34,19.79,1.46
3227,497,7.4399999999999995,5,811.9000000000001,103.31,31.94,29.0,6.84
3228,452,10.58,5,799.28,69.51,48.7,35.269999999999996,4.12
3229,277,4.9799999999999995,4,447.0,50.959999999999994,23.0,15.4,2.06
323,462,6.62,4,466.29999999999995,76.96,18.41,7.619999999999999,4.63
3230,485,11.54,5,827.3,85.79,43.75,31.540000000000003,5.87
3231,385,13.62,6,834.5,48.97,57.33,42.0,2.58
3232,255,6.2,4,434.20000000000005,45.980000000000004,17.04,19.19,2.26
3233,329,7.75,6,535.3,55.959999999999994,23.21,23.45,4.08
3234,558,9.64,4,834.2,102.15,44.97,26.01,4.46
3235,495,13.71,5,911.7,81.75,45.95,41.15,3.48
3236,391,5.45,5,556.5,73.97999999999999,24.83,17.84,4.47
3237,673,13.4,8,1129.4,119.38,52.68,47.55,8.38
3238,312,11.26,3,558.7,22.4,48.5,30.2,4.46
3239,429,9.37,6,713.3,85.92,31.72,24.68,4.0600000000000005
324,369,6.74,5,448.52,61.14,17.73,13.020000000000001,6.680000000000001
3240,600,12.22,7,965.5,107.83,42.07,39.35,5.85
3241,329,7.83,5,522.7,62.480000000000004,23.44,19.21,5.0
3242,661,16.240000000000002,5,1161.1,97.85000000000001,70.6,53.480000000000004,6.77
3243,460,13.73,7,866.0,70.13,44.88,43.82,6.3100000000000005
3244,490,7.02,3,687.7,105.7,28.4,15.94,4.85
3245,413,11.17,6,719.5,67.71000000000001,34.38,33.88,5.82
3246,549,16.06,5,1100.6,78.85,70.2,52.88,3.86
3247,842,12.73,5,1247.5,165.14000000000001,55.63,39.09,8.55
3248,408,9.88,5,750.4,68.72999999999999,39.519999999999996,33.56,2.76
3249,386,11.05,6,756.3,60.69,41.51,37.13,4.03
325,565,13.340000000000002,3,1064.1,103.49000000000001,41.31,45.199999999999996,7.03
3250,488,8.98,8,738.28,93.16,32.49,25.11,4.27
3251,462,11.53,5,798.7,88.14,36.64,32.16,7.35
3252,418,9.25,5,713.9200000000001,72.14,31.66,32.55,4.2700000000000005
3253,327,5.3,4,503.69999999999993,70.67,17.37,15.66,2.63
3254,386,11.87,5,767.2,67.78,31.0,38.59,4.0
3255,445,6.68,6,703.9,99.39,27.759999999999998,20.94,6.029999999999999
3256,272,7.0600000000000005,5,526.4,47.01,25.89,25.599999999999998,5.64
3257,244,6.98,5,375.65999999999997,25.18,20.1,22.119999999999997,3.66
3258,606,15.34,6,1158.2,116.94999999999999,47.99,51.37,5.17
3259,364,8.75,7,645.0,60.599999999999994,38.66,25.9,3.3
326,193,8.440000000000001,4,551.95,21.51,33.87,33.6,4.0
3260,469,11.78,9,805.3199999999999,73.94999999999999,38.49,38.980000000000004,7.65
3261,576,8.91,5,931.6,138.17000000000002,36.84,22.54,3.3200000000000003
3262,223,0.42,1,289.9,62.89,6.02,0.67,0.89
3263,546,11.88,6,932.9000000000001,100.30000000000001,43.15,38.09,4.74
3264,526,10.110000000000001,8,899.7,112.97,40.61,28.04,2.81
3265,504,9.18,4,771.4,113.5,28.08,20.98,7.779999999999999
3266,411,8.83,6,685.2,58.959999999999994,35.04,33.72,5.16
3267,532,15.03,7,979.72,76.14,56.2,49.02,6.0
3268,577,11.34,4,974.0999999999999,106.11,49.61,38.099999999999994,5.9
3269,307,5.05,3,472.3,61.22,20.73,15.030000000000001,2.64
327,432,10.64,9,621.86,60.92,29.919999999999998,26.12,6.41
3270,634,12.94,7,1019.4,105.27,48.46,42.4,6.55
3271,423,7.61,4,629.5,82.22,28.78,18.099999999999998,3.3400000000000003
3272,553,11.99,6,972.0,109.97,41.57,37.99,9.08
3273,383,6.13,4,546.5,80.92,21.509999999999998,13.52,3.88
3274,631,14.02,7,1141.2,105.06,56.45,52.4,8.83
3275,243,7.4399999999999995,4,430.8,38.599999999999994,26.19,17.75,3.29
3276,412,7.05,4,708.2,84.22,27.240000000000002,28.180000000000003,6.5
3277,607,8.11,3,943.9000000000001,114.32,35.35,37.690000000000005,8.71
3278,535,10.049999999999999,4,767.1,85.61,44.25,26.36,5.23
3279,424,9.68,4,787.6,89.89,31.52,32.18,7.0600000000000005
328,379,8.44,5,415.52,51.129999999999995,18.740000000000002,14.5,4.27
3280,654,16.44,4,1296.0,109.09,68.89999999999999,62.59,9.31
3281,215,6.22,4,337.4,29.65,21.369999999999997,13.58,2.69
3282,460,11.94,5,778.9,85.0,31.15,30.99,4.44
3283,371,9.15,8,638.3,59.769999999999996,32.68,28.37,4.24
3284,202,8.64,4,489.6,23.53,34.57,26.43,2.2
3285,384,12.129999999999999,5,798.4,66.16,45.64,36.19,5.2
3286,524,12.3,5,980.7,92.64,47.69,44.06,6.91
3287,429,7.330000000000001,3,714.1,98.19,24.83,24.16,7.03
3288,728,14.86,5,1123.9,152.03000000000003,39.04,35.7,8.29
3289,718,13.37,6,1281.7,126.14,63.22,54.68,7.359999999999999
329,298,5.15,3,548.0,69.59,20.74,17.61,2.62
3290,494,16.39,5,895.9,54.629999999999995,59.03,48.67,8.6
3291,469,10.73,4,832.3,98.84,34.82,30.310000000000002,2.56
3292,486,7.33,4,711.8,123.68,17.66,15.680000000000001,7.210000000000001
3293,461,9.200000000000001,5,758.4000000000001,99.66,31.47,24.48,4.09
3294,351,10.38,4,700.7,56.77,42.82,29.59,2.45
3295,322,9.79,6,656.8,63.61,28.150000000000002,29.98,4.79
3296,437,11.690000000000001,7,812.4,69.94,46.19,36.14,5.06
3297,373,7.9,4,579.1,54.31,37.7,22.5,2.79
3298,323,9.39,7,609.7,49.129999999999995,37.36,26.92,2.8400000000000003
3299,623,11.82,5,1122.2,119.01,48.78,47.65,8.48
330,477,11.83,7,569.16,47.34,38.41,24.16,8.95
3300,311,7.15,4,548.7,66.74000000000001,20.79,21.029999999999998,5.3100000000000005
3301,550,9.85,6,883.5,115.44,35.769999999999996,28.93,6.74
3302,537,8.53,6,798.6,100.87,36.67,25.939999999999998,5.720000000000001
3303,350,9.09,6,661.8,71.16,30.38,26.2,5.4
3304,448,9.129999999999999,6,714.6,106.38,26.29,17.73,5.92
3305,698,11.07,6,1073.2,134.6,45.95,36.230000000000004,8.18
3306,537,13.2,5,960.3,116.58,37.32,35.71,8.959999999999999
3307,619,14.41,5,1182.3999999999999,107.55999999999999,53.29,56.99,7.77
3308,540,13.57,6,981.7,100.5,55.64,35.22,5.72
3309,826,14.19,6,1154.6,170.94,52.62,28.020000000000003,12.280000000000001
331,438,8.5,5,684.4100000000001,76.45,26.73,26.0,5.21
3310,435,9.47,6,683.0,83.89,35.78,20.9,5.33
3311,620,13.05,5,967.7,127.52,47.11,27.14,7.89
3312,507,7.86,4,694.5,118.94,17.97,15.66,7.5600000000000005
3313,346,9.13,5,611.5999999999999,58.44,38.75,23.78,3.45
3314,529,9.290000000000001,4,731.1,128.01,17.89,15.370000000000001,8.98
3315,514,12.55,7,827.7,81.65,50.5,32.21,6.87
3316,371,7.95,5,597.1,69.65,30.830000000000002,20.200000000000003,3.77
3317,315,8.93,3,570.9,34.08,32.620000000000005,31.71,4.82
3318,439,10.24,4,785.7,96.69,37.04,24.92,4.1
3319,515,8.9,4,733.6,106.86,26.89,21.64,7.7
332,649,11.61,6,1011.56,120.44999999999999,46.5,33.86,7.2
3320,679,10.99,5,989.1,159.34,36.3,21.26,9.3
3321,485,6.6,3,670.2,107.36,26.54,14.85,6.85
3322,691,10.1,5,986.6,130.45,34.43,35.79,11.41
3323,566,11.56,6,929.7,106.2,42.47,35.980000000000004,8.21
3324,319,6.23,5,485.7,67.19,23.53,12.85,4.34
3325,621,10.54,5,916.7,122.56,34.72,31.430000000000003,9.48
3326,219,4.08,4,288.1,32.44,11.66,13.170000000000002,4.79
3327,223,3.18,4,303.7,43.82,10.05,9.299999999999999,3.53
3328,644,6.9399999999999995,5,891.8000000000001,151.21,29.23,16.759999999999998,5.46
3329,502,9.33,5,804.1,100.53999999999999,34.81,28.94,7.83
333,408,4.86,4,339.53999999999996,65.95,11.28,3.1199999999999997,4.43
3330,580,14.459999999999999,7,911.3,93.37,52.45,35.02,9.17
3331,272,4.66,3,471.9,60.690000000000005,23.63,13.24,1.15
3332,395,13.11,4,628.5,55.04,39.82,26.83,8.78
3333,147,0.28,1,191.1,41.45,3.97,0.44,0.59
3334,508,13.53,5,850.0999999999999,78.31,53.05,33.6,6.63
3335,556,10.709999999999999,5,770.2,103.12,35.22,22.67,7.819999999999999
3336,568,11.71,5,902.8,113.13,41.67,30.75,7.78
3337,538,8.94,5,825.5,108.99,37.49,24.58,4.27
3338,606,7.74,4,893.7,125.23,29.779999999999998,29.830000000000002,9.0
3339,520,8.26,4,736.3,104.1,30.1,20.34,5.19
334,456,5.36,4,517.15,87.38,17.83,9.14,3.5100000000000002
3340,206,4.63,3,335.2,28.93,14.09,18.509999999999998,5.07
3341,349,4.47,4,412.5,77.44,9.27,7.81,6.300000000000001
3342,281,3.48,4,329.7,63.73,7.2,5.2700000000000005,4.8500000000000005
3343,420,7.31,3,632.3,89.85,25.279999999999998,17.55,4.74
3344,633,7.09,4,746.4000000000001,146.18,16.29,10.75,9.94
3345,815,15.510000000000002,4,1203.7,141.04000000000002,60.67,40.53,8.66
3346,722,8.42,4,1006.1,154.23,31.939999999999998,26.98,9.379999999999999
3347,137,2.22,1,164.4,23.02,4.79,7.12,3.29
3348,516,9.78,4,943.15,108.19999999999999,46.230000000000004,34.160000000000004,4.62
3349,648,8.53,4,1097.81,133.02,45.99,42.58,8.09
335,569,13.23,4,931.9,86.48,57.05,37.79,7.95
3350,573,15.889999999999999,5,1024.7,104.34,56.31,38.67,6.24
3351,399,12.709999999999999,9,701.0,57.68,39.35,34.03,5.18
3352,583,11.35,6,1095.3,132.57,46.22,42.54,10.93
3353,448,8.47,5,619.2,101.53999999999999,24.51,12.19,4.0
3354,292,3.03,3,353.0,64.12,9.440000000000001,5.73,3.2199999999999998
3355,254,7.87,4,378.45000000000005,18.779999999999998,25.009999999999998,22.55,4.31
3356,274,2.79,3,352.1,60.82,9.780000000000001,6.99,3.09
3357,569,9.719999999999999,6,839.12,117.25,27.35,28.63,8.72
3358,483,9.07,4,1028.2,115.83,34.35,48.93,13.07
3359,308,12.4,3,355.15,25.42,26.89,17.31,5.39
336,450,8.27,4,626.62,66.93,40.42,21.3,6.55
3360,306,15.28,5,624.8000000000001,50.1,36.480000000000004,32.51,6.37
3361,379,7.430000000000001,4,571.03,52.650000000000006,28.72,27.250000000000004,3.32
3362,456,9.350000000000001,4,836.5,111.68,33.14,28.47,7.5200000000000005
3363,493,7.01,5,605.84,88.4,21.53,17.54,5.25
3364,403,8.719999999999999,3,526.03,61.8,23.48,19.580000000000002,3.77
3365,395,9.41,8,605.87,69.64,28.060000000000002,23.23,5.55
3366,677,13.22,4,1106.5,141.51,47.230000000000004,35.12,5.8100000000000005
3367,563,13.41,4,1005.9,117.8,48.41,35.18,4.08
3368,423,9.81,4,757.22,61.99,36.730000000000004,39.22,4.0200000000000005
3369,40,1.06,1,18.0,3.7199999999999998,0.6,0.08,0.8400000000000001
337,688,12.55,6,1123.05,114.5,55.980000000000004,45.2,8.219999999999999
3370,456,10.14,7,881.01,102.9,35.68,36.29,6.96
3371,488,6.75,4,618.4,99.66999999999999,22.7,13.59,4.5
3372,601,10.72,5,1041.0,122.58,48.64,39.050000000000004,13.58
3373,385,9.7,3,734.4,98.56,25.91,27.11,7.09
3374,632,16.38,6,1467.95,114.72999999999999,68.95,82.49,15.66
3375,545,8.770000000000001,5,929.6999999999999,103.95,42.29,37.76,6.17
3376,383,8.95,4,774.06,69.83000000000001,30.04,41.31,7.609999999999999
3377,441,10.43,7,798.75,78.16,36.22,37.14,9.04
3378,214,2.74,3,308.0,58.239999999999995,8.75,4.01,1.7
3379,528,6.77,4,1012.8000000000001,129.98000000000002,33.739999999999995,39.94,9.92
338,516,11.89,5,977.22,91.17,41.81,43.63999999999999,6.11
3380,724,3.87,3,839.5,181.56,18.18,2.06,4.68
3381,535,14.26,5,959.61,107.78,51.76,34.96,5.49
3382,469,9.209999999999999,4,872.8,88.99,40.84,37.78,6.37
3383,468,7.970000000000001,4,925.9000000000001,96.6,42.81,41.67,10.450000000000001
3384,355,8.969999999999999,4,634.25,81.91,23.01,24.39,6.529999999999999
3385,303,8.7,6,408.7,44.34,23.18,15.59,4.53
3386,474,10.38,5,764.7,102.66,30.770000000000003,26.06,6.7700000000000005
3387,496,9.12,5,1003.8000000000001,114.53,34.949999999999996,45.629999999999995,10.370000000000001
3388,444,2.35,2,648.0,120.36999999999999,19.25,8.24,3.9
3389,527,12.36,4,936.2,111.06,32.959999999999994,38.69,10.19
339,387,8.84,6,563.94,48.07,33.27,25.64,7.4
3390,391,6.89,4,486.2,60.87,21.22,16.8,2.8499999999999996
3391,478,10.41,5,691.05,105.25,31.7,15.379999999999999,6.1899999999999995
3392,421,10.62,4,806.1,74.3,44.34,33.86,4.94
3393,347,5.72,4,664.65,73.58,27.16,29.87,7.47
3394,293,7.0600000000000005,3,455.9,59.63,25.54,12.5,2.67
3395,796,26.17,4,1977.1799999999998,94.32,113.22999999999999,128.44,22.03
3396,233,7.64,4,319.4,29.349999999999998,21.270000000000003,13.12,5.98
3397,308,5.98,5,690.55,68.36,29.5,34.080000000000005,8.5
3398,542,9.68,4,614.65,92.8,28.23,14.3,4.1899999999999995
3399,1069,20.830000000000002,6,1891.51,225.61,73.69,74.96000000000001,14.89
340,624,10.44,5,1058.1100000000001,125.36,47.66,36.75,8.6
3400,660,9.9,7,929.85,125.22999999999999,39.22,29.54,9.95
3401,373,8.02,5,682.9300000000001,61.81,32.39,33.64,4.779999999999999
3402,276,5.71,5,433.35,58.78,16.39,14.85,4.1
3403,417,11.04,3,807.2,87.39,19.740000000000002,43.31999999999999,14.879999999999999
3404,426,9.110000000000001,3,719.6,91.4,38.17,21.64,5.95
3405,448,10.71,4,842.97,103.46000000000001,34.76,31.32,4.47
3406,357,7.22,6,719.0,89.72999999999999,26.72,28.13,7.5200000000000005
3407,329,10.43,8,630.63,52.519999999999996,35.3,31.87,5.1499999999999995
3408,276,9.02,7,437.79999999999995,46.589999999999996,26.04,15.969999999999999,2.69
3409,366,6.1499999999999995,6,560.15,84.78,20.88,14.98,5.55
341,458,9.57,5,800.99,82.05,32.93,32.97,4.6899999999999995
3410,500,10.959999999999999,8,949.63,96.02000000000001,43.17,43.730000000000004,9.24
3411,445,11.04,4,801.4,94.23,32.14,33.22,7.7
3412,391,15.18,4,862.0,67.87,45.019999999999996,46.86,12.19
3413,376,12.75,8,691.5,70.64,31.17,32.58,8.48
3414,578,10.08,7,914.3000000000001,107.55,35.49,38.38,12.2
3415,502,12.53,6,792.96,76.42,37.99,35.62,5.63
3416,739,20.82,6,1359.92,118.11,64.45,70.56,10.41
3417,72,0.32,2,78.65,16.990000000000002,1.79,0.21,0.38
3418,421,9.450000000000001,5,730.5,79.72,38.41,27.22,5.17
3419,535,10.549999999999999,6,789.25,129.9,28.299999999999997,17.209999999999997,5.890000000000001
342,515,13.26,4,700.6700000000001,75.31,31.92,29.869999999999997,5.21
3420,490,10.19,5,850.25,103.21,40.629999999999995,29.59,8.1
3421,454,9.71,6,673.0,89.5,30.7,21.3,5.36
3422,159,4.48,5,404.04,32.2,19.47,22.25,3.78
3423,506,13.27,4,517.15,80.39,28.81,8.93,4.62
3424,321,5.55,3,702.5,70.83,34.06,31.689999999999998,7.91
3425,285,12.47,4,622.4,53.08,30.52,33.120000000000005,7.01
3426,468,10.14,5,676.2,85.12,34.22,22.52,5.38
3427,488,12.21,6,625.35,73.6,36.01,20.44,5.17
3428,414,7.73,4,763.4399999999999,81.44999999999999,37.12,30.81,4.93
3429,299,6.12,4,399.04999999999995,55.13,19.240000000000002,10.53,5.05
343,398,7.1,4,733.8199999999999,88.39,25.72,25.99,4.91
3430,393,3.24,3,502.84999999999997,92.33,13.120000000000001,7.81,3.78
3431,60,1.69,1,108.0,6.0,4.8,7.2,1.8
3432,197,10.23,3,452.4,27.27,30.42,26.529999999999998,4.74
3433,458,13.290000000000001,4,971.0,113.56,41.760000000000005,36.83,5.78
3434,438,10.11,6,787.05,71.35,41.95,36.47,6.75
3435,426,11.62,6,720.2,80.78999999999999,32.839999999999996,29.3,6.34
3436,465,11.86,5,997.4,109.3,39.11,46.739999999999995,11.08
3437,721,12.01,7,1168.6,147.04000000000002,46.480000000000004,42.33,9.8
3438,582,13.469999999999999,5,1146.25,104.35,58.989999999999995,55.33999999999999,12.29
3439,218,7.84,5,431.54,37.75,24.71,19.45,2.0
344,235,8.200000000000001,3,279.93,16.13,19.22,13.459999999999999,4.2700000000000005
3440,465,6.74,6,857.75,105.52000000000001,31.080000000000002,34.78,9.42
3441,952,10.5,4,1616.6799999999998,239.73999999999998,55.88,45.269999999999996,10.27
3442,457,10.91,7,601.6,76.9,30.2,18.740000000000002,5.16
3443,485,9.11,8,915.3,114.74000000000001,33.16,36.14,9.66
3444,551,10.57,6,970.69,108.83000000000001,38.02,42.37,8.24
3445,674,12.17,5,1020.0,152.35,39.21,27.84,7.220000000000001
3446,499,10.01,8,906.96,94.88999999999999,43.72,38.19,7.45
3447,488,11.32,5,802.07,90.48,40.94,29.86,3.85
3448,728,10.72,4,1180.0,136.91,46.59,49.669999999999995,12.579999999999998
3449,673,12.850000000000001,7,1274.99,161.23000000000002,49.38,46.99,8.52
345,602,7.57,3,765.15,133.25,22.28,16.41,4.73
3450,235,11.899999999999999,5,365.4,16.53,30.9,20.75,3.4799999999999995
3451,219,6.59,4,218.6,33.05,14.46,3.4699999999999998,1.62
3452,575,10.67,8,987.96,103.46000000000001,45.53,43.13,9.459999999999999
3453,367,14.129999999999999,5,769.4300000000001,29.77,50.51,51.56,7.34
3454,479,10.59,6,900.0,104.78999999999999,41.239999999999995,36.13,8.28
3455,299,8.39,6,571.0,46.75,31.28,29.599999999999998,6.75
3456,263,6.97,5,549.2,42.3,29.53,28.78,3.95
3457,379,10.709999999999999,4,865.73,98.80000000000001,31.82,38.1,6.38
3458,501,9.420000000000002,5,834.48,86.92,39.06,35.43,4.66
3459,360,10.16,7,532.7,62.03,32.05,17.349999999999998,4.2299999999999995
346,1847,35.26,6,3003.22,310.31,184.92000000000002,112.24000000000001,25.64
3460,535,10.1,6,923.05,132.71,31.32,29.47,8.81
3461,540,10.08,5,838.74,101.14999999999999,38.2,29.58,5.93
3462,408,5.99,5,620.55,79.28999999999999,24.2,23.080000000000002,6.9
3463,443,10.01,7,698.87,67.55,35.019999999999996,31.47,6.07
3464,730,17.65,5,1293.8,154.41,62.480000000000004,49.14,10.77
3465,593,15.219999999999999,7,1156.08,117.04,47.15,56.14,11.76
3466,474,12.32,6,1006.4,99.95,45.839999999999996,45.08,8.52
3467,253,7.99,6,531.45,38.84,30.97,27.42,4.24
3468,295,6.25,4,548.21,51.66,27.97,24.64,2.9400000000000004
3469,583,13.2,9,1055.5900000000001,108.71,47.56,47.21,10.07
347,120,6.55,3,446.9,15.95,23.6,28.439999999999998,2.55
3470,434,11.64,6,719.0,62.83,42.27,34.31,7.379999999999999
3471,387,12.57,9,794.39,70.06,40.08,39.81,8.22
3472,490,8.709999999999999,5,980.5,125.26,31.130000000000003,39.67,10.35
3473,513,9.44,6,891.4200000000001,91.26,39.870000000000005,40.769999999999996,7.75
3474,393,9.629999999999999,6,602.65,70.22,29.25,22.95,5.7700000000000005
3475,424,9.2,5,553.95,69.13,29.2,17.78,4.95
3476,547,16.16,11,1089.35,107.61999999999999,48.9,51.49,12.0
3477,503,11.12,6,864.9,96.67,44.379999999999995,33.739999999999995,6.92
3478,778,16.79,5,1044.4,120.60999999999999,53.61,36.5,6.57
3479,439,17.72,5,824.35,46.33,50.05,48.01,7.16
348,495,13.31,5,925.24,92.07,39.63,39.32,5.85
3480,574,6.73,4,601.2,123.44,17.71,2.83,4.7
3481,643,20.64,7,1177.55,155.28,54.910000000000004,38.33,9.18
3482,375,13.69,7,608.0999999999999,56.42999999999999,43.65,22.08,3.11
3483,377,11.09,6,597.95,56.15,34.120000000000005,25.13,3.62
3484,356,11.33,6,598.65,60.71,37.08,23.060000000000002,4.69
3485,460,15.18,7,873.75,78.64,47.459999999999994,39.980000000000004,5.83
3486,523,10.31,6,950.63,102.27000000000001,39.53,41.940000000000005,7.36
3487,497,11.7,6,1055.48,102.86,51.129999999999995,48.85,7.95
3488,597,17.73,6,1115.8,94.47999999999999,67.38,48.02,7.54
3489,416,11.32,5,608.75,84.34,30.96,16.21,5.17
349,420,7.35,7,675.19,73.25,33.89,25.11,5.07
3490,514,11.770000000000001,4,1076.8,118.73,44.27,44.61,7.5
3491,364,8.61,6,743.0,75.11,34.12,34.17,8.88
3492,328,10.62,8,574.74,62.540000000000006,30.86,22.38,3.15
3493,343,10.28,6,435.09999999999997,46.629999999999995,27.919999999999998,15.239999999999998,4.18
3494,498,10.82,5,778.8,91.96000000000001,38.230000000000004,29.07,6.73
3495,761,14.540000000000001,6,1160.8,144.87,47.54,41.4,9.98
3496,542,11.65,5,915.85,101.49,35.51,39.75,8.700000000000001
3497,221,7.029999999999999,4,264.15,32.87,17.990000000000002,6.9399999999999995,1.18
3498,528,9.58,5,1007.0,106.60999999999999,46.379999999999995,43.02,8.01
3499,266,3.91,4,439.35,54.75,17.95,16.51,3.9099999999999997
350,431,13.17,6,1063.05,74.44,57.01,54.14,7.37
3500,700,14.01,7,1081.04,131.58999999999997,45.96,39.87,8.63
3501,471,14.92,7,684.5,88.28999999999999,40.83,18.97,4.61
3502,448,10.36,6,721.5,91.11,28.35,27.84,8.3
3503,653,14.57,6,999.7,122.91,51.27,31.28,6.23
3504,435,10.14,6,729.5,106.94999999999999,29.81,20.419999999999998,5.74
3505,417,11.19,9,836.49,81.75999999999999,37.96,40.72,8.62
3506,360,12.16,6,574.2,45.010000000000005,35.95,27.720000000000002,4.4799999999999995
3507,296,6.39,5,341.15,52.1,15.78,7.59,3.12
3508,713,14.27,6,1370.15,154.29999999999998,55.53,58.31,10.93
3509,165,4.89,5,252.26999999999998,15.239999999999998,13.95,14.96,3.55
351,376,7.83,5,667.8,79.03,25.2,25.39,3.71
3510,449,10.59,8,784.5999999999999,83.98,30.84,35.59,9.64
3511,373,9.84,9,661.85,61.53,34.56,30.29,7.34
3512,424,9.64,8,774.65,101.49000000000001,31.41,27.44,7.67
3513,406,11.71,6,704.5,74.78999999999999,28.4,33.26,8.940000000000001
3514,342,9.08,5,528.55,57.45,29.34,20.05,4.41
3515,302,7.35,5,497.3,59.260000000000005,22.25,18.05,4.77
3516,496,12.72,8,855.65,95.28,45.13,31.669999999999998,6.16
3517,432,8.95,6,691.4,83.79,33.93,24.599999999999998,6.43
3518,468,10.19,7,994.25,98.81,41.57,48.26,10.49
3519,623,11.24,6,1161.3400000000001,147.77,43.03,44.56,10.05
352,306,9.34,5,669.56,41.040000000000006,36.26,36.3,4.9
3520,554,10.92,9,957.85,136.51,35.41,29.93,8.71
3521,315,11.54,5,867.6,55.45,47.47,51.43,11.23
3522,635,11.99,6,1050.2,138.39,44.15,33.21,7.96
3523,362,6.21,5,679.51,81.37,22.22,29.06,5.9
3524,526,10.83,5,1209.5,131.45,44.839999999999996,57.51,13.379999999999999
3525,437,7.72,4,900.0,107.78,28.84,39.14,11.56
3526,436,7.9399999999999995,5,788.22,88.66,28.04,35.16,6.88
3527,487,8.76,6,891.05,98.28999999999999,34.81,39.85,9.08
3528,532,15.19,7,1009.8,118.06,44.43,40.91,9.06
3529,486,11.049999999999999,5,904.3,93.98,46.879999999999995,38.33,8.02
353,568,9.54,5,813.25,102.61,29.17,27.5,6.01
3530,532,9.969999999999999,4,1019.44,98.48,45.64,48.83,7.67
3531,615,8.55,6,1087.25,143.69,33.55,42.43,12.02
3532,437,11.14,5,770.4,78.55,45.96,27.97,4.71
3533,402,8.58,5,674.09,66.49,31.25,30.48,5.7
3534,703,13.61,7,1283.2,177.49,48.04,41.4,11.34
3535,494,11.09,5,851.25,114.53999999999999,35.24,27.29,9.84
3536,349,7.63,6,543.7,66.33,26.96,18.18,5.42
3537,364,8.98,6,676.25,61.37,29.61,33.89,5.36
3538,428,9.0,4,755.9200000000001,88.07,25.759999999999998,33.07,7.18
3539,308,9.97,6,523.94,49.040000000000006,29.919999999999998,23.15,3.0
354,530,9.64,5,802.48,89.33,39.13,28.729999999999997,6.4
3540,391,8.27,6,556.3,58.89,25.720000000000002,22.85,5.0600000000000005
3541,161,7.13,5,369.81,31.56,17.759999999999998,19.689999999999998,3.14
3542,330,8.06,6,585.95,51.35,29.85,28.47,6.72
3543,160,6.36,3,247.89999999999998,29.450000000000003,13.27,8.540000000000001,3.2800000000000002
3544,433,11.420000000000002,4,962.8,99.97,48.86,39.82,10.13
3545,293,9.250000000000002,5,560.0,60.95,31.41,21.23,5.17
3546,423,11.16,6,748.1,96.69,33.29,25.48,6.8
3547,601,10.75,5,782.25,112.31,36.65,20.150000000000002,5.98
3548,267,11.48,5,637.6,52.44,31.919999999999998,35.02,7.58
3549,479,10.33,6,689.8,85.7,32.77,23.45,6.7299999999999995
355,583,13.040000000000001,10,893.24,83.82,48.019999999999996,39.28,8.71
3550,696,14.0,5,1138.25,133.69,53.480000000000004,42.28,12.719999999999999
3551,379,13.77,5,629.65,57.25,38.269999999999996,28.860000000000003,6.58
3552,498,9.870000000000001,6,755.75,127.52,24.66,15.969999999999999,6.03
3553,287,10.52,6,512.85,48.83,31.26,21.0,4.33
3554,480,12.76,9,892.28,75.46,43.68,45.29,10.02
3555,478,9.07,8,759.45,103.5,34.43,23.07,5.39
3556,493,16.01,9,986.9,77.09,56.47,50.230000000000004,8.870000000000001
3557,257,6.77,4,427.7,56.54,21.47,13.01,3.46
3558,548,9.91,7,986.65,115.86999999999999,38.43,39.98,9.36
3559,511,14.19,8,972.7,109.31,43.53,40.94,10.629999999999999
356,68,4.42,1,217.6,8.16,17.0,12.24,0.68
3560,608,17.32,7,872.5,91.34,49.44,35.910000000000004,8.02
3561,590,10.7,6,1010.45,113.47,44.13,41.74,10.97
3562,495,7.109999999999999,4,996.0,117.01,36.14,43.16,10.16
3563,376,5.29,4,662.55,79.72,24.63,28.06,7.140000000000001
3564,303,10.98,6,654.1,59.67999999999999,37.120000000000005,29.15,5.45
3565,451,12.64,7,844.4499999999999,67.11,50.0,40.78,6.58
3566,439,7.78,4,701.1,92.67999999999999,32.71,22.32,4.32
3567,272,8.299999999999999,6,492.6,46.28,28.11,20.33,3.53
3568,350,15.23,6,662.75,46.980000000000004,47.66,31.43,5.26
3569,453,6.56,4,692.85,99.0,19.259999999999998,23.84,8.2
357,511,13.63,6,879.26,68.27,55.44,39.5,6.7
3570,324,14.08,6,755.85,47.04,42.51,43.370000000000005,7.02
3571,611,10.86,5,1081.46,126.72,39.09,45.419999999999995,10.77
3572,52,0.1,1,67.6,14.66,1.4,0.16,0.21
3573,499,10.9,6,746.2,104.5,34.89,20.26,7.01
3574,704,11.17,5,1014.7,138.5,40.15,34.04,10.690000000000001
3575,607,11.53,6,844.35,114.08000000000001,37.22,25.7,9.71
3576,364,10.89,6,621.35,54.23,36.37,27.25,4.010000000000001
3577,474,12.84,5,556.4,73.11,32.94,14.209999999999999,4.9799999999999995
3578,408,10.55,7,798.98,81.61,39.6,35.459999999999994,6.680000000000001
3579,460,11.23,4,772.0,107.08999999999999,32.55,24.1,5.34
358,791,10.1,3,1211.8,158.72000000000003,47.9,39.93,8.040000000000001
3580,694,22.19,5,1327.55,90.31,76.27,75.71,14.969999999999999
3581,484,10.74,4,848.95,90.89,43.29,35.7,7.460000000000001
3582,553,12.54,5,925.0,115.83,41.61,31.64,5.56
3583,233,9.379999999999999,5,495.45000000000005,44.01,23.439999999999998,26.11,6.630000000000001
3584,242,9.129999999999999,5,266.65,16.17,20.12,13.3,3.4099999999999997
3585,349,9.76,4,625.2,62.32,27.75,29.76,6.74
3586,522,11.08,4,772.7,90.72999999999999,39.67,28.71,6.0
3587,501,17.43,5,1012.7,92.3,49.29,48.67,8.58
3588,490,8.7,4,638.35,96.89000000000001,29.980000000000004,13.88,4.529999999999999
3589,493,11.219999999999999,5,898.4,100.80000000000001,40.14,34.92,7.83
359,467,8.8,4,404.62,62.86,17.84,8.36,5.95
3590,631,21.259999999999998,6,1239.8,87.53,78.72,63.15,8.98
3591,484,9.23,4,741.1500000000001,88.09,33.8,27.21,6.78
3592,442,12.739999999999998,5,755.95,77.25,30.39,36.87,10.31
3593,750,12.23,5,1228.6000000000001,172.34,44.96,38.879999999999995,10.59
3594,577,16.57,6,1111.6,105.0,61.199999999999996,48.3,6.46
3595,462,8.49,5,780.3,96.2,32.519999999999996,30.22,7.82
3596,477,10.92,5,603.15,66.49,29.98,22.169999999999998,5.21
3597,537,11.03,7,1062.0,129.16,42.12,41.51,10.17
3598,510,11.02,5,746.45,90.39,37.1,24.38,3.75
3599,417,9.86,5,770.6,87.55,37.86,28.98,9.3
360,430,9.17,6,663.68,71.66,36.65,24.29,2.58
3600,351,10.75,6,503.6,56.489999999999995,24.5,20.66,5.59
3601,265,8.520000000000001,6,507.31,52.28,26.36,21.31,3.89
3602,754,13.49,6,1147.15,173.44,38.129999999999995,33.1,11.059999999999999
3603,441,9.0,4,545.8,82.11,22.78,14.15,4.2
3604,190,6.46,3,472.8,44.69,23.23,22.130000000000003,4.76
3605,347,10.12,5,535.05,59.93000000000001,24.7,22.57,5.93
3606,754,14.67,5,1180.45,137.64,58.34,44.879999999999995,10.75
3607,464,9.36,4,773.5,94.22999999999999,31.33,28.16,5.08
3608,395,9.42,4,829.5,87.28,33.03,37.0,6.53
3609,554,16.67,8,1138.94,117.13,57.510000000000005,47.42,7.7
361,511,8.98,4,834.2,98.1,40.09,29.04,4.1
3610,139,0.26,1,180.7,39.2,3.75,0.42,0.56
3611,310,15.99,6,632.65,30.14,50.23,34.68,1.8800000000000001
3612,264,14.139999999999999,4,482.9,55.41,25.21,17.23,2.32
3613,295,9.43,8,594.5,54.36,33.83,26.73,3.96
3614,573,14.69,6,1100.3,125.47,46.33,44.56,7.62
3615,609,15.18,7,929.45,121.51,44.120000000000005,30.19,8.57
3616,435,13.58,6,644.7,68.0,40.08,23.650000000000002,5.45
3617,419,11.25,6,726.8199999999999,81.96000000000001,36.58,28.43,4.32
3618,563,12.9,6,850.9100000000001,110.25,44.3,23.83,2.71
3619,346,9.51,4,366.1,58.43,18.14,6.72,3.79
362,278,6.75,5,473.2,40.16,29.89,21.21,3.27
3620,745,15.719999999999999,4,1319.9,143.76,58.370000000000005,56.089999999999996,9.04
3621,318,17.990000000000002,5,625.65,46.84,41.74,31.43,4.1
3622,494,12.33,7,763.4000000000001,98.09,38.449999999999996,23.81,4.71
3623,314,16.080000000000002,6,642.45,41.28,44.82,34.18,6.35
3624,551,14.4,5,1015.4,84.44,63.08,48.28,8.76
3625,423,13.61,5,799.96,81.95,41.96,34.61,5.07
3626,582,15.26,5,999.8,132.63,42.3,32.53,5.32
3627,459,12.13,4,1008.0,90.43,49.5,50.07,6.96
36272,412,7.74,6,750.46,84.9,35.32,29.4,3.82
36273,375,7.359999999999999,8,542.5,65.3,29.84,18.06,5.3999999999999995
36274,497,5.569999999999999,4,597.63,105.78,20.61,10.18,4.720000000000001
36275,495,10.74,4,839.3399999999999,99.3,47.32,28.18,7.57
36276,533,8.82,5,684.79,100.78999999999999,30.33,18.2,5.71
36277,275,7.39,7,441.62,33.25,31.14,20.060000000000002,2.4899999999999998
36278,479,7.09,4,609.2,84.5,30.94,15.7,3.4299999999999997
36279,287,6.72,8,442.17,45.690000000000005,21.42,19.560000000000002,3.42
3628,284,7.130000000000001,5,374.46000000000004,60.620000000000005,13.99,7.65,2.13
36280,321,8.35,10,471.79,41.03,28.04,20.400000000000002,3.12
36281,508,8.13,5,767.0,101.32000000000001,36.76,22.56,6.46
36282,436,8.59,4,565.68,67.97,30.39,19.779999999999998,9.36
36283,501,10.49,7,682.53,79.35,35.36,23.07,5.03
36284,541,11.600000000000001,8,676.88,69.03999999999999,42.2,24.96,7.09
36285,442,8.72,4,527.86,68.25,28.84,14.780000000000001,5.62
36286,551,8.209999999999999,5,633.6500000000001,93.33,21.02,19.53,8.139999999999999
36287,511,7.38,5,788.39,105.81,32.15,25.5,5.48
36288,492,9.61,6,571.0,77.12,27.88,16.419999999999998,4.38
36289,739,8.18,5,742.24,146.24,20.93,6.87,6.95
3629,556,14.3,4,905.5,104.38000000000001,55.65,28.26,5.02
36290,472,9.37,5,637.64,77.94,32.0,21.740000000000002,4.84
36291,595,10.46,4,771.78,86.44,47.8,24.84,2.79
36292,670,13.67,6,942.9,111.57000000000001,49.69,29.430000000000003,3.63
36293,647,12.32,9,759.56,100.71,39.55,21.830000000000002,8.02
36294,438,11.870000000000001,6,472.46000000000004,49.120000000000005,33.08,15.57,3.61
36295,601,14.52,8,966.8299999999999,96.06,54.51,39.660000000000004,6.96
36296,326,8.24,5,586.3199999999999,42.08,36.73,29.02,2.99
36297,255,3.7600000000000002,4,249.83999999999997,36.56,11.41,5.970000000000001,3.74
36298,527,10.91,4,893.74,107.71000000000001,42.25,31.36,6.279999999999999
36299,454,8.38,5,672.2,81.44,33.61,23.68,3.13
363,381,7.55,3,588.7,77.35,29.049999999999997,16.860000000000003,3.3200000000000003
3630,306,6.1000000000000005,4,540.9,53.64,28.630000000000003,23.56,4.0600000000000005
36300,526,10.35,8,696.92,90.79,36.46,21.51,9.78
36301,677,8.66,5,651.24,106.71000000000001,24.53,12.280000000000001,5.41
36302,587,10.049999999999999,4,648.14,110.03,28.36,10.87,7.37
36303,437,10.53,5,671.22,56.9,42.58,27.689999999999998,2.12
36304,566,11.09,8,685.95,86.8,33.94,22.7,8.44
36305,632,10.6,7,875.97,124.37,37.629999999999995,25.84,8.98
36306,331,7.85,5,373.64,46.74,21.89,10.26,2.7199999999999998
36307,493,9.83,7,718.02,80.1,41.38,24.599999999999998,4.88
36308,432,9.59,7,403.0,44.99,23.6,13.709999999999999,4.46
36309,374,7.7700000000000005,9,435.22,48.49,24.43,15.209999999999999,4.25
3631,383,8.87,5,501.25,78.11,22.7,10.77,3.97
36310,484,10.34,6,779.78,74.06,42.97,32.21,2.51
36311,381,10.65,6,454.29,39.91,26.78,21.1,6.01
36312,412,8.59,4,628.76,70.85,30.73,24.88,4.13
36313,554,11.09,6,869.04,89.64,47.72,34.29,5.88
36314,281,6.23,5,305.93,40.72,13.69,11.14,5.23
36315,470,9.39,6,623.23,72.77,34.78,20.61,4.33
36316,572,12.97,7,904.23,98.64,46.32,33.03,4.01
36317,366,8.15,8,546.31,65.06,30.9,18.07,2.92
36318,318,7.75,10,406.12,40.53,21.83,16.79,3.1300000000000003
36319,378,15.5,1,756.0,7.56,75.6,45.36,0.0
3632,454,10.26,4,752.25,98.99,33.510000000000005,24.65,7.72
36320,480,9.049999999999999,6,699.5,92.23,33.11,20.34,5.45
36321,316,6.26,5,312.63,39.15,15.689999999999998,10.01,4.07
36322,492,10.8,9,634.28,66.50999999999999,38.83,22.96,6.84
36323,480,5.33,3,305.12,61.18,10.11,1.1600000000000001,6.01
36324,369,7.71,6,504.76,55.839999999999996,28.72,17.14,4.86
36325,404,7.680000000000001,5,573.98,69.13,33.019999999999996,18.04,5.5200000000000005
36326,312,9.64,8,482.91999999999996,34.44,28.9,25.3,2.4
36327,453,8.07,4,637.13,83.88000000000001,33.370000000000005,18.87,8.48
36328,408,9.959999999999999,5,542.04,60.78,33.93,18.88,4.52
36329,270,8.82,4,602.73,36.06,38.04,33.25,4.6899999999999995
3633,592,16.24,8,924.28,108.97,45.92,34.69,7.279999999999999
36330,407,5.3100000000000005,5,483.56000000000006,89.83999999999999,15.45,6.96,5.029999999999999
36331,469,9.57,4,582.78,54.989999999999995,39.9,20.37,2.23
36332,543,10.43,5,681.12,71.96000000000001,38.209999999999994,27.779999999999998,4.55
36333,303,8.21,5,532.54,45.08,31.45,23.77,3.69
36334,316,8.059999999999999,4,525.28,54.519999999999996,34.27,19.96,6.46
36335,460,6.24,3,584.92,89.97,23.28,12.780000000000001,2.9
36336,470,16.71,3,867.06,37.45,61.6,54.620000000000005,5.66
36337,537,13.700000000000001,12,809.96,65.4,54.660000000000004,34.73,4.46
36338,417,8.64,5,552.85,70.28,26.7,17.01,5.8
36339,484,8.899999999999999,5,572.64,71.31,32.190000000000005,16.35,5.65
3634,245,13.25,3,492.79999999999995,47.97,30.92,20.14,2.54
36340,544,10.06,5,706.54,91.19,40.47,18.58,5.14
36341,686,14.35,7,1012.78,103.5,58.07,37.67,5.22
36342,451,12.45,8,659.95,54.74,41.81,29.04,3.38
36343,397,9.66,6,560.48,59.42,30.72,22.95,9.41
36344,589,11.29,8,838.13,107.96000000000001,39.379999999999995,26.74,5.41
36345,490,8.85,5,645.1500000000001,92.06,32.02,15.0,2.5199999999999996
36346,267,6.89,4,350.92,34.61,25.1,12.260000000000002,3.8600000000000003
36347,350,10.29,5,578.42,34.67,36.87,32.82,3.04
36348,615,11.68,5,724.4,95.52000000000001,32.26,22.599999999999998,6.54
36349,475,16.64,5,898.65,43.78,70.89,49.800000000000004,8.03
3635,333,8.06,6,542.0,54.29,31.12,22.44,3.87
36350,538,12.879999999999999,9,638.21,52.16,43.54,27.53,7.74
36351,402,6.9399999999999995,5,576.55,69.18,30.85,17.66,1.99
36352,495,9.01,7,488.45,61.81,16.35,19.55,7.3
36353,696,12.77,4,1086.22,122.47,40.879999999999995,47.06,4.5
36354,733,13.35,10,1157.8899999999999,140.92000000000002,50.64,41.97,5.7
36355,359,8.94,6,516.96,54.85,26.119999999999997,22.240000000000002,5.56
36356,433,4.76,5,393.15999999999997,81.74,10.08,3.44,6.58
36357,458,10.3,8,640.38,64.07,36.9,26.16,6.08
36358,428,8.61,7,621.69,81.38,30.799999999999997,18.72,5.13
36359,254,7.29,7,453.49,34.07,30.05,22.63,4.6
3636,473,14.719999999999999,5,889.22,73.91,54.449999999999996,41.94,4.32
36360,502,12.150000000000002,5,742.95,67.53,47.82,31.27,3.63
36361,596,13.29,10,911.74,95.83999999999999,55.46,32.129999999999995,4.77
36362,727,11.889999999999999,6,850.61,115.06,43.15,22.62,5.22
36363,643,13.5,6,892.8,93.9,47.79,35.63,4.47
36364,358,6.2,5,497.34000000000003,69.24,20.11,14.840000000000002,2.74
36365,516,10.01,7,695.3399999999999,83.4,39.35,21.5,4.22
36366,553,11.03,3,679.06,76.36,44.03000000000001,21.259999999999998,6.39
36367,322,8.32,5,393.9,49.8,21.240000000000002,13.280000000000001,4.82
36368,590,11.85,6,678.24,93.01,28.79,21.34,7.06
36369,541,7.96,4,484.06,93.33,12.55,7.529999999999999,7.619999999999999
3637,705,19.41,7,1246.24,144.98000000000002,61.29,46.83,8.03
36370,217,4.1899999999999995,4,323.95,37.730000000000004,16.87,11.399999999999999,3.0100000000000002
36371,457,9.629999999999999,6,626.5,83.33,33.0,16.779999999999998,3.87
36372,545,10.83,4,757.0899999999999,91.55,37.28,24.75,4.86
36373,110,3.3,1,275.0,22.0,16.5,13.2,2.2
36374,389,12.01,5,527.08,35.64,44.57,23.45,3.06
36375,294,3.71,5,342.06,65.88,10.31,4.09,2.98
36376,642,12.78,11,902.03,102.13,46.309999999999995,34.59,8.28
36377,424,8.96,5,497.42,79.47999999999999,25.29,8.75,3.0599999999999996
36378,433,10.29,6,595.3199999999999,53.14,37.629999999999995,26.419999999999998,3.5700000000000003
36379,566,18.75,4,1228.3,65.78,91.17,67.08,5.7
3638,451,20.52,4,933.4,95.31,48.58,39.71,4.7700000000000005
36380,294,5.59,4,359.96000000000004,44.59,12.39,15.300000000000002,4.75
36381,305,2.71,2,314.9,65.41,6.5,2.65,2.85
36382,315,9.25,8,591.71,43.62,34.14,31.29,4.59
36383,548,10.33,5,765.44,94.86,36.8,26.3,7.779999999999999
36384,1368,30.24,10,2237.05,213.32,122.71,98.03,10.530000000000001
36385,396,11.62,8,545.98,52.650000000000006,36.97,20.36,3.41
36386,348,9.209999999999999,7,499.9,44.07,30.119999999999997,22.169999999999998,2.66
36387,343,7.760000000000001,6,522.02,51.92,28.1,23.0,5.27
36388,431,11.47,5,533.56,52.24,29.33,23.830000000000002,5.8100000000000005
36389,453,10.22,7,550.08,65.95,31.009999999999998,18.57,7.709999999999999
3639,647,16.89,4,869.2,121.35,43.14,20.75,5.640000000000001
36390,314,8.040000000000001,7,454.86,40.33,25.43,23.270000000000003,6.21
36391,260,5.22,5,331.7,34.67,18.17,12.6,2.65
36392,329,8.36,4,640.3199999999999,68.75,37.5,24.45,6.97
36393,574,11.07,4,1026.1999999999998,112.60999999999999,55.980000000000004,37.84,8.65
36394,361,8.7,6,633.49,59.64,33.58,28.740000000000002,3.36
36395,598,9.32,8,644.62,95.37,27.86,16.2,7.1
36396,438,12.09,7,664.36,54.58,38.74,31.2,5.91
36397,605,11.19,9,791.63,106.57,38.69,21.639999999999997,4.99
36398,405,12.73,11,555.66,54.36,35.480000000000004,22.419999999999998,6.1499999999999995
36399,226,4.57,4,301.8,39.06,14.319999999999999,9.8,3.65
364,483,13.15,7,840.54,70.44,50.98,36.55,5.04
3640,514,16.77,5,1205.5,105.83,59.120000000000005,60.61,9.110000000000001
36400,604,9.39,6,824.04,118.85000000000001,39.480000000000004,20.23,4.63
36401,169,3.8,1,165.62,21.46,5.41,7.6,4.73
36402,290,7.8,10,336.68,29.41,19.32,17.169999999999998,4.359999999999999
36403,630,18.86,8,918.3,77.86,55.629999999999995,40.44,8.450000000000001
36404,476,12.01,9,738.52,65.68,42.07,34.28,5.6
36405,186,5.869999999999999,4,162.35,13.81,14.41,5.85,2.8499999999999996
36406,497,12.52,6,699.72,75.78,40.25,25.310000000000002,6.119999999999999
36407,363,9.46,7,520.8,47.82000000000001,33.07,20.92,5.9
36408,326,8.620000000000001,9,421.71,35.76,24.27,20.009999999999998,3.9099999999999997
36409,497,15.98,5,789.96,73.19,49.290000000000006,31.77,6.36
3641,495,15.38,5,883.14,97.39,45.75,35.16,5.74
36410,503,16.26,6,789.74,73.24000000000001,42.19,35.68,7.42
36411,626,12.74,6,912.6500000000001,97.82,52.92,32.8,10.37
36412,733,14.65,8,913.37,136.12,38.03,22.73,7.76
36413,235,7.02,5,274.08,32.18,17.18,8.86,3.13
36414,233,6.91,4,244.25,12.059999999999999,18.48,12.9,4.05
3642,501,20.1,4,753.95,86.42999999999999,40.25,26.55,3.74
3643,1171,36.44,7,2153.3199999999997,224.79,110.15,92.62,15.030000000000001
3644,331,16.43,3,795.3,31.25,60.43,47.4,4.43
3645,520,26.6,5,704.15,75.63,43.86,25.450000000000003,6.43
3646,289,6.89,5,552.26,58.06,24.06,25.41,4.09
3647,673,22.2,6,1024.8,125.53,57.29,32.12,6.34
3648,378,10.67,5,567.2,71.92,27.869999999999997,18.939999999999998,4.16
3649,529,12.47,5,918.24,109.43,42.72,34.85,5.62
365,400,8.139999999999999,4,696.5,77.56,38.36,24.2,3.63
3650,255,9.75,5,507.5,46.33,31.57,21.33,2.38
3651,527,14.44,5,1081.3,130.87,46.89,40.52,7.539999999999999
3652,541,12.110000000000001,6,794.3,101.72,35.620000000000005,26.1,6.42
3653,361,6.26,4,502.65,72.32,23.240000000000002,13.770000000000001,5.6499999999999995
3654,350,12.950000000000001,6,593.8,61.22,34.67,23.62,3.06
3655,553,12.44,5,908.75,116.88,34.93,31.779999999999998,6.34
3656,240,6.84,8,472.25,42.870000000000005,25.95,21.91,3.28
3657,177,2.63,4,259.04999999999995,39.489999999999995,10.97,6.38,2.38
3658,305,3.85,3,510.94999999999993,59.879999999999995,22.659999999999997,20.81,4.82
3659,383,13.37,6,695.08,64.94,41.72,30.57,5.72
366,495,9.67,5,793.5,86.19,40.01,30.259999999999998,4.72
3660,407,30.89,4,699.55,23.78,56.29,45.45,6.42
3661,395,12.960000000000003,4,634.05,81.26,31.969999999999995,20.15,3.12
3662,351,14.51,4,801.4,68.19,46.75,39.33,5.6
3663,371,12.84,8,588.08,50.0,36.3,27.990000000000002,5.56
3664,569,10.66,6,850.5999999999999,88.00999999999999,45.89,35.79,8.69
3665,354,9.940000000000001,6,639.5,78.27,30.09,22.490000000000002,3.65
3666,469,8.22,7,691.0,90.26,32.13,22.53,6.09
3667,536,18.06,6,697.6,58.44,52.06,27.28,6.85
3668,592,10.02,4,781.9,114.06,30.81,23.240000000000002,7.0
3669,281,12.39,5,485.5,45.95,30.12,20.96,3.72
367,475,6.93,4,660.2,80.92,26.85,24.220000000000002,5.44
3670,666,19.28,3,915.0,148.67,38.14,17.330000000000002,4.7
3671,710,24.1,8,1156.42,103.25,75.01,49.8,9.209999999999999
3672,490,13.71,4,842.75,89.37,43.52,34.58,7.58
3673,485,28.8,5,944.65,78.25,61.31,44.69,4.640000000000001
3674,594,15.92,6,1005.25,126.34,43.37,34.9,5.4399999999999995
3675,356,15.78,6,608.51,60.67,35.33,25.79,3.44
3676,186,31.62,1,465.0,3.72,48.36,29.76,0.0
3677,599,22.88,6,973.55,73.45,71.8,43.11,5.01
3678,477,16.009999999999998,5,782.35,62.76,56.31,33.61,4.35
3679,414,15.72,7,830.7,69.89,52.34,37.76,4.47
368,485,10.38,4,629.9000000000001,61.28,36.66,25.4,4.14
3680,374,13.3,6,557.0,73.7,26.86,17.0,3.5599999999999996
3681,381,5.62,5,602.75,89.0,23.75,16.61,4.97
3682,617,16.099999999999998,5,840.85,119.41,38.85,21.39,4.7
3683,268,5.58,5,362.2,46.75,18.57,10.52,2.81
3684,341,9.549999999999999,7,559.91,53.46,34.31,22.77,4.09
3685,465,11.42,5,735.4,76.5,44.230000000000004,26.96,4.42
3686,217,4.08,3,467.9,49.57,22.689999999999998,20.459999999999997,3.73
3687,639,10.71,5,793.65,124.03999999999999,37.76,14.280000000000001,5.07
3688,349,5.26,3,613.8,61.690000000000005,29.659999999999997,28.939999999999998,6.45
3689,345,17.28,5,808.1,64.9,44.82,41.73,5.31
369,771,12.91,5,1358.6,162.19,62.18,47.47,6.3
3690,487,9.69,4,688.0999999999999,81.49,39.66,21.209999999999997,3.72
3691,281,10.05,4,316.05,41.7,20.759999999999998,7.04,2.86
3692,538,12.420000000000002,5,705.4,89.67999999999999,32.94,22.39,5.79
3693,372,16.63,4,703.65,70.44,40.33,29.529999999999998,3.29
3694,437,7.88,4,720.54,74.7,39.08,29.07,3.7199999999999998
3695,417,14.61,6,758.02,56.790000000000006,51.05,36.2,3.1899999999999995
3696,449,9.0,6,624.05,91.86,25.78,17.0,7.54
3697,426,19.240000000000002,7,745.95,72.36,43.14,32.37,6.59
3698,323,8.87,6,417.21,65.87,17.03,8.85,2.87
3699,440,11.85,7,686.0999999999999,90.6,32.28,20.94,5.0600000000000005
370,466,9.209999999999999,5,719.86,85.24000000000001,33.7,25.36,5.35
3700,342,13.850000000000001,5,753.24,37.42,50.7,46.6,7.24
3701,571,16.57,4,953.3,97.93,51.33,41.21,8.209999999999999
3702,483,14.87,6,880.6,99.30000000000001,45.82,32.74,3.8200000000000003
3703,431,11.92,6,734.7,87.78,31.95,27.32,5.83
3704,364,9.41,6,591.5,64.72999999999999,33.97,22.28,5.2700000000000005
3705,256,12.4,6,370.62,31.090000000000003,27.2,15.23,1.76
3706,602,14.66,5,1145.9,147.67000000000002,49.59,39.089999999999996,7.13
3707,478,10.66,4,1092.3,110.72,50.58,50.51,8.780000000000001
3708,166,7.599999999999999,4,288.1,35.9,14.03,9.42,1.52
3709,545,13.61,5,997.9,114.94,47.1,38.54,6.66
371,694,11.56,5,1131.6,136.73000000000002,47.9,41.5,8.52
3710,489,21.490000000000002,5,730.2,72.58,47.15,26.03,4.12
3711,311,7.869999999999999,5,435.98,51.72,25.95,13.44,3.21
3712,429,12.66,4,1019.1,79.09,54.8,56.59,8.47
3713,346,17.51,5,521.7,55.730000000000004,35.120000000000005,16.63,3.33
3714,513,15.49,5,840.96,111.0,40.7,24.14,2.8099999999999996
3715,433,5.63,3,727.4,83.53999999999999,32.72,30.27,7.02
3716,399,6.05,4,697.1800000000001,74.01,31.259999999999998,31.580000000000002,5.9
3717,493,9.65,9,779.72,103.37,36.769999999999996,23.91,4.2
3718,469,14.899999999999999,6,778.7,87.95,42.43,27.47,4.72
3719,483,15.32,7,673.06,91.58,36.64,17.38,4.4
372,317,6.880000000000001,3,411.22,45.16,26.490000000000002,13.87,0.83
3720,405,6.62,5,661.6999999999999,78.38,28.459999999999997,26.64,6.75
3721,260,6.66,3,366.75,44.28,15.96,13.110000000000001,2.5700000000000003
3722,287,4.62,4,527.56,62.66,23.68,20.64,4.09
3723,488,14.27,7,916.9,78.23,51.660000000000004,43.82,6.32
3724,502,13.15,7,869.6,101.55,43.5,32.72,5.86
3725,414,15.129999999999999,5,717.1,94.49,32.18,22.63,3.29
3726,517,15.87,8,946.2,86.55,50.47,43.06,6.4399999999999995
3727,529,22.13,9,996.8,77.6,64.79,47.83,5.94
3728,418,11.18,6,500.1,75.13,23.54,11.86,5.87
3729,391,14.649999999999999,5,797.0,79.19,41.400000000000006,35.48,4.779999999999999
373,675,16.75,5,1196.5,90.46,75.69,56.88,6.3
3730,349,8.86,5,522.05,51.190000000000005,33.5,20.81,5.43
3731,282,8.37,5,352.56,52.3,19.71,6.359999999999999,1.6400000000000001
3732,292,2.7199999999999998,2,457.6,78.08000000000001,15.84,8.52,2.52
3733,493,15.65,7,891.55,58.86,57.16,47.85,7.44
3734,414,8.61,5,761.68,72.75999999999999,43.49,32.86,4.26
3735,248,6.87,4,450.6,42.510000000000005,21.259999999999998,21.29,3.03
3736,301,13.49,4,384.59999999999997,43.21,28.219999999999995,10.27,3.0100000000000002
3737,359,15.84,8,571.62,42.04,43.48,25.29,2.95
3738,350,15.15,5,795.1,74.6,42.33,36.8,5.42
3739,350,6.989999999999999,6,601.53,65.32,31.259999999999998,23.189999999999998,3.0999999999999996
374,456,12.33,6,697.76,60.3,43.18,32.28,5.47
3740,488,21.37,7,921.5,84.89,54.83,40.809999999999995,5.53
3741,497,14.22,6,909.95,79.94,57.18,39.39,5.38
3742,517,9.969999999999999,4,813.0,117.06,33.08,21.28,4.46
3743,349,15.290000000000001,5,630.4,57.790000000000006,40.87,25.79,3.92
3744,395,16.150000000000002,6,432.4,50.480000000000004,31.310000000000002,11.37,3.71
3745,490,13.4,6,737.4,82.41999999999999,37.12,28.020000000000003,6.62
3746,509,16.22,5,919.1,83.47999999999999,58.9,38.23,3.75
3747,341,8.29,6,533.05,55.99,28.189999999999998,22.61,4.9399999999999995
3748,370,9.45,7,502.5,65.03,27.28,14.92,4.86
3749,458,6.42,3,575.15,96.06,22.39,11.110000000000001,5.99
375,343,5.7700000000000005,4,630.6,60.629999999999995,27.430000000000003,29.9,5.029999999999999
3750,320,5.8,4,490.15,62.34,19.97,18.02,5.28
3751,514,9.92,6,788.35,87.45,40.800000000000004,31.16,6.24
3752,470,10.99,5,763.3,112.14,32.14,19.57,3.39
3753,433,13.340000000000002,5,546.1,61.63,30.91,18.259999999999998,4.79
3754,440,19.21,6,487.37,55.78999999999999,34.400000000000006,14.169999999999998,4.3
3755,349,12.559999999999999,6,677.3,54.14,41.87,33.660000000000004,5.54
3756,330,12.860000000000001,6,510.63,42.76,30.6,25.19,4.74
3757,228,5.92,3,390.8,52.74,17.58,12.02,1.63
3758,271,13.6,6,356.6,37.49,22.87,12.54,2.9299999999999997
3759,196,5.3,4,155.70999999999998,25.55,7.58,2.58,2.19
376,838,26.89,4,1300.2,52.260000000000005,91.07,81.06,13.14
3760,558,11.93,5,862.3,97.62,48.8,29.779999999999998,4.82
3761,227,8.93,6,377.15,39.959999999999994,22.43,14.72,3.67
3762,523,20.93,6,981.0,102.43,55.69,37.769999999999996,5.25
3763,607,11.78,7,902.65,129.79,40.400000000000006,24.19,7.1
3764,486,9.01,6,858.0,104.74,39.760000000000005,31.55,5.84
3765,620,12.11,6,1087.95,131.45,50.260000000000005,39.64,8.33
3766,166,9.25,6,212.64000000000001,11.5,19.06,10.049999999999999,1.81
3767,591,16.05,10,958.9,120.07,46.19,32.52,6.8
3768,533,13.24,8,731.35,84.35,43.49,23.48,6.26
3769,373,6.09,4,568.1,78.75999999999999,23.47,17.8,4.3999999999999995
377,525,12.549999999999999,5,812.86,87.16,45.129999999999995,28.05,4.04
3770,490,13.09,7,844.85,95.88,42.19,33.55,6.67
3771,343,7.53,3,445.1,41.39,32.3,16.14,2.69
3772,355,12.66,7,676.55,64.3,39.11,29.75,4.37
3773,355,10.76,6,512.58,51.28,24.41,23.04,4.1
3774,535,15.799999999999999,5,880.45,101.28,43.03,34.2,7.12
3775,447,10.59,4,543.85,76.94999999999999,20.759999999999998,15.79,5.7
3776,353,7.6000000000000005,5,704.75,72.53,34.47,32.04,5.75
3777,83,0.16,1,107.9,23.41,2.24,0.25,0.33
3778,526,13.67,7,903.23,90.44,51.49,36.43,4.32
3779,354,15.39,6,475.59000000000003,46.13,35.410000000000004,16.06,2.43
378,481,11.01,5,665.44,73.88,36.36,22.12,3.84
3780,280,3.56,3,313.85,58.5,9.89,4.03,3.49
3781,493,9.09,4,609.6,79.8,33.68,16.23,4.709999999999999
3782,356,5.76,5,537.6,62.87,27.59,19.14,3.08
3783,352,13.15,5,484.2,27.91,40.25,23.659999999999997,4.19
3784,519,7.21,5,837.52,117.71000000000001,34.94,24.88,5.57
3785,492,14.46,4,682.9,83.03999999999999,40.629999999999995,19.970000000000002,2.99
3786,380,11.17,5,520.85,63.83,21.15,18.830000000000002,5.24
3787,345,8.69,4,533.46,49.980000000000004,34.71,21.08,2.73
3788,502,14.709999999999999,6,834.36,104.25,40.94,28.32,4.66
3789,278,10.5,5,496.9,43.17,26.34,25.1,5.86
379,253,7.05,4,369.14,32.89,24.85,14.66,1.6400000000000001
3790,489,16.39,5,647.0,64.07,47.22,21.4,3.6900000000000004
3791,202,10.48,5,424.55,38.72,23.86,19.54,2.35
3792,341,8.68,8,448.45,52.25,25.23,15.370000000000001,3.7
3793,396,17.28,5,783.6,67.29,52.27,34.44,4.64
3794,477,14.840000000000002,6,775.0,86.78999999999999,32.49,32.03,6.46
3795,349,7.03,6,453.9,68.18,18.71,11.49,4.41
3796,171,7.7,1,427.5,51.3,13.68,17.1,3.42
3797,508,10.26,6,845.3499999999999,88.32,45.379999999999995,34.64,5.33
3798,159,12.15,1,397.5,7.95,23.85,28.62,1.59
3799,584,12.89,6,963.65,111.64,48.63,35.46,5.64
380,504,10.31,6,829.72,85.46,42.4,34.39,5.45
3800,897,20.66,7,1571.9,164.26999999999998,83.74000000000001,62.65,8.59
3801,308,8.4,7,589.52,58.55,31.36,26.51,5.27
3802,564,13.7,6,891.6,86.12,49.800000000000004,37.68,5.720000000000001
3803,255,3.35,4,409.35,55.49,15.41,14.09,3.84
3804,84,1.3900000000000001,1,37.8,7.14,2.69,0.17,1.76
3805,424,15.93,3,718.0,101.63000000000001,31.96,19.13,2.46
3806,511,14.76,6,924.0699999999999,81.25999999999999,50.46,45.98,7.06
3807,278,11.94,5,414.08,46.58,23.74,15.01,3.52
3808,444,15.59,8,798.55,65.69,48.01,37.56,6.0
3809,366,11.99,6,687.45,60.99,34.95,33.589999999999996,5.24
381,255,5.84,7,437.18,33.47,25.49,21.98,3.31
3810,440,13.01,7,799.6500000000001,72.35,40.62,38.3,6.22
3811,591,17.939999999999998,9,1013.45,82.88,60.28,48.85,8.26
3812,164,9.53,5,375.06,15.29,29.13,22.69,2.3200000000000003
3813,140,3.3,5,127.19000000000001,13.3,8.9,4.14,1.42
3814,383,8.049999999999999,4,723.2,60.22,44.19,33.91,3.83
3815,542,11.68,9,915.68,105.49000000000001,45.34,34.48,5.97
3816,479,9.93,6,855.85,91.66,42.339999999999996,37.14,8.72
3817,570,12.1,7,928.3,123.32,36.5,30.69,6.71
3818,382,12.2,8,575.96,38.23,41.370000000000005,28.96,4.2
3819,548,14.36,5,985.05,82.45,57.1,46.63,5.57
382,562,14.24,11,879.32,72.83,50.61,42.02,8.38
3820,159,12.15,1,397.5,7.95,23.85,28.62,1.59
3821,411,10.65,7,561.26,59.07,30.81,22.25,4.55
3822,349,8.620000000000001,4,546.7,55.94,31.849999999999998,21.970000000000002,5.17
3823,351,5.71,4,687.9,87.39,28.36,24.919999999999998,4.84
3824,450,17.07,5,836.65,87.99,44.4,35.02,4.1
3825,459,10.73,6,829.0,71.25,46.46,40.85,6.4799999999999995
3826,366,6.4,3,653.8,88.61,29.869999999999997,20.189999999999998,5.18
3827,368,9.24,7,539.0699999999999,61.66,31.15,17.490000000000002,3.0
3828,565,11.11,7,749.7,108.22999999999999,39.0,16.73,5.6
3829,518,12.62,5,856.15,99.24,44.93,29.84,5.95
383,311,7.390000000000001,6,582.1,47.540000000000006,32.57,28.42,4.27
3830,398,6.6499999999999995,4,441.5,79.66,19.05,4.119999999999999,3.88
3831,337,6.18,5,654.4,65.62,32.14,29.82,4.51
3832,302,6.46,5,450.2,61.699999999999996,20.12,13.729999999999999,5.07
3833,432,10.790000000000001,8,622.91,79.9,27.76,20.12,4.58
3834,506,9.31,5,794.35,119.12,30.53,20.97,6.95
3835,495,12.48,6,673.65,95.08,24.04,20.25,6.8999999999999995
3836,428,10.879999999999999,6,747.2,74.22,44.97,30.07,5.5600000000000005
3837,386,10.41,6,920.6,76.85,46.29,49.3,8.23
3838,495,15.969999999999999,4,723.15,83.12,41.61,22.54,3.65
3839,551,15.9,6,1132.75,94.59,57.27,59.36,8.86
384,741,12.79,6,1080.7,123.47000000000001,49.599999999999994,39.72,7.24
3840,473,10.92,5,896.3,77.89,50.31,43.14,6.05
3841,507,9.22,6,636.05,92.52000000000001,27.43,18.08,7.67
3842,363,6.2299999999999995,3,508.65,75.08,22.48,13.35,5.42
3843,280,5.52,5,390.73,51.410000000000004,19.229999999999997,10.96,1.83
3844,644,12.870000000000001,5,880.95,110.79,47.58,26.98,7.07
3845,474,5.779999999999999,4,849.0,113.19,35.09,28.66,6.04
3846,495,7.04,6,777.85,109.57,32.55,23.21,5.29
3847,330,8.69,5,508.84,53.730000000000004,22.82,21.790000000000003,3.63
3848,477,14.85,5,756.0,74.5,42.62,30.85,5.49
3849,551,12.690000000000001,4,1114.3,107.05000000000001,64.22,47.94,6.88
385,944,13.52,4,1581.6,208.5,67.77000000000001,48.67,6.859999999999999
3850,344,7.62,5,452.25,70.16,20.24,9.99,3.84
3851,617,9.52,4,811.5999999999999,110.61999999999999,43.63,19.880000000000003,3.83
3852,657,15.99,5,867.9,102.55,45.06,29.020000000000003,7.24
3853,432,17.83,4,837.9,43.44,60.67,48.08,6.38
3854,761,17.91,5,1656.9,136.63,96.5,82.04,11.33
3855,348,21.07,2,870.0,27.849999999999998,52.2,62.64,5.569999999999999
3856,599,15.99,5,1173.5,101.9,63.78,56.050000000000004,5.49
3857,481,9.66,5,790.33,99.61,35.03,28.8,5.77
3858,386,7.94,4,630.2,78.50999999999999,28.2,23.45,5.07
3859,422,9.22,6,502.3,59.42,30.52,15.700000000000001,5.35
386,401,5.82,4,641.9,88.60999999999999,26.49,19.919999999999998,3.87
3860,755,16.75,6,1209.45,129.13,63.78,46.97,7.26
3861,515,8.41,5,837.3,108.89999999999999,37.29,28.490000000000002,5.85
3862,544,11.91,5,807.8,93.64,42.33,29.5,5.23
3863,474,11.01,4,867.7,91.64,37.629999999999995,38.54,6.7
3864,571,13.68,5,721.2,85.03,37.41,24.36,5.9399999999999995
3865,579,15.04,5,1181.4,102.88,72.28,53.769999999999996,7.02
3866,524,17.17,4,1076.2,92.12,54.849999999999994,53.17,5.95
3867,149,11.38,1,372.5,7.45,22.35,26.82,1.49
3868,457,13.78,6,622.75,62.839999999999996,37.1,23.61,4.85
3869,535,12.65,4,1086.9,106.81,52.37,49.88,6.69
387,778,15.600000000000001,5,1095.54,123.19999999999999,58.24,42.67,7.99
3870,377,12.21,5,806.3,67.14,50.67,38.13,5.73
3871,170,6.58,2,322.6,22.119999999999997,17.18,19.72,3.4000000000000004
3872,24,1.2,1,60.0,2.4,3.6,4.32,0.48
3873,290,5.54,5,485.6,57.15,21.96,19.37,5.38
3874,533,15.64,5,1085.6,91.14,60.61,52.61,5.85
3875,799,17.130000000000003,5,1139.0,141.35,58.040000000000006,36.49,7.75
3876,304,8.469999999999999,4,350.8,27.69,28.07,15.02,5.55
3877,486,11.950000000000001,5,704.5999999999999,86.21,32.879999999999995,24.25,5.14
3878,741,11.93,5,1173.1,138.36,52.16,47.56,11.32
3879,513,11.0,5,713.15,87.9,36.89,24.69,7.0
388,426,7.84,5,463.71999999999997,64.38,24.02,11.61,3.31
3880,731,22.9,5,1399.4499999999998,96.4,74.96,80.56,13.48
3881,413,12.02,5,626.75,63.57000000000001,33.82,25.669999999999998,4.8
3882,554,16.66,7,934.55,85.38,50.85,44.27,10.85
3883,338,11.450000000000001,4,512.9,40.47,31.25,23.88,3.09
3884,256,11.23,4,445.45,30.53,26.05,24.380000000000003,5.34
3885,351,12.71,5,569.45,36.22,38.83,31.189999999999998,7.43
3886,601,22.8,5,972.4,81.44,68.96,39.19,5.55
3887,366,8.67,4,629.9,65.12,28.95,27.8,4.63
3888,494,17.69,6,976.7,76.3,56.95,49.83,8.959999999999999
3889,396,9.2,4,608.65,63.14,38.53,22.09,3.67
389,510,8.950000000000001,4,741.4200000000001,74.69999999999999,33.52,33.08,6.930000000000001
3890,407,9.120000000000001,4,771.1,78.45,39.79,33.81,5.37
3891,416,10.209999999999999,4,555.35,75.7,31.72,13.450000000000001,5.1000000000000005
3892,381,7.44,5,710.4,75.02,33.85,31.59,5.49
3893,447,22.64,5,1044.4,43.3,77.1,59.71,6.21
3894,715,8.58,4,1169.6,170.82999999999998,46.11,31.51,9.78
3895,341,0.65,1,443.3,96.16,9.21,1.02,1.36
3896,467,9.37,4,811.4,100.91,36.85,29.61,7.1499999999999995
3897,118,5.9,1,295.0,11.8,17.7,21.24,2.36
3898,534,9.43,7,887.5,113.81,38.129999999999995,29.56,6.57
3899,375,9.09,3,558.6,64.47,34.06,18.68,6.430000000000001
390,673,11.05,7,900.98,119.67,41.11,27.79,6.45
3900,430,8.44,4,770.9,73.5,41.519999999999996,33.88,7.76
3901,345,8.590000000000002,3,544.5,67.64,30.99,14.88,6.279999999999999
3902,496,15.3,5,894.54,87.53,57.54,31.37,6.87
3903,372,7.1899999999999995,7,690.4,77.67,34.63,24.55,4.95
3904,605,11.38,6,1076.6,123.96000000000001,50.33,39.6,6.7299999999999995
3905,723,16.31,9,1251.7,134.94,62.78,49.75,13.44
3906,243,4.75,3,408.5,56.580000000000005,18.65,11.41,4.71
3907,662,18.500000000000004,4,1347.7,111.02000000000001,72.52,67.75,9.77
3908,384,10.760000000000002,4,701.4,74.4,42.24,25.14,7.52
3909,492,10.440000000000001,5,747.8399999999999,96.57,37.53,21.63,7.61
391,379,8.09,4,631.62,75.37,30.38,21.779999999999998,4.25
3910,312,7.92,4,514.5999999999999,55.410000000000004,27.64,21.12,4.96
3911,717,18.65,7,1086.0,140.87,57.98,30.99,10.41
3912,193,9.36,5,450.0,24.880000000000003,35.68,23.13,5.43
3913,367,21.060000000000002,2,1004.0,52.1,84.65,47.95,10.42
3914,354,8.76,6,717.9,71.67,37.1,31.43,7.8500000000000005
3915,443,7.47,4,722.2,90.25,33.26,23.34,5.1899999999999995
3916,507,15.629999999999999,3,716.2,66.06,43.15,33.76,14.04
3917,595,11.4,4,1132.6,109.44,55.290000000000006,48.44,7.34
3918,631,11.08,5,983.5,128.44,44.349999999999994,29.6,7.32
3919,219,11.33,4,404.6,29.13,32.56,17.919999999999998,5.359999999999999
392,576,11.38,4,825.26,92.84,43.480000000000004,28.39,8.39
3920,584,11.57,6,952.7,115.07000000000001,43.79,33.839999999999996,10.82
3921,446,10.17,4,654.04,83.4,33.51,19.98,9.450000000000001
3922,379,6.38,4,484.74,77.71000000000001,15.219999999999999,12.48,6.14
3923,410,10.09,4,708.5,82.77,39.83,23.21,7.14
3924,494,8.8,5,933.9,103.15,43.67,36.03,9.23
3925,433,11.64,5,745.04,86.43,44.33,22.31,7.52
3926,372,6.529999999999999,4,705.8,80.18,32.53,26.560000000000002,7.15
3927,302,7.75,4,552.6,59.33,35.4,19.06,5.34
3928,385,6.4,4,791.5,82.94,38.07,31.619999999999997,6.86
3929,548,13.68,6,965.7,85.44,57.0,43.080000000000005,10.34
393,574,8.35,6,840.3,108.31,33.13,29.250000000000004,6.2
3930,462,8.809999999999999,7,812.7,84.50999999999999,38.24,33.370000000000005,8.58
3931,634,11.32,5,1111.5,127.01,47.79,43.87,9.790000000000001
3932,527,11.99,6,1070.4,106.15,55.3,44.75,9.16
3933,506,12.610000000000001,6,918.5,100.99000000000001,49.69,35.61,8.67
3934,454,10.520000000000001,4,894.3599999999999,81.91999999999999,48.62,38.22,9.6
3935,338,9.63,5,500.94,50.06,29.1,21.02,5.59
3936,550,14.74,6,1063.34,90.38,59.54,47.65,10.1
3937,649,4.61,2,1083.7,157.10000000000002,37.2,30.27,6.76
3938,420,8.479999999999999,4,706.7,80.12,34.07,24.999999999999996,5.51
3939,541,12.21,3,1080.7,95.21000000000001,57.63999999999999,47.03,4.69
394,479,9.47,5,733.4000000000001,87.77000000000001,37.64,25.64,4.29
3940,606,10.200000000000001,4,1129.2,127.89999999999999,52.14,43.64,12.26
3941,866,16.57,8,1483.5,183.57,67.93,51.52,14.82
3942,523,9.25,4,944.0,94.83,43.58,41.46,10.030000000000001
3943,453,9.03,6,866.1999999999999,90.17,42.68,34.15,6.5
3944,285,8.76,4,460.5,34.65,30.3,23.47,7.32
3945,389,8.459999999999999,3,722.3,71.76,39.019999999999996,28.06,4.74
3946,191,2.08,3,336.8,40.56,12.900000000000002,12.840000000000002,3.13
3947,427,11.89,6,767.1600000000001,76.19,44.99,28.93,5.46
3948,609,12.38,4,844.8,112.03999999999999,41.14,27.03,11.18
3949,515,16.64,5,1000.52,90.95,62.74,40.54,7.76
395,555,11.69,6,1026.5,92.81,51.14,48.05,7.1499999999999995
3950,499,9.87,4,842.3,113.28999999999999,39.25,25.209999999999997,10.3
3951,409,10.440000000000001,6,695.7,62.8,38.980000000000004,29.97,7.77
3952,387,9.690000000000001,4,492.65999999999997,59.230000000000004,29.62,15.059999999999999,6.6899999999999995
3953,480,16.759999999999998,8,925.3,68.88999999999999,63.74,43.300000000000004,7.4799999999999995
3954,346,12.86,8,594.02,48.0,43.11,24.29,5.0200000000000005
3955,552,8.61,4,860.9,97.58,35.32,34.38,10.41
3956,529,12.469999999999999,5,959.86,82.36,50.66,45.940000000000005,9.14
3957,406,14.16,8,717.36,53.650000000000006,46.99,32.5,5.58
3958,446,9.209999999999999,5,679.0,85.36,31.61,21.94,5.32
3959,583,13.1,7,1037.24,102.62,49.98,45.79,10.4
396,297,11.719999999999999,3,555.9200000000001,32.519999999999996,36.730000000000004,29.799999999999997,5.28
3960,487,9.74,6,805.7,92.54,40.730000000000004,30.15,6.7
3961,728,15.4,5,1485.2,150.44,77.8,59.83,13.84
3962,221,5.28,5,330.2,39.47,19.34,10.34,3.11
3963,312,9.61,4,688.4,46.43,41.379999999999995,36.730000000000004,9.45
3964,200,6.2299999999999995,8,358.5,27.46,22.86,17.06,3.55
3965,317,6.66,10,489.4,59.03999999999999,22.66,17.49,5.02
3966,273,10.91,3,632.5,40.870000000000005,40.82,34.29,4.6
3967,228,10.86,3,578.6,35.66,42.03,28.52,6.77
3968,1121,21.39,7,1787.8799999999999,207.57,86.41,62.4,15.48
3969,313,9.030000000000001,7,583.5,46.5,32.99,28.25,5.8
397,620,7.5,3,767.02,112.56,26.41,20.669999999999998,6.94
3970,273,10.85,4,654.4,38.97,43.58,34.51,8.43
3971,337,9.200000000000001,6,495.05999999999995,56.620000000000005,26.39,17.39,6.5200000000000005
3972,333,12.12,5,655.64,36.260000000000005,46.67,34.95,9.27
3973,320,7.080000000000001,4,627.4,56.75,32.8,27.0,3.0399999999999996
3974,344,5.72,4,570.6,71.68,25.68,18.2,4.19
3975,366,9.99,6,747.4,61.96000000000001,43.64,33.18,6.540000000000001
3976,592,12.51,4,1078.3,96.21000000000001,51.2,51.76,10.4
3977,465,11.61,3,935.0,103.06,49.449999999999996,35.89,7.41
3978,476,4.9,5,760.1,114.19,26.39,20.55,5.74
3979,861,26.319999999999997,4,1531.7,140.35,100.8,60.559999999999995,9.59
398,470,8.42,3,698.7,75.35,41.1,25.22,4.41
3980,1078,29.82,7,1651.6,175.44,95.49000000000001,59.56,14.38
3981,296,7.39,6,500.6,54.78,25.93,19.24,4.09
3982,332,6.05,5,618.6,72.11,28.65,22.47,6.37
3983,370,15.73,5,689.8,38.88,50.050000000000004,35.84,6.41
3984,434,12.61,5,650.48,79.17,40.09,18.33,6.41
3985,536,7.24,3,1028.8999999999999,102.92999999999999,43.300000000000004,46.82,10.06
3986,381,9.79,4,686.6,76.67,36.46,24.419999999999998,6.6
3987,439,7.88,5,709.6,88.33,34.0,23.39,5.46
3988,729,16.78,7,1180.92,139.31,60.32,42.37,12.89
3989,362,7.0,5,657.7,80.49,31.56,22.35,7.13
399,870,15.55,5,1085.44,155.95,48.4,26.930000000000003,8.44
3990,549,18.27,7,990.4399999999999,93.21,64.28,37.94,10.18
3991,434,11.56,4,832.7,87.99,47.12,29.96,6.34
3992,647,16.36,5,1188.4,131.11,58.92,48.07,10.38
3993,420,11.6,4,763.3,91.34,45.98,22.959999999999997,6.65
3994,474,10.73,4,716.6,76.21000000000001,38.1,25.41,6.43
3995,589,13.95,7,993.3,118.46,53.4,32.6,8.2
3996,528,8.41,4,985.9000000000001,113.19,44.83,37.410000000000004,10.09
3997,433,9.46,5,782.2,73.83,44.230000000000004,33.01,6.890000000000001
3998,387,13.83,6,749.5,49.9,52.29,38.2,6.34
3999,526,12.83,5,974.8,104.74,49.49,38.54,4.78
400,558,14.33,6,1132.6,92.58000000000001,64.71,53.14,7.26
4000,387,9.57,5,567.5,63.2,29.82,18.95,3.33
4001,521,18.11,6,998.48,56.910000000000004,63.68,52.74,8.78
4002,401,15.18,6,749.0,48.8,55.019999999999996,37.87,6.54
4003,310,7.76,4,404.02,47.84,20.11,12.91,3.86
4004,318,6.15,4,572.8,58.06,28.200000000000003,23.75,4.91
4005,453,11.610000000000001,5,962.3,90.4,52.410000000000004,42.71,9.57
4006,327,8.4,6,574.7,59.730000000000004,31.71,21.57,6.45
4007,404,10.16,4,896.5999999999999,79.10999999999999,51.16,38.61,7.01
4008,314,8.3,5,601.88,52.910000000000004,33.18,27.119999999999997,4.49
4009,439,12.389999999999999,4,980.9,80.88,62.8,43.14,9.65
401,150,5.0600000000000005,3,296.78,13.16,18.71,18.27,2.71
4010,335,15.35,4,857.2,38.29,66.6,46.23,8.68
4011,485,14.610000000000001,5,903.9,95.19,55.33,31.24,7.24
4012,550,13.51,5,794.28,88.7,40.82,27.46,5.84
4013,562,15.209999999999999,5,905.0,89.7,54.019999999999996,38.33,9.01
4014,620,10.87,6,1006.0,121.67999999999999,42.129999999999995,38.39,11.440000000000001
4015,435,11.16,6,816.8,73.41,51.62,33.83,7.18
4016,350,10.620000000000001,6,556.98,50.81,40.51,21.55,6.64
4017,278,10.309999999999999,5,503.15999999999997,24.79,31.57,30.3,6.0200000000000005
4018,482,7.63,5,710.0,110.16999999999999,26.689999999999998,17.57,8.54
4019,701,10.83,5,1186.1,155.26999999999998,49.84,37.3,9.719999999999999
402,238,4.74,3,367.44,46.58,18.04,11.34,2.29
4020,612,9.590000000000002,5,996.7,131.7,39.33,33.47,11.47
4021,438,5.61,4,750.3,100.55000000000001,28.78,24.47,6.07
4022,542,9.64,6,765.76,111.18,32.0,20.03,8.16
4023,258,5.83,5,558.0,44.739999999999995,30.08,27.7,6.18
4024,372,9.870000000000001,5,680.7,59.58,37.61,30.02,6.45
4025,420,9.35,7,669.08,85.78,32.58,21.41,7.86
4026,494,9.24,6,727.04,85.57,33.29,25.319999999999997,7.23
4027,284,8.6,7,483.22,33.629999999999995,27.46,25.43,5.18
4028,460,9.72,5,848.3000000000001,75.07,36.55,43.720000000000006,12.13
4029,305,8.79,5,617.36,47.24,36.98,28.7,6.1899999999999995
403,254,6.010000000000001,4,432.46000000000004,47.31,21.74,16.96,2.95
4030,386,9.94,4,695.6,52.83,35.54,36.64,7.4799999999999995
4031,340,16.939999999999998,6,722.28,33.59,56.41,37.89,5.18
4032,776,47.019999999999996,3,1773.5,87.03999999999999,170.55,82.94999999999999,16.66
4033,181,4.01,5,289.12,35.96,14.23,9.71,3.1599999999999997
4034,446,9.16,7,642.1,80.38,29.47,20.830000000000002,6.6899999999999995
4035,646,12.34,5,1228.0,137.56,59.03,46.790000000000006,13.09
4036,564,20.36,5,774.28,92.8,54.69,20.05,5.659999999999999
4037,391,7.390000000000001,4,613.5,83.50999999999999,26.509999999999998,19.69,8.13
4038,448,8.81,5,736.2,80.72,39.27,28.14,7.8999999999999995
4039,472,14.04,5,692.78,85.53,41.51,19.45,7.640000000000001
404,714,13.55,7,986.3,116.30000000000001,50.739999999999995,32.31,7.1899999999999995
4040,506,14.68,6,1027.1,79.59,61.5,47.17,7.04
4041,231,6.74,3,322.7,30.869999999999997,18.810000000000002,15.129999999999999,6.21
4042,376,8.34,4,698.9,60.44,41.31,31.740000000000002,6.83
4043,365,8.799999999999999,5,645.8,56.8,38.07,28.85,6.78
4044,376,9.319999999999999,6,665.1,65.6,33.9,29.57,9.14
4045,412,7.59,6,611.3,85.28,23.48,19.860000000000003,5.55
4046,557,12.3,5,966.64,84.94,54.31,44.68,10.89
4047,260,5.86,7,434.2,49.959999999999994,20.3,16.88,4.87
4048,374,5.17,3,401.03999999999996,76.69,10.93,4.51,5.0200000000000005
4049,487,12.23,7,918.48,88.88,51.29,37.83,10.530000000000001
405,487,13.27,6,788.3399999999999,74.68,45.39,31.69,5.04
4050,418,14.120000000000001,10,677.94,62.95,44.71,25.82,5.96
4051,294,6.09,4,525.4,65.67,24.3,18.240000000000002,3.82
4052,296,8.02,8,556.2,49.760000000000005,30.03,25.38,4.8100000000000005
4053,416,7.38,7,687.2,89.94,30.78,21.369999999999997,6.07
4054,312,10.18,7,540.18,47.43,34.11,22.28,3.4299999999999997
4055,565,10.27,6,975.56,113.67999999999999,45.39,35.61,7.98
4056,443,11.88,5,684.3,81.83,37.37,21.55,8.69
4057,493,13.14,6,955.66,78.12,55.75,42.87,9.35
4058,271,7.65,10,422.3,40.66,24.849999999999998,17.68,5.37
4059,274,4.15,4,508.2,54.66,22.51,20.44,3.68
406,735,9.06,5,1063.46,155.2,40.64,30.509999999999998,6.5200000000000005
4060,1160,8.95,4,1618.3,275.5,49.019999999999996,30.32,10.85
4061,390,13.0,4,803.4,76.05,53.76,29.599999999999998,7.4399999999999995
4062,391,12.27,8,677.36,53.27,42.93,32.019999999999996,6.42
4063,429,6.909999999999999,3,642.4,87.94,26.599999999999998,19.32,4.64
4064,594,15.790000000000001,6,1101.4,112.71000000000001,64.6,41.12,8.82
4065,362,12.03,4,751.6,48.230000000000004,40.9,45.239999999999995,9.22
4066,658,13.36,7,1025.58,133.98,50.05,30.1,8.01
4067,631,13.18,7,869.02,117.28999999999999,46.54,22.42,7.84
4068,390,11.04,9,663.88,53.95,37.92,32.33,8.49
4069,408,12.58,8,774.0,75.30000000000001,46.8,30.890000000000004,5.9
407,689,13.26,9,971.5,111.59,45.97,35.87,9.23
4070,472,0.9,1,613.6,133.1,12.74,1.42,1.89
4071,596,27.44,7,973.14,59.85,70.43,51.02,12.19
4072,542,13.889999999999999,6,837.3,96.05,52.010000000000005,26.28,7.29
4073,411,3.7600000000000002,4,551.1800000000001,101.73,17.509999999999998,6.91,4.09
4074,223,11.86,5,428.9,19.15,36.68,21.759999999999998,3.2199999999999998
4075,412,12.28,7,742.66,52.34,46.39,37.05,7.57
4076,399,13.57,9,765.0,59.36,49.410000000000004,34.61,4.78
4077,240,6.14,5,446.90000000000003,41.31,21.19,21.79,5.390000000000001
4078,639,13.6,5,897.24,115.69,51.580000000000005,25.02,8.76
4079,577,15.610000000000001,6,700.8399999999999,90.44999999999999,40.86,16.94,5.1899999999999995
408,443,11.33,6,645.14,61.59,36.61,27.1,5.27
4080,533,11.959999999999999,8,844.6800000000001,103.37,42.86,26.97,5.609999999999999
4081,117,3.09,4,212.5,24.94,11.18,7.319999999999999,2.85
4082,360,10.06,7,486.82,55.39,28.41,16.7,7.09
4083,344,6.68,3,487.90000000000003,72.12,22.64,10.18,2.8899999999999997
4084,627,31.74,4,1730.0,107.65,129.44,86.08,16.35
4085,485,10.74,4,860.5,90.93,40.06,35.82,10.74
4086,336,12.23,7,501.8,45.32,35.6,19.12,5.38
4087,432,12.91,7,937.3,81.46000000000001,56.6,40.97,8.14
4088,316,9.32,7,609.7,58.92999999999999,36.83,23.77,4.17
4089,273,5.98,5,447.29999999999995,51.730000000000004,20.490000000000002,16.87,5.34
409,597,10.38,8,883.1800000000001,111.28,39.46,29.07,6.12
4090,477,12.81,6,653.15,67.03,34.24,26.61,7.5200000000000005
4091,458,11.46,6,623.36,74.82,34.489999999999995,21.15,8.94
4092,254,6.5600000000000005,4,393.5,40.24,27.209999999999997,14.14,3.8
4093,430,8.87,5,633.1,86.00999999999999,23.88,22.44,8.09
4094,487,20.639999999999997,7,719.82,73.36,57.3,22.1,3.32
4095,582,9.77,6,916.66,132.72,39.739999999999995,24.54,8.59
4096,561,13.309999999999999,6,809.5,101.37,42.14,26.56,10.64
4097,456,10.03,7,756.3,84.16,35.46,31.060000000000002,7.32
4098,277,5.62,4,434.70000000000005,58.72,22.05,10.84,3.55
4099,312,7.170000000000001,4,363.64,48.0,17.67,10.93,4.89
410,476,12.6,6,887.5,65.6,55.79,42.43,4.07
4100,497,4.680000000000001,2,442.55,93.96,11.120000000000001,1.67,3.4000000000000004
4101,348,4.95,4,418.59999999999997,70.25,16.880000000000003,7.21,3.91
4102,300,7.44,5,388.37,46.129999999999995,22.130000000000003,12.33,3.21
4103,376,6.180000000000001,5,420.41999999999996,73.21000000000001,14.29,6.94,5.45
4104,320,5.47,5,394.04999999999995,62.480000000000004,16.47,7.72,3.26
4105,593,10.81,6,828.9,126.75999999999999,33.43,19.64,8.49
4106,535,14.76,6,779.5,96.03,44.9,22.91,5.91
4107,355,13.16,6,540.0,52.959999999999994,40.98,17.45,3.82
4108,325,9.58,6,545.6,52.07,32.15,24.150000000000002,5.03
4109,358,12.590000000000002,6,599.3,56.44,36.18,26.709999999999997,4.64
411,507,9.11,4,853.42,101.13,43.339999999999996,28.5,6.05
4110,474,14.55,7,871.5,93.13,54.03,30.36,5.180000000000001
4111,167,7.119999999999999,4,367.20000000000005,25.020000000000003,22.57,20.31,5.01
4112,452,10.58,7,672.85,94.82000000000001,36.269999999999996,15.32,4.57
4113,630,19.26,7,1079.0,95.0,64.46,48.04,8.7
4114,514,15.86,7,844.9,89.11,50.83,30.71,5.99
4115,659,22.53,8,1115.5,102.41999999999999,69.6,48.45,10.92
4116,426,7.140000000000001,8,623.81,79.21,26.12,21.48,6.8
4117,507,12.69,8,940.6,83.38,50.260000000000005,44.36,9.57
4118,397,11.19,6,627.15,70.13,37.38,20.75,6.960000000000001
4119,383,8.02,4,517.95,66.99000000000001,20.29,19.74,5.79
412,636,13.280000000000001,4,1177.3,119.66999999999999,65.66,44.64,7.04
4120,554,7.819999999999999,7,835.36,118.87,32.28,23.73,7.609999999999999
4121,518,17.19,9,774.0799999999999,76.37,50.87,30.44,8.07
4122,566,10.96,6,797.75,112.0,37.83,20.81,8.01
4123,532,14.18,8,763.25,94.77,40.02,25.84,7.47
4124,201,8.129999999999999,6,325.1,33.1,23.970000000000002,10.77,2.62
4125,541,19.689999999999998,5,925.84,98.97999999999999,65.78,28.81,7.33
4126,378,8.15,6,514.86,67.03,28.52,14.4,5.3
4127,709,17.21,6,1235.1599999999999,108.32,66.96000000000001,57.58,13.22
4128,334,12.85,6,527.2,51.010000000000005,37.19,17.31,2.56
4129,286,5.78,4,456.79999999999995,60.09,23.15,12.520000000000001,3.43
413,369,6.59,4,625.98,67.89,29.05,24.900000000000002,4.1
4130,509,13.3,5,704.6,85.07000000000001,42.39,19.34,2.41
4131,367,11.72,7,624.1,64.43,35.92,23.94,4.64
4132,408,12.44,5,712.6,72.87,43.04,27.06,3.69
4133,428,8.93,5,665.1,84.62,26.25,26.009999999999998,7.23
4134,567,9.74,4,810.05,119.23,37.28,19.05,8.09
4135,511,14.14,5,1041.4,112.32,57.93,39.93,9.08
4136,610,17.21,5,870.8,96.0,50.260000000000005,29.530000000000005,5.19
4137,863,19.580000000000002,7,1051.92,153.34,54.04,23.0,8.959999999999999
4138,316,7.28,4,535.0,65.72,22.689999999999998,19.2,4.7299999999999995
4139,259,6.879999999999999,5,283.40999999999997,29.64,14.65,11.129999999999999,4.5600000000000005
414,366,5.6,4,636.2,67.48,29.97,25.73,4.99
4140,246,3.12,4,306.5,53.45,7.92,7.08,4.51
4141,460,11.84,7,696.0,84.53,32.03,24.48,8.55
4142,289,0.55,1,375.7,81.5,7.8,0.87,1.16
4143,296,8.37,4,448.8,53.52,23.720000000000002,14.97,5.74
4144,399,11.59,8,635.72,63.71,38.45,24.65,6.08
4145,373,14.18,6,566.3199999999999,55.05,37.8,19.81,5.59
4146,513,16.099999999999998,7,738.0,80.41,40.09,29.07,8.36
4147,478,13.549999999999999,9,827.12,89.02000000000001,44.93,30.95,8.7
4148,812,23.14,6,1259.22,145.88,64.71000000000001,44.6,10.31
4149,197,8.08,1,492.5,39.4,29.55,19.7,1.97
415,273,10.18,4,616.4000000000001,36.66,39.28,34.58,5.8100000000000005
4150,452,12.799999999999999,8,656.08,77.49,35.54,21.91,4.390000000000001
4151,735,17.32,8,1065.72,146.24,49.74,28.779999999999998,9.42
4152,127,4.67,2,153.34,13.239999999999998,9.93,5.1,2.0300000000000002
4153,396,7.11,4,615.5,88.03,23.45,16.92,5.51
4154,384,7.9799999999999995,4,614.4,76.52,27.21,21.049999999999997,3.54
4155,255,0.48,1,331.5,71.91,6.88,0.76,1.02
4156,555,17.63,6,829.6,89.24,45.21,31.52,7.65
4157,498,12.850000000000001,5,696.76,95.41000000000001,37.64,16.32,4.39
4158,622,18.6,4,901.8,114.08,48.33,28.2,11.76
4159,708,20.59,6,1035.34,127.42999999999999,57.29,30.74,7.710000000000001
416,520,12.09,5,807.22,82.39,45.69,30.27,6.98
4160,564,8.459999999999999,3,695.6,114.33000000000001,18.240000000000002,20.11,11.629999999999999
4161,426,9.229999999999999,5,616.86,85.68,28.1,17.33,7.93
4162,337,10.16,5,596.54,61.8,31.83,23.46,5.21
4163,1790,21.099999999999998,5,2383.6,434.70000000000005,82.35,27.91,10.82
4164,259,6.84,6,337.2,40.04,16.17,11.52,4.54
4165,616,9.39,4,888.5999999999999,136.56,33.34,19.66,5.54
4166,447,6.640000000000001,4,686.6,99.37,24.52,22.08,5.0
4167,899,12.01,4,1210.6,206.70999999999998,38.61,24.99,13.18
4168,495,11.27,4,875.8199999999999,104.46000000000001,40.370000000000005,30.08,4.390000000000001
4169,575,14.44,4,995.4000000000001,122.34,46.6,31.21,8.94
417,289,7.140000000000001,5,547.4,48.4,33.38,22.689999999999998,2.66
4170,538,11.77,5,740.8,97.57,33.05,20.88,6.62
4171,480,10.01,7,755.8,96.85,32.92,26.29,7.4799999999999995
4172,370,8.09,4,609.3,79.1,27.71,18.52,5.45
4173,530,11.45,4,774.2,101.63,34.42,21.599999999999998,6.0600000000000005
4174,674,10.9,5,858.42,136.37,31.43,17.360000000000003,6.78
4175,498,9.020000000000001,4,708.2,99.45,29.53,18.490000000000002,5.04
4176,599,14.18,5,830.2,118.55000000000001,39.29,22.53,9.26
4177,551,11.63,6,803.0799999999999,111.21000000000001,34.81,22.04,8.370000000000001
4178,408,8.459999999999999,5,566.28,80.58,25.77,13.95,5.17
4179,301,6.45,3,371.02,56.55,16.7,7.63,4.63
418,350,8.36,4,504.79999999999995,57.59,27.38,17.39,3.37
4180,281,0.74,2,364.5,78.25,7.65,1.24,1.36
4181,293,9.39,5,502.03999999999996,47.730000000000004,32.96,18.54,4.54
4182,474,9.42,3,820.5,112.36999999999999,36.870000000000005,20.68,4.68
4183,454,5.5200000000000005,3,648.1800000000001,104.53999999999999,24.47,15.139999999999999,5.34
4184,839,14.780000000000001,5,1405.4,159.72,72.08,51.49,6.23
4185,483,9.63,7,790.64,102.10999999999999,42.480000000000004,21.369999999999997,2.86
4186,444,9.89,6,770.78,89.97,44.16,24.11,3.08
4187,270,4.89,4,420.44,61.300000000000004,16.84,11.309999999999999,2.4000000000000004
4188,320,7.11,4,589.2,73.8,24.59,19.54,2.6
4189,387,8.07,5,668.3900000000001,80.69,37.37,20.75,3.1399999999999997
419,745,10.58,4,1286.1,131.20999999999998,56.24,58.22,13.21
4190,355,10.34,9,636.5799999999999,56.55,40.13,27.46,4.34
4191,308,9.26,4,447.23,43.36,32.93,13.8,1.57
4192,294,8.95,6,480.65,51.019999999999996,26.51,18.35,4.62
4193,375,8.280000000000001,5,608.8,64.11,35.62,20.91,1.46
4194,297,11.59,5,449.03,43.57,34.46,15.58,4.36
4195,390,7.03,4,741.9,79.88,39.050000000000004,30.17,5.71
4196,710,11.54,5,1106.6,151.17000000000002,57.129999999999995,29.939999999999998,6.61
4197,310,7.98,5,579.8,54.41,34.93,25.11,4.71
4198,259,4.529999999999999,5,473.6,62.86,19.89,15.76,4.1000000000000005
4199,325,8.72,5,468.96,54.82,30.5,14.67,1.83
420,418,10.520000000000001,5,844.4,59.370000000000005,49.85,42.33,5.2
4200,293,9.02,6,570.21,34.519999999999996,42.12,29.21,3.09
4201,556,10.52,6,913.9300000000001,110.30999999999999,49.93,31.04,6.65
4202,459,12.0,6,623.64,75.47999999999999,43.54,16.41,5.140000000000001
4203,354,11.179999999999998,4,450.91,49.31999999999999,37.75,11.31,2.82
4204,560,17.47,9,1052.47,90.91999999999999,70.29,45.870000000000005,7.97
4205,292,6.43,5,319.23,49.56,20.29,4.0,2.44
4206,541,10.57,5,966.2,100.75,51.63,40.53,8.26
4207,491,11.81,6,763.27,75.39,47.87,29.34,4.85
4208,328,7.67,4,622.3,55.35,37.910000000000004,26.7,1.87
4209,612,8.89,5,1042.4,138.73,46.62,32.79,6.41
421,184,5.890000000000001,3,295.86,10.809999999999999,22.07,16.55,2.5
4210,385,10.23,5,683.47,61.59,49.24,27.01,3.88
4211,450,9.68,4,788.4,70.58,45.379999999999995,36.949999999999996,5.09
4212,523,8.25,3,855.5,100.58,39.52,33.32,6.25
4213,405,0.89,1,526.5,114.21,10.94,1.21,1.62
4214,274,7.66,5,345.95,34.11,30.03,9.49,1.3399999999999999
4215,656,16.52,5,1196.6,117.11,65.19,51.089999999999996,9.01
4216,118,6.17,2,295.0,13.899999999999999,19.759999999999998,16.1,0.64
4217,576,9.66,5,949.06,109.9,51.67,33.300000000000004,5.04
4218,311,3.83,3,463.4,71.75,18.46,11.17,3.98
4219,524,9.14,4,801.3399999999999,89.53999999999999,45.49,28.73,3.77
422,616,14.36,8,957.98,84.75999999999999,54.56,41.78,5.85
4220,528,11.25,4,892.8,97.1,50.11,32.769999999999996,3.7800000000000002
4221,443,10.06,6,717.09,72.32,49.81,25.05,3.1500000000000004
4222,730,22.12,8,1184.65,119.03,75.46,46.36,9.55
4223,222,2.02,2,231.65,49.94,5.2,0.5900000000000001,2.03
4224,433,11.33,5,693.92,80.72,44.67,21.92,5.87
4225,1006,19.15,6,1591.85,207.39999999999998,79.7,49.38,11.870000000000001
4226,179,6.49,4,256.22,24.0,24.669999999999998,6.9799999999999995,2.07
4227,310,10.39,5,434.31,28.62,41.46,16.38,1.29
4228,481,10.7,5,716.6500000000001,88.94,35.62,25.48,7.36
4229,710,13.88,6,1113.6,138.15,53.11,39.11,11.15
423,671,15.13,4,857.52,105.63,44.46,25.729999999999997,7.79
4230,725,11.73,7,902.3400000000001,137.25,47.16,16.79,4.83
4231,657,18.19,6,1252.3,117.06,71.84,54.76,10.18
4232,331,8.020000000000001,6,456.03999999999996,57.709999999999994,28.740000000000002,12.4,1.58
4233,591,14.760000000000002,4,1008.5,119.67000000000002,57.19,33.96,7.05
4234,271,1.37,2,385.3,71.01,8.84,7.21,2.8
4235,503,10.6,6,913.1500000000001,92.75999999999999,52.3,36.18,4.87
4236,334,9.15,5,460.7,56.43,24.909999999999997,14.77,5.15
4237,580,13.79,5,1040.72,128.68,49.33,35.71,8.19
4238,736,21.32,7,912.29,107.92999999999999,65.98,23.47,5.0600000000000005
4239,439,9.79,7,771.9300000000001,80.47,44.99,29.61,5.26
424,605,6.34,4,970.1,138.72,33.96,29.31,6.17
4240,283,4.46,3,494.92,58.8,26.82,17.39,3.58
4241,747,16.38,7,1313.6,127.62,75.51,56.84,9.99
4242,576,13.52,6,905.93,98.22,54.0,32.59,7.37
4243,387,9.31,5,723.7,82.61,35.1,27.009999999999998,4.53
4244,421,15.08,8,759.53,55.38,56.339999999999996,33.02,3.98
4245,590,4.84,3,714.85,139.75,21.060000000000002,5.89,3.76
4246,559,22.490000000000002,7,1045.68,80.17,72.57,48.09,8.09
4247,397,8.450000000000001,5,562.1,78.49,29.07,14.45,2.32
4248,428,9.8,7,629.5,64.64,40.99,23.25,3.99
4249,486,15.06,6,949.65,75.58000000000001,62.33,43.54,7.409999999999999
425,702,10.65,6,1015.1600000000001,130.99,43.76,34.55,7.21
4250,491,7.92,4,719.46,107.49000000000001,34.91,16.35,3.1100000000000003
4251,502,11.41,4,921.3,94.26,55.48,35.18,5.63
4252,229,4.92,3,257.77,26.979999999999997,12.93,12.149999999999999,4.609999999999999
4253,420,9.09,6,717.46,82.60000000000001,37.0,25.14,4.25
4254,142,0.31,1,184.6,40.04,3.83,0.43,0.57
4255,315,3.6799999999999997,2,298.15,64.07,6.9399999999999995,0.81,3.49
4256,495,13.079999999999998,6,760.37,75.6,55.34,26.09,4.93
4257,505,7.68,6,807.38,115.8,32.85,23.61,6.25
4258,740,13.23,6,988.0500000000001,134.13,54.2,25.34,5.7700000000000005
4259,330,12.879999999999999,4,539.1,47.51,33.44,24.27,7.39
426,440,8.5,3,626.3799999999999,85.83000000000001,29.869999999999997,16.53,2.85
4260,219,0.48,1,284.7,61.76,5.91,0.66,0.88
4261,349,8.829999999999998,4,488.6,52.77,30.28,16.41,3.5700000000000003
4262,325,9.22,6,653.4200000000001,54.97,39.78,29.58,3.7
4263,338,7.84,4,522.1700000000001,72.73,25.89,13.160000000000002,2.7199999999999998
4264,185,3.5300000000000002,2,226.23999999999998,39.2,14.79,0.56,0.56
4265,520,16.580000000000002,7,833.1,99.37,49.02,26.09,5.81
4266,283,5.069999999999999,3,381.78,53.24,20.27,9.59,2.63
4267,336,5.96,3,441.26,64.68,22.51,9.95,2.6399999999999997
4268,546,12.459999999999999,6,933.6,106.15,51.489999999999995,32.81,6.25
4269,457,9.870000000000001,7,793.15,90.07,39.98,28.479999999999997,4.26
427,306,8.67,3,156.24,12.25,11.64,6.64,5.5
4270,596,19.17,4,891.55,98.83,59.67999999999999,29.59,4.53
4271,683,10.36,5,1170.4,166.25,46.730000000000004,32.39,5.7
4272,389,8.78,5,710.9,80.37,35.56,25.740000000000002,4.24
4273,339,8.33,5,418.36,52.25,28.43,9.76,2.57
4274,318,8.86,5,535.49,44.33,34.13,22.860000000000003,2.56
4275,395,12.14,4,827.8,68.66,55.879999999999995,37.87,5.85
4276,331,10.73,6,563.01,47.34,35.57,24.09,3.8599999999999994
4277,555,10.23,4,982.7,122.28,47.03,35.370000000000005,7.959999999999999
4278,407,11.8,5,662.35,64.14,40.199999999999996,28.81,7.630000000000001
4279,498,6.53,4,735.4300000000001,122.28,25.82,15.360000000000001,5.16
428,584,10.1,4,928.4,111.29,47.21,30.78,7.68
4280,237,7.21,5,482.82,39.2,29.79,22.03,2.4699999999999998
4281,368,13.54,8,594.84,48.260000000000005,44.81,23.46,3.8299999999999996
4282,272,3.9200000000000004,2,367.2,64.33,13.67,5.37,2.18
4283,531,9.86,5,954.1,107.45,51.88,33.34,4.04
4284,440,9.34,5,704.86,81.65,38.800000000000004,23.52,2.75
4285,314,8.12,6,424.19,50.25,30.08,11.27,2.74
4286,676,24.37,8,1217.4099999999999,92.57,88.31,56.04,11.36
4287,215,4.8,6,272.73,37.07,15.1,6.98,2.46
4288,260,5.83,5,322.79,51.989999999999995,15.97,4.99,2.69
4289,275,8.68,4,360.57,28.1,26.91,16.43,5.2
429,591,9.66,8,796.4,110.29,35.85,21.63,4.82
4290,287,5.43,6,515.03,55.4,28.13,20.240000000000002,3.38
4291,373,8.56,5,627.7,81.77,29.84,20.38,4.1000000000000005
4292,370,13.2,6,801.0,62.879999999999995,49.64,37.3,4.87
4293,383,8.290000000000001,5,613.9,74.92,32.19,20.369999999999997,5.81
4294,486,10.32,8,826.56,85.17,46.36,33.9,6.34
4295,333,12.33,5,618.3,39.84,46.699999999999996,28.500000000000004,0.62
4296,549,12.09,6,1039.8,115.16,50.76,41.35,6.77
4297,365,1.15,2,489.0,100.55,10.52,3.91,2.21
4298,453,11.92,6,813.44,85.85,48.03,30.88,7.01
4299,298,6.68,4,427.46999999999997,57.68000000000001,22.33,12.32,4.01
430,618,10.26,5,992.96,103.45,49.07,39.9,7.82
4300,431,20.89,4,952.0,49.06,67.96,50.16,5.04
4301,292,8.28,5,460.9,53.58,26.55,16.11,3.38
4302,435,12.38,5,710.3,73.14,40.39,27.62,7.46
4303,337,9.19,7,654.63,52.69,41.22,30.38,4.359999999999999
4304,494,7.33,5,783.2,117.07000000000001,32.95,19.5,5.6499999999999995
4305,496,13.690000000000001,5,749.88,88.65,50.71,21.83,6.17
4306,1001,22.650000000000002,6,1477.7,196.31,71.45,44.08,13.91
4307,517,9.22,8,724.6700000000001,108.15,34.019999999999996,16.59,4.61
4308,230,0.99,2,319.5,61.5,7.1499999999999995,4.67,1.99
4309,476,21.8,6,683.73,44.33,60.41,31.52,5.1
431,244,7.51,3,185.76,9.790000000000001,15.59,9.17,3.76
4310,317,3.7600000000000002,3,578.1,79.55,25.099999999999998,17.89,4.390000000000001
4311,386,11.6,9,618.77,67.0,37.7,22.2,4.02
4312,525,27.51,4,1223.75,40.22,106.94,68.62,3.72
4313,504,10.72,7,828.4,95.16,45.63,28.01,3.6799999999999997
4314,361,7.99,7,708.18,74.7,37.08,28.18,3.51
4315,402,22.87,5,819.2,15.57,83.4,46.83,2.38
4316,493,14.809999999999999,7,867.95,71.77,55.19,39.07,7.36
4317,658,12.29,8,1131.6399999999999,149.07999999999998,51.25,34.22,6.16
4318,527,12.34,7,894.76,96.87,48.89999999999999,32.2,4.85
4319,444,5.77,4,650.12,107.25,23.0,13.08,3.2199999999999998
432,272,7.2,3,273.0,16.85,19.04,13.95,6.3100000000000005
4320,572,15.48,6,1116.9,108.03,60.71,49.59,6.94
4321,501,5.13,3,570.56,104.41,21.21,6.7,3.55
4322,452,10.75,4,1015.4,91.94,59.0,45.88,7.720000000000001
4323,570,11.97,4,909.2,127.21000000000001,34.05,29.37,8.8
4324,477,15.049999999999999,7,948.41,72.12,62.18,46.86,7.94
4325,488,13.86,7,804.8,87.39,45.89,29.02,4.57
4326,427,7.359999999999999,4,768.4,85.86,39.72,29.849999999999998,5.35
4327,397,10.89,7,691.6800000000001,75.55,37.93,27.19,5.33
4328,573,14.56,9,962.23,100.06,54.629999999999995,35.48,4.65
4329,471,11.37,6,694.33,77.78999999999999,47.7,22.150000000000002,5.109999999999999
433,700,10.9,5,1027.6399999999999,136.93,42.14,32.339999999999996,7.68
4330,559,13.69,6,908.8499999999999,117.66000000000001,40.35,27.810000000000002,6.39
4331,407,8.030000000000001,4,710.9000000000001,86.47,37.54,23.330000000000002,4.95
4332,213,3.19,4,361.38,44.3,18.79,12.48,2.68
4333,636,12.19,5,1119.08,125.58000000000001,57.16,42.45,5.07
4334,817,15.0,5,1315.0,170.81,63.2,40.37,8.94
4335,319,8.95,5,440.20000000000005,49.19,32.91,12.14,2.88
4336,315,9.85,6,434.71000000000004,49.84,27.47,14.18,2.31
4337,329,6.5,5,538.74,53.239999999999995,33.28,21.62,3.0300000000000002
4338,365,6.8100000000000005,4,480.25,59.75,23.25,16.37,4.54
4339,331,10.28,5,473.91999999999996,38.36,38.09,19.16,1.32
434,626,12.39,6,736.94,97.05,38.73,20.080000000000002,5.119999999999999
4340,238,8.41,3,301.72,35.75,27.14,5.2,1.75
4341,360,7.38,5,500.7,75.44,19.7,13.32,4.04
4342,505,8.14,7,864.08,104.26,40.47,31.630000000000003,5.82
4343,421,10.4,3,584.9,83.4,32.22,13.64,1.7200000000000002
4344,371,8.96,5,608.89,59.13,40.95,24.740000000000002,5.54
4345,301,12.15,5,572.6600000000001,35.06,41.03,31.18,4.78
4346,238,9.43,6,292.77,26.34,21.93,11.73,2.49
4347,215,6.7,5,183.24,24.43,15.76,2.28,2.23
4348,348,12.09,6,840.6,56.150000000000006,52.48,45.37,6.45
4349,402,12.61,5,590.48,57.44,45.68,17.76,2.48
435,639,10.77,5,961.86,106.85999999999999,44.57,36.550000000000004,8.59
4350,470,12.85,6,867.4,85.49000000000001,51.49,37.04,7.03
4351,405,12.07,6,907.4,67.92,57.34,44.67,4.83
4352,503,8.87,5,746.54,106.17,38.84,18.689999999999998,6.039999999999999
4353,322,4.34,4,490.25,67.22,15.9,18.9,6.57
4354,358,10.81,7,596.95,50.019999999999996,42.72,25.43,4.46
4355,653,15.780000000000001,4,1230.9,130.28,71.01,46.32,6.42
4356,497,13.99,6,1081.85,84.4,66.31,52.16,6.25
4357,599,12.98,5,875.4200000000001,109.0,45.41,25.95,5.220000000000001
4358,387,8.1,6,553.62,62.230000000000004,31.189999999999998,18.67,2.6500000000000004
4359,294,8.85,9,493.43,39.13,33.41,22.11,3.0300000000000002
436,476,10.12,5,692.0,84.96,37.64,21.259999999999998,3.07
4360,353,8.83,5,723.0999999999999,57.800000000000004,43.2,35.72,4.5200000000000005
4361,223,4.19,3,392.4,43.96,17.8,15.41,2.24
4362,966,24.12,5,1679.7,220.43,80.02,51.74,12.98
4363,343,11.07,6,557.52,53.09,36.97,22.63,4.09
4364,469,11.4,6,860.88,88.49,48.94,33.4,5.72
4365,365,9.059999999999999,5,690.4,64.25,37.83,30.86,3.9
4366,408,4.98,3,737.4,97.51,28.939999999999998,26.98,7.2
4367,211,8.42,5,357.9,26.66,24.94,17.02,5.01
4368,549,12.47,4,737.6500000000001,97.77,36.55,19.95,5.28
4369,356,8.35,4,548.55,68.07000000000001,30.33,17.599999999999998,4.36
437,665,11.86,5,1100.2,126.42999999999999,51.81,40.42,5.61
4370,525,13.38,5,965.8,109.59,43.31,39.01,7.82
4371,333,6.359999999999999,5,430.35,60.97,19.84,10.78,2.88
4372,497,7.2700000000000005,5,788.2,107.22,32.51,24.740000000000002,6.01
4373,407,7.71,5,539.95,73.97,26.27,14.040000000000001,3.18
4374,647,11.41,5,1075.76,128.86,50.64,37.73,6.1899999999999995
4375,422,8.19,5,788.8,91.71000000000001,32.37,32.16,6.390000000000001
4376,450,8.42,4,698.75,98.94,31.39,19.38,6.98
4377,424,8.51,5,551.38,74.21000000000001,27.03,14.77,3.25
4378,345,9.01,5,673.6,70.22999999999999,34.51,26.189999999999998,3.2399999999999998
4379,521,6.82,4,891.1,117.36000000000001,38.39,30.220000000000002,6.76
438,439,12.56,6,767.9200000000001,49.07,49.24,39.09,4.01
4380,494,7.77,4,777.16,98.38,30.840000000000003,28.220000000000002,5.7
4381,425,9.46,7,740.3,85.33,37.96,26.26,3.76
4382,354,3.78,5,430.75,73.96000000000001,10.73,10.64,4.859999999999999
4383,393,10.99,6,654.01,56.77,41.34,28.040000000000003,5.03
4384,114,0.25,1,148.2,32.15,3.08,0.34,0.46
4385,604,9.67,6,781.6800000000001,116.71000000000001,37.53,17.07,4.859999999999999
4386,475,11.06,7,781.9,94.96000000000001,42.019999999999996,24.1,2.3600000000000003
4387,613,9.27,5,1027.85,132.85,50.74,30.419999999999998,4.21
4388,416,11.9,5,867.25,75.37,51.75,39.77,6.45
4389,248,8.58,4,406.7,50.66,21.03,12.82,1.8800000000000003
439,366,7.45,3,407.06,49.42,24.11,11.969999999999999,2.38
4390,465,12.549999999999999,6,674.36,73.41,40.71,24.43,3.9399999999999995
4391,731,13.98,6,1118.68,127.96,56.120000000000005,42.4,8.49
4392,298,8.16,4,601.0799999999999,44.39,32.8,33.4,6.36
4393,479,11.22,7,751.85,93.79,39.57,24.46,4.66
4394,393,7.470000000000001,4,457.75,77.89,20.57,6.6,2.45
4395,705,15.31,4,1180.0,119.47,72.18,45.12,7.58
4396,467,11.74,4,802.5,82.97,41.26,32.75,5.54
4397,466,13.94,5,774.1,87.11000000000001,46.86,26.950000000000003,5.87
4398,421,9.459999999999999,6,472.06000000000006,75.5,21.11,8.88,3.17
4399,622,10.56,7,1051.94,133.23,44.800000000000004,36.9,7.69
440,440,8.91,5,628.6800000000001,66.09,32.59,24.29,3.96
4400,572,15.27,8,1025.75,96.49000000000001,57.550000000000004,44.67,7.7
4401,567,14.34,6,1126.72,121.2,56.17,44.61,7.75
4402,316,9.540000000000001,7,496.0,45.42,29.82,20.07,3.0700000000000003
4403,546,14.82,7,957.94,95.50999999999999,53.26,38.39,5.75
4404,643,19.6,4,1273.8,99.97,87.45,58.6,9.23
4405,408,7.0,5,715.5600000000001,85.4,33.24,26.24,4.9799999999999995
4406,668,16.09,3,1072.2,120.37,63.81999999999999,35.08,5.84
4407,392,6.02,4,590.8000000000001,81.92999999999999,26.56,17.59,5.87
4408,484,11.040000000000001,7,794.74,88.39,44.24,27.93,5.15
4409,381,9.76,6,642.15,70.41,30.57,25.099999999999998,4.7
441,351,11.02,5,489.26,25.759999999999998,36.78,26.93,5.64
4410,342,7.62,5,614.0,61.79,35.86,23.58,3.05
4411,215,8.02,4,487.25,27.13,35.57,26.19,3.08
4412,556,11.7,4,878.4,111.42,41.65,27.75,5.3
4413,348,9.86,5,708.6,61.010000000000005,42.9,30.49,2.71
4414,490,9.8,5,699.8,99.61000000000001,32.91,19.3,5.0
4415,280,8.59,5,603.8,48.64,35.23,29.44,4.08
4416,328,9.52,4,652.72,45.18,38.699999999999996,35.28,3.99
4417,257,7.5600000000000005,7,532.5,49.14,29.22,24.19,3.9
4418,282,13.690000000000001,4,508.4,11.14,48.36,29.86,1.45
4419,295,7.67,6,422.76,34.75,29.76,17.88,2.69
442,529,10.99,6,861.38,91.21000000000001,44.15,32.96,4.970000000000001
4420,499,12.06,5,667.97,66.57000000000001,41.75,23.71,2.9
4421,436,10.08,5,635.48,58.31999999999999,39.89,26.47,3.7800000000000002
4422,231,6.699999999999999,5,315.77,19.07,21.97,17.17,3.09
4423,499,8.67,4,825.04,103.1,40.13,26.06,4.08
4424,552,12.95,3,1155.5,97.86,58.910000000000004,59.93,8.65
4425,692,11.59,6,1003.02,130.97,51.34,28.12,4.6899999999999995
4426,400,10.479999999999999,3,905.3,73.53999999999999,54.25,43.33,4.45
4427,390,8.75,4,533.46,58.32,33.42,17.27,1.98
4428,641,13.36,3,1223.1,141.61,66.88,44.37,8.77
4429,390,17.3,2,1182.8,43.95,86.09,74.39,7.16
443,470,10.129999999999999,6,786.5,80.46000000000001,45.05,29.32,4.12
4430,287,5.41,3,499.4,57.26,23.450000000000003,18.16,2.14
4431,445,13.18,4,807.7,87.25,41.78,29.28,3.7
4432,593,9.11,5,981.1,137.59,41.84,26.810000000000002,5.1
4433,290,3.75,4,395.85,67.08,10.08,9.55,4.13
4434,484,8.04,4,584.06,80.02,27.490000000000002,16.35,3.61
4435,332,8.85,6,560.45,64.06,27.73,22.240000000000002,5.51
4436,401,9.13,5,568.22,70.0,26.91,17.52,2.79
4437,368,5.2,5,482.19,71.06,19.81,12.76,3.52
4438,238,10.85,3,486.4,29.46,35.120000000000005,24.400000000000002,3.38
4439,495,13.27,7,735.7,87.69,41.51,22.529999999999998,3.88
444,638,11.62,5,1050.52,110.29,46.29,45.169999999999995,9.129999999999999
4440,406,5.53,4,610.5,98.87,20.97,12.270000000000001,2.32
4441,331,2.76,3,434.95,81.08,13.23,5.64,3.02
4442,578,11.66,4,989.5,122.86,48.54,35.3,7.65
4443,479,20.86,4,795.45,53.68,53.169999999999995,40.37,8.75
4444,639,20.95,6,1324.7,95.69,88.89,64.03,6.85
4445,478,12.9,5,1039.3999999999999,77.75,62.519999999999996,53.269999999999996,5.97
4446,305,6.23,3,572.3,62.42,30.42,20.61,2.18
4447,1068,27.91,5,1513.26,195.86,77.07,47.44,13.95
4448,238,7.85,4,363.45,26.69,23.32,18.82,4.47
4449,294,4.94,5,400.36,60.449999999999996,15.5,10.4,3.24
445,295,6.52,5,523.9,47.870000000000005,30.21,23.11,4.43
4450,394,8.62,5,759.4000000000001,76.37,40.41,31.740000000000002,5.29
4451,255,3.26,3,309.34000000000003,50.339999999999996,13.06,5.31,1.12
4452,563,14.1,6,822.75,100.16,35.71,29.68,8.39
4453,553,9.34,4,891.74,112.45,39.16,29.19,4.07
4454,265,10.350000000000001,4,399.6,34.16,24.68,17.47,4.21
4455,329,9.780000000000001,6,631.1,58.31,35.72,27.139999999999997,4.07
4456,191,5.96,4,345.98,28.590000000000003,20.03,17.94,4.7
4457,254,0.56,1,330.2,71.63,6.86,0.76,1.02
4458,344,7.369999999999999,4,547.75,66.11000000000001,28.29,19.3,6.15
4459,324,6.640000000000001,5,549.0,68.62,26.14,19.419999999999998,5.17
446,434,10.43,4,763.2,60.47,47.7,33.94,4.72
4460,131,6.930000000000001,2,196.5,12.26,16.439999999999998,9.29,2.38
4461,503,8.879999999999999,5,759.15,94.47999999999999,40.15,23.77,4.97
4462,230,4.8999999999999995,2,317.0,48.48,14.58,6.72,2.3600000000000003
4463,468,5.85,3,533.14,98.63,22.009999999999998,5.1899999999999995,3.06
4464,308,10.25,2,920.0,41.28,60.6,55.44,9.24
4465,341,8.62,10,463.78999999999996,46.95,28.92,16.97,3.25
4466,254,4.909999999999999,2,388.4,50.09,23.64,10.17,2.57
4467,406,8.97,4,499.4,61.57,33.24,13.22,5.35
4468,343,7.09,4,323.26,48.379999999999995,20.3,4.75,3.5
4469,426,7.039999999999999,4,676.6,66.08,29.36,30.84,5.78
447,350,13.81,6,668.6800000000001,33.22,46.4,37.3,5.0
4470,593,11.200000000000001,5,1004.32,95.87,44.449999999999996,46.05,11.58
4471,369,7.390000000000001,3,658.6,71.91,34.11,23.4,4.07
4472,685,9.93,5,1095.81,144.04,40.37,38.08,10.19
4473,378,9.08,4,732.35,63.230000000000004,42.14,33.91,3.5999999999999996
4474,559,7.8999999999999995,5,777.34,100.32,32.86,25.85,6.25
4475,585,12.98,7,1017.86,112.44,56.94,36.88,7.779999999999999
4476,385,5.95,4,493.71999999999997,77.67,24.27,8.67,3.7
4477,541,11.07,5,912.84,98.31,44.43,36.129999999999995,10.55
4478,438,10.05,7,683.72,80.96000000000001,38.49,23.270000000000003,7.06
4479,940,18.18,6,1500.6599999999999,181.62,80.02,48.62,9.14
448,367,7.76,8,600.06,53.89,32.34,27.5,3.79
4480,349,8.08,7,538.36,57.739999999999995,29.39,19.42,4.55
4481,478,11.27,6,786.4,73.93,48.379999999999995,31.84,6.07
4482,459,6.9799999999999995,6,684.85,80.71,32.02,24.68,5.72
4483,604,11.35,6,1070.0,124.19999999999999,58.29,36.25,7.09
4484,401,6.6,4,782.1,83.13,35.800000000000004,32.47,7.55
4485,590,5.59,6,744.9,135.21,22.21,11.12,5.4399999999999995
4486,415,6.55,4,647.96,78.53,30.84,21.970000000000002,4.9
4487,570,14.08,5,1038.68,83.97,57.94,49.42,4.78
4488,648,10.95,6,1101.44,115.57,50.01,46.84,12.190000000000001
4489,456,8.04,5,633.0899999999999,79.03,32.42,19.860000000000003,5.1
449,399,7.62,5,691.6,71.63,32.3,29.200000000000003,4.64
4490,720,12.719999999999999,8,1187.88,133.59,59.02,43.339999999999996,10.16
4491,403,11.05,4,862.8,62.03,57.86,41.64,7.77
4492,460,16.27,7,826.15,53.1,63.94,39.230000000000004,5.66
4493,460,15.629999999999999,8,870.74,56.96,64.11,41.74,4.7
4494,580,14.4,8,1095.78,82.28999999999999,67.27000000000001,53.809999999999995,11.37
4495,548,10.38,6,881.4399999999999,95.25999999999999,38.8,36.55,7.4799999999999995
4496,335,9.620000000000001,8,578.7,39.879999999999995,37.050000000000004,28.8,4.01
4497,464,10.73,7,829.8299999999999,69.72999999999999,44.22,39.83,5.23
4498,681,7.31,3,933.54,132.07,35.2,27.490000000000002,7.27
4499,247,10.01,8,488.5,21.06,35.71,28.380000000000003,4.42
450,324,12.07,4,619.5,26.159999999999997,41.96,37.68,5.82
4500,171,7.13,4,176.29,9.110000000000001,17.03,8.06,1.35
4501,530,8.219999999999999,7,713.48,104.22,34.24,16.65,4.11
4502,550,12.6,4,1248.4,90.28,72.88,63.379999999999995,11.4
4503,509,18.27,5,844.0699999999999,42.54,61.29,46.43,9.69
4504,541,12.75,4,1060.7,86.78999999999999,64.38,48.589999999999996,8.85
4505,153,4.5,4,287.6,20.4,17.33,15.2,4.22
4506,478,13.02,4,959.0000000000001,70.57,60.45,47.65,9.139999999999999
4507,537,15.6,8,905.93,71.44999999999999,61.81,40.66,8.9
4508,795,12.26,7,1015.04,163.64,47.43,18.08,6.65
4509,392,10.629999999999999,4,556.65,53.66,35.54,22.35,4.68
451,444,9.86,6,727.98,71.65,41.43,29.080000000000002,3.1500000000000004
4510,626,9.58,7,919.55,116.15,37.8,32.14,8.41
4511,635,22.77,4,1041.7,74.62,77.57,49.35,11.98
4512,531,14.379999999999999,5,635.9200000000001,73.37,43.85,18.21,5.34
4513,399,5.58,4,640.44,82.59,30.759999999999998,19.45,4.7
4514,379,8.02,6,553.64,65.87,33.94,16.69,3.7
4515,639,11.48,6,754.24,100.50999999999999,34.14,22.85,8.67
4516,492,10.5,6,560.39,78.24,31.71,12.91,4.4
4517,420,9.479999999999999,5,554.78,60.019999999999996,33.1,19.68,5.32
4518,273,6.76,4,432.75,44.1,29.01,15.620000000000001,3.56
4519,448,10.55,5,705.3,71.94999999999999,41.78,26.24,5.92
452,373,12.33,5,624.66,40.790000000000006,42.38,29.49,3.71
4520,349,9.7,5,645.28,49.89,36.81999999999999,32.410000000000004,7.06
4521,214,5.42,5,355.14,35.75,23.8,12.82,3.3
4522,590,8.87,5,916.12,111.37,41.53,31.799999999999997,6.73
4523,366,8.57,6,632.45,63.59,37.99,24.4,4.6000000000000005
4524,434,10.97,5,574.8799999999999,72.12,37.98,14.540000000000001,3.96
4525,341,7.17,4,393.7,65.49000000000001,17.04,6.72,4.0
4526,546,11.46,5,1025.65,91.88,51.74,47.97,4.890000000000001
4527,394,10.51,7,643.79,57.900000000000006,39.739999999999995,26.36,5.140000000000001
4528,608,14.41,7,1018.7,107.62,62.64,36.27,7.24
4529,450,7.31,4,677.9,80.94999999999999,30.71,24.31,5.6
453,440,8.77,5,664.5,71.38,38.36,24.29,4.99
4530,542,12.03,7,744.1700000000001,92.28,40.34,23.060000000000002,6.51
4531,612,11.97,6,752.5,108.19,37.19,18.4,5.640000000000001
4532,504,12.6,7,810.49,80.28,45.42,33.51,6.13
4533,495,10.030000000000001,7,812.9000000000001,87.19,36.08,34.07,7.87
4534,496,14.32,5,724.74,71.77,46.55,27.680000000000003,2.35
4535,444,11.08,7,712.74,67.22,43.07,28.64,5.37
4536,359,8.74,5,593.88,58.08,35.63,23.4,3.44
4537,544,13.14,8,881.69,72.52000000000001,53.97,40.68,9.44
4538,414,9.85,5,759.8299999999999,61.290000000000006,40.2,36.99,5.1
4539,505,11.67,4,973.83,83.58,45.67,49.32,7.63
454,357,8.28,5,612.14,55.5,34.21,26.459999999999997,3.29
4540,804,19.65,4,1503.6,146.32999999999998,97.03999999999999,56.839999999999996,8.32
4541,541,9.09,5,936.39,93.76,42.46,40.1,7.87
4542,435,8.75,6,655.05,86.63,35.64,18.34,5.48
4543,487,7.2700000000000005,5,622.06,85.53,28.310000000000002,17.3,6.1000000000000005
4544,266,7.72,5,178.79000000000002,22.72,10.91,5.24,4.73
4545,489,9.5,4,617.02,104.45,22.66,12.85,7.57
4546,447,9.84,6,515.68,55.69,21.400000000000002,22.48,8.57
4547,491,11.85,6,795.47,80.81,47.18,31.06,4.86
4548,551,10.69,5,1004.0,103.22,54.66,38.68,7.41
4549,401,9.98,6,527.4,58.41,32.949999999999996,17.52,4.2299999999999995
455,1030,19.75,5,1774.9,207.32999999999998,86.81,61.81,8.530000000000001
4550,362,7.75,6,518.1,60.62,27.53,17.41,3.8800000000000003
4551,339,5.79,4,513.7,77.88,22.29,12.42,4.24
4552,368,9.62,4,793.29,62.85,45.92,38.87,3.14
4553,473,10.38,6,788.49,78.39999999999999,40.72,31.77,5.08
4554,788,19.14,7,1066.44,112.94,68.21000000000001,38.760000000000005,11.27
4555,371,9.700000000000001,8,673.94,53.35,38.59,32.800000000000004,5.8999999999999995
4556,571,14.73,7,1099.95,92.7,71.03,47.65,7.65
4557,541,13.82,6,836.7,77.65,51.370000000000005,33.85,7.68
4558,336,8.809999999999999,7,665.64,55.22,38.26,31.73,4.57
4559,382,11.51,8,665.04,45.39,46.06,32.47,6.779999999999999
456,290,5.619999999999999,5,471.9,45.4,27.04,19.72,3.3899999999999997
4560,402,13.82,9,731.77,50.36,49.98,35.56,5.58
4561,597,10.08,7,988.7,116.19,43.89,37.07,8.77
4562,770,16.76,7,1285.58,131.87,75.93,47.760000000000005,9.69
4563,494,12.95,6,874.47,74.73,46.81,40.67,6.87
4564,494,10.01,5,803.7,98.5,38.44,26.65,6.45
4565,583,13.59,6,860.7,105.78,48.16,27.69,8.450000000000001
4566,490,9.030000000000001,4,1020.1,87.69999999999999,51.63,48.99,8.2
4567,634,11.0,5,1109.3,132.76,58.03,36.54,7.3
4568,570,10.879999999999999,7,873.74,107.19,42.02,28.25,8.379999999999999
4569,659,14.96,9,1091.49,119.94,55.63,42.12,10.67
457,581,11.24,5,866.68,103.79,44.63,28.96,7.4399999999999995
4570,388,11.91,8,796.26,43.72,50.28,44.37,6.05
4571,353,9.75,9,579.42,35.089999999999996,36.96,30.99,6.49
4572,415,11.57,6,615.89,49.02,40.019999999999996,27.439999999999998,6.74
4573,522,12.559999999999999,5,621.46,87.43,37.6,12.55,4.41
4574,611,9.1,6,931.22,111.71000000000001,40.230000000000004,33.6,7.04
4575,493,11.14,6,693.9,78.69,37.2,25.029999999999998,3.48
4576,518,6.72,5,726.75,100.47,27.47,21.9,4.99
4577,225,4.44,5,192.95999999999998,32.09,8.08,2.8200000000000003,2.2800000000000002
4578,858,18.16,7,1159.0900000000001,128.68,67.55,39.92,9.72
4579,397,15.89,8,639.33,35.97,46.56,34.21,6.34
458,353,9.68,6,552.3,35.06,35.75,29.59,3.95
4580,581,9.129999999999999,5,810.77,106.21,33.53,26.250000000000004,4.39
4581,418,11.299999999999999,6,773.36,66.62,45.19,35.13,8.42
4582,422,7.51,4,577.0999999999999,73.2,30.64,17.95,5.55
4583,327,7.55,5,524.78,48.08,29.14,23.15,4.99
4584,506,11.93,5,696.2,92.71000000000001,31.64,22.48,8.18
4585,770,9.58,5,1240.54,148.47,48.78,46.42,9.219999999999999
4586,391,5.970000000000001,6,545.4,86.63000000000001,24.41,10.17,2.43
4587,356,7.07,6,677.14,66.43,36.45,28.33,4.09
4588,784,14.19,9,1378.98,154.28,65.99,51.77,7.3
4589,735,11.78,6,1021.3000000000001,153.88,45.849999999999994,23.96,7.78
459,314,6.37,4,507.88,51.260000000000005,25.91,20.89,2.6900000000000004
4590,745,22.9,7,1272.6599999999999,96.28999999999999,94.83,55.17,10.18
4591,533,12.14,4,687.1800000000001,73.22999999999999,33.06,27.21,3.84
4592,517,9.49,5,846.8299999999999,91.63,45.04,32.46,7.82
4593,385,9.22,6,639.6600000000001,55.510000000000005,40.07,28.220000000000002,6.3
4594,619,12.19,8,815.13,110.03,38.82,23.23,4.74
4595,360,9.24,9,578.03,51.62,35.72,24.33,4.92
4596,863,21.25,7,1337.2,149.51,74.7,48.78,15.309999999999999
4597,191,0.42,1,248.3,53.86,5.16,0.57,0.76
4598,337,7.34,5,432.18,60.54,24.52,10.629999999999999,4.19
4599,468,13.33,4,834.3100000000001,74.71000000000001,52.47,34.08,2.9
460,471,10.889999999999999,4,941.5,85.95,48.03,42.94,5.8100000000000005
4600,516,12.36,7,654.6800000000001,71.0,40.55,23.009999999999998,8.25
4601,582,9.3,6,992.53,120.66999999999999,46.16,34.010000000000005,5.12
4602,326,8.03,6,408.53,50.68,24.91,12.16,4.03
4603,355,9.620000000000001,8,624.81,41.58,39.57,32.15,6.05
4604,344,9.36,5,626.7,33.18,34.3,38.37,7.109999999999999
4605,493,11.739999999999998,7,769.54,80.93,42.77,28.91,7.5
4606,397,7.79,6,411.22,62.129999999999995,20.14,9.48,4.66
4607,620,13.81,6,941.52,117.15,52.690000000000005,28.9,7.85
4608,513,10.94,4,1037.2,98.24,57.11,44.12,7.52
4609,427,11.68,5,853.72,63.480000000000004,55.269999999999996,40.64,8.57
461,575,9.69,7,889.34,100.06,45.25,33.17,9.02
4610,473,11.96,7,716.17,69.87,42.32,27.650000000000002,6.18
4611,348,9.23,8,618.86,47.900000000000006,41.480000000000004,28.55,5.83
4612,275,6.480000000000001,4,506.06,43.5,32.42,21.83,4.4799999999999995
4613,501,12.42,6,825.97,69.03,54.06,36.81,7.61
4614,338,10.54,8,643.75,38.31,37.74,36.47,7.789999999999999
4615,569,11.450000000000001,7,717.7,99.39,34.7,19.2,6.0600000000000005
4616,310,7.140000000000001,5,490.41,50.61,29.060000000000002,18.860000000000003,3.6
4617,507,10.54,7,522.44,77.34,27.14,11.98,6.73
4618,378,8.76,6,491.58000000000004,57.09,25.3,16.650000000000002,2.49
4619,491,10.43,5,523.79,85.41,22.659999999999997,9.870000000000001,5.390000000000001
462,411,9.120000000000001,6,696.7,68.5,40.769999999999996,26.66,3.2399999999999998
4620,358,9.8,6,468.59000000000003,41.82,26.86,20.43,3.45
4621,315,7.16,7,512.46,47.019999999999996,26.97,22.98,4.9799999999999995
4622,293,8.0,4,561.6899999999999,44.65,34.51,26.939999999999998,3.67
4623,377,7.66,4,548.25,68.39,26.759999999999998,18.68,5.779999999999999
4624,868,19.79,6,1236.55,121.00999999999999,73.76,50.29,12.450000000000001
4625,324,7.0600000000000005,4,478.58,44.35,31.54,19.34,5.46
4626,483,14.31,6,973.2,77.46000000000001,64.65,43.260000000000005,7.59
4627,401,9.8,6,655.55,65.28999999999999,40.1,25.23,5.01
4628,352,8.92,5,805.54,56.49,46.49,42.31,5.24
4629,517,16.94,6,809.54,60.68,68.12,32.89,7.7700000000000005
463,480,9.379999999999999,4,696.6,88.8,36.74,19.9,2.7800000000000002
4630,248,9.2,4,361.03999999999996,19.18,32.519999999999996,17.369999999999997,5.38
4631,371,10.43,6,765.5,65.1,49.25,34.010000000000005,6.83
4632,368,7.7,5,668.9,62.150000000000006,39.91,28.04,6.07
4633,289,10.81,5,325.32,27.05,25.51,12.120000000000001,5.3100000000000005
4634,265,5.99,5,454.84000000000003,43.42,24.6,19.83,2.27
4635,681,11.9,6,952.04,139.98,45.239999999999995,22.77,9.379999999999999
4636,371,11.83,6,460.94,48.480000000000004,33.05,13.49,4.470000000000001
4637,444,11.21,5,642.72,68.18,40.61,21.849999999999998,5.65
4638,548,11.92,5,1063.85,96.74000000000001,62.23,45.95,8.99
4639,237,4.75,6,409.7,41.11,18.72,18.49,4.6
464,940,19.169999999999998,7,1392.46,158.09,74.42,46.66,5.890000000000001
4640,578,15.1,4,755.37,66.59,39.760000000000005,34.61,4.42
4641,338,4.69,5,564.63,72.09,25.47,18.24,4.11
4642,283,7.47,5,476.81,52.47,26.85,17.73,2.96
4643,463,11.72,5,857.05,80.53999999999999,49.48,36.58,2.86
4644,479,12.86,4,775.35,74.43,48.910000000000004,30.32,6.08
4645,399,7.31,5,545.3399999999999,66.19,25.63,19.45,5.25
4646,312,7.29,5,589.52,58.300000000000004,33.239999999999995,23.759999999999998,2.57
4647,465,11.16,7,624.28,67.9,34.28,23.419999999999998,6.51
4648,272,6.5200000000000005,5,337.09999999999997,32.46,17.259999999999998,14.659999999999998,2.12
4649,606,11.309999999999999,5,749.02,112.85000000000001,38.74,14.98,5.88
465,543,14.99,6,964.8,71.23,65.05,44.370000000000005,5.45
4650,700,10.69,5,1180.82,124.07,56.62,48.62,10.69
4651,333,14.86,4,648.2,35.24,56.72,32.650000000000006,7.05
4652,458,9.02,7,680.8299999999999,89.59,36.48,18.9,5.35
4653,535,20.5,7,1005.4100000000001,47.92,83.03999999999999,54.2,10.12
4654,422,11.63,6,737.0,56.129999999999995,46.77,34.28,5.9
4655,488,9.85,8,987.9100000000001,91.78999999999999,52.03,43.45,8.13
4656,661,17.55,4,1229.8,109.35,67.22999999999999,54.47,12.24
4657,509,15.860000000000001,5,709.89,64.12,41.97,30.75,5.15
4658,526,11.149999999999999,4,1101.8,96.07,59.75,50.51,8.540000000000001
4659,369,10.45,6,524.78,46.349999999999994,31.09,24.389999999999997,5.3500000000000005
466,626,15.26,6,1054.4,93.86,62.089999999999996,44.46,4.57
4660,274,6.46,4,256.92,36.72,13.950000000000001,6.069999999999999,1.73
4661,643,19.11,8,1173.33,92.9,77.81,54.31,12.17
4662,706,24.33,8,1237.7,89.73,89.7,56.54,10.8
4663,649,22.689999999999998,5,1358.75,95.16,102.06,62.63999999999999,11.13
4664,301,9.879999999999999,5,409.03,20.08,32.74,22.41,4.74
4665,155,4.33,3,305.09999999999997,14.260000000000002,17.75,18.78,3.25
4666,463,10.11,6,541.05,79.39,29.43,11.99,5.02
4667,687,10.75,4,1244.5900000000001,138.34,51.15,51.17,9.83
4668,421,10.0,7,602.59,60.68,35.970000000000006,23.85,6.54
4669,372,4.91,3,638.5,70.03999999999999,26.26,25.96,5.33
467,569,10.82,6,854.22,105.76,40.53,28.08,6.86
4670,609,15.22,4,1098.84,109.53,75.30000000000001,39.980000000000004,8.57
4671,301,8.42,4,226.1,16.06,12.879999999999999,11.469999999999999,4.63
4672,508,13.11,6,994.79,70.28,55.82,51.79,7.52
4673,711,13.94,5,1039.0,121.27,45.85,40.730000000000004,11.57
4674,544,11.07,7,774.56,94.87,39.54,25.36,7.85
4675,457,10.97,6,809.23,74.31,51.620000000000005,32.49,5.6
4676,598,12.459999999999999,7,1157.6100000000001,107.4,61.42,51.489999999999995,7.46
4677,648,13.520000000000001,5,1044.7,121.37,59.58,34.589999999999996,8.71
4678,322,10.16,5,380.79,20.689999999999998,27.72,19.84,6.26
4679,579,17.95,6,1072.1299999999999,91.24000000000001,78.78,43.690000000000005,9.370000000000001
468,387,8.55,4,648.04,67.01,35.96,24.919999999999998,5.3
4680,528,15.41,5,697.08,84.85,44.65,20.43,6.97
4681,667,12.26,6,942.5,108.22999999999999,48.410000000000004,32.98,9.01
4682,439,16.52,7,778.1,46.2,56.99,40.330000000000005,9.84
4683,506,15.52,7,871.98,66.86,62.75,39.010000000000005,8.81
4684,453,7.12,5,713.66,75.69,31.099999999999998,29.529999999999998,6.49
4685,642,13.83,6,1082.12,105.54,62.0,44.230000000000004,9.42
4686,231,0.51,1,300.3,65.14,6.24,0.69,0.92
4687,372,11.14,8,601.46,53.08,37.2,26.1,4.3999999999999995
4688,592,19.46,9,1134.88,83.48,77.8,53.71,9.48
4689,412,12.0,5,752.0,71.22,53.45,28.35,5.140000000000001
469,575,10.06,7,890.58,105.00999999999999,40.42,32.56,6.42
4690,801,17.15,6,1621.45,133.42999999999998,89.1,76.94,12.09
4691,333,9.56,5,572.48,59.0,35.97,20.06,4.55
4692,684,17.99,7,1248.6,99.38,75.99000000000001,57.56,11.34
4693,537,9.99,8,860.48,91.72,42.77,34.35,8.16
4694,675,21.81,11,1090.13,70.22,80.83,53.53,12.56
4695,433,10.379999999999999,5,575.77,70.89,33.71,16.34,5.38
4696,595,10.85,6,900.6,131.42,44.31,21.189999999999998,5.78
4697,684,12.32,5,1026.55,140.0,51.6,28.29,9.8
4698,683,13.09,7,1045.55,129.3,56.78,31.27,6.93
4699,586,10.46,6,733.66,117.28,32.94,14.24,6.7
470,517,11.27,6,940.5,88.67,50.03,40.980000000000004,4.82
4700,480,12.99,6,802.84,61.36,50.04,36.63,8.28
4701,709,17.78,9,944.04,117.51,58.56,25.53,8.24
4702,1093,32.6,7,2062.62,155.75,124.22999999999999,102.93,14.5
4703,687,13.479999999999999,4,1042.51,136.77,48.29,32.55,6.300000000000001
4704,678,17.02,7,1139.46,107.76,60.44,50.3,6.22
4705,876,10.77,4,1401.1999999999998,185.33,50.06,47.25,14.25
4706,631,11.360000000000001,5,787.81,111.58000000000001,31.049999999999997,23.55,8.03
4707,208,9.89,1,555.36,6.24,37.44,41.6,0.0
4708,460,10.370000000000001,5,811.85,70.82,46.89,36.06,4.12
4709,419,6.9,6,773.0,72.57,37.32,35.02,8.06
471,199,7.16,4,438.0,17.6,31.21,26.1,3.51
4710,475,9.590000000000002,5,909.7,72.67,41.260000000000005,48.059999999999995,11.72
4711,199,5.87,2,266.92,14.440000000000001,15.690000000000001,14.58,4.79
4712,322,6.41,2,671.3,73.25,38.35,24.51,4.75
4713,354,10.85,5,406.24,21.560000000000002,27.490000000000002,22.27,6.0600000000000005
4714,399,7.75,5,673.5999999999999,71.53,34.300000000000004,27.58,7.07
4715,710,11.889999999999999,5,1187.98,123.65,61.89,48.029999999999994,11.559999999999999
4716,416,10.19,4,502.72,73.56,28.71,11.04,3.91
4717,594,17.810000000000002,4,974.82,101.91999999999999,66.15,33.21,5.99
4718,404,8.59,5,490.25,56.940000000000005,26.94,16.62,4.51
4719,662,13.719999999999999,5,1122.58,116.47,55.15,46.87,11.5
472,527,7.300000000000001,6,863.36,118.26,34.96,26.349999999999998,5.51
4720,565,11.56,5,791.8599999999999,94.09,41.25,25.94,3.3899999999999997
4721,396,5.98,4,687.9,86.91000000000001,30.57,23.3,5.4
4722,411,10.629999999999999,4,701.8,63.93000000000001,40.410000000000004,30.22,4.66
4723,624,12.16,4,1282.46,117.85000000000001,64.93,58.39000000000001,6.91
4724,511,13.549999999999999,4,781.4300000000001,86.6,43.74,28.810000000000002,6.16
4725,496,9.49,5,783.49,75.64,37.019999999999996,35.169999999999995,4.43
4726,351,8.76,6,523.79,52.519999999999996,31.22,19.71,3.55
4727,547,12.43,8,943.19,86.73,49.82,42.68,7.8
4728,440,10.66,8,712.29,54.66,39.47,35.13,5.199999999999999
4729,207,9.83,1,552.69,6.21,37.26,41.4,0.0
473,431,8.12,6,584.1,65.9,24.84,23.66,6.7
4730,453,12.190000000000001,4,1056.36,72.08000000000001,61.879999999999995,56.11,5.970000000000001
4731,450,8.58,4,578.98,74.55,22.21,20.01,7.64
4732,486,11.88,7,770.9499999999999,60.129999999999995,43.41,38.17,6.1899999999999995
4733,599,12.01,6,955.0,105.26,45.86,36.8,6.24
4734,434,7.24,3,810.1,78.39,38.14,36.4,5.81
4735,772,13.22,5,1460.5,142.19,71.55,63.53,12.27
4736,530,10.24,4,943.65,97.7,50.14,37.54,7.98
4737,520,9.55,7,749.0999999999999,88.99,37.07,26.35,7.7
4738,430,7.13,8,557.67,75.85,22.87,17.35,6.17
4739,554,11.22,6,870.32,85.7,42.54,36.81,7.03
474,255,10.48,5,553.2,23.65,39.650000000000006,31.84,3.09
4740,646,14.35,5,844.87,115.71000000000001,48.78,19.83,7.46
4741,355,5.66,3,736.3,60.79,33.89,37.25,6.22
4742,352,5.609999999999999,4,599.48,61.86,30.59,24.51,6.090000000000001
4743,15,0.35,1,18.0,3.04,0.38,0.57,0.48
4744,438,5.74,5,651.19,101.33,27.89,15.470000000000002,4.2
4745,491,6.63,4,831.8,125.32,26.229999999999997,24.439999999999998,4.1899999999999995
4746,460,13.79,7,722.25,70.0,43.63,30.68,7.15
4747,452,9.21,4,683.21,91.28,20.759999999999998,27.240000000000002,9.92
4748,480,8.55,4,651.35,93.44,20.060000000000002,21.54,6.65
4749,180,9.559999999999999,3,280.52,9.26,34.4,11.48,1.62
475,636,13.09,7,973.04,100.75,50.32,39.82,7.74
4750,465,20.22,4,676.34,37.64,49.96,34.269999999999996,3.4899999999999998
4751,294,16.17,1,735.0,14.7,29.4,58.8,0.0
4752,591,17.92,5,1001.23,86.32,55.17,50.24,7.45
4753,698,11.87,6,977.1800000000001,129.81,43.76,32.64,8.86
4754,358,13.209999999999999,7,627.92,51.7,40.31,31.240000000000002,6.34
4755,538,10.75,4,1001.5,112.36,37.43,44.8,4.99
4756,616,11.6,3,818.65,110.46000000000001,26.08,27.91,4.77
4757,486,11.79,5,998.2,91.72999999999999,48.55,48.519999999999996,4.65
4758,279,2.31,2,394.20000000000005,73.50999999999999,9.61,6.95,4.01
4759,553,9.98,3,789.7,129.59,31.43,16.74,7.069999999999999
476,342,4.59,4,348.79999999999995,58.42,10.879999999999999,7.6000000000000005,4.83
4760,476,11.25,4,825.2,100.19,41.15,33.830000000000005,9.75
4761,561,16.65,4,1218.6,112.42999999999999,47.54,64.36,6.46
4762,491,13.0,4,915.9,106.32,28.810000000000002,40.6,7.6000000000000005
4763,451,12.43,6,802.1999999999999,102.51,30.7,28.07,5.430000000000001
4764,207,6.28,6,338.57,26.18,24.89,15.62,2.86
4765,279,7.44,7,480.13,52.29,22.41,20.080000000000002,4.86
4766,657,11.64,7,947.1700000000001,143.55,44.94,22.19,8.71
4767,356,9.92,5,637.5,66.49000000000001,27.740000000000002,30.82,6.52
4768,568,14.38,8,934.6,100.10000000000001,41.43,42.239999999999995,9.16
4769,366,4.71,5,591.1,88.15,18.82,18.28,4.25
477,376,9.78,6,723.96,49.93,42.56,37.120000000000005,4.930000000000001
4770,718,12.94,6,1128.5,139.34,53.349999999999994,39.48,7.35
4771,366,10.25,4,462.43,53.14,27.830000000000002,14.23,2.43
4772,469,12.78,5,685.18,91.94,34.8,20.78,8.94
4773,449,11.21,6,869.0,78.58,45.74,43.15,6.83
4774,327,13.52,6,423.74,40.05,37.71,12.66,2.7800000000000002
4775,544,11.24,6,751.22,89.06,44.64,24.12,5.140000000000001
4776,190,8.12,4,319.09000000000003,21.630000000000003,30.759999999999998,12.149999999999999,1.71
4777,467,9.93,6,842.0,109.29,34.11,28.89,6.89
4778,438,10.52,8,732.2,83.11000000000001,37.019999999999996,28.479999999999997,7.0
4779,557,26.35,6,853.25,52.58,70.27000000000001,43.14,8.96
478,450,7.7,6,634.9200000000001,73.22,25.98,26.63,6.68
4780,353,11.58,6,579.3,65.84,33.57,21.71,6.8100000000000005
4781,333,7.859999999999999,4,608.4,71.69,25.509999999999998,27.25,9.8
4782,279,5.82,4,512.2,60.99,18.37,23.59,6.75
4783,491,13.97,5,734.49,84.22999999999999,46.24,22.330000000000002,3.15
4784,578,15.11,6,740.78,82.15,52.449999999999996,22.54,7.34
4785,471,8.64,4,747.3,106.82000000000001,27.4,24.28,7.15
47850,402,8.67,4,609.24,67.84,33.23,22.740000000000002,2.79
47851,619,13.48,6,948.5,119.04,59.870000000000005,25.1,5.5600000000000005
47852,547,13.09,7,901.0,82.47,48.69,40.410000000000004,4.779999999999999
47853,527,7.779999999999999,5,596.75,87.47,22.47,15.84,3.67
47854,784,20.06,7,1038.57,140.41,63.78,20.740000000000002,4.29
47855,645,14.620000000000001,4,1281.2,131.64,71.16,50.39,8.14
47856,562,11.52,6,723.75,82.74000000000001,42.160000000000004,23.28,4.0200000000000005
47857,386,8.23,13,458.8,48.67,21.34,19.459999999999997,5.4799999999999995
47858,350,12.17,6,581.46,41.69,41.44,25.46,2.8
47859,388,7.55,6,453.72,66.22,20.54,11.39,5.29
4786,276,3.13,2,499.79999999999995,70.12,19.009999999999998,17.470000000000002,3.55
47860,445,12.41,6,644.95,67.08999999999999,33.83,24.76,3.88
47861,316,6.6,6,414.0,49.34,23.14,13.98,3.24
47862,357,10.08,6,631.96,61.870000000000005,38.2,25.09,4.84
47863,387,10.74,8,645.15,57.33,33.72,29.7,4.4399999999999995
47864,808,15.649999999999999,8,1208.0,132.45000000000002,61.510000000000005,45.12,4.0
47865,1990,26.060000000000002,7,2549.46,394.94,104.13,56.620000000000005,14.760000000000002
47866,828,17.59,7,1343.1100000000001,136.97,78.68,52.26,6.2
47867,257,11.82,1,642.5,77.1,20.56,25.7,5.14
47868,322,8.76,8,534.0,50.79,31.61,22.3,5.19
47869,695,23.38,12,968.63,68.16,78.44,41.29,5.95
4787,431,8.94,5,700.45,101.49000000000001,24.12,21.92,6.63
47870,446,7.3,8,487.32,73.02000000000001,21.13,12.35,5.97
47871,464,11.479999999999999,8,805.15,85.45,41.89,31.330000000000002,6.19
47872,336,10.38,10,390.97,30.71,27.0,18.77,7.24
47873,287,9.83,6,511.7,29.7,35.95,26.64,2.42
47874,532,12.42,9,677.9200000000001,84.14999999999999,33.54,22.86,10.38
47875,452,8.04,5,676.95,86.62,34.01,20.78,7.62
47876,285,9.11,5,280.98,9.370000000000001,26.15,15.35,2.62
47877,600,9.98,4,894.8499999999999,112.25000000000001,32.49,33.58,6.36
47878,272,7.32,7,297.4,17.42,20.76,16.82,3.63
47879,222,7.84,8,373.1,16.78,28.84,21.38,3.5599999999999996
4788,283,3.1100000000000003,3,491.4,71.18,18.38,16.009999999999998,3.5500000000000003
47880,244,9.53,3,417.78,18.12,20.69,28.18,2.81
47881,732,9.92,4,948.1500000000001,142.68,43.22,20.03,5.54
47882,691,15.459999999999999,5,1104.05,113.47,65.09,44.910000000000004,8.48
47883,633,15.42,5,937.75,81.6,43.34,47.38,3.91
47884,622,9.88,4,796.95,104.6,37.85,23.240000000000002,3.87
47885,436,9.27,4,612.65,72.23,31.29,19.78,3.83
47886,407,11.49,8,592.5,41.06,46.22,25.869999999999997,4.39
47887,387,10.11,7,660.4,62.22,39.660000000000004,28.11,5.5
47888,824,17.65,7,1166.98,144.69,65.23,34.51,10.09
47889,637,14.12,6,852.65,90.56,47.36,33.17,6.43
4789,239,1.55,2,264.59,57.65,5.84,0.55,2.18
47890,602,7.27,4,741.95,110.42,19.13,23.17,4.67
47891,385,9.41,5,653.3,61.86999999999999,33.58,28.92,5.28
47892,169,3.02,3,148.6,24.57,5.91,2.4400000000000004,1.85
47893,526,10.84,8,795.5,81.39,42.3,32.34,3.96
47894,364,8.01,6,507.90000000000003,61.919999999999995,26.36,16.44,3.85
47895,269,7.59,7,383.66,41.48,17.41,16.63,3.94
47896,291,7.66,5,438.9,55.15,19.9,13.81,3.29
47897,284,6.25,6,308.65,34.39,18.14,11.28,2.63
47898,288,7.16,6,195.73000000000002,21.0,14.71,6.95,5.11
479,481,10.24,7,777.8199999999999,64.4,40.870000000000005,37.57,6.82
4790,529,14.190000000000001,5,932.8,100.81,43.32,39.4,3.81
4791,369,9.18,5,637.0,61.66,31.71,28.67,4.18
4792,454,12.49,6,631.25,68.51,39.78,20.93,2.64
4793,421,10.28,6,857.1,86.74000000000001,38.97,38.77,4.12
4794,710,15.8,6,1064.3200000000002,124.63,59.08,34.92,5.66
4795,421,13.37,5,616.5600000000001,66.89,46.22,17.05,0.87
4796,697,18.77,5,1379.6,128.82,60.55,70.99000000000001,10.06
4797,517,11.06,6,794.36,120.4,32.57,20.169999999999998,7.04
4798,524,10.64,6,817.15,96.59,35.21,32.989999999999995,7.34
4799,411,10.8,6,620.7,77.64,29.59,19.37,2.86
480,433,8.15,5,683.06,79.11,30.66,25.549999999999997,5.47
4800,530,17.12,5,767.22,69.33,58.46,26.44,2.0300000000000002
4801,582,12.88,7,960.23,115.28999999999999,47.75,35.980000000000004,9.02
4802,578,10.870000000000001,6,931.9,115.45,39.480000000000004,32.56,4.15
4803,375,8.01,5,692.6,85.4,23.6,29.19,6.29
4804,418,11.08,4,780.8,70.03,48.589999999999996,34.79,5.34
4805,1082,22.22,7,1854.53,228.2,68.29,72.47999999999999,11.69
4806,506,9.97,6,902.95,115.69,37.79,31.77,6.11
4807,438,15.99,11,661.98,62.59,49.38,25.98,7.1
4808,495,10.36,4,615.3,81.78999999999999,33.45,16.41,6.54
4809,386,18.0,6,553.69,45.97,51.03,19.67,4.2
481,504,7.91,4,875.0,108.1,38.4,31.32,7.23
4810,386,9.65,7,663.9,66.04,34.21,28.740000000000002,5.4
4811,270,1.82,2,420.0,72.37,12.95,8.95,2.28
4812,446,9.950000000000001,4,608.25,68.67,33.48,22.89,7.55
4813,485,13.65,5,522.28,72.21,37.17,11.36,8.47
4814,632,14.389999999999999,6,831.55,115.92999999999999,38.66,23.67,7.0600000000000005
4815,588,13.7,4,1057.2,131.01,32.21,42.61,6.47
4816,436,12.59,4,755.4000000000001,55.57,48.519999999999996,37.1,5.4799999999999995
4817,581,17.89,4,1118.15,79.66,60.94,59.59,4.63
4818,449,15.370000000000001,6,732.13,74.53,32.96,34.35,10.38
4819,387,8.41,5,685.7,78.52,31.87,25.68,2.31
482,455,6.74,4,694.0999999999999,96.05000000000001,26.02,23.43,6.63
4820,425,13.379999999999999,4,621.05,36.78,42.98,32.22,3.1799999999999997
4821,514,15.47,6,886.0,92.41,46.67,36.1,5.800000000000001
4822,555,13.839999999999998,4,864.8900000000001,106.12,40.449999999999996,30.459999999999997,6.63
4823,513,10.46,4,906.45,99.45,38.31,42.29,7.6899999999999995
4824,585,17.970000000000002,6,769.53,95.25999999999999,48.839999999999996,24.080000000000002,9.49
4825,919,12.219999999999999,4,1088.5500000000002,196.74,35.41,17.5,13.68
4826,346,10.58,6,561.4,58.14,22.12,26.14,6.1899999999999995
4827,413,11.15,4,786.2,63.16,49.370000000000005,38.980000000000004,6.21
4828,539,15.96,6,782.65,77.63,43.53,31.46,3.37
4829,787,13.73,5,1405.8,176.14000000000001,56.38,56.89,14.030000000000001
483,291,9.739999999999998,6,524.26,40.06,34.31,23.42,3.08
4830,638,14.07,5,1117.7,121.14,56.23,42.11,2.62
4831,418,14.5,7,732.41,79.27000000000001,43.739999999999995,29.63,8.02
4832,265,5.26,4,420.25,55.29,16.95,15.71,4.6
4833,488,12.09,6,902.8,103.19,38.67,36.74,7.9399999999999995
4834,504,11.91,3,872.3,82.48,50.0,37.01,4.89
4835,462,18.91,5,687.64,61.12,53.52,27.729999999999997,8.299999999999999
4836,499,13.28,9,887.3499999999999,82.54,47.44,42.43,9.31
4837,444,13.489999999999998,4,710.2,79.46,45.48,26.65,10.08
4838,409,7.479999999999999,3,717.7,94.49,31.6,25.009999999999998,6.63
4839,721,11.72,4,1161.1999999999998,172.38,32.64,36.95,9.77
484,557,8.76,7,847.52,104.75,35.5,30.59,6.460000000000001
4840,411,9.91,5,723.12,76.36,25.97,35.39,6.35
4841,373,7.05,4,704.7,91.95,25.669999999999998,28.43,8.18
4842,383,9.41,4,797.9,82.47,31.22,38.92,4.680000000000001
4843,616,17.41,5,904.66,82.44,70.44,33.11,5.23
4844,174,5.78,4,367.4,23.98,22.72,21.93,4.78
4845,286,6.03,4,513.63,60.699999999999996,24.1,21.11,5.61
4846,301,6.38,5,539.2,72.66,19.74,19.92,6.74
4847,429,9.33,4,669.9,87.27,34.89,23.57,6.46
4848,596,17.28,6,1187.1,111.38,52.18,58.69,7.51
4849,464,11.969999999999999,4,658.27,78.72,33.79,21.119999999999997,2.37
485,519,10.14,6,746.46,91.97,40.34,22.98,3.33
4850,379,10.68,4,581.4300000000001,59.81,41.059999999999995,20.05,4.78
4851,474,14.93,5,841.21,78.61,47.18,38.449999999999996,5.83
4852,641,12.86,5,1203.3,139.17000000000002,45.6,55.04,12.02
4853,448,8.1,4,718.12,83.59,38.71,25.75,4.13
4854,328,2.58,3,358.85,74.83,9.47,1.58,2.99
4855,600,16.66,6,1064.0,121.07,44.5,45.03,8.01
4856,399,11.1,6,823.9,72.64999999999999,40.7,41.81,6.239999999999999
4857,346,14.27,7,565.28,48.980000000000004,40.61,24.07,3.59
4858,292,3.9,4,428.0,70.00999999999999,14.31,8.95,2.54
4859,269,9.78,4,449.43,41.75,36.38,17.95,3.88
486,482,12.37,7,795.9200000000001,71.06,49.09,33.32,3.0
4860,721,20.490000000000002,4,1334.6,109.88,76.3,66.72,13.17
4861,271,6.6899999999999995,3,263.28,41.93,21.45,0.75,2.18
4862,476,20.34,5,715.16,34.7,53.22,41.19,8.57
4863,422,11.13,5,675.34,70.92999999999999,34.269999999999996,28.080000000000002,3.54
4864,457,12.27,4,810.4,87.02,29.480000000000004,38.63,9.24
4865,359,14.25,6,746.15,45.51,42.96,43.339999999999996,3.8
4866,423,10.43,5,703.6,84.4,26.04,30.2,8.4
4867,587,13.719999999999999,5,915.45,99.31,43.76,35.480000000000004,3.63
4868,380,7.430000000000001,6,633.1,88.74,19.52,21.419999999999998,5.43
4869,545,13.08,5,884.95,83.69,46.94,40.07,4.909999999999999
487,591,9.35,3,877.1,102.15,48.120000000000005,29.58,6.0200000000000005
4870,486,11.9,6,791.15,81.18,40.64,34.910000000000004,6.82
4871,489,11.39,7,794.95,84.4,40.129999999999995,33.02,5.92
4872,585,21.02,4,1137.2,97.37,77.28,50.25,4.68
4873,388,7.77,5,447.58,57.31,22.6,13.43,4.07
4874,577,13.84,6,979.1,119.68,52.79,32.44,5.62
4875,823,16.13,7,1402.1,185.66,48.45,50.19,8.85
4876,274,3.58,3,391.45,58.980000000000004,14.92,11.74,3.87
4877,507,10.1,7,867.3,108.97,39.95,30.45,7.18
4878,379,14.41,4,580.88,44.059999999999995,49.26,21.44,0.56
4879,478,17.16,5,765.74,72.96,56.34,30.490000000000002,5.3100000000000005
488,476,7.0600000000000005,6,698.76,92.32000000000001,28.39,22.39,5.3
4880,411,9.67,5,713.5,70.03,32.63,34.36,4.64
4881,550,17.34,5,864.75,85.53999999999999,58.88,32.54,5.09
4882,520,17.78,5,900.4000000000001,91.51,42.29,43.27,13.18
4883,551,12.86,6,876.06,91.94,50.94,34.28,6.6000000000000005
4884,472,9.63,7,867.3,94.81,39.27,36.52,4.66
4885,377,9.04,4,691.65,70.12,34.589999999999996,30.93,6.960000000000001
4886,351,12.54,3,524.8,36.269999999999996,21.16,34.13,9.45
4887,373,10.21,5,541.23,57.39,31.57,21.03,3.9499999999999997
4888,235,10.45,6,397.35,24.66,31.06,21.75,5.1
4889,309,7.67,5,530.0999999999999,59.69,19.46,23.28,4.92
489,468,8.18,4,588.0,75.63,28.28,16.18,3.23
4890,260,3.31,4,357.1,66.1,9.25,5.16,2.75
4891,401,8.93,4,585.05,78.26,30.27,18.380000000000003,4.75
4892,387,12.15,5,549.65,50.31,39.21,19.85,1.7000000000000002
4893,151,5.85,3,130.09,10.94,13.99,4.26,3.75
4894,346,10.39,7,575.16,56.45,28.4,26.69,5.47
4895,342,9.72,7,595.6,56.66,26.57,28.07,3.86
4896,380,14.430000000000001,6,618.22,42.29,32.47,34.24,3.84
4897,389,10.0,5,697.5,77.15,29.580000000000002,32.8,8.36
4898,324,5.49,4,552.7,76.48,20.9,19.81,6.83
4899,411,9.889999999999999,5,483.79999999999995,65.76,30.14,10.68,3.32
490,634,10.04,4,912.5799999999999,98.69,35.540000000000006,40.36,10.45
4900,534,19.740000000000002,5,895.78,65.86,69.74000000000001,40.32,7.11
4901,230,4.24,4,420.5,53.21,17.33,16.98,4.93
4902,361,7.11,5,731.5,69.73,36.22,34.73,4.81
4903,313,6.960000000000001,5,559.0,58.67999999999999,27.3,25.52,6.03
4904,548,9.58,4,918.1,122.97999999999999,41.69,29.85,5.34
4905,351,13.43,6,525.3,50.78,28.83,22.09,3.12
4906,513,10.709999999999999,4,505.12,58.949999999999996,38.8,12.17,2.56
4907,343,10.17,6,662.08,68.95,31.4,30.63,6.86
4908,568,12.0,5,863.3199999999999,120.94999999999999,46.49,23.9,7.82
4909,337,10.82,8,483.5,34.79,32.91,23.060000000000002,3.27
491,483,12.280000000000001,5,767.0799999999999,61.989999999999995,44.33,36.52,5.08
4910,344,12.11,7,527.77,35.91,44.54,23.08,3.2
4911,421,9.290000000000001,5,729.5999999999999,77.0,39.29,29.45,5.83
4912,281,11.26,4,574.96,18.54,36.18000000000001,39.62,2.07
4913,416,13.6,7,692.1899999999999,44.68,52.08,34.06,5.54
4914,621,10.52,4,1052.1,141.98,39.739999999999995,35.86,6.65
4915,504,10.45,10,768.6300000000001,107.66,34.01,22.45,6.55
4916,323,5.47,4,485.8,74.95,17.509999999999998,13.219999999999999,6.4799999999999995
4917,285,7.66,5,385.88,46.32,23.869999999999997,13.67,4.53
4918,555,11.64,4,982.1,104.91,35.03,46.04,8.629999999999999
4919,481,10.33,6,768.3499999999999,82.25,30.73,34.15,7.42
492,299,9.879999999999999,6,457.65999999999997,19.47,30.91,26.880000000000003,4.84
4920,498,12.27,5,785.53,74.55,41.870000000000005,35.89,7.050000000000001
4921,403,8.37,4,721.9,90.36,29.27,30.0,10.36
4922,448,12.76,7,755.12,69.64,41.230000000000004,34.59,4.85
4923,657,14.98,5,1063.1,106.41,61.22,45.54,9.63
4924,517,9.98,6,827.89,98.28,34.29,32.66,7.51
4925,368,6.33,5,370.01,50.89,18.950000000000003,10.29,4.65
4926,351,10.35,4,454.1,44.42,35.39,15.78,3.49
4927,572,8.93,6,854.95,108.86,40.9,28.090000000000003,5.75
4928,757,12.01,6,965.65,141.42000000000002,32.8,29.54,8.219999999999999
4929,303,12.64,6,541.2,33.839999999999996,42.74,25.93,3.23
493,322,7.82,6,517.78,48.47,30.6,21.599999999999998,4.06
4930,559,15.020000000000001,5,920.1999999999999,104.91000000000001,42.89,37.63,9.91
4931,543,9.43,6,570.65,76.69,31.25,14.68,4.72
4932,432,7.529999999999999,5,704.3,85.49000000000001,32.82,25.58,3.46
4933,549,9.83,5,700.41,89.24,36.45,21.89,6.39
4934,274,7.0,7,561.2,53.480000000000004,28.3,27.52,5.430000000000001
4935,552,15.34,5,817.0,92.81,49.54,33.39,10.469999999999999
4936,534,17.11,6,935.89,79.88,57.53,43.73,4.609999999999999
4937,142,6.43,4,286.9,10.77,18.86,17.98,1.68
4938,489,7.289999999999999,5,825.5,111.38000000000001,33.85,27.61,6.76
4939,477,9.37,4,809.95,96.41,27.4,33.82,3.5
494,551,7.75,4,880.36,100.96000000000001,34.58,36.67,7.88
4940,426,13.01,7,734.96,61.42,42.28,38.16,6.13
4941,549,10.719999999999999,5,873.6,111.6,39.44,31.69,8.120000000000001
4942,351,7.83,5,624.3,73.91,23.57,27.02,6.7700000000000005
4943,680,13.78,6,1119.24,124.58000000000001,56.31,43.739999999999995,6.73
4944,533,18.87,8,705.27,76.16,57.18,18.639999999999997,2.15
4945,366,12.27,8,830.3,54.86,46.13,48.260000000000005,6.63
4946,596,11.01,6,829.31,99.38,36.71,31.810000000000002,5.48
4947,521,11.14,6,756.0,103.72,35.38,22.01,7.12
4948,325,10.53,5,599.5,59.269999999999996,31.45,27.96,4.8100000000000005
4949,228,6.79,5,370.3,24.98,24.2,18.310000000000002,1.22
495,455,8.7,6,653.36,74.33,31.64,25.22,6.64
4950,610,12.76,6,952.36,115.27,44.19,33.75,7.07
4951,390,9.33,4,581.35,66.21000000000001,19.52,26.400000000000002,6.33
4952,482,16.85,4,669.2,76.36,49.92,17.64,1.44
4953,816,19.36,6,932.25,131.56,52.93000000000001,20.78,5.0600000000000005
4954,290,10.4,6,486.49,26.98,27.759999999999998,31.15,5.14
4955,543,9.14,3,641.4,97.38,20.27,17.43,5.08
4956,527,14.53,4,865.9,77.1,52.54,37.97,7.4
4957,520,11.41,7,934.8,83.5,52.01,44.92,6.529999999999999
4958,535,9.89,4,684.65,110.66,28.619999999999997,12.64,5.34
4959,550,15.7,8,935.3599999999999,93.86,50.99,42.31,10.26
496,638,9.6,6,851.0,118.94,35.31,23.71,6.2
4960,744,19.66,11,1017.69,120.05,57.42,33.94,7.09
4961,923,23.259999999999998,7,1468.87,157.18,64.36,66.12,17.87
4962,475,12.0,5,711.88,64.47,43.51,33.16,5.43
4963,596,11.84,5,841.49,93.49000000000001,41.440000000000005,38.300000000000004,9.6
4964,722,11.76,6,843.1600000000001,133.47,34.04,20.02,7.859999999999999
4965,567,8.29,5,550.5,88.86,17.37,13.040000000000001,4.92
4966,592,10.59,7,668.75,101.66,24.71,19.060000000000002,9.22
4967,631,18.84,4,1015.4,108.34,61.06,36.3,6.970000000000001
4968,686,17.1,7,1262.9,130.44,72.02,50.300000000000004,5.08
4969,448,10.5,5,671.46,75.25,36.67,25.830000000000002,5.04
497,589,11.6,5,986.6,100.44999999999999,54.26,38.730000000000004,4.37
4970,440,7.15,7,533.09,80.21,19.700000000000003,14.75,4.23
4971,538,5.59,3,437.11,92.82,12.93,1.26,5.44
4972,223,2.99,3,317.09000000000003,49.690000000000005,8.61,8.28,1.26
4973,445,7.24,5,661.9100000000001,94.7,27.91,18.45,3.96
4974,530,14.98,5,874.77,83.64,48.43,37.050000000000004,7.94
4975,323,6.63,5,425.07,51.54,19.01,14.82,2.64
4976,537,10.59,6,766.25,96.49,32.18,26.509999999999998,5.529999999999999
4977,378,11.96,4,591.7,63.95,36.05,22.970000000000002,4.0
4978,316,10.35,6,590.3,38.97,34.11,33.04,5.53
4979,737,15.67,6,1102.23,135.66,47.309999999999995,44.73,16.58
498,339,7.45,7,430.44,50.08,22.62,15.04,3.72
4980,512,12.16,6,693.06,81.25,38.65,24.23,5.67
4981,497,7.68,4,542.72,63.830000000000005,24.11,20.580000000000002,6.48
4982,484,7.36,3,822.8,95.54,31.520000000000003,34.35,8.46
4983,1158,24.62,4,1694.27,222.36,52.32,69.02,25.91
4984,556,9.28,4,757.0,93.25,32.86,28.95,8.97
4985,223,2.76,4,320.36,50.76,10.870000000000001,8.99,3.59
4986,498,12.34,10,713.61,83.66,37.74,25.45,5.93
4987,421,12.000000000000002,5,789.45,73.78999999999999,41.41,37.72,7.37
4988,811,17.3,7,1054.05,124.37,54.739999999999995,35.39,7.49
4989,340,4.14,4,397.78,64.21000000000001,14.799999999999999,10.059999999999999,4.18
499,462,6.9399999999999995,3,796.4,109.69,31.919999999999998,24.62,4.88
4990,291,10.23,4,608.1800000000001,41.58,35.6,34.35,6.42
4991,635,19.970000000000002,8,1125.45,90.74000000000001,68.16,55.92,9.74
4992,882,16.900000000000002,8,1363.49,157.29000000000002,62.489999999999995,53.699999999999996,12.63
4993,509,12.190000000000001,6,768.94,87.72999999999999,40.18,28.99,6.1899999999999995
4994,480,6.51,3,435.71999999999997,82.0,15.82,4.25,3.19
4995,669,15.930000000000001,7,928.88,101.47,50.61,37.089999999999996,7.89
4996,594,12.57,6,1069.69,100.86,51.79,51.76,9.52
4997,340,10.479999999999999,6,595.8399999999999,51.41,35.830000000000005,28.58,3.9499999999999997
4998,150,4.47,3,186.12,13.14,11.99,10.89,2.5
4999,662,16.06,5,1094.9,112.33,58.05,47.58,8.95
500,684,13.42,4,920.98,106.97,47.910000000000004,29.03,5.34
5000,397,4.13,2,637.6,84.67999999999999,23.27,21.04,3.75
5001,489,14.28,5,781.73,84.96000000000001,44.99,31.94,6.459999999999999
5002,652,18.24,7,1038.44,93.49,57.669999999999995,50.66,7.62
5003,371,9.8,3,387.2,30.130000000000003,26.36,16.62,3.63
5004,510,12.23,6,756.46,83.92,38.58,31.74,8.629999999999999
5005,296,19.07,3,596.9,21.25,57.05,31.65,1.29
5006,383,5.640000000000001,3,399.62,73.35000000000001,14.57,4.42,2.37
5007,189,11.99,2,211.0,8.99,27.65,7.98,1.45
5008,480,13.01,5,712.53,64.05,42.09,32.15,4.7
5009,616,4.85,2,481.39,103.28,13.35,1.3,4.1
501,363,7.4399999999999995,6,471.02,60.71,22.14,14.45,4.3500000000000005
5010,666,12.42,7,804.89,107.28,34.03,24.349999999999998,4.93
5011,282,5.51,4,371.81,44.53,19.36,11.41,1.5099999999999998
5012,588,14.860000000000001,4,869.15,111.55,46.09,27.89,5.47
5013,518,8.84,6,611.63,92.16,29.26,14.39,3.8200000000000003
5014,384,4.71,4,443.99,69.2,16.8,12.5,4.81
5015,6872,178.67,1,1718.0,288.62,171.8,13.74,171.8
5016,531,7.21,4,664.44,107.81,27.19,12.58,4.25
5017,514,12.2,6,923.73,90.97,49.46,40.010000000000005,8.24
5018,531,15.43,7,1043.8,118.42,48.35,40.25,7.91
5019,651,21.02,9,1232.38,131.59,58.72,50.480000000000004,9.42
502,538,6.23,4,707.6800000000001,111.28999999999999,27.85,15.66,5.99
5020,662,16.82,4,1189.56,130.11,50.88,54.1,9.74
5021,493,10.469999999999999,5,751.6,102.85,29.64,24.0,8.06
5022,552,18.82,4,1126.4,115.18,66.28999999999999,42.07,11.61
5023,572,14.96,5,973.3,108.53,47.61,36.14,10.959999999999999
5024,929,16.58,4,1497.8,205.72,67.34,41.42,17.69
5025,357,11.44,4,625.3199999999999,44.88,36.33,30.810000000000002,3.96
5026,367,11.87,9,675.98,62.53,39.51,28.26,6.41
5027,14,0.2,1,11.2,1.68,0.84,0.28,0.56
5028,602,9.17,4,894.06,133.61,36.28,23.81,5.74
5029,505,8.950000000000001,6,739.24,97.15,39.92,19.92,7.41
503,269,6.75,6,365.94,38.28,19.599999999999998,14.43,3.71
5030,653,10.88,6,968.5,139.82999999999998,40.36,25.27,7.28
5031,457,14.99,5,835.88,60.67,54.86,40.25,7.92
5032,834,16.51,8,1220.08,160.66,58.17,34.76,8.129999999999999
5033,574,14.84,7,720.98,86.08,36.11,24.65,5.18
5034,275,1.6199999999999999,2,315.5,63.94,10.2,2.25,4.12
5035,345,8.69,4,639.3,72.55,33.019999999999996,23.59,6.04
5036,483,15.04,6,874.5,83.53,47.52,36.15,6.43
5037,500,10.469999999999999,6,717.94,97.33000000000001,32.11,21.24,6.0600000000000005
5038,359,10.64,3,716.3,81.88,35.19,26.22,7.000000000000001
5039,614,12.78,5,649.1,116.95,17.08,13.870000000000001,10.63
504,479,10.12,6,848.28,80.17,43.08,37.41,5.540000000000001
5040,528,11.63,4,876.2,87.16,51.989999999999995,33.38,4.79
5041,531,6.029999999999999,4,698.8,108.37,30.740000000000002,15.25,8.559999999999999
5042,636,17.39,5,1268.9,149.21,60.42,45.46,11.65
5043,375,8.9,4,582.06,58.06,31.810000000000002,23.279999999999998,3.05
5044,503,11.74,4,753.9,92.97999999999999,39.03,25.7,12.06
5045,717,15.57,8,1065.6,144.67000000000002,46.7,30.58,7.35
5046,246,11.09,4,525.04,28.18,34.589999999999996,28.97,5.29
5047,413,10.79,4,501.8,80.32,19.8,10.5,6.239999999999999
5048,334,4.25,5,427.52,62.41,22.21,9.93,3.9
5049,322,8.46,7,545.04,51.879999999999995,31.06,22.29,4.45
505,630,11.04,9,928.8399999999999,103.42,41.41,38.71,10.88
5050,375,9.29,7,647.84,72.7,30.380000000000003,26.15,7.04
5051,355,17.94,3,816.3399999999999,51.12,63.120000000000005,38.07,9.870000000000001
5052,358,8.99,7,577.64,65.9,30.009999999999998,21.07,6.4799999999999995
5053,351,8.84,4,495.22,59.72,23.13,17.28,3.29
5054,498,13.530000000000001,7,826.14,91.69,40.87,31.720000000000002,9.3
5055,683,12.78,8,970.84,122.01,49.42,31.2,12.8
5056,630,22.06,4,1232.8200000000002,115.19,76.8,52.13999999999999,18.58
5057,510,9.59,4,877.3,128.41,37.09,22.91,8.75
5058,229,8.0,3,451.34000000000003,27.33,30.66,22.97,5.18
5059,297,7.83,3,383.20000000000005,42.92,18.87,16.79,7.4
506,403,6.51,4,621.1,69.95,31.37,24.21,5.43
5060,169,0.37,1,219.7,47.66,4.56,0.51,0.68
5061,205,0.45,1,266.5,57.81,5.54,0.61,0.82
5062,483,11.81,6,806.5,92.93,36.75,31.06,8.86
5063,637,10.42,5,938.64,135.51999999999998,39.56,26.54,6.97
5064,290,2.94,3,403.0,71.03999999999999,15.440000000000001,6.2,4.99
5065,365,7.84,5,567.1,72.64,22.61,20.04,5.359999999999999
5066,473,3.53,2,558.9,119.11,11.79,2.4,4.13
5067,212,4.26,5,309.52,33.83,16.669999999999998,11.81,3.46
5068,419,1.76,2,510.2,106.98,13.59,2.4299999999999997,4.16
5069,531,8.93,4,788.1,118.91,31.41,19.68,7.31
507,373,8.06,7,587.8199999999999,58.040000000000006,32.99,23.86,3.74
5070,536,13.97,6,806.3,102.89,38.97,25.0,7.16
5071,602,15.68,5,1038.88,109.21000000000001,57.49,41.67,11.96
5072,555,12.89,5,1008.1,114.81,45.4,39.15,10.94
5073,511,8.96,5,851.86,121.87,37.4,23.79,6.05
5074,372,9.25,4,642.0,77.02,31.16,22.080000000000002,4.6
5075,400,10.93,4,657.76,67.62,44.22,22.38,5.199999999999999
5076,362,6.63,3,534.3,67.93,24.98,19.83,6.69
5077,486,11.34,5,766.3,96.74000000000001,34.4,26.73,7.69
5078,671,12.82,6,1073.1,139.5,48.239999999999995,33.93,6.890000000000001
5079,315,2.3200000000000003,4,399.08000000000004,74.53999999999999,13.370000000000001,5.09,3.1999999999999997
508,379,7.98,8,440.65999999999997,48.39,21.39,16.77,5.3100000000000005
5080,1104,25.18,7,2076.6,254.07999999999998,100.22,70.86999999999999,22.25
5081,454,6.71,4,656.74,102.17999999999999,29.13,13.899999999999999,5.99
5082,770,19.98,8,1113.46,134.47,56.95,37.309999999999995,9.95
5083,297,7.51,6,540.6,63.33,26.25,19.61,5.470000000000001
5084,792,17.5,5,1377.0,143.63,80.76,51.449999999999996,19.3
5085,564,12.38,4,958.1,98.22,43.79,40.37,8.35
5086,479,13.01,6,856.0,90.31,42.07,35.88,11.51
5087,605,14.86,7,1125.9,134.18,50.69,40.660000000000004,8.53
5088,557,11.34,5,875.6600000000001,113.69,46.519999999999996,26.06,5.890000000000001
5089,672,10.469999999999999,5,1026.4,155.66,38.24,25.5,6.91
509,362,8.79,7,599.94,55.650000000000006,34.08,24.669999999999998,3.51
5090,497,15.02,7,942.9200000000001,102.24,42.58,39.63,7.0
5091,467,8.81,6,726.48,93.21,36.23,23.12,6.26
5092,413,7.09,6,635.28,79.22,30.61,20.89,8.02
5093,255,6.779999999999999,3,528.0,63.019999999999996,27.87,17.5,5.17
5094,565,12.79,7,935.1,131.33,38.55,26.740000000000002,7.48
5095,368,8.76,4,559.38,66.67,26.240000000000002,19.599999999999998,3.86
5096,398,8.58,4,709.4,101.8,26.76,22.08,5.109999999999999
5097,401,10.629999999999999,7,700.44,70.6,38.33,29.65,8.65
5098,880,14.120000000000001,6,1245.86,157.4,64.72,39.87,10.57
5099,488,11.94,5,767.0,94.71000000000001,28.85,28.919999999999998,7.09
510,503,9.89,6,793.98,85.24000000000001,37.24,32.31,7.6000000000000005
5100,519,13.08,5,891.44,106.75,40.97,33.22,8.13
5101,473,5.62,4,735.4000000000001,122.56,21.89,16.97,6.85
5102,530,13.34,9,917.1999999999999,101.57,49.1,34.71,7.73
5103,444,8.87,6,626.52,95.72,27.54,14.08,3.3600000000000003
5104,618,16.14,6,1090.0,132.94,48.22,40.67,12.379999999999999
5105,267,9.51,6,486.92,48.5,21.82,22.51,5.21
5106,471,6.85,4,605.12,72.78,35.27,18.900000000000002,6.64
5107,522,13.850000000000001,5,946.6,100.19,49.43,35.55,7.58
5108,439,8.5,4,736.8,80.44999999999999,35.14,29.400000000000002,4.97
5109,462,12.39,6,629.52,77.51,27.479999999999997,23.8,6.6000000000000005
511,538,11.35,7,852.04,82.22999999999999,45.79,35.29,5.53
5110,389,11.969999999999999,5,725.0,73.53,37.54,29.459999999999997,8.19
5111,672,14.690000000000001,4,1104.96,137.74,46.68,39.06,5.08
5112,618,11.78,4,1005.9,143.64,46.4,26.78,8.459999999999999
5113,543,12.7,3,1030.8400000000001,127.08000000000001,56.44,32.42,12.629999999999999
5114,556,10.23,5,798.12,101.78999999999999,37.57,25.3,6.5600000000000005
5115,554,11.56,4,1021.3,132.76,46.269999999999996,31.5,5.890000000000001
5116,340,7.54,4,574.52,67.81,32.73,18.63,3.7800000000000002
5117,533,14.950000000000001,5,836.5999999999999,106.96,32.63,30.180000000000003,6.59
5118,485,11.45,6,849.74,99.75,43.47,30.93,6.57
5119,681,20.66,6,999.4000000000001,106.41,52.18,37.97,7.71
512,598,11.88,5,780.86,103.33,37.87,22.37,6.699999999999999
5120,694,12.27,7,1008.8,143.7,44.74,26.759999999999998,11.84
5121,666,9.43,5,1008.3,161.76,42.9,20.88,10.08
5122,657,10.46,7,928.8,133.16,42.24,23.61,10.31
5123,554,14.080000000000002,7,953.4,119.14,41.14,34.2,8.9
5124,435,7.6,6,698.9000000000001,106.13,27.08,18.68,5.91
5125,199,5.46,7,308.92,27.03,19.240000000000002,13.18,2.52
5126,449,5.0600000000000005,3,543.34,84.69,27.57,10.649999999999999,3.49
5127,384,9.360000000000001,5,712.22,83.47,35.91,26.78,7.989999999999999
5128,474,7.22,4,717.7,95.24,35.58,20.689999999999998,10.059999999999999
5129,487,7.65,3,829.6,106.74000000000001,38.99,24.79,8.07
513,388,10.360000000000001,3,749.04,78.7,42.22,27.259999999999998,3.06
5130,502,12.18,7,882.6,105.53,40.46,32.6,9.2
5131,638,13.23,6,994.84,124.25,48.21,32.83,7.18
5132,515,12.89,6,809.3,98.0,38.15,30.09,7.89
5133,385,7.3999999999999995,6,570.48,80.65,20.6,19.02,6.0600000000000005
5134,343,7.3100000000000005,4,630.1,75.15,30.35,21.33,3.94
5135,518,9.68,6,779.0,111.91,30.71,22.009999999999998,8.89
5136,176,6.82,4,348.4,31.73,21.009999999999998,15.600000000000001,5.48
5137,451,11.040000000000001,4,852.46,112.96,39.39,25.98,7.24
5138,477,9.9,7,754.44,97.72,36.22,24.39,10.42
5139,348,10.66,5,661.4,61.28,39.8,26.93,7.2
514,437,13.94,6,661.46,31.57,47.05,37.58,4.76
5140,308,4.86,4,501.9,70.97,18.67,15.16,3.91
5141,721,13.0,4,1153.6,152.6,50.32,39.239999999999995,9.12
5142,236,7.09,4,443.8,38.4,25.14,21.76,5.88
5143,311,11.469999999999999,5,633.3,54.15,42.18,25.979999999999997,7.07
5144,382,11.86,7,688.42,62.5,43.56,28.24,8.57
5145,297,4.7299999999999995,3,509.1,76.73,21.44,11.799999999999999,3.2
5146,217,3.81,4,345.6,50.19,16.61,9.01,5.73
5147,357,12.24,6,748.2,72.97,40.76,32.41,6.57
5148,330,8.14,5,630.0,70.02000000000001,30.0,24.86,6.62
5149,585,12.149999999999999,5,747.04,101.37,42.03,18.07,6.94
515,241,4.71,6,355.04,41.08,17.58,13.22,2.2
5150,390,9.41,5,638.4,76.03999999999999,29.82,23.07,6.37
5151,281,5.77,4,493.3,56.6,22.95,18.29,3.75
5152,326,10.61,7,667.66,66.74,37.56,28.29,10.57
5153,530,12.559999999999999,5,905.74,93.14,49.33,35.04,7.52
5154,510,11.88,5,899.8,114.81,42.65,30.72,13.549999999999999
5155,307,9.89,4,303.72,17.060000000000002,24.47,15.329999999999998,4.36
5156,335,6.5,4,429.78,48.62,26.86,14.27,3.71
5157,287,10.92,7,618.3,57.32,34.88,28.3,8.21
5158,441,14.92,5,731.9,77.91,40.9,28.82,11.399999999999999
5159,399,12.07,4,673.22,71.48,34.96,26.86,5.97
516,286,11.25,6,563.36,22.54,40.47,32.55,4.15
5160,345,11.73,6,378.22,41.08,20.78,15.81,6.25
5161,427,6.17,4,569.4,101.00999999999999,14.600000000000001,11.05,5.04
5162,413,11.379999999999999,6,761.38,78.65,37.86,31.09,5.87
5163,486,9.459999999999999,6,723.88,103.82,31.27,20.55,10.42
5164,361,11.03,6,587.8199999999999,51.8,39.82,23.56,3.1
5165,490,13.059999999999999,5,844.1,87.28,45.5,30.73,4.33
5166,400,12.48,6,559.3,61.160000000000004,28.150000000000002,21.56,6.33
5167,582,16.97,6,1107.4,109.39,60.099999999999994,47.14,13.38
5168,429,8.39,4,616.94,76.12,30.85,20.94,5.81
5169,614,13.43,5,964.02,134.71,41.379999999999995,27.91,12.34
517,307,4.28,2,418.5,62.129999999999995,20.22,9.360000000000001,0.84
5170,277,4.35,4,405.0,58.83,16.240000000000002,9.639999999999999,3.1500000000000004
5171,441,6.6,5,631.9399999999999,98.39,29.06,14.03,6.47
5172,512,10.6,6,807.7,101.17999999999999,41.029999999999994,24.76,11.38
5173,425,10.56,4,703.1,86.03,33.94,24.23,8.23
5174,274,6.13,5,501.9,68.98,23.22,13.89,5.12
5175,730,12.01,6,1081.4,167.69,37.910000000000004,29.45,14.15
5176,306,7.82,6,523.26,55.7,26.51,20.89,3.64
5177,413,11.67,8,793.9,82.46000000000001,38.77,32.97,6.2
5178,312,4.98,6,496.09999999999997,69.69999999999999,20.82,14.09,5.64
5179,429,11.86,5,777.0,103.9,38.29,23.73,11.2
518,481,6.34,4,587.74,82.00999999999999,20.44,19.69,8.93
5180,621,14.04,3,996.9,106.30000000000001,58.58,32.71,6.04
5181,357,13.61,5,778.0,63.42,46.2,35.32,8.479999999999999
5182,463,9.3,5,701.2,94.72,34.81,17.59,6.7
5183,507,10.83,5,660.54,83.37,33.7,21.31,6.6
5184,274,4.7299999999999995,4,424.0,49.59,22.03,13.59,4.54
5185,534,14.13,7,959.3,107.64999999999999,49.05,36.65,15.530000000000001
5186,440,9.31,7,684.4,87.24000000000001,30.09,24.61,11.77
5187,591,16.400000000000002,7,957.3,108.97999999999999,46.45,37.06,13.03
5188,345,6.99,5,462.29999999999995,67.72,18.51,10.66,3.0
5189,374,11.17,6,663.8,79.51,31.439999999999998,24.09,7.8
519,380,6.05,5,562.14,72.72999999999999,25.67,16.689999999999998,2.7800000000000002
5190,454,7.699999999999999,5,709.9200000000001,112.78999999999999,27.83,17.15,6.88
5191,381,9.34,8,402.08000000000004,60.980000000000004,18.5,9.72,6.58
5192,571,11.06,5,937.2,118.32000000000001,42.1,28.63,5.890000000000001
5193,471,10.77,5,583.8199999999999,84.81,25.3,14.73,3.54
5194,235,8.22,5,303.28,17.35,20.75,17.56,4.52
5195,380,8.08,4,556.76,56.28,35.95,19.32,3.24
5196,365,10.47,6,530.3,52.15,26.189999999999998,23.27,6.07
5197,501,9.69,5,729.6,97.77000000000001,32.63,24.669999999999998,9.68
5198,467,9.9,6,742.16,98.46,33.98,22.41,7.1899999999999995
5199,553,11.63,5,894.78,115.09,45.379999999999995,27.47,9.0
520,412,7.75,4,548.18,71.77,23.17,17.669999999999998,5.78
5200,402,11.91,5,790.0,85.28999999999999,38.33,30.96,6.56
5201,266,5.2,6,401.84000000000003,51.01,20.97,12.55,4.26
5202,503,9.43,4,696.5,97.59,28.27,22.72,8.34
5203,493,7.890000000000001,5,728.86,107.86,34.27,17.11,5.37
5204,543,10.1,6,737.48,120.18,26.99,15.38,5.67
5205,182,0.4,1,236.6,51.32,4.91,0.55,0.73
5206,347,15.71,4,703.3,44.68,43.93,37.699999999999996,3.6399999999999997
5207,403,10.26,6,661.6,70.45,35.05,25.57,6.09
5208,276,10.33,4,422.8,33.58,24.32,19.3,3.74
5209,387,13.44,4,614.1800000000001,48.62,43.93,24.509999999999998,4.59
521,647,9.78,5,825.42,118.53,33.67,24.2,7.45
5210,749,12.45,5,1133.2,181.1,44.019999999999996,23.259999999999998,10.67
5211,545,8.52,4,896.7,126.44,31.94,28.060000000000002,8.37
5212,589,7.52,4,869.26,125.16,40.36,21.16,6.1899999999999995
5213,353,9.24,5,646.22,68.25999999999999,38.41,24.2,10.64
5214,428,11.31,4,843.4,74.48,46.6,39.06,8.73
5215,528,15.67,6,917.3,97.6,45.07,36.94,8.02
5216,841,12.74,6,1215.6,198.43,45.87,25.21,8.49
5217,415,8.99,6,630.62,85.16,32.059999999999995,16.54,4.4
5218,427,12.26,6,704.14,68.51,38.96,28.82,4.28
5219,294,6.97,8,426.7,48.730000000000004,24.71,13.96,3.33
522,378,9.559999999999999,5,531.78,51.8,30.85,20.060000000000002,3.95
5220,329,11.2,7,574.24,48.21,34.34,25.74,3.9
5221,488,16.580000000000002,6,958.6,92.4,52.11,40.42,9.44
5222,326,9.200000000000001,6,598.2,77.52,28.29,19.11,7.05
5223,573,8.01,5,838.7,136.85,26.38,19.3,7.800000000000001
5224,313,10.02,6,553.94,52.55,25.46,26.150000000000002,4.26
5225,562,7.53,8,819.36,130.62,30.34,17.830000000000002,6.82
5226,401,9.5,6,637.1800000000001,72.8,28.749999999999996,24.35,5.21
5227,396,10.42,5,563.2,69.78999999999999,25.13,19.099999999999998,6.45
5228,402,8.790000000000001,7,661.3,86.58,28.52,22.25,7.78
5229,738,12.03,5,993.78,134.32999999999998,49.3,30.11,7.84
523,528,11.18,5,848.32,90.46,43.55,33.01,8.16
5230,366,8.790000000000001,5,548.8,63.82,26.54,19.97,4.63
5231,361,10.17,5,564.4,65.19,25.97,22.830000000000002,8.09
5232,431,10.799999999999999,5,704.6600000000001,78.41,40.25,22.54,5.35
5233,322,7.01,5,540.6,74.28,25.43,14.67,5.61
5234,399,11.74,4,439.70000000000005,58.400000000000006,19.54,14.03,4.99
5235,624,8.43,5,886.16,151.07,27.439999999999998,18.03,7.99
5236,419,9.940000000000001,6,667.6,88.97,29.57,20.68,8.55
5237,372,9.58,7,574.1,67.89,24.82,21.54,5.69
5238,465,6.46,3,620.88,90.5,29.77,14.45,2.5599999999999996
5239,535,10.09,6,798.46,112.5,34.519999999999996,23.14,8.1
524,542,9.85,5,775.72,95.28,35.77,26.310000000000002,7.95
5240,525,14.82,7,892.3,84.59,57.28,35.93,7.42
5241,595,11.82,7,903.2,141.01,32.73,21.7,7.72
5242,254,10.07,5,529.4,47.67,31.97,21.68,6.02
5243,471,10.5,5,734.4,102.28,28.259999999999998,24.54,9.290000000000001
5244,569,18.11,5,1047.0,101.88,53.13,46.74,6.0
5245,482,12.99,5,855.7,113.03,32.55,31.14,9.13
5246,509,13.93,6,932.2,100.77,44.22,37.28,9.12
5247,352,9.37,3,667.6,81.37,30.96,22.86,5.8500000000000005
5248,401,11.379999999999999,4,668.7,76.54,34.47,22.43,2.65
5249,507,10.93,4,873.7,107.47,43.769999999999996,26.96,5.79
525,348,6.3,4,474.64,63.06,22.38,13.01,3.9299999999999997
5250,531,11.17,6,830.36,120.69999999999999,30.6,24.05,5.68
5251,375,11.93,7,723.94,74.95,37.370000000000005,28.95,6.16
5252,376,7.63,4,564.76,76.54,26.73,15.49,4.21
5253,485,9.1,3,847.5,120.05000000000001,41.11,22.299999999999997,12.190000000000001
5254,553,15.149999999999999,5,919.14,104.86,49.18,33.32,6.039999999999999
5255,461,11.83,6,774.0,78.17,45.11,32.09,8.32
5256,337,6.5,6,553.9,77.39,22.740000000000002,16.78,6.12
5257,466,14.95,6,659.4,79.63,26.740000000000002,26.0,7.08
5258,521,14.12,6,833.76,86.86000000000001,47.4,32.55,8.85
5259,537,7.88,4,795.0,125.41,32.75,15.69,6.75
526,903,13.0,7,1301.78,178.79,53.55,40.34,9.13
5260,244,10.36,4,505.98,25.59,34.7,28.37,5.27
5261,383,3.47,3,418.5,84.65,12.71,3.28,6.1499999999999995
5262,264,6.37,3,411.1,51.75,17.21,14.160000000000002,2.82
5263,269,6.24,5,438.1,56.06999999999999,18.23,14.729999999999999,3.72
5264,393,8.91,7,617.0,77.72,28.75,19.55,5.08
5265,479,15.4,7,725.96,79.14,38.75,28.369999999999997,7.65
5266,510,13.88,3,854.9000000000001,103.5,37.24,30.130000000000003,5.14
5267,530,15.34,5,965.7,111.81,46.4,35.01,7.64
5268,507,13.530000000000001,7,836.52,88.61,45.42,31.36,7.45
5269,583,14.319999999999999,6,931.3199999999999,116.19,48.53,29.39,8.9
527,249,3.8600000000000003,5,287.36,38.22,12.77,8.84,3.67
5270,436,13.5,5,825.7,90.11000000000001,38.21,35.32,6.68
5271,327,12.28,3,436.4,61.76,19.78,13.5,6.279999999999999
5272,611,20.01,6,1126.9,128.53,55.75,41.89,9.21
5273,901,24.94,8,1565.24,158.69,85.53,65.35,14.709999999999999
5274,1190,51.72999999999999,7,756.22,102.46000000000001,31.26,23.64,6.52
5275,435,9.01,6,743.62,84.25999999999999,37.53,27.740000000000002,7.43
5276,656,9.43,4,1024.8,147.24,46.93,26.05,12.63
5277,491,17.12,6,915.2,85.22,47.29,42.4,6.8
5278,444,11.01,8,710.54,62.53,44.870000000000005,31.490000000000002,6.65
5279,373,10.97,8,688.5,69.22999999999999,34.71,29.950000000000003,7.79
528,610,13.61,6,926.88,80.87,54.92,41.23,7.25
5280,348,3.5500000000000003,2,549.9,96.06,19.34,8.65,4.38
5281,279,4.22,4,401.88,47.86,20.66,13.42,3.0100000000000002
5282,720,20.38,6,1268.9,126.56,71.69,50.910000000000004,8.86
5283,496,10.22,7,797.7,85.94,46.75,29.27,6.42
5284,533,7.609999999999999,3,737.5999999999999,100.75999999999999,40.16,18.52,4.99
5285,198,8.120000000000001,2,421.0,20.46,34.6,21.76,1.0
5286,630,13.930000000000001,5,998.3,100.25,58.77,37.72,5.71
5287,305,5.5,3,477.6,74.77,19.41,10.53,6.14
5288,353,6.14,5,512.1,68.43,24.21,15.79,4.13
5289,385,8.54,7,667.0,85.62,31.98,22.740000000000002,8.11
529,451,10.280000000000001,6,739.32,71.33000000000001,39.730000000000004,32.52,5.43
5290,579,8.39,6,735.06,112.52000000000001,32.94,16.31,5.71
5291,382,12.56,5,716.0,77.43,36.17,31.28,12.3
5292,392,9.040000000000001,5,585.8,75.17,25.4,20.48,5.66
5293,383,8.85,4,599.3,81.77000000000001,19.990000000000002,20.68,5.24
5294,455,7.14,3,652.2,105.53999999999999,19.92,15.219999999999999,4.47
5295,561,8.93,4,802.9,118.24000000000001,33.959999999999994,20.089999999999996,5.18
5296,454,11.84,8,685.7,74.00999999999999,30.999999999999996,28.98,8.54
5297,558,11.020000000000001,5,839.1,105.45,37.57,29.0,7.91
5298,473,17.15,5,866.1,68.68,55.93,38.54,3.45
5299,337,4.64,3,495.2,86.00999999999999,10.43,12.89,5.99
530,478,8.64,8,587.86,72.78,30.439999999999998,18.47,4.77
5300,475,10.850000000000001,3,784.1,93.37,31.91,33.01,7.569999999999999
5301,325,8.49,5,490.3,61.980000000000004,21.64,15.889999999999999,3.56
5302,416,24.47,2,847.6,36.78,45.38,55.940000000000005,7.71
5303,638,12.25,4,870.9,130.9,29.57,23.43,5.54
5304,182,6.17,3,201.36,14.25,13.36,10.82,4.49
5305,234,7.28,4,369.28,41.239999999999995,13.83,16.48,3.23
5306,429,7.430000000000001,3,627.0,94.38999999999999,22.98,16.14,4.03
5307,452,11.790000000000001,5,601.5,75.32,25.39,22.0,9.06
5308,53,2.65,1,132.5,5.3,7.95,9.54,1.06
5309,592,9.709999999999999,4,916.22,111.04,43.870000000000005,30.49,8.5
531,681,12.96,5,1052.78,100.32,52.8,45.72,10.57
5310,292,9.44,8,475.22,42.150000000000006,27.21,21.169999999999998,3.1900000000000004
5311,913,50.22,5,1723.4,89.8,135.35,84.94000000000001,8.02
5312,398,16.9,5,607.2,56.07000000000001,43.92999999999999,21.35,4.72
5313,290,6.49,5,415.97,48.839999999999996,22.58,14.19,3.88
5314,313,7.2299999999999995,3,437.1,70.9,15.18,9.8,2.25
5315,476,9.82,3,714.19,91.4,37.06,20.33,3.21
5316,313,13.51,6,509.85,40.150000000000006,35.01,22.35,4.12
5317,248,10.46,7,488.08,21.93,31.71,30.000000000000004,2.47
5318,271,8.35,6,357.75,43.160000000000004,19.27,12.44,3.79
5319,487,14.02,6,851.99,67.48,49.120000000000005,40.769999999999996,7.04
532,492,10.28,5,769.88,77.61,43.01,28.750000000000004,5.4799999999999995
5320,348,8.85,4,458.75,63.019999999999996,21.95,12.1,2.66
5321,562,42.86,4,1294.95,26.119999999999997,104.46,83.21,3.8
5322,269,14.3,5,289.5,17.45,26.15,13.309999999999999,5.359999999999999
5323,461,11.08,8,639.7,80.72999999999999,33.14,18.91,5.34
5324,157,0.35,1,204.1,44.27,4.24,0.47,0.63
5325,591,15.82,7,912.8,107.79,49.07,29.31,6.83
5326,535,11.21,5,879.48,85.97,46.4,35.56,3.11
5327,654,16.05,7,870.13,112.48,42.35,26.46,6.43
5328,420,11.46,5,565.9,82.61,26.18,14.15,3.54
5329,346,9.27,5,481.1,37.59,29.88,21.38,4.380000000000001
533,589,10.5,7,720.68,91.91,33.75,22.849999999999998,6.19
5330,468,18.009999999999998,5,775.5999999999999,66.09,49.71,31.990000000000002,3.5
5331,461,12.42,4,723.51,73.81,44.16,27.240000000000002,6.21
5332,403,11.709999999999999,6,615.2,64.88,32.099999999999994,23.39,4.07
5333,512,11.79,7,806.62,89.09,43.23,28.869999999999997,6.17
5334,461,18.389999999999997,4,636.5500000000001,70.53999999999999,37.68,21.74,3.37
5335,505,9.25,4,552.35,73.0,29.76,15.29,6.6
5336,286,5.7,4,405.97,37.74,21.19,17.95,2.21
5337,760,13.54,6,1042.84,131.96,43.68,35.67,7.17
5338,465,8.84,4,657.1,88.5,31.450000000000003,17.419999999999998,4.04
5339,418,12.16,5,667.0,73.71000000000001,39.33,21.250000000000004,3.06
534,537,10.11,5,822.9,94.78999999999999,38.68,31.889999999999997,7.96
5340,404,14.62,5,696.9,69.1,39.51,28.77,4.970000000000001
5341,309,11.850000000000001,7,481.20000000000005,48.19,30.740000000000002,17.5,3.9
5342,197,5.720000000000001,5,357.48,30.96,20.200000000000003,16.0,2.04
5343,437,13.56,7,697.92,70.25999999999999,38.22,28.7,3.87
5344,217,5.6000000000000005,6,350.97,28.72,20.85,15.86,2.98
5345,403,0.89,1,523.9,113.65,10.88,1.21,1.61
5346,292,13.25,4,564.23,49.16,34.69,25.13,2.38
5347,321,7.220000000000001,4,367.4,45.09,21.85,9.74,3.89
5348,416,11.049999999999999,6,584.9,63.93,35.2,20.79,9.0
5349,491,22.169999999999998,6,663.95,52.629999999999995,48.25,28.82,4.7299999999999995
535,309,5.0200000000000005,5,409.28,53.74,16.11,15.09,4.78
5350,519,17.71,9,737.05,62.96,48.300000000000004,31.270000000000003,9.16
5351,467,12.09,6,749.1,81.34,38.74,27.529999999999998,5.279999999999999
5352,265,8.34,4,390.9,33.39,28.11,14.3,2.0700000000000003
5353,376,6.5,5,509.16,75.96000000000001,23.06,12.77,6.53
5354,498,19.389999999999997,4,777.0,86.82,47.93,26.79,9.34
5355,540,14.07,6,677.95,100.27999999999999,34.29,15.76,9.07
5356,721,17.98,6,1047.17,107.03,57.6,42.62,9.25
5357,499,11.43,7,701.62,78.5,30.209999999999997,30.119999999999997,5.95
5358,312,7.13,5,427.2,64.36,19.75,10.83,5.279999999999999
5359,358,6.84,4,399.15,52.81999999999999,22.34,9.65,4.03
536,360,7.78,5,485.24,53.59,25.689999999999998,18.51,4.08
5360,563,12.84,4,793.23,83.02000000000001,41.05,32.26,5.4799999999999995
5361,708,11.04,6,935.65,133.57,40.76,24.95,10.82
5362,443,16.77,5,768.3,66.57,40.87,37.68,4.58
5363,364,12.71,5,518.8199999999999,51.339999999999996,30.630000000000003,21.569999999999997,4.07
5364,329,8.78,5,456.29999999999995,50.22,23.54,17.38,3.4699999999999998
5365,519,10.84,5,717.4200000000001,78.4,37.269999999999996,26.509999999999998,6.7
5366,271,10.76,4,347.35,35.480000000000004,21.5,12.8,2.29
5367,482,8.17,8,659.5799999999999,93.78,28.060000000000002,17.83,4.04
5368,761,21.83,6,1017.55,142.94,50.55,25.77,7.08
5369,494,8.23,6,622.05,95.71000000000001,26.729999999999997,13.7,4.84
537,388,7.17,4,629.24,67.18,29.44,25.32,3.9599999999999995
5370,554,12.58,6,797.66,71.39,45.06,34.199999999999996,4.8
5371,335,5.76,4,459.4,63.08,18.16,13.6,4.24
5372,719,15.7,7,1111.0,144.9,51.129999999999995,33.7,8.7
5373,518,18.15,6,742.74,66.17,39.06,35.2,5.81
5374,511,10.43,5,829.0500000000001,86.93,44.17,29.710000000000004,3.67
5375,431,8.75,4,511.0,61.23,27.560000000000002,15.549999999999999,3.5
5376,177,13.74,4,314.5,23.62,23.36,14.75,2.0500000000000003
5377,492,23.639999999999997,5,751.0,74.42,54.949999999999996,25.51,6.93
5378,515,16.77,5,514.8,70.19,31.690000000000005,13.600000000000001,8.590000000000002
5379,613,19.01,5,677.2,84.72,38.52,20.0,6.33
538,473,8.530000000000001,6,575.28,65.79,28.490000000000002,22.22,7.130000000000001
5380,425,10.11,5,663.15,71.11,37.93,22.09,3.3600000000000003
5381,506,17.669999999999998,5,819.1,70.61,48.88,36.29,5.84
5382,329,14.77,7,443.2,33.400000000000006,33.43,20.02,5.67
5383,502,16.400000000000002,3,826.3,74.05,57.15,29.43,3.54
5384,449,13.509999999999998,4,611.4,65.9,34.72,21.669999999999998,4.28
5385,487,14.83,5,679.2,54.34,40.77,32.21,3.68
5386,480,14.83,4,975.65,72.82,55.52,49.61,2.54
5387,423,14.1,6,563.44,67.65,28.88,20.37,6.44
5388,330,9.75,7,481.9,49.24,28.75,18.57,4.79
5389,324,13.4,5,525.85,40.31,35.27,23.05,2.92
539,366,5.41,7,432.82,64.09,16.61,12.399999999999999,4.46
5390,520,14.42,7,778.8,96.2,41.06,25.01,5.99
5391,438,14.100000000000001,4,606.45,72.86,32.75,19.12,3.48
5392,593,16.11,7,891.75,114.67,44.58,28.55,6.79
5393,358,13.899999999999999,9,568.7,50.06,34.25,25.24,3.48
5394,637,15.55,4,934.0,140.45,43.129999999999995,21.07,6.9799999999999995
5395,526,9.8,5,654.8499999999999,93.92999999999999,34.42,14.180000000000001,5.630000000000001
5396,402,14.67,4,663.46,69.89999999999999,36.12,25.869999999999997,1.31
5397,450,14.889999999999999,5,634.95,73.59,38.9,20.55,7.61
5398,670,19.19,5,1098.4,97.37,64.89,44.95,6.050000000000001
5399,383,11.38,6,499.65,60.18,26.17,16.32,4.34
540,380,9.03,5,572.04,51.510000000000005,33.95,23.05,4.7
5400,368,8.129999999999999,5,532.4,60.769999999999996,28.14,17.53,2.39
5401,581,26.68,6,814.21,73.67,54.1,34.67,6.71
5402,400,14.11,6,731.6800000000001,58.769999999999996,43.28,34.5,4.87
5403,454,9.92,5,528.7,76.11,22.259999999999998,14.209999999999999,5.97
5404,259,10.86,8,450.69,25.97,32.96,22.62,3.27
5405,320,13.2,4,527.6,44.56,35.36,21.400000000000002,3.69
5406,352,13.22,7,599.98,46.91,36.91,28.79,4.09
5407,447,11.290000000000001,6,637.9000000000001,78.74000000000001,34.13,19.48,7.08
5408,630,17.81,5,938.3,134.20000000000002,46.94,23.44,9.0
5409,498,19.13,3,975.7,47.510000000000005,73.08000000000001,51.42,9.61
541,369,9.58,5,682.02,57.11,41.800000000000004,29.740000000000002,4.42
5410,396,8.11,9,531.73,63.37,25.6,19.56,5.3500000000000005
5411,497,12.0,4,802.3499999999999,78.96,46.150000000000006,30.86,4.59
5412,311,11.52,6,573.2,33.42,42.33,27.19,3.67
5413,368,12.14,6,573.6500000000001,53.800000000000004,35.37,22.46,3.83
5414,466,17.349999999999998,5,713.95,53.349999999999994,47.59,32.019999999999996,3.84
5415,323,13.27,5,565.71,42.82,37.27,25.63,3.24
5416,333,9.92,5,540.3,48.21,36.69,21.009999999999998,6.3
5417,961,23.21,7,1414.23,157.89999999999998,68.81,55.35,8.04
5418,554,10.360000000000001,5,614.8,86.96000000000001,31.73,13.740000000000002,4.99
5419,527,16.47,5,822.1,99.14,48.42,24.34,6.210000000000001
542,335,5.87,7,476.53999999999996,48.76,21.29,21.39,5.97
5420,614,15.520000000000001,5,927.0,131.76999999999998,44.769999999999996,25.77,10.85
5421,697,22.830000000000002,7,888.35,111.71000000000001,55.32,24.42,9.55
5422,341,3.3499999999999996,3,357.90000000000003,72.89,10.89,2.42,4.18
5423,414,5.59,3,531.4,79.88,22.5,11.600000000000001,1.9300000000000002
5424,499,11.540000000000001,8,695.77,71.56,36.49,28.249999999999996,5.45
5425,152,5.6,3,181.85,6.4,14.91,9.98,1.86
5426,199,8.95,4,307.9,22.57,21.48,13.71,0.84
5427,409,14.989999999999998,5,619.0,64.6,38.63,22.11,3.98
5428,276,5.76,5,324.08,38.05,15.03,12.540000000000001,2.55
5429,346,12.37,7,577.23,52.839999999999996,35.74,23.8,4.04
543,331,9.32,7,495.6,39.79,31.36,24.3,4.19
5430,250,6.68,5,301.85,40.260000000000005,14.46,9.61,2.84
5431,704,15.57,5,1150.29,108.4,59.510000000000005,49.989999999999995,6.27
5432,392,14.84,6,540.85,58.19,30.91,21.21,5.91
5433,508,5.82,4,507.79999999999995,95.24,16.47,5.59,5.02
5434,306,10.76,5,380.2,39.14,25.85,12.61,3.18
5435,290,11.129999999999999,5,498.7,44.620000000000005,31.26,20.009999999999998,1.8800000000000001
5436,613,14.91,6,922.05,109.81,44.93,30.59,5.84
5437,212,13.639999999999999,4,409.9,7.359999999999999,34.010000000000005,26.21,0.59
5438,490,10.95,4,734.95,83.86999999999999,39.4,24.21,3.76
5439,228,13.690000000000001,5,422.7,14.94,34.92,23.33,3.06
544,667,9.989999999999998,4,1132.4,126.92,52.260000000000005,44.55,9.56
5440,131,5.05,4,202.13,7.680000000000001,14.56,11.95,2.2600000000000002
5441,261,16.68,5,371.0,17.56,33.28,19.04,5.4399999999999995
5442,496,5.9399999999999995,4,577.0,106.45,17.58,9.53,8.43
5443,272,16.150000000000002,7,508.08000000000004,34.230000000000004,36.81,24.029999999999998,1.8599999999999999
5444,299,6.9799999999999995,5,460.1,39.39,25.41,20.73,2.31
5445,548,17.560000000000002,6,734.8499999999999,105.16,38.519999999999996,17.88,7.05
5446,375,6.8,4,573.58,62.81,27.04,22.15,2.59
5447,372,17.65,5,561.3,52.43000000000001,42.64,20.41,7.61
5448,373,10.190000000000001,5,600.14,72.38,30.7,20.13,3.9400000000000004
5449,656,10.84,4,886.4200000000001,113.4,38.48,29.59,4.42
545,252,7.680000000000001,2,200.34,8.969999999999999,18.06,9.99,2.82
5450,451,9.83,6,636.3,76.84,33.34,20.02,5.64
5451,442,19.1,5,713.1,71.92,42.68,28.47,6.69
5452,392,7.94,4,544.73,65.17,27.269999999999996,19.68,6.13
5453,364,4.91,3,374.35,72.46000000000001,14.74,3.6,7.65
5454,483,11.25,5,598.7,64.58,32.5,22.86,5.35
5455,458,19.45,7,688.4,62.11,45.06,27.42,4.11
5456,491,10.09,4,671.2,89.89,37.61,15.92,7.27
5457,433,10.65,6,643.38,65.25,33.81,27.55,7.210000000000001
5458,556,18.42,6,787.59,79.89,44.72,31.36,5.45
5459,447,14.03,6,633.65,79.63,35.379999999999995,19.259999999999998,7.51
546,400,8.94,8,680.72,63.66,34.78,30.849999999999998,5.19
5460,369,7.8999999999999995,5,481.1,57.39,26.79,15.36,6.1
5461,430,8.620000000000001,4,738.8,82.67,36.13,27.15,3.3
5462,409,9.66,6,455.04999999999995,70.91,22.71,9.59,6.99
5463,351,11.76,6,578.3,48.87,36.7,24.2,3.25
5464,277,10.2,5,433.35,37.94,27.6,17.63,1.61
5465,512,21.37,4,722.2,85.28,51.49,20.54,10.52
5466,482,10.379999999999999,5,805.62,86.18,43.25,29.27,5.41
5467,411,16.63,5,744.78,50.17,49.72,36.38,3.74
5468,374,7.42,5,612.62,67.87,31.43,22.51,4.819999999999999
5469,490,13.78,5,747.7,79.55000000000001,41.72,26.33,3.0599999999999996
547,241,5.06,5,403.0,39.260000000000005,20.75,18.29,4.8
5470,462,11.58,5,626.65,86.32000000000001,29.919999999999998,16.58,4.29
5471,531,13.52,6,802.6,89.4,44.9,27.520000000000003,7.1499999999999995
5472,391,24.54,6,761.32,37.45,57.0,41.06,3.2800000000000002
5473,316,9.8,4,326.7,47.38,17.080000000000002,7.7,1.98
5474,379,4.53,4,399.4,67.3,14.98,6.74,4.08
5475,629,22.94,5,936.9,108.16999999999999,59.49,28.2,8.29
5476,385,10.180000000000001,5,431.7,66.56,18.38,10.2,3.58
5477,366,11.53,5,467.15,66.57,27.82,10.61,6.91
5478,607,8.51,4,830.0,128.81,32.839999999999996,17.88,6.58
5479,335,11.24,5,519.3299999999999,60.349999999999994,31.72,17.71,7.56
548,372,4.9799999999999995,4,492.78000000000003,65.0,17.15,17.33,5.36
5480,279,12.37,6,418.75,39.9,29.439999999999998,15.47,3.96
5481,240,16.22,5,418.0,21.2,35.519999999999996,21.36,4.42
5482,672,17.73,7,933.95,101.81,52.42,32.4,7.44
5483,347,11.28,5,603.56,53.25,35.15,25.91,4.07
5484,303,0.67,1,393.9,85.45,8.18,0.91,1.21
5485,566,13.77,10,837.57,101.44,41.63,27.46,5.23
5486,513,17.98,5,853.76,84.73,50.12,32.309999999999995,3.46
5487,460,10.85,7,703.9,77.87,38.690000000000005,24.11,5.36
5488,489,9.270000000000001,5,686.06,91.71,29.900000000000002,21.32,6.9399999999999995
5489,612,13.89,9,844.56,120.85,38.91,22.05,6.99
549,492,8.19,5,558.94,83.14,26.64,12.61,3.64
5490,401,10.0,5,600.9300000000001,58.6,33.870000000000005,24.72,3.55
5491,445,16.150000000000002,8,668.97,67.55000000000001,42.54,25.349999999999998,8.790000000000001
5492,271,8.219999999999999,4,367.8,51.83,18.16,10.9,6.43
5493,353,14.54,6,410.35,32.03,30.72,17.840000000000003,3.88
5494,879,27.330000000000002,3,1383.2,179.68,69.74,39.44,5.699999999999999
5495,267,7.1000000000000005,5,380.32,42.45,24.26,11.75,3.85
5496,351,10.97,6,591.8,57.43,32.419999999999995,23.990000000000002,3.2
5497,486,14.899999999999999,7,756.25,84.97,42.4,25.5,4.68
5498,328,9.95,5,547.79,40.11,35.39,25.360000000000003,2.69
5499,432,12.620000000000001,5,777.69,66.3,44.71,35.0,3.7300000000000004
550,485,9.39,5,581.76,64.48,33.24,20.57,6.04
5500,618,22.909999999999997,8,907.5699999999999,88.25,57.71,35.08,8.27
5501,461,12.35,6,709.3,86.42,37.97,22.17,5.08
5502,315,13.96,4,409.85,47.480000000000004,22.56,14.76,3.49
5503,424,17.28,6,575.05,57.0,40.95,19.419999999999998,6.16
5504,612,20.69,4,930.88,107.17,50.96000000000001,31.41,5.48
5505,316,11.05,3,522.4,43.410000000000004,37.809999999999995,19.35,2.4
5506,577,16.45,5,807.95,107.92999999999999,39.120000000000005,24.740000000000002,6.6
5507,506,12.44,7,715.34,96.94999999999999,38.13,18.71,7.390000000000001
5508,619,14.65,6,866.1500000000001,127.51,40.36,20.49,7.22
5509,537,14.75,5,769.7,100.17,38.83,22.11,5.01
551,523,9.709999999999999,4,769.02,85.67,36.1,29.09,5.82
5510,449,12.59,4,832.8,74.63,49.010000000000005,35.5,4.43
5511,333,10.09,4,608.2,52.89,33.68,28.92,6.01
5512,435,9.65,5,606.24,94.34,27.479999999999997,13.0,5.890000000000001
5513,866,19.04,6,1061.55,149.66,60.900000000000006,22.96,13.76
5514,442,14.84,5,694.1,61.76,42.11,29.09,4.62
5515,501,18.16,6,738.2,72.44,49.06,28.19,10.82
5516,545,19.13,8,906.57,93.00999999999999,50.52,37.6,6.28
5517,492,12.370000000000001,5,645.65,72.00999999999999,33.99,22.779999999999998,5.78
5518,471,14.57,7,786.48,85.06,41.519999999999996,30.09,4.72
5519,261,10.280000000000001,6,472.18,33.43,31.24,21.97,2.6
552,428,9.96,6,707.4,56.74,38.01,34.809999999999995,5.79
5520,400,15.129999999999999,6,578.8,55.72,33.910000000000004,23.55,3.91
5521,322,16.13,6,477.31,36.66,36.52,20.259999999999998,4.26
5522,549,13.780000000000001,7,751.7,106.64,35.31,19.61,6.32
5523,465,8.58,4,684.1,94.00999999999999,31.43,19.41,7.25
5524,397,9.94,4,622.63,64.54,32.32,25.61,5.12
5525,433,10.08,4,730.0999999999999,72.68,42.14,27.450000000000003,5.76
5526,542,10.700000000000001,4,841.3,99.84,36.86,29.57,4.98
5527,565,13.24,4,932.5,92.07,47.11,37.72,5.41
5528,715,14.59,5,1029.5,117.33000000000001,53.39,34.36,6.859999999999999
5529,442,9.28,5,611.85,74.03999999999999,32.7,18.86,6.11
553,400,7.51,6,634.9200000000001,73.05,29.27,24.43,4.720000000000001
5530,200,15.57,4,468.5,13.09,39.22,27.32,1.35
5531,700,15.4,6,932.1500000000001,140.72,45.0,20.69,10.82
5532,358,0.79,1,465.4,100.96,9.67,1.07,1.43
5533,427,14.4,5,654.9200000000001,67.09,33.64,27.63,3.36
5534,96,9.87,2,185.4,8.64,17.4,9.9,2.1
5535,341,12.42,4,525.8,61.16,31.49,17.41,6.31
5536,511,14.39,5,893.4,91.19,49.46,37.36,9.469999999999999
5537,487,17.62,5,715.8499999999999,82.81,42.989999999999995,23.25,5.37
5538,600,11.12,4,854.75,105.34,40.22,27.990000000000002,4.19
5539,362,6.93,4,543.9,71.91,25.24,16.3,5.08
554,353,7.5200000000000005,5,474.15999999999997,51.09,24.23,18.12,4.42
5540,364,16.51,4,548.7,63.989999999999995,30.400000000000002,19.990000000000002,5.640000000000001
5541,174,8.27,1,464.58,5.22,31.32,34.8,0.0
5542,493,11.68,6,590.01,89.49,29.25,13.49,9.54
5543,345,11.07,3,495.0,36.03,33.64,21.8,3.29
5544,688,22.42,5,914.1,109.64,54.52,28.21,9.879999999999999
5545,445,9.33,6,709.7,87.27,34.89,23.89,7.29
5546,330,13.41,3,598.4,38.5,36.3,31.68,5.390000000000001
5547,359,9.84,5,463.46000000000004,39.44,26.28,23.09,6.67
5548,531,15.33,8,867.04,102.76,49.14,28.25,5.94
5549,328,11.219999999999999,2,412.8,28.54,22.04,25.49,6.34
555,484,8.65,5,597.58,71.39,32.5,19.47,5.4799999999999995
5550,296,8.53,6,502.05,48.6,25.580000000000002,22.3,4.49
5551,981,17.41,7,1610.36,190.45,78.96,58.65,14.32
5552,458,5.06,4,612.54,92.17,26.38,15.090000000000002,4.53
5553,341,6.9399999999999995,4,511.8,58.93000000000001,29.23,17.52,5.41
5554,555,13.129999999999999,6,806.72,91.63999999999999,44.93,28.3,4.609999999999999
5555,544,20.66,4,932.76,27.02,78.09,55.68,3.61
5556,395,5.7299999999999995,7,592.3,81.11,27.55,16.669999999999998,3.87
5557,561,10.9,4,812.9,80.13,52.2,31.400000000000002,5.05
5558,626,16.259999999999998,9,1069.1,121.36999999999999,51.49,42.480000000000004,9.65
5559,726,13.97,7,1108.42,129.05,64.14,37.86,9.16
556,317,6.16,5,534.74,56.95,26.189999999999998,22.25,5.29
5560,554,12.62,4,787.7,67.65,49.480000000000004,36.44,9.2
5561,501,10.34,4,944.0,92.89,44.35,45.12,13.02
5562,490,12.97,6,775.8,96.68,36.08,27.95,6.32
5563,486,13.469999999999999,7,992.35,80.97,53.37,50.24,9.6
5564,389,13.39,7,670.27,46.04,50.769999999999996,31.07,5.45
5565,507,11.64,6,738.5899999999999,85.5,39.18,26.63,5.32
5566,355,9.39,4,649.96,43.06,40.35,33.120000000000005,2.97
5567,569,16.61,7,1121.54,93.38999999999999,66.31,52.8,11.01
5568,350,9.58,8,551.54,54.99,36.72,20.46,4.62
5569,385,9.8,5,564.38,49.989999999999995,35.32,24.25,4.54
557,427,9.64,4,655.54,77.55,34.65,21.82,4.46
5570,582,20.48,9,1049.21,82.26,78.74,44.089999999999996,7.07
5571,460,11.26,6,638.42,68.41,45.08,21.1,6.05
5572,496,11.67,5,936.2,105.83000000000001,48.32,34.33,5.27
5573,574,12.34,5,1016.8000000000001,131.8,43.05,36.04,10.97
5574,434,10.120000000000001,8,791.5500000000001,87.83,41.75,29.580000000000002,5.38
5575,238,9.46,9,465.68,47.47,30.12,17.37,2.8899999999999997
5576,554,14.56,6,822.27,84.64,62.03,25.130000000000003,3.0
5577,258,5.78,5,329.44,41.33,20.18,9.52,4.08
5578,498,10.91,5,790.8,89.36,46.82,26.3,2.88
5579,467,6.1,5,680.72,90.24,29.32,21.87,6.050000000000001
558,323,8.66,4,374.91999999999996,26.68,23.91,20.18,5.07
5580,503,10.32,4,1062.9,128.47,44.7,41.160000000000004,10.26
5581,695,13.879999999999999,5,920.74,122.46000000000001,53.900000000000006,23.24,5.970000000000001
5582,572,11.219999999999999,5,1022.9,113.4,54.08,38.04,7.53
5583,486,10.969999999999999,8,718.79,80.35,47.74,22.32,5.0200000000000005
5584,516,11.87,7,962.56,89.28999999999999,55.23,41.96,8.81
5585,519,8.56,6,858.8,99.05000000000001,35.8,34.84,8.84
5586,580,13.48,5,1084.4,104.27,61.66,44.74,6.779999999999999
5587,901,19.86,8,1450.58,172.64,74.19,50.39,10.18
5588,340,6.659999999999999,4,591.9,57.41,33.22,25.32,4.91
5589,667,15.03,5,938.4,93.28,58.66,36.510000000000005,7.43
559,387,8.0,5,497.34000000000003,62.31,23.23,16.62,5.51
5590,571,11.67,4,822.7,80.05,45.19,36.4,8.23
5591,282,5.12,5,531.1,70.64,22.23,17.669999999999998,5.3999999999999995
5592,469,7.640000000000001,5,740.76,84.66,34.69,28.3,5.65
5593,1311,27.72,8,2218.9700000000003,314.26,93.11,64.53,13.52
5594,892,15.200000000000001,4,1289.8,177.12,58.449999999999996,36.839999999999996,8.69
5595,382,9.09,4,595.44,74.7,26.09,22.44,5.5600000000000005
5596,335,4.7700000000000005,4,507.94,56.03,23.15,20.9,4.65
5597,344,8.26,4,577.6,57.54,32.17,22.67,3.9099999999999997
5598,437,9.57,4,563.06,73.46000000000001,29.05,17.57,3.46
5599,365,7.21,6,790.1,88.8,34.9,32.33,6.789999999999999
560,705,12.3,5,817.26,104.0,39.2,26.61,8.82
5600,434,8.1,4,694.7,78.96000000000001,34.32,26.01,7.44
5601,485,10.19,6,999.25,130.69,38.75,34.86,8.09
5602,976,9.54,4,1381.5,252.39999999999998,41.42,21.14,9.14
5603,526,11.03,6,1186.9,145.92000000000002,43.22,47.06,10.21
5604,522,12.379999999999999,7,951.0999999999999,87.11,49.0,45.11,9.62
5605,287,7.7,7,454.94,43.760000000000005,28.79,17.54,2.99
5606,585,9.66,5,956.8,141.32999999999998,38.849999999999994,25.95,6.91
5607,551,6.69,3,835.0999999999999,101.53,31.92,32.98,9.15
5608,521,10.57,6,934.4,95.93,44.7,41.67,9.94
5609,305,7.710000000000001,5,629.1,55.0,37.43,28.54,5.73
561,509,11.63,6,797.72,82.48,42.87,30.42,5.1
5610,242,6.89,7,436.52,31.79,31.48,20.31,3.37
5611,375,5.91,3,531.8,86.31,20.49,11.09,3.77
5612,768,23.85,9,1067.15,110.44,74.66,36.730000000000004,7.93
5613,672,9.96,4,1189.4,148.15,51.519999999999996,41.55,8.120000000000001
5614,270,6.14,4,395.48,49.36,21.78,12.63,2.98
5615,393,12.64,5,690.5600000000001,28.17,54.13,40.83,5.300000000000001
5616,532,14.78,11,920.72,94.5,50.99,39.28,10.620000000000001
5617,525,8.68,7,745.2,103.79,39.43,18.68,5.12
5618,578,17.93,6,1083.32,79.0,72.57,55.1,12.07
5619,562,11.200000000000001,4,1077.1,109.67,51.65,47.65,9.23
562,438,8.91,5,705.5799999999999,82.11,38.23,22.630000000000003,1.76
5620,467,11.23,4,858.0,102.09,40.91,29.96,5.0600000000000005
5621,535,11.98,6,739.06,94.41,35.82,25.6,6.93
5622,487,8.620000000000001,5,723.5,94.89000000000001,31.18,24.360000000000003,5.93
5623,279,8.89,4,401.93,21.509999999999998,27.08,23.94,6.199999999999999
5624,411,11.76,8,609.87,65.55,36.32,23.189999999999998,6.0600000000000005
5625,703,12.27,5,953.1400000000001,143.76999999999998,48.46,19.71,5.37
5626,444,10.19,5,624.1,65.55,33.65,24.71,4.38
5627,522,12.07,5,818.2,90.77000000000001,50.870000000000005,26.64,3.55
5628,269,8.11,4,390.8,16.33,30.080000000000002,23.76,4.02
5629,641,8.719999999999999,5,943.3,128.87,39.47,29.96,8.32
563,419,9.530000000000001,8,736.1400000000001,65.97999999999999,40.54,32.75,5.41
5630,461,9.61,5,987.6500000000001,115.99,41.74,39.03,7.72
5631,454,9.28,4,800.75,126.81,22.84,22.549999999999997,6.46
5632,548,11.3,4,1054.7,98.75,58.96,46.43,8.03
5633,487,7.31,4,992.9000000000001,121.6,37.24,40.269999999999996,11.709999999999999
5634,422,7.61,6,764.46,95.42,33.9,26.919999999999998,6.07
5635,379,10.65,6,686.3,60.55,40.839999999999996,30.52,6.01
5636,464,8.19,6,767.5,98.62,31.97,27.14,7.7
5637,537,9.200000000000001,5,851.8,129.3,31.15,24.07,8.15
5638,518,14.62,8,1028.81,90.39,64.29,44.29,6.869999999999999
5639,250,6.33,5,444.75,57.71,20.869999999999997,14.370000000000001,3.43
564,570,9.92,6,742.5799999999999,100.02000000000001,35.24,21.77,4.71
5640,354,9.82,7,615.87,65.24,34.42,24.060000000000002,6.16
5641,354,10.34,8,643.4200000000001,54.07,40.64,29.259999999999998,4.79
5642,498,11.69,9,733.94,85.81,48.8,21.29,5.0
5643,679,12.370000000000001,7,989.88,110.63,53.08,37.160000000000004,9.36
5644,533,11.88,6,742.4000000000001,88.42,51.58,19.349999999999998,3.93
5645,562,10.94,5,1198.02,169.74,43.839999999999996,37.690000000000005,8.77
5646,407,10.97,5,569.88,60.67,42.14,17.32,3.96
5647,415,9.03,4,623.5,57.87,37.14,26.909999999999997,4.5
5648,369,8.36,4,532.3,50.26,33.53,21.849999999999998,4.45
5649,322,9.52,5,429.91,35.6,30.560000000000002,18.54,3.19
565,419,9.22,5,688.0,68.35,37.74,28.080000000000002,3.81
5650,324,9.51,4,721.2,59.75,41.26,33.59,5.53
5651,401,8.99,5,729.8,72.72,39.42,31.31,6.69
5652,549,12.52,4,810.5899999999999,112.28999999999999,52.96,15.58,3.8200000000000003
5653,470,8.36,6,766.6,95.14,33.49,28.1,8.59
5654,436,11.12,8,707.3299999999999,72.33,42.21,27.89,7.41
5655,642,12.950000000000001,8,1058.75,133.39,50.65,34.61,5.95
5656,398,6.21,4,672.74,81.59,28.439999999999998,26.119999999999997,6.3
5657,434,5.25,3,733.9,93.15,27.3,28.98,10.19
5658,469,9.71,7,745.8599999999999,89.54,37.53,26.02,5.85
5659,441,13.0,8,722.54,63.419999999999995,46.45,30.98,3.91
566,348,6.83,4,645.5,58.730000000000004,34.54,28.64,5.38
5660,347,12.91,6,684.44,40.95,49.69,36.66,6.82
5661,412,9.620000000000001,6,675.9,84.69,32.58,23.02,5.779999999999999
5662,504,9.91,6,919.3,85.83,47.44,42.15,8.8
5663,330,10.0,6,496.20000000000005,43.879999999999995,29.549999999999997,23.85,6.26
5664,466,12.27,4,620.51,73.51,49.03,14.08,4.34
5665,494,13.33,5,1082.25,100.56,54.89,49.78,9.120000000000001
5666,632,15.06,6,791.44,96.37,51.02,22.63,6.68
5667,380,6.66,4,644.22,73.75999999999999,26.38,27.66,6.86
5668,602,10.78,4,1071.8,139.64999999999998,51.28,33.36,8.790000000000001
5669,373,8.33,4,480.52,53.99,32.51,16.06,4.27
567,599,7.58,4,804.96,129.59,28.14,17.43,6.05
5670,455,9.3,4,767.5,86.23,34.32,32.0,8.56
5671,476,12.65,7,786.1800000000001,86.07000000000001,44.05,30.21,6.37
5672,491,12.62,7,770.77,92.16,45.68,25.19,6.7
5673,489,8.0,4,1028.8,112.01,46.29,43.660000000000004,9.82
5674,526,10.309999999999999,6,972.7,105.83000000000001,45.61,38.93,7.72
5675,334,8.08,6,533.6,51.5,27.75,24.82,6.08
5676,411,13.89,7,788.7,51.49,50.09,41.37,5.65
5677,358,11.620000000000001,12,644.68,61.92,41.52,25.6,4.9399999999999995
5678,513,13.020000000000001,6,893.8,97.59,49.97,33.92,6.27
5679,263,7.72,6,486.7,30.840000000000003,32.41,24.860000000000003,3.39
568,440,8.459999999999999,7,632.7,76.63,31.09,22.69,4.66
5680,726,15.709999999999999,5,1300.0,153.65,65.81,45.83,8.7
5681,348,9.459999999999999,6,615.28,50.93,34.76,29.71,4.92
5682,635,11.39,6,1041.6999999999998,120.29,55.33,37.36,7.2
5683,370,9.42,6,686.0999999999999,56.45,42.14,31.29,3.63
5684,611,11.26,7,935.04,117.63999999999999,46.28,31.61,9.370000000000001
5685,320,10.26,7,552.73,43.24,39.86,23.9,4.97
5686,509,16.35,5,944.39,91.52,60.39,33.839999999999996,1.92
5687,537,16.58,6,881.3,91.02,51.019999999999996,33.07,3.9
5688,392,11.17,4,562.9,63.2,35.9,18.79,5.18
5689,575,10.94,6,954.7,109.87,43.58,37.09,8.93
569,381,5.69,3,386.6,65.89,14.51,6.22,4.32
5690,556,10.42,4,1086.7,100.88,45.91,54.74,11.0
5691,321,8.59,5,554.0,55.11,34.18,22.59,6.16
5692,287,10.15,6,464.6,36.42,34.76,19.75,3.84
5693,722,13.989999999999998,5,1286.3,141.76,60.27,52.160000000000004,12.370000000000001
5694,633,12.65,6,995.96,118.50999999999999,49.7,36.96,9.88
5695,567,11.36,5,897.1500000000001,138.31,35.97,22.57,6.82
5696,638,14.53,8,1121.46,103.30000000000001,65.28999999999999,48.44,7.37
5697,605,12.64,6,1113.6,130.15,55.230000000000004,37.98,3.96
5698,450,10.7,5,661.6,75.66,39.63,22.5,7.63
5699,355,7.99,4,457.04,51.28,31.869999999999997,14.74,3.42
570,565,9.8,5,912.4,100.63,46.25,35.33,5.97
5700,473,11.98,5,807.1,96.38,37.83,28.75,5.14
5701,251,5.64,4,419.1,63.08,12.76,12.88,3.65
5702,671,19.97,6,907.84,92.3,67.62,30.55,5.949999999999999
5703,431,8.25,6,725.16,76.87,39.01,28.06,4.800000000000001
5704,515,11.73,4,656.65,88.88000000000001,48.07,11.790000000000001,1.7199999999999998
5705,429,4.03,2,536.0999999999999,82.32,16.98,16.84,9.06
5706,470,12.06,7,821.44,77.9,51.86,33.9,7.36
5707,435,8.1,7,591.72,74.25,30.53,19.66,5.99
5708,803,20.74,7,1631.1,164.47,75.64,73.75999999999999,15.62
5709,461,12.24,8,973.34,79.84,54.57,49.16,12.8
571,299,6.220000000000001,5,453.6,44.91,27.32,17.45,2.36
5710,556,23.88,7,1174.8200000000002,59.65,83.64,67.48,9.11
5711,342,12.74,7,697.1,56.8,45.86,30.64,3.4
5712,812,23.86,6,1463.29,139.48,93.76,55.959999999999994,10.48
5713,336,7.05,6,593.78,57.32,31.06,26.53,4.86
5714,513,11.31,6,888.3,89.03,49.17,37.4,7.4399999999999995
5715,335,6.680000000000001,5,672.3,77.46000000000001,28.51,28.200000000000003,7.99
5716,547,12.62,6,943.11,102.69,52.08,33.92,5.22
5717,513,9.12,5,943.06,95.66999999999999,43.89,42.77,8.87
5718,503,10.33,7,989.85,112.38,45.62,38.440000000000005,7.510000000000001
5719,497,16.68,8,1095.36,86.01,61.11,55.57000000000001,8.86
572,238,3.2800000000000002,4,298.38,46.44,10.51,8.08,2.99
5720,413,6.62,3,687.9,103.91,29.47,15.97,2.73
5721,480,9.59,6,724.45,81.17999999999999,37.72,27.23,8.040000000000001
5722,287,8.23,5,611.22,54.72,34.33,27.31,3.4399999999999995
5723,302,8.959999999999999,7,527.09,47.2,36.88,21.79,4.8
5724,350,8.84,5,540.7,48.03,34.62,23.4,5.57
5725,385,7.550000000000001,5,492.5,63.59,29.130000000000003,13.97,3.83
5726,295,5.16,4,505.9,71.78,20.21,15.07,4.22
5727,476,9.17,5,832.8,80.7,46.75,36.089999999999996,7.23
5728,398,8.59,6,822.65,116.14,29.54,26.349999999999998,6.83
5729,247,5.53,6,438.98,48.14,21.09,18.37,4.9
573,310,6.63,7,408.12,43.58,23.13,14.149999999999999,3.05
5730,264,8.58,4,590.9,30.5,38.980000000000004,34.68,5.75
5731,357,6.64,6,580.69,72.69,25.12,21.74,6.77
5732,381,9.25,5,493.4,53.98,33.99,16.76,3.8800000000000003
5733,398,11.34,4,730.4,71.91,38.129999999999995,29.95,3.14
5734,300,7.66,5,478.58000000000004,44.629999999999995,30.759999999999998,18.490000000000002,3.01
5735,454,6.0200000000000005,4,830.2,95.67,32.97,34.18,7.83
5736,371,9.07,5,738.4,70.61,39.980000000000004,32.43,6.37
5737,293,6.35,3,611.7,66.85,31.18,24.38,5.14
5738,556,8.8,5,998.8,127.47999999999999,36.67,38.98,12.02
5739,379,11.39,4,739.2,41.63,48.21,43.32,9.43
574,652,13.51,6,1047.44,116.8,52.78,37.92,6.25
5740,326,6.73,5,471.56,61.65,22.32,15.71,5.26
5741,538,8.87,5,920.5799999999999,90.97,45.160000000000004,41.34,8.2
5742,529,13.48,8,1087.3400000000001,93.59,60.24,52.23,11.27
5743,613,17.41,6,1178.2,113.21000000000001,69.79,49.01,9.15
5744,515,13.05,7,947.18,104.93,53.12,34.97,6.0
5745,685,14.71,5,1358.41,160.98000000000002,65.46000000000001,49.8,8.629999999999999
5746,396,5.94,5,670.0,100.02,26.240000000000002,18.16,5.39
5747,490,14.38,6,1018.26,87.94,62.06,45.54,9.91
5748,401,10.65,7,785.3499999999999,76.05000000000001,44.09,33.71,6.31
5749,764,16.080000000000002,4,1307.96,151.29,74.67999999999999,45.04,8.51
575,491,10.07,5,826.3,87.02,45.11,30.79,5.59
5750,355,10.05,7,699.1,52.87,41.66,35.019999999999996,5.71
5751,319,9.73,7,660.8,74.0,32.4,25.799999999999997,4.82
5752,418,9.62,6,683.5,70.66,40.51,25.11,4.87
5753,466,9.879999999999999,4,679.3,76.75,42.59,22.2,3.9
5754,466,9.07,6,749.85,99.60000000000001,30.310000000000002,26.099999999999998,7.41
5755,409,9.87,8,784.0,66.22,45.26,36.99,6.2
5756,311,8.0,5,347.87,38.18,21.07,12.719999999999999,3.62
5757,460,11.99,6,782.14,75.85,52.410000000000004,29.44,5.279999999999999
5758,513,13.12,4,569.7,71.96000000000001,37.43,14.08,4.96
5759,501,12.809999999999999,7,842.24,69.94,56.72,37.88,7.4
576,539,9.53,6,823.52,103.12,39.97,26.4,3.5799999999999996
5760,437,8.07,5,640.4,78.46,30.259999999999998,22.49,4.94
5761,384,9.33,8,785.0,91.61,33.48,31.560000000000002,8.25
5762,458,12.700000000000001,7,804.5,98.64,42.1,25.77,4.41
5763,464,10.85,5,752.8,94.58000000000001,38.56,23.689999999999998,4.4799999999999995
5764,405,11.77,7,751.88,45.57,52.93,38.85,5.47
5765,282,11.17,6,522.9,31.51,42.15,24.93,3.5
5766,658,14.71,6,962.0,105.7,59.28,33.02,6.91
5767,418,8.45,5,684.8,59.989999999999995,41.96,29.5,3.0
5768,361,5.77,5,515.95,67.26,21.14,18.0,6.7
5769,445,7.840000000000001,4,585.15,67.11,32.0,20.36,5.359999999999999
577,768,21.81,4,1468.7,89.6,102.02,72.04,5.1499999999999995
5770,555,9.74,5,949.95,120.86000000000001,45.04,30.220000000000002,5.75
5771,656,11.71,6,1146.04,115.53,59.870000000000005,48.57,9.11
5772,427,10.49,6,776.5,73.62,42.58,34.370000000000005,7.87
5773,517,9.41,5,965.1,111.32,41.68,38.86,10.23
5774,711,14.61,5,869.48,116.22,52.959999999999994,21.11,5.17
5775,521,8.95,3,850.4,114.2,42.989999999999995,22.830000000000002,2.51
5776,482,9.79,6,639.4,96.22,31.009999999999998,13.29,4.11
5777,524,7.45,7,792.5699999999999,112.24000000000001,29.37,25.240000000000002,8.15
5778,577,17.169999999999998,6,1194.98,80.11,77.78,60.26,6.840000000000001
5779,577,11.75,9,857.05,117.68,39.8,24.93,8.32
578,508,10.56,6,909.9,98.58,47.03,34.6,4.49
5780,454,13.15,6,867.72,72.19,54.66,38.68,5.15
5781,584,10.33,6,962.1099999999999,148.16,37.58,24.15,8.19
5782,309,12.34,9,496.73,21.009999999999998,43.08,26.64,4.33
5783,605,12.08,4,811.4,111.88,38.86,21.02,6.03
5784,735,11.08,6,1075.4499999999998,133.3,47.510000000000005,38.84,12.61
5785,718,10.65,6,1323.46,172.32999999999998,53.71,45.35,9.67
5786,329,0.72,1,427.7,92.78,8.88,0.99,1.32
5787,416,10.6,4,583.4,54.94,41.29,21.19,4.489999999999999
5788,460,15.32,7,820.5,85.22,48.54,30.75,6.99
5789,586,12.8,6,869.64,109.23,52.11,23.18,3.59
579,525,10.08,5,631.82,72.9,35.69,21.95,5.529999999999999
5790,300,10.29,4,626.97,45.18,41.68,31.85,9.74
5791,281,7.17,2,793.2,52.230000000000004,38.97,47.4,9.120000000000001
5792,468,9.93,5,640.25,67.8,36.6,23.4,4.63
5793,455,9.35,5,910.6,74.07,46.839999999999996,46.94,9.059999999999999
5794,296,6.6,5,438.5,45.300000000000004,23.48,17.48,4.58
5795,724,16.759999999999998,8,857.54,103.2,49.38,26.9,9.08
5796,412,8.36,7,822.28,81.74,37.44,38.18,8.48
5797,535,7.17,7,818.09,115.01,30.4,24.96,6.87
5798,468,12.09,8,803.47,84.06,42.589999999999996,32.09,5.83
5799,306,7.17,5,472.08,48.42,29.48,18.31,4.3500000000000005
580,603,12.14,4,1031.1,105.57000000000001,55.71,40.34,3.63
5800,224,8.86,3,384.1,32.809999999999995,26.049999999999997,16.96,5.21
5801,586,10.4,4,1111.8,116.71,55.75,46.44,9.61
5802,333,8.76,6,605.5,73.64,28.9,21.869999999999997,6.97
5803,405,11.17,6,688.3,72.6,43.02,24.2,2.88
5804,534,10.569999999999999,5,1009.9,109.9,48.5,40.690000000000005,9.64
5805,771,18.14,8,1257.23,135.36,63.47,50.59,12.69
5806,374,9.57,4,609.6,62.29,37.86,22.42,4.56
5807,536,8.52,4,947.1,131.44,34.56,32.449999999999996,11.16
5808,542,7.550000000000001,4,964.2,113.28999999999999,42.12,36.03,6.08
5809,478,7.3500000000000005,4,682.9,95.35000000000001,31.65,18.91,4.869999999999999
581,394,6.97,5,546.38,69.47,26.66,17.03,4.63
5810,673,20.45,5,1310.4,110.94999999999999,88.17999999999999,55.56,6.36
5811,327,10.0,3,590.6,43.99,37.49,30.77,11.27
5812,528,13.209999999999999,8,994.0,91.97,50.27,46.49,11.25
5813,421,10.959999999999999,6,583.75,72.07,35.39,17.54,5.0600000000000005
5814,618,14.469999999999999,4,1132.9,117.04,60.02,42.980000000000004,4.51
5815,639,15.540000000000001,4,1148.1,93.74,62.63,54.18,6.4399999999999995
5816,621,11.13,5,1126.2,108.77,51.339999999999996,52.74,11.61
5817,331,6.55,6,522.01,66.15,26.46,16.68,3.94
5818,575,13.24,4,734.0,86.39,40.35,23.55,6.2
5819,366,11.69,4,538.7,69.82000000000001,33.89,14.33,4.25
582,339,10.6,2,289.26,11.91,26.49,14.85,3.48
5820,295,5.89,5,552.25,49.61,26.0,27.2,6.19
5821,850,1.87,1,1105.0,239.7,22.95,2.55,3.4
5822,1825,77.93,1,3650.0,36.5,365.0,219.0,0.0
5823,525,7.2299999999999995,4,494.20000000000005,99.14,13.129999999999999,4.8999999999999995,5.62
5824,566,7.44,3,951.1,130.73,37.85,30.16,6.18
5825,371,5.9,4,477.75,75.69,19.9,10.899999999999999,5.7
5826,442,6.46,5,632.4,84.86,25.770000000000003,20.02,5.81
5827,483,11.02,5,707.85,87.86,35.42,21.56,4.55
5828,663,16.96,5,1156.6,110.91,58.44,56.339999999999996,8.99
5829,585,12.129999999999999,6,938.8,113.46,47.81,31.16,6.69
583,509,9.42,7,768.3199999999999,88.21,38.97,28.82,6.42
5830,508,13.08,5,881.65,83.54,48.17,41.35,6.23
5831,387,9.3,6,675.8,64.97,37.19,28.79,5.75
5832,454,12.68,5,664.06,71.55000000000001,46.63,21.46,7.05
5833,364,8.81,5,509.7,51.82,22.49,25.87,6.640000000000001
5834,1037,27.459999999999997,5,1809.7,148.94,105.4,87.33,15.35
5835,414,9.38,5,756.7,87.59,34.49,31.81,7.59
5836,510,10.82,5,915.5999999999999,104.18,41.79,38.64,7.05
5837,471,10.69,7,697.91,81.43,39.79,21.74,4.83
5838,569,9.62,7,861.4,123.08,37.83,22.669999999999998,6.47
5839,496,13.42,5,784.99,69.97999999999999,54.54,32.0,5.6499999999999995
584,483,8.68,6,830.8,82.45,42.39,35.32,5.71
5840,782,30.3,8,1819.3000000000002,80.67,114.66999999999999,115.84,13.2
5841,509,10.67,5,929.6,101.63,41.37,40.7,7.65
5842,382,10.96,7,509.98,54.94,35.29,16.88,8.13
5843,407,11.17,8,486.71000000000004,58.03,31.18,14.93,4.83
5844,450,11.329999999999998,5,647.6,78.78,31.249999999999996,21.68,4.53
5845,668,10.73,6,991.4000000000001,142.20999999999998,41.64,26.71,8.21
5846,774,17.630000000000003,6,1132.95,121.52000000000001,56.129999999999995,47.5,8.620000000000001
5847,651,13.84,6,990.9499999999999,107.67,52.150000000000006,40.18,7.35
5848,331,13.209999999999999,8,501.74,36.19,45.940000000000005,20.12,4.54
5849,593,16.580000000000002,9,1123.0,95.82,60.43,58.03,9.29
585,568,7.07,5,715.28,114.58999999999999,26.700000000000003,16.080000000000002,5.24
5850,417,8.950000000000001,5,519.15,72.88,23.53,13.200000000000001,3.5
5851,473,12.790000000000001,6,858.32,82.77,49.01,36.52,6.67
5852,110,2.42,1,55.0,8.8,1.1,2.2,2.2
5853,545,13.64,6,775.72,86.33,49.31,26.46,7.91
5854,416,9.94,6,611.3499999999999,74.8,26.55,23.88,4.89
5855,952,21.85,6,1554.3,189.2,80.59,50.400000000000006,11.51
5856,710,26.720000000000002,4,1449.45,67.83,92.79,96.23,11.41
5857,362,6.5,4,535.6,77.47,22.49,14.11,3.05
5858,132,4.81,6,209.8,9.620000000000001,15.07,12.14,2.5300000000000002
5859,527,8.34,3,646.85,98.86,27.990000000000002,13.36,4.5
586,448,11.21,6,594.4200000000001,55.11,38.69,23.77,4.93
5860,334,8.71,4,664.7,71.85,33.2,28.45,4.89
5861,306,5.659999999999999,7,377.25,48.57,16.990000000000002,13.06,4.81
5862,472,14.08,8,760.2,72.37,44.26,30.23,5.27
5863,356,10.23,6,551.08,61.459999999999994,36.31,16.830000000000002,5.0600000000000005
5864,724,11.719999999999999,4,1128.5,136.79,43.94,44.92,8.7
5865,316,9.4,5,357.83,48.66,27.74,6.1,4.2
5866,508,9.860000000000001,4,818.7,90.25,41.19,30.740000000000002,6.859999999999999
5867,396,6.91,4,511.75,71.48,22.880000000000003,13.7,3.9299999999999997
5868,614,10.81,3,1155.9,133.89999999999998,50.989999999999995,46.78,7.67
5869,176,6.610000000000001,3,353.7,15.969999999999999,24.679999999999996,20.03,2.4299999999999997
587,624,6.890000000000001,5,849.14,125.77000000000001,24.89,27.81,9.299999999999999
5870,508,9.46,8,675.89,86.82,32.47,21.75,6.86
5871,453,8.459999999999999,5,756.1500000000001,87.42,33.79,30.99,6.96
5872,508,10.73,4,764.2,77.59,43.34,30.96,5.9
5873,764,21.029999999999998,5,1354.2,117.53,82.10000000000001,62.68,8.68
5874,545,13.57,5,767.5,105.83000000000001,29.82,26.689999999999998,6.53
5875,295,0.65,1,383.5,83.19,7.97,0.89,1.18
5876,458,11.41,4,899.8,81.47,47.16,42.24,7.76
5877,460,9.870000000000001,7,587.35,76.25,30.0,17.8,5.96
5878,607,14.9,4,1164.6000000000001,122.62,50.21000000000001,57.52,12.860000000000001
5879,514,13.459999999999999,7,872.1,90.8,49.730000000000004,31.709999999999997,6.05
588,480,9.76,6,753.96,75.35,41.980000000000004,30.27,5.140000000000001
5880,544,14.18,4,1129.0,104.97999999999999,60.73,53.05,9.33
5881,267,4.42,3,288.2,41.0,11.149999999999999,8.83,4.51
5882,532,12.309999999999999,6,753.02,102.4,44.5,18.46,7.35
5883,372,6.5600000000000005,3,612.4,74.2,30.04,19.32,2.94
5884,566,7.8999999999999995,4,860.5999999999999,116.74,37.63,26.39,5.49
5885,343,15.43,4,728.51,36.18,56.89,42.15,5.94
5886,470,5.02,3,484.40000000000003,94.0,10.75,7.57,5.75
5887,260,5.05,7,354.94,48.510000000000005,18.17,9.57,2.92
5888,524,11.1,6,938.3,95.39,47.02,40.4,8.75
5889,258,8.629999999999999,7,568.7,40.13,33.45,32.019999999999996,4.08
589,446,9.43,4,464.03999999999996,57.47,26.42,13.590000000000002,4.38
5890,370,7.36,7,517.1,63.26,22.82,19.92,5.02
5891,284,6.65,7,490.79999999999995,54.79,25.1,19.79,4.41
5892,376,7.83,5,545.8,72.22,25.97,15.270000000000001,3.26
5893,387,4.7,5,533.9000000000001,91.25,17.46,10.95,4.49
5894,499,8.98,4,535.89,97.64,24.130000000000003,5.4,4.7700000000000005
5895,722,12.02,6,1153.5,162.7,49.66,33.91,9.66
5896,289,7.58,8,293.85,38.96,13.73,9.89,4.21
5897,551,10.03,7,835.4,115.98,34.9,26.95,7.73
5898,430,12.83,9,542.43,48.06,37.25,23.45,7.32
5899,369,9.64,5,577.4,53.58,36.59,24.23,5.4399999999999995
590,462,5.16,4,743.2,103.49000000000001,27.189999999999998,24.45,7.04
5900,298,6.43,7,417.40999999999997,51.54,24.92,12.399999999999999,2.5300000000000002
5901,486,5.93,3,682.9000000000001,100.54999999999998,25.799999999999997,19.51,7.6
5902,477,10.09,7,810.6,93.65,38.35,32.79,8.67
5903,296,6.49,6,410.82000000000005,59.24999999999999,22.66,9.32,3.94
5904,437,21.69,2,1326.7,57.75,79.6,88.97,8.74
5905,465,11.75,4,950.2,93.87,50.33,42.47,7.5
5906,382,11.49,4,835.7,57.61,49.99,46.44,3.65
5907,515,13.37,4,870.8,93.94,55.39,30.55,5.16
5908,427,9.7,5,578.4000000000001,78.19,23.46,19.259999999999998,4.08
5909,421,10.42,6,741.28,65.99,42.79,34.08,6.33
591,582,9.19,4,945.4,117.08,41.51,32.15,5.62
5910,387,10.84,7,692.5,57.95,41.42,31.840000000000003,3.89
5911,517,10.16,6,796.2,96.66999999999999,37.650000000000006,26.13,4.8
5912,576,11.65,7,977.1,111.78,47.14,38.69,5.83
5913,378,9.93,6,643.2,66.22,36.949999999999996,24.540000000000003,6.17
5914,371,11.7,7,701.5,57.290000000000006,41.83,33.49,5.14
5915,392,10.870000000000001,8,537.29,55.57,35.08,19.47,4.869999999999999
5916,301,6.4799999999999995,4,432.9,59.290000000000006,17.770000000000003,13.82,4.8
5917,294,4.32,4,356.45,58.42,13.85,7.22,4.21
5918,495,8.14,6,796.9,99.59,34.05,29.68,6.1
5919,308,3.87,3,442.29999999999995,63.18000000000001,17.6,12.88,4.82
592,541,9.18,4,656.8,79.9,35.0,20.58,6.529999999999999
5920,510,10.87,8,759.2,90.73,35.0,29.26,6.12
5921,334,11.7,5,429.6,29.75,26.759999999999998,23.78,5.64
5922,346,4.59,4,420.35,65.5,16.01,10.37,5.45
5923,484,11.700000000000001,6,695.98,68.55,40.38,27.41,7.03
5924,519,10.15,5,797.7,94.14999999999999,41.75,26.150000000000002,6.91
5925,367,10.459999999999999,8,501.36,56.1,33.53,16.0,6.87
5926,357,9.52,4,467.5,47.47,25.71,19.04,2.96
5927,634,11.27,7,869.94,117.91,38.9,25.09,7.52
59278,667,11.719999999999999,8,942.13,117.96,47.51,28.68,9.37
59279,640,11.92,4,453.51,75.53,18.3,7.56,7.199999999999999
5928,535,10.51,6,711.99,91.25,38.120000000000005,21.779999999999998,5.82
59280,544,8.81,7,695.6,96.53999999999999,27.58,19.72,6.12
59281,432,11.08,4,697.1,63.75000000000001,42.64,27.57,6.17
59282,315,5.0,5,358.65,59.31,16.2,5.96,3.95
59283,274,7.08,5,345.0,40.92,17.93,12.23,3.09
59284,474,12.46,11,560.12,54.94,40.32,18.74,4.0600000000000005
59285,695,13.87,6,853.0799999999999,113.19,44.599999999999994,24.34,10.86
59286,750,12.43,7,869.88,111.89,44.17,24.45,7.45
59287,560,10.62,8,743.89,89.26,40.480000000000004,25.31,11.92
59288,724,12.57,12,986.83,139.68,46.76,24.28,7.05
59289,397,10.91,10,581.06,68.42999999999999,32.71,19.19,5.87
5929,513,11.07,5,790.3,88.22,39.65,28.84,8.62
59290,601,13.0,6,817.5,97.06,50.29,23.450000000000003,7.23
59291,536,11.26,9,722.7,107.15,32.25,17.86,6.72
59292,465,8.48,4,680.45,109.72,25.11,14.42,5.59
59293,356,5.06,3,423.0,80.64,13.93,4.55,3.35
59294,589,12.55,7,920.7,102.35999999999999,47.15,32.74,4.57
59295,920,18.87,5,1363.4,134.56,68.46000000000001,57.760000000000005,11.07
59296,644,11.05,5,872.15,134.73000000000002,32.769999999999996,21.09,7.61
59297,513,8.18,5,588.23,108.10999999999999,18.81,8.6,6.55
59298,391,9.32,6,543.35,61.690000000000005,32.239999999999995,17.32,4.17
59299,680,14.97,9,1015.06,135.2,41.77,31.86,5.9399999999999995
593,542,10.05,4,971.2,94.99,50.11,41.08,6.54
5930,746,18.01,7,1299.4,131.9,68.56,55.239999999999995,8.34
59300,393,8.57,6,592.85,73.37,27.82,20.05,5.66
59301,342,10.3,5,696.55,45.7,47.08,34.01,5.84
59302,639,19.72,8,1082.15,105.69,60.94,46.8,17.78
59303,617,8.49,5,762.71,120.84,29.4,15.05,5.25
59304,511,10.72,8,796.45,83.63,44.11,31.5,8.53
59305,681,15.35,11,687.33,75.21000000000001,38.71,26.7,14.62
59306,519,10.600000000000001,5,591.35,71.2,37.87,15.89,3.67
59307,666,13.52,5,1125.0,108.11,65.94,43.52,7.98
59308,314,10.24,6,454.29999999999995,35.3,39.78,16.200000000000003,1.8800000000000001
59309,197,7.1,3,216.6,13.55,17.94,11.83,2.7600000000000002
5931,474,8.66,4,611.0,89.25,27.51,14.329999999999998,4.24
59310,757,19.54,6,1211.85,127.0,76.43,40.93000000000001,5.3500000000000005
59311,366,7.0600000000000005,4,614.85,65.8,31.909999999999997,24.159999999999997,5.57
59312,297,7.68,5,416.85,62.38,17.11,11.44,4.01
59313,467,9.7,8,800.8,99.15,32.94,29.08,5.46
59314,389,7.52,5,459.22,57.629999999999995,26.11,13.71,5.75
59315,322,5.68,5,483.65,53.27,27.42,17.26,5.76
59316,267,6.02,5,344.15000000000003,35.55,17.45,14.02,3.5999999999999996
59317,1159,29.66,5,1393.25,127.09,103.93,47.36,10.29
59318,468,11.81,5,867.65,73.84,57.28,39.08,8.58
59319,490,12.19,6,762.45,80.92,46.45,28.41,9.86
5932,417,11.68,7,539.29,60.58,43.650000000000006,13.0,3.2800000000000002
59320,521,8.59,8,665.64,112.55,25.27,11.96,4.24
59321,419,10.36,8,551.88,62.92999999999999,28.97,20.150000000000002,5.73
59322,450,10.35,8,808.0500000000001,102.55,38.97,26.560000000000002,7.83
59323,510,10.809999999999999,4,522.24,60.53,26.689999999999998,18.86,4.91
59324,383,8.41,7,560.35,67.71,28.97,18.849999999999998,6.72
59325,644,9.34,6,623.32,95.11,26.0,13.48,7.85
59326,294,8.09,9,407.05,33.57,30.04,16.28,3.43
59327,627,13.23,6,994.25,98.12000000000002,44.230000000000004,44.47,3.75
59328,437,12.81,6,541.5,64.98,33.5,16.830000000000002,6.21
59329,281,6.3100000000000005,5,397.6,38.51,25.73,16.71,3.0300000000000002
5933,530,9.059999999999999,4,762.55,99.44999999999999,36.33,21.83,5.28
59330,963,24.490000000000002,6,1247.3,130.07,85.67999999999999,40.1,8.1
59331,679,6.99,4,694.0,126.59,22.0,9.11,4.95
59332,342,9.29,6,416.86,41.38,27.810000000000002,15.36,4.75
59333,615,20.45,9,952.9000000000001,51.96,68.15,52.73,13.57
59334,600,12.41,6,838.6,98.44,43.089999999999996,27.62,4.970000000000001
59335,363,12.469999999999999,5,747.0,36.07,51.79,46.71,8.59
59336,828,14.35,7,1099.45,135.23000000000002,58.9,33.94,11.91
59337,608,11.83,4,612.0,96.66000000000001,30.05,11.89,4.71
59338,639,14.19,4,1074.53,138.81,50.489999999999995,35.27,5.69
59339,490,10.86,5,738.5,90.55000000000001,34.66,25.270000000000003,4.17
5934,482,9.59,5,732.05,92.71,32.34,26.72,7.1499999999999995
59340,538,9.67,5,759.02,99.6,28.96,25.91,8.02
59341,492,9.31,6,657.25,91.73,30.54,18.479999999999997,3.49
59342,480,9.79,4,753.35,77.03,41.38,29.119999999999997,6.12
59343,392,9.05,6,564.15,61.85,26.279999999999998,22.25,5.58
59344,642,10.41,6,661.05,94.56,28.07,18.43,9.99
59345,355,9.87,7,657.25,63.79,40.03,26.700000000000003,7.29
59346,353,7.47,6,471.0,58.72,29.79,11.950000000000001,2.15
59347,376,8.469999999999999,6,558.6,60.830000000000005,26.79,23.25,6.3100000000000005
59348,586,12.27,9,807.45,96.22,37.72,29.729999999999997,8.91
59349,365,9.469999999999999,9,490.01,43.49,28.830000000000002,21.830000000000002,4.33
5935,502,13.59,4,1061.4,95.37,52.800000000000004,54.79,10.57
59350,877,19.49,6,1288.35,122.32000000000001,81.22,50.5,13.17
59351,428,11.719999999999999,6,547.45,51.71,39.59,20.1,3.0999999999999996
59352,472,9.19,7,562.9100000000001,80.69,23.65,15.32,3.74
59353,478,10.85,8,655.15,82.71000000000001,32.84,22.15,7.83
59354,298,5.819999999999999,5,337.7,46.33,16.41,10.47,5.57
59355,420,8.29,6,426.15,52.900000000000006,14.100000000000001,16.59,4.61
59356,412,7.08,5,555.65,92.85999999999999,17.96,11.99,3.7199999999999998
59357,222,3.7100000000000004,6,226.05,35.1,9.52,5.59,3.23
59358,350,8.14,7,557.4,61.48,32.81,20.22,4.92
59359,292,6.61,6,423.75,45.82,24.03,16.64,5.09
5936,247,6.21,4,527.3,53.97,25.34,24.51,3.7699999999999996
59360,458,10.16,5,594.65,61.79,27.28,27.09,10.5
59361,497,9.33,6,491.53,80.27,19.08,11.2,8.23
59362,548,7.66,5,586.6600000000001,103.86,21.72,8.98,7.42
59363,542,9.32,8,674.8299999999999,102.0,28.04,16.86,5.63
59364,500,8.51,7,619.6,87.13999999999999,23.98,17.94,4.13
59365,503,10.26,7,697.48,86.94,32.39,24.71,6.71
59366,487,8.26,4,647.5,105.52000000000001,23.14,14.959999999999999,7.17
59367,531,8.459999999999999,4,778.9,122.88,28.28,17.52,5.069999999999999
59368,400,7.53,6,545.7,65.80000000000001,21.009999999999998,20.45,4.2700000000000005
59369,349,5.71,6,431.55,79.38,14.239999999999998,6.13,3.92
5937,554,10.040000000000001,5,889.0,111.30000000000001,42.57,28.060000000000002,5.98
59370,483,5.53,3,531.5,108.14,14.549999999999999,3.97,3.85
59371,289,7.28,4,347.43,45.81,21.88,7.79,2.29
59372,622,11.88,4,1053.1,110.07,45.12,47.17,3.4400000000000004
59373,325,9.280000000000001,6,316.62,30.1,19.68,13.78,7.4799999999999995
59374,658,15.84,5,842.4,83.25999999999999,58.050000000000004,30.17,4.11
59375,975,16.47,5,1258.05,166.09,69.92999999999999,32.2,5.48
59376,424,7.5600000000000005,7,555.1,83.02,20.61,14.82,5.6000000000000005
59377,469,8.52,5,722.65,81.62,41.38,24.84,2.59
59378,846,12.1,6,952.03,156.72,31.259999999999998,18.8,7.88
59379,518,11.940000000000001,10,575.13,58.370000000000005,35.129999999999995,22.02,5.74
5938,389,9.17,7,553.7,58.25,25.81,24.259999999999998,6.34
59380,668,10.120000000000001,4,931.75,133.34,45.349999999999994,21.919999999999998,2.64
59381,201,4.11,4,199.1,25.96,8.82,5.84,2.5900000000000003
59382,427,13.69,6,561.46,70.8,33.0,16.85,4.22
59383,580,12.63,6,709.28,105.08,34.92,16.4,7.23
59384,223,6.93,5,298.58000000000004,16.87,21.49,16.21,3.57
59385,674,13.76,8,775.0500000000001,93.80000000000001,38.95,26.71,9.32
59386,314,4.65,4,298.12,49.540000000000006,10.969999999999999,6.15,4.18
59387,730,13.66,7,936.8,101.46000000000001,49.31,35.47,6.319999999999999
59388,625,10.77,6,889.46,111.89,48.4,25.38,2.8
59389,264,5.34,4,423.4,42.09,23.61,17.12,2.74
5939,273,4.93,4,414.8,58.66,19.16,11.38,5.359999999999999
59390,533,9.69,6,705.54,86.81,29.130000000000003,25.830000000000002,8.97
59391,641,10.14,8,870.6,127.71,39.21,21.66,4.83
59392,447,10.26,6,739.25,63.85,39.31,34.96,1.79
59393,639,12.51,4,782.8499999999999,89.91,46.11,24.5,3.9299999999999997
59394,650,12.75,5,799.4,88.5,40.41,29.63,3.3
59395,867,32.16,8,1476.05,93.98,100.75,76.98,3.88
59396,464,9.38,4,469.65,52.040000000000006,28.5,15.709999999999999,2.89
59397,516,10.83,6,771.8499999999999,89.58,44.78,25.75,6.67
59398,468,9.83,6,628.87,61.76,33.95,25.989999999999995,4.95
59399,201,3.74,4,190.95,31.42,7.99,3.73,2.6900000000000004
594,294,5.34,4,529.2,58.13,25.98,20.78,4.64
5940,612,12.42,5,846.4,118.78,42.0,22.740000000000002,12.36
59400,448,6.3999999999999995,4,619.0,87.67,21.27,20.61,8.55
59401,530,8.290000000000001,5,618.7,86.09,30.13,16.58,5.02
59402,415,10.870000000000001,5,453.48,56.72,29.17,11.22,4.3
59403,452,11.02,4,458.46000000000004,47.21,31.2,15.71,4.87
59404,488,7.79,5,586.4,89.37,30.43,11.01,4.72
59405,599,12.870000000000001,8,762.55,90.63,40.73,25.95,5.9
59406,211,6.26,6,285.6,20.14,14.41,16.55,5.32
5941,480,15.14,5,818.69,75.33000000000001,57.13,31.689999999999998,3.65
5942,591,11.49,7,974.2,105.74,45.97,39.96,6.7
5943,365,8.99,5,647.6,63.25,37.7,26.56,2.6999999999999997
5944,385,10.11,7,415.95,54.96,19.46,13.52,5.75
5945,356,5.82,5,590.9,65.71000000000001,25.900000000000002,24.650000000000002,5.74
5946,354,7.8100000000000005,4,536.0,52.82,30.38,21.13,5.6
5947,646,14.120000000000001,9,985.5,102.58,46.17,44.15,11.87
5948,389,8.64,6,557.0,61.589999999999996,30.25,20.939999999999998,3.4
5949,663,12.780000000000001,5,929.3,114.67,43.24,31.509999999999998,7.869999999999999
595,402,8.87,4,674.8,56.51,40.97,28.91,3.78
5950,384,9.33,8,626.35,61.39,30.7,29.44,5.85
5951,354,10.16,9,499.15,53.42,25.209999999999997,21.459999999999997,4.62
5952,404,8.31,5,612.77,69.4,34.15,21.759999999999998,3.8200000000000003
5953,558,13.71,5,989.9000000000001,91.16,53.190000000000005,45.43,7.91
5954,485,11.41,7,716.7,78.37,35.3,30.61,7.47
5955,396,11.649999999999999,5,772.5,61.42,41.08,41.68,5.02
5956,366,11.88,8,601.29,45.87,42.58,28.049999999999997,4.6899999999999995
5957,426,6.82,5,616.8,90.35,25.64,17.12,4.44
5958,416,6.14,4,517.6,74.52000000000001,20.64,15.55,7.44
5959,617,10.49,5,713.85,109.76,28.4,18.42,6.3999999999999995
596,249,6.91,5,370.92,23.46,24.17,20.380000000000003,4.6000000000000005
5960,334,8.13,6,447.1,53.93,21.2,16.049999999999997,4.7
5961,460,8.92,5,673.45,79.66,32.370000000000005,23.029999999999998,6.98
5962,547,16.1,5,710.9,75.62,37.86,26.810000000000002,8.22
5963,290,12.899999999999999,4,653.75,26.59,47.67,41.75,4.85
5964,454,10.68,5,681.5,79.0,36.38,22.630000000000003,5.1000000000000005
5965,316,9.34,8,627.4,50.2,35.94,32.75,5.25
5966,326,9.44,6,397.35,42.11,22.83,15.06,3.58
5967,358,8.04,8,408.86,55.34,19.15,13.51,7.4
5968,286,7.67,5,227.95,41.019999999999996,8.59,3.46,3.61
5969,490,7.38,4,513.9,88.9,17.64,8.79,6.12
597,710,11.26,5,786.06,106.77,38.21,21.119999999999997,8.43
5970,321,9.14,6,579.9,51.51,34.230000000000004,24.57,4.11
5971,318,6.72,5,448.4,57.44,21.04,13.52,2.95
5972,610,12.33,6,868.65,103.98,41.33,29.28,7.290000000000001
5973,554,10.02,7,890.65,109.42999999999999,40.339999999999996,33.06,6.5
5974,519,10.5,5,955.8,109.53999999999999,43.97,38.93,8.72
5975,363,9.84,7,618.5,63.05,35.38,24.15,5.61
5976,478,10.35,4,654.5999999999999,78.84,34.26,23.43,6.13
5977,601,9.77,5,713.45,103.18,29.3,21.14,6.640000000000001
5978,361,6.96,5,400.5,52.239999999999995,18.48,13.819999999999999,4.57
5979,480,9.87,6,690.15,94.16,32.64,21.0,9.81
598,168,5.41,4,329.7,18.67,22.24,18.71,2.9699999999999998
5980,846,14.78,5,1340.3,155.08,58.66,52.5,13.379999999999999
5981,415,8.9,5,575.1,81.2,28.0,16.060000000000002,7.93
5982,352,5.09,5,501.6,74.17,18.32,14.52,4.89
5983,578,14.68,7,1020.8,97.87,58.559999999999995,41.800000000000004,5.34
5984,334,7.58,5,488.9,57.08,25.259999999999998,16.310000000000002,3.6
5985,426,7.99,7,539.7,80.34,25.369999999999997,12.49,5.29
5986,561,11.08,4,905.0,98.87,41.69,37.18,9.31
5987,551,9.729999999999999,5,835.0,109.35,38.49,27.24,5.83
5988,465,10.32,5,744.3,94.35,37.25,23.57,7.140000000000001
5989,426,8.04,5,675.8,79.71000000000001,33.77,24.66,4.34
599,282,7.31,4,506.48,38.32,30.150000000000002,24.310000000000002,2.66
5990,334,4.31,3,410.6,64.2,16.61,8.99,4.800000000000001
5991,674,13.72,6,912.95,108.52,44.08,34.49,8.52
5992,476,6.02,4,456.55,86.58,11.85,7.68,6.87
5993,424,9.190000000000001,5,713.1,77.32000000000001,37.72,26.27,4.8999999999999995
5994,283,13.13,4,623.1,28.25,47.96,34.43,4.12
5995,413,9.86,9,623.5,74.63999999999999,29.52,23.09,5.77
5996,537,11.42,5,896.3,100.33,46.33,31.51,6.37
5997,540,15.02,6,784.48,85.49,55.11,25.37,7.9
5998,477,13.65,8,891.8,78.55,49.43,43.64,7.18
5999,505,11.780000000000001,9,788.77,87.99000000000001,40.82,30.19,6.2700000000000005
600,405,7.65,4,655.22,70.47,32.370000000000005,25.37,3.2399999999999998
6000,619,12.68,6,860.95,106.14,42.65,28.93,6.04
6001,310,3.92,4,409.7,69.96000000000001,12.879999999999999,9.16,5.8
6002,440,12.76,5,814.8,56.730000000000004,51.67,41.86,4.27
6003,671,12.98,8,1046.6000000000001,131.04000000000002,48.9,34.589999999999996,8.03
6004,378,8.64,9,606.0,58.11,29.85,28.1,6.87
6005,578,13.59,8,952.0,100.0,50.5,38.08,8.2
6006,498,8.57,9,799.1,98.27,34.6,29.75,6.82
6007,450,8.75,5,562.95,94.44,23.75,10.690000000000001,7.96
6008,579,12.04,8,846.34,98.91999999999999,46.0,29.700000000000003,5.78
6009,314,8.41,6,565.6,49.32,34.78,24.759999999999998,4.55
601,395,8.4,5,615.7,60.76,33.1,25.3,3.02
6010,535,10.35,7,661.3,101.0,26.049999999999997,16.99,5.640000000000001
6011,582,14.21,7,1063.1,95.41,53.81,50.59,10.11
6012,336,9.180000000000001,6,427.26,50.49,30.97,11.0,4.3
6013,726,8.81,5,907.7,164.26,26.560000000000002,15.92,10.09
6014,377,8.09,6,504.85,57.66,25.36,18.17,4.61
6015,612,8.969999999999999,6,912.2,141.14999999999998,36.15,22.68,6.24
6016,609,16.57,8,915.7,77.53999999999999,50.75,45.79,9.77
6017,454,4.09,4,597.2,117.15,16.68,6.25,3.88
6018,758,9.6,5,1102.2,172.67000000000002,41.17,25.009999999999998,7.35
6019,536,13.57,9,952.1,84.03999999999999,50.58,45.77,8.25
602,490,9.08,5,794.76,83.97,35.11,33.93,7.109999999999999
6020,577,8.38,5,834.25,106.41,33.1,30.509999999999998,7.43
6021,390,14.25,7,670.0799999999999,58.94,38.68,31.439999999999998,7.25
6022,750,10.76,6,770.5,146.45,19.97,11.469999999999999,7.15
6023,362,8.49,6,572.55,66.75,28.03,22.91,6.38
6024,619,11.66,7,920.32,120.78,41.39,30.11,7.53
6025,249,7.109999999999999,6,455.15,34.22,25.25,25.54,3.67
6026,263,4.739999999999999,3,497.0,56.5,22.25,20.45,3.41
6027,444,11.629999999999999,5,513.11,63.02,36.489999999999995,11.48,3.6100000000000003
6028,478,12.14,5,936.1,90.72,48.64,43.88,8.78
6029,421,7.590000000000001,6,663.26,92.25999999999999,27.259999999999998,20.13,5.46
603,497,17.509999999999998,4,810.94,24.509999999999998,67.75999999999999,46.81,4.17
6030,542,10.51,7,878.55,99.53,37.73,36.13,7.859999999999999
6031,406,10.19,6,716.94,76.6,32.53,32.69,7.5
6032,276,8.92,5,426.95000000000005,40.07,24.03,20.23,5.45
6033,394,6.869999999999999,6,557.45,72.21000000000001,26.04,17.88,5.1
6034,682,12.39,8,994.88,132.93,41.769999999999996,33.79,9.25
6035,563,11.56,7,925.74,125.46000000000001,42.81,26.77,8.48
6036,331,8.89,5,637.8,55.980000000000004,32.54,31.89,6.140000000000001
6037,553,9.73,7,807.8,99.25,34.53,28.7,7.88
6038,269,8.379999999999999,5,626.11,56.28,31.16,31.98,4.91
6039,511,5.1000000000000005,3,540.9,106.79,14.379999999999999,6.33,6.3100000000000005
604,553,7.13,4,868.3,111.39000000000001,32.29,31.94,7.37
6040,559,15.5,4,437.2,67.2,14.04,15.68,9.84
6041,499,13.860000000000001,8,700.91,78.45,34.019999999999996,24.680000000000003,6.52
6042,318,8.77,6,693.56,65.25,35.29,30.27,3.9000000000000004
6043,245,7.45,6,504.05,37.84,26.610000000000003,28.83,5.59
6044,311,10.22,7,629.0,54.91,36.47,30.53,5.31
6045,214,5.569999999999999,5,438.3,37.2,22.59,21.65,4.3
6046,438,9.9,6,842.4,87.33,39.69,38.3,6.57
6047,514,10.19,4,700.0,97.63,26.910000000000004,19.59,6.01
6048,292,7.04,6,529.3,61.769999999999996,25.17,21.2,5.28
6049,791,15.530000000000001,6,1404.9,165.95,61.33,53.24,11.209999999999999
605,656,14.24,4,960.6800000000001,80.24,51.02,43.919999999999995,7.72
6050,248,7.38,7,476.0,46.120000000000005,27.03,20.22,4.28
6051,566,11.479999999999999,5,942.7,111.38,44.36,34.01,8.17
6052,267,6.34,5,436.0,45.83,22.29,16.29,6.09
6053,627,12.21,5,1092.17,150.56,44.17,31.34,7.77
6054,430,7.17,5,646.3,89.06,26.11,21.2,6.36
6055,346,9.14,5,631.8,56.38,33.58,27.810000000000002,6.13
6056,535,12.11,4,1017.05,110.49,48.71,43.83,6.51
6057,472,9.61,3,883.5,97.77,38.46,39.26,4.800000000000001
6058,483,7.92,6,620.69,98.87,21.43,16.07,7.46
6059,567,12.780000000000001,4,1159.35,100.57,54.85,60.46,7.84
606,510,9.77,8,816.26,78.33,39.760000000000005,37.730000000000004,7.109999999999999
6060,678,14.78,5,1061.0,123.03999999999999,49.87,39.54,12.96
6061,1023,25.7,8,1898.0500000000002,188.89,95.14,83.8,17.14
6062,668,11.53,7,1081.99,147.32,41.86,35.21,9.83
6063,485,9.040000000000001,7,687.3,89.28,31.68,21.1,5.31
6064,430,9.68,4,579.0999999999999,63.93000000000001,29.14,19.41,6.859999999999999
6065,399,9.7,8,636.85,66.56,31.28,26.41,7.27
6066,232,5.59,4,355.0,36.25,20.19,14.049999999999999,3.73
6067,423,6.6,4,481.65,77.67,18.79,10.4,5.35
6068,452,9.36,5,736.8,72.21,36.74,30.02,7.29
6069,646,14.3,6,992.9,113.04,44.38,43.209999999999994,9.33
607,625,10.87,4,862.3199999999999,95.91,44.879999999999995,29.57,7.640000000000001
6070,690,11.38,7,1066.78,148.15,42.06,34.37,7.76
6071,269,11.219999999999999,3,642.2,43.42,36.23,36.11,6.14
6072,323,5.66,5,463.3,64.27,18.39,13.290000000000001,5.46
6073,359,8.68,5,416.05,56.5,22.73,11.040000000000001,5.7299999999999995
6074,551,10.82,5,884.85,101.75999999999999,40.04,36.589999999999996,8.5
6075,457,9.280000000000001,6,630.0,79.45,26.410000000000004,22.42,8.34
6076,707,10.54,7,938.48,143.32999999999998,33.7,24.43,11.05
6077,454,9.19,4,632.4499999999999,63.989999999999995,28.58,28.48,6.4
6078,425,10.55,5,623.95,53.12,31.99,29.22,8.19
6079,204,7.050000000000001,4,315.26,28.9,17.79,13.3,5.8100000000000005
608,283,9.299999999999999,5,475.26,24.43,36.55,25.58,3.7199999999999998
6080,634,8.15,4,676.85,131.12,19.55,8.92,8.44
6081,363,5.550000000000001,4,350.35,65.75999999999999,9.77,6.49,6.51
6082,545,12.09,4,1071.9,110.82,48.78,46.91,8.75
6083,558,9.29,4,811.34,132.88,26.68,19.98,7.279999999999999
6084,410,7.1,4,600.9,90.78,30.12,14.120000000000001,6.33
6085,391,10.18,5,622.75,72.18,34.81,21.58,3.77
6086,621,13.09,4,866.5,123.87,43.78,22.82,9.07
6087,99,4.31,2,154.2,11.8,11.5,7.92,1.94
6088,619,11.51,6,839.7,117.42999999999999,49.25,17.22,5.6899999999999995
6089,487,11.86,6,663.3499999999999,85.01,37.08,19.18,3.94
609,582,7.61,5,922.2,123.99,35.09,30.259999999999998,6.17
6090,600,7.6499999999999995,4,740.1999999999999,134.15,28.689999999999998,8.64,5.279999999999999
6091,398,8.01,4,402.2,67.02000000000001,18.19,7.210000000000001,6.159999999999999
6092,424,9.25,4,601.5,87.16,29.8,14.15,3.5
6093,495,16.14,7,799.2,77.5,45.77,35.62,10.26
6094,353,9.59,8,458.2,53.239999999999995,29.81,14.82,3.85
6095,518,14.5,8,779.45,79.81,47.06,34.06,13.33
6096,371,10.42,8,568.1,52.89,34.35,25.73,6.749999999999999
6097,619,15.66,5,950.7,123.45,48.74,29.95,9.77
6098,642,13.239999999999998,5,949.7,131.15,43.31,27.4,10.37
6099,392,10.940000000000001,4,553.15,63.72,24.9,21.38,7.17
610,402,5.99,4,547.0799999999999,68.93,28.2,16.939999999999998,4.1899999999999995
6100,463,12.2,5,604.4,71.03,28.27,23.340000000000003,9.06
6101,590,22.74,4,746.5,64.49,57.94,31.78,16.74
6102,458,12.209999999999999,5,649.4,74.33,40.17,22.369999999999997,6.58
6103,450,11.690000000000001,5,648.7,80.95,31.009999999999998,22.53,7.81
6104,522,13.91,7,693.55,82.50999999999999,41.650000000000006,23.89,10.37
6105,506,10.83,5,575.3,85.71000000000001,32.29,12.74,7.8
6106,419,9.8,5,693.45,74.15,45.26,22.61,6.14
6107,245,6.26,5,292.5,39.18,17.56,7.93,3.4899999999999998
6108,553,12.14,5,837.0999999999999,114.22,41.67,26.15,12.5
6109,536,9.6,4,830.2,116.64999999999999,40.84,22.76,9.35
611,556,6.93,5,749.72,100.4,27.93,25.310000000000002,8.99
6110,408,11.27,6,644.0,57.7,42.14,26.66,6.91
6111,218,6.07,6,288.5,34.69,18.84,9.459999999999999,3.65
6112,467,11.21,5,690.5999999999999,90.42,39.25,20.48,7.19
6113,342,8.28,6,436.6,53.73,22.91,14.07,5.28
6114,428,9.989999999999998,5,557.7,75.94,33.19,15.45,8.38
6115,602,13.469999999999999,8,876.7,104.53,56.19,26.22,9.01
6116,374,10.88,11,541.85,58.5,33.6,20.080000000000002,6.74
6117,593,11.72,6,826.35,115.51,37.0,23.77,8.27
6118,421,9.82,6,644.4,77.34,31.92,24.43,7.12
6119,471,14.52,7,684.75,74.19,39.59,24.89,4.11
612,553,8.84,6,792.54,106.99000000000001,35.7,23.84,5.39
6120,692,14.45,4,1003.7,144.1,41.71,29.990000000000002,16.66
6121,532,14.99,7,739.0999999999999,85.21,42.32,25.04,4.73
6122,455,11.52,8,623.0,77.3,34.04,20.68,6.35
6123,734,20.27,7,1023.55,111.95,61.71,36.8,12.58
6124,539,10.41,4,758.65,112.13,28.939999999999998,20.01,4.21
6125,464,12.16,4,630.3,82.94,29.93,18.9,4.38
6126,478,11.24,6,606.7,66.76,42.17,17.55,4.14
6127,405,12.0,5,484.35,53.94,38.84,13.89,2.55
6128,811,12.190000000000001,5,955.6999999999999,159.13,41.81,16.34,10.51
6129,556,10.74,4,781.15,104.59,34.099999999999994,25.78,6.67
613,753,17.34,5,1180.22,111.44,65.3,49.88,7.04
6130,308,11.08,6,441.75,38.69,28.65,19.130000000000003,2.95
6131,710,15.18,7,1044.65,131.89,65.66,28.369999999999997,10.05
6132,671,14.700000000000001,6,922.35,118.21000000000001,44.53,31.919999999999998,10.17
6133,457,11.9,4,598.5,79.77000000000001,33.62,14.93,5.82
6134,339,10.41,7,494.8,39.5,41.77,18.12,4.3100000000000005
6135,490,11.81,7,686.95,89.84,32.93,21.05,7.300000000000001
6136,752,12.97,6,979.0,155.57999999999998,46.309999999999995,19.68,10.66
6137,464,11.26,6,626.2,80.65,30.86,20.389999999999997,5.31
6138,453,15.48,4,681.0,42.68,61.35,29.869999999999997,12.739999999999998
6139,530,9.52,5,691.6,101.64000000000001,30.2,18.41,8.24
614,478,10.379999999999999,4,817.9,79.72,42.65,35.050000000000004,5.27
6140,1002,23.59,7,1460.45,175.51999999999998,79.16,47.33,13.02
6141,562,13.68,4,771.9000000000001,94.96000000000001,37.64,29.540000000000003,15.37
6142,519,16.799999999999997,4,848.8,85.06,48.82,36.22,8.31
6143,615,15.200000000000001,5,1046.2,115.72,60.44,38.42,11.709999999999999
6144,482,12.100000000000001,4,698.75,77.86,34.56,29.179999999999996,6.77
6145,538,13.15,7,800.1,98.31,34.38,30.08,8.33
6146,435,10.76,8,573.8,66.27,32.02,22.810000000000002,11.4
6147,527,13.86,6,680.4000000000001,76.53999999999999,45.12,22.72,5.4
6148,523,10.940000000000001,4,778.5,92.75,41.65,27.6,7.55
6149,402,6.08,4,393.15,68.45,11.83,8.91,6.06
615,489,11.059999999999999,6,865.24,80.97,48.36,36.19,4.96
6150,471,13.110000000000001,5,624.85,73.55,32.09,20.36,3.46
6151,219,11.08,4,328.8,15.51,33.39,15.190000000000001,2.02
6152,427,12.39,6,656.4,77.62,34.8,23.76,7.220000000000001
6153,525,11.36,4,866.2,112.72999999999999,39.03,30.61,13.01
6154,435,10.16,7,545.35,69.39,27.53,19.01,5.96
6155,546,13.790000000000001,6,789.8,99.71,35.57,27.979999999999997,9.61
6156,536,10.45,5,787.9000000000001,107.84,35.36,26.39,11.27
6157,345,12.35,5,428.75,28.75,35.41,18.15,1.85
6158,342,7.54,5,509.20000000000005,67.07,24.33,17.54,7.89
6159,380,9.15,6,478.7,59.370000000000005,28.119999999999997,16.05,5.92
616,351,8.07,4,595.86,50.4,35.86,25.57,3.21
6160,533,9.33,4,533.3,86.03999999999999,23.25,8.82,3.73
6161,670,15.43,6,991.6,128.85,53.25,31.509999999999998,14.78
6162,513,14.82,7,825.6,78.69,53.23,34.78,10.05
6163,478,7.04,6,488.9,86.27,18.0,7.78,6.13
6164,380,11.81,6,547.8,47.790000000000006,45.92,17.830000000000002,3.39
6165,431,11.83,5,619.0,75.84,35.62,20.55,8.17
6166,454,9.17,6,507.75,78.87,26.95,9.79,6.529999999999999
6167,313,7.27,4,358.5,49.18,13.4,12.639999999999999,5.5600000000000005
6168,413,8.99,7,583.8,77.87,32.05,18.18,7.960000000000001
6169,625,13.45,4,798.8,114.91999999999999,46.91,18.73,9.809999999999999
617,589,13.290000000000001,7,1019.74,89.24,56.730000000000004,46.09,7.63
6170,409,7.37,3,528.3,78.53999999999999,17.31,16.84,4.85
6171,534,10.9,5,670.5999999999999,91.69,34.989999999999995,20.86,6.6000000000000005
6172,483,19.08,7,688.9,54.63,54.47,28.11,5.11
6173,378,9.61,6,500.75,51.099999999999994,38.23,15.77,4.57
6174,538,11.1,6,801.85,103.88,40.910000000000004,26.2,8.129999999999999
6175,352,8.280000000000001,4,558.8,70.62,25.66,19.57,3.34
6176,468,9.92,6,581.5,82.21000000000001,32.61,13.56,5.930000000000001
6177,706,14.469999999999999,5,972.4,139.94,42.16,28.17,11.68
6178,319,9.2,6,469.1,47.09,24.85,20.59,6.12
6179,466,14.64,7,686.9,72.61,43.24,25.34,5.87
618,427,6.39,4,591.6,76.87,29.81,17.67,4.09
6180,344,10.610000000000001,7,457.09999999999997,47.08,33.56,15.35,3.11
6181,617,16.45,6,889.05,99.88,57.69,29.81,11.99
6182,511,12.209999999999999,5,792.4000000000001,99.51,34.25,28.369999999999997,5.88
6183,424,14.549999999999999,6,708.1,61.16,52.5,29.209999999999997,6.56
6184,596,14.49,7,893.45,108.66,41.019999999999996,31.07,6.5
6185,476,10.05,6,595.05,86.86,32.19,13.7,5.390000000000001
6186,426,13.29,8,566.25,56.88,41.09,20.06,4.94
6187,606,13.950000000000001,4,770.75,110.25999999999999,46.480000000000004,15.98,6.57
6188,499,8.799999999999999,3,542.0,78.95,15.7,19.84,7.84
6189,663,15.39,8,946.25,123.19999999999999,45.94,29.720000000000002,9.63
619,333,5.67,4,527.6,54.81,27.23,22.55,5.3100000000000005
6190,450,13.33,5,779.3,81.9,42.6,31.09,7.82
6191,425,10.7,4,553.3,65.78,26.04,20.380000000000003,6.26
6192,1563,38.85,10,1911.55,239.59,69.61,80.53999999999999,41.510000000000005
6193,488,14.0,7,736.0,72.06,45.92,28.490000000000002,4.41
6194,271,7.68,5,372.25,37.8,18.7,16.46,3.54
6195,674,15.17,6,1000.7,123.19,66.28,27.93,8.52
6196,504,16.08,8,746.55,66.63,46.82,32.58,9.200000000000001
6197,444,11.31,5,728.9,82.6,42.97,27.46,10.48
6198,392,10.17,4,519.45,56.31,36.849999999999994,14.43,3.71
6199,545,17.03,5,944.8,79.88,77.88,35.73,10.57
620,434,8.52,4,699.62,64.52000000000001,40.15,29.24,5.98
6200,521,11.07,6,696.25,95.71000000000001,34.14,20.43,7.61
6201,642,13.76,4,974.7,132.06,46.72,28.94,5.140000000000001
6202,439,12.2,5,703.1999999999999,79.3,35.300000000000004,27.17,7.49
6203,536,14.2,6,803.0999999999999,94.83,41.06,30.96,9.59
6204,282,11.01,4,474.70000000000005,23.86,43.53,23.54,5.35
6205,439,8.89,4,474.95,74.39,27.39,7.14,2.55
6206,732,15.64,8,1069.9,148.78,50.84,30.04,7.04
6207,581,12.5,8,868.2,105.94999999999999,53.42,25.150000000000002,8.41
6208,443,11.57,7,632.15,70.33,38.8,22.919999999999998,5.72
6209,364,10.780000000000001,4,514.0999999999999,49.690000000000005,36.53,18.150000000000002,1.8
621,419,8.57,4,584.38,54.56,33.55,23.09,5.51
6210,536,11.44,7,671.7,94.56,30.52,20.21,9.59
6211,383,10.34,5,567.3,57.010000000000005,38.34,19.63,2.85
6212,562,6.5,4,767.15,129.2,29.13,16.71,10.73
6213,368,10.18,5,433.5,49.980000000000004,33.89,10.370000000000001,1.73
6214,632,16.96,4,1001.9,93.08999999999999,73.15,41.29,7.1
6215,360,9.77,7,519.85,51.54,32.67,20.11,5.45
6216,230,6.22,6,241.95000000000002,30.509999999999998,14.77,7.84,2.97
6217,337,8.51,6,452.1,51.96,29.36,15.42,3.8100000000000005
6218,472,16.64,5,720.75,56.93,56.14,36.519999999999996,13.030000000000001
6219,268,10.95,7,403.2,20.66,35.52,20.169999999999998,4.29
622,284,4.61,5,433.46000000000004,42.519999999999996,19.86,20.31,5.22
6220,379,11.63,7,533.65,48.32,40.0,19.72,4.68
6221,739,19.35,8,1064.85,120.27,65.26,38.84,14.629999999999999
6222,254,6.09,4,420.4,40.03,27.6,17.68,3.24
6223,579,9.42,5,764.3,121.94,30.09,16.84,8.83
6224,464,8.87,4,634.8,89.50999999999999,25.19,18.8,4.37
6225,332,11.049999999999999,8,483.15,36.33,29.13,24.68,4.01
6226,410,13.43,7,511.55,53.55,39.470000000000006,18.92,7.890000000000001
6227,508,8.459999999999999,4,765.7,113.22999999999999,34.43,22.05,10.49
6228,643,10.78,7,828.75,125.50999999999999,38.269999999999996,19.69,8.3
6229,164,2.5100000000000002,4,216.9,34.22,7.869999999999999,5.99,3.83
623,360,6.58,5,501.46000000000004,56.900000000000006,22.77,18.79,4.58
6230,555,13.09,5,881.4,104.59,38.59,36.2,10.72
6231,418,10.46,5,590.5,64.87,27.04,23.59,3.7199999999999998
6232,425,11.36,7,601.2,66.97,38.39,21.28,7.459999999999999
6233,735,13.100000000000001,5,1006.45,144.57,51.05,29.549999999999997,15.56
6234,487,13.840000000000002,6,701.3,74.89,40.13,26.69,6.58
6235,498,20.05,8,723.2,47.69,54.06999999999999,37.17,9.639999999999999
6236,246,5.3,4,382.5,46.57000000000001,21.27,14.12,3.69
6237,529,14.13,5,720.2,66.18,43.57,30.479999999999997,5.12
6238,520,13.48,4,671.85,86.78,29.91,20.61,4.63
6239,385,7.5,5,548.15,62.64,32.65,20.22,6.0200000000000005
624,519,8.559999999999999,4,451.02,65.56,16.380000000000003,11.659999999999998,7.239999999999999
6240,333,10.149999999999999,4,518.0,55.44,33.07,18.380000000000003,8.870000000000001
6241,301,6.779999999999999,5,404.1,45.84,25.35,12.33,1.53
6242,252,7.4799999999999995,4,336.7,34.6,13.27,15.48,2.93
6243,376,11.67,8,614.25,54.49,43.33,24.68,5.880000000000001
6244,328,10.71,7,481.95,47.59,25.2,21.09,5.21
6245,331,9.93,7,431.2,40.89,25.87,17.64,2.71
6246,521,11.93,6,661.55,79.9,38.209999999999994,25.619999999999997,14.81
6247,268,5.29,4,364.45,51.3,18.86,9.180000000000001,4.28
6248,471,14.03,6,831.2,76.28999999999999,48.15,37.470000000000006,10.11
6249,618,15.11,6,679.3,87.6,32.59,21.11,5.67
625,524,11.69,4,922.06,77.37,55.54,39.67,4.989999999999999
6250,429,9.120000000000001,5,589.2,67.87,30.09,22.94,7.54
6251,405,6.29,4,542.9,90.96000000000001,21.529999999999998,10.989999999999998,6.07
6252,529,5.54,2,783.7,123.83,32.14,20.21,7.109999999999999
6253,500,13.53,8,682.0,75.71000000000001,44.8,23.15,5.57
6254,843,20.11,4,1346.4,143.32,82.21,52.65,22.52
6255,287,5.46,3,438.5,62.94,21.69,10.26,3.98
6256,400,9.42,4,648.9,59.0,41.0,29.2,5.05
6257,316,9.13,6,486.2,41.42,31.419999999999998,22.369999999999997,3.9600000000000004
6258,478,10.05,6,639.1,78.58,35.76,20.810000000000002,5.63
6259,594,12.049999999999999,4,860.05,108.16,46.68,29.36,15.71
626,354,7.89,6,595.24,51.56,33.74,26.69,5.55
6260,387,7.069999999999999,5,446.5,64.03999999999999,21.599999999999998,11.11,4.89
6261,529,10.81,5,651.3,77.87,33.78,21.75,4.91
6262,450,13.91,9,666.75,65.35,38.09,28.97,7.23
6263,727,18.21,6,1005.4,109.46000000000001,50.779999999999994,38.83,8.72
6264,311,8.43,9,376.25,41.64,24.939999999999998,12.86,4.37
6265,485,11.69,5,707.05,87.62,29.82,27.49,10.63
6266,492,17.49,6,756.4,61.230000000000004,52.33,32.84,4.1
6267,237,5.46,4,242.9,33.91,13.25,4.989999999999999,3.21
6268,550,12.29,6,696.45,98.28,28.38,19.97,5.7
6269,417,9.62,5,616.4,74.98,39.44,18.810000000000002,4.67
627,636,10.709999999999999,5,1112.6,125.34,53.1,41.839999999999996,7.01
6270,410,7.39,5,476.1,76.54,21.19,8.26,4.08
6271,612,12.18,6,853.4,118.85,47.3,20.43,6.5600000000000005
6272,359,9.28,6,502.0,48.02,34.37,19.97,4.36
6273,625,10.02,7,806.25,117.51,38.53,20.15,7.13
6274,352,5.9399999999999995,6,430.65,68.42999999999999,18.88,8.57,5.2299999999999995
6275,374,8.48,6,487.6,60.97,26.88,16.15,8.6
6276,634,14.85,5,1025.4,126.26,50.1,38.23,11.39
6277,181,7.41,4,272.35,17.009999999999998,14.719999999999999,16.880000000000003,4.55
6278,371,11.26,6,495.65,55.2,23.95,18.880000000000003,4.63
6279,723,12.51,8,882.55,131.59,38.16,22.53,11.040000000000001
628,743,11.47,5,1223.1399999999999,125.97,51.76,56.87,13.8
6280,326,8.51,6,385.1,48.17,21.55,12.52,5.49
6281,511,13.61,6,736.0999999999999,86.35000000000001,37.31,24.439999999999998,3.58
6282,458,10.64,4,624.2,79.21000000000001,39.910000000000004,18.07,4.63
6283,648,17.13,6,932.2,110.74,51.8,32.22,9.89
6284,494,11.65,4,725.5,97.69,30.729999999999997,23.68,10.49
6285,474,8.809999999999999,6,522.25,84.84000000000002,21.78,10.77,5.1
6286,367,9.06,6,451.4,60.85,26.63,12.04,7.85
6287,601,15.3,5,938.0,107.9,46.84,36.82,7.4
6288,578,11.36,6,804.75,102.79,43.25,24.77,6.97
6289,518,10.33,7,686.8,92.84,34.72,19.33,5.01
629,380,8.52,4,545.44,53.16,31.43,20.94,2.42
6290,308,4.52,4,349.95,55.85,14.600000000000001,8.41,5.07
6291,411,12.67,4,634.6,68.96000000000001,28.55,26.400000000000002,4.95
6292,543,12.53,8,808.2,100.14,49.42,23.7,4.87
6293,493,8.88,4,522.2,87.12,21.88,8.94,5.109999999999999
6294,300,8.709999999999999,4,393.8,45.66,18.13,14.01,2.67
6295,270,4.4799999999999995,4,376.7,53.56,17.33,11.86,6.699999999999999
6296,569,13.24,4,774.55,78.44,50.47,27.09,3.4699999999999998
6297,451,14.780000000000001,4,675.1,66.97,50.940000000000005,22.13,2.87
6298,519,13.72,5,724.15,74.02000000000001,46.09,27.68,7.71
6299,321,10.01,4,379.3,37.53,19.76,14.889999999999999,2.36
630,545,10.26,5,912.1800000000001,103.78999999999999,45.32,32.39,4.24
6300,398,14.72,6,699.55,49.489999999999995,47.49,34.43,6.44
6301,611,14.86,5,725.4,89.97999999999999,38.68,21.9,6.78
6302,572,11.95,7,828.75,109.51,34.37,28.580000000000002,8.26
6303,255,8.79,3,253.1,9.31,24.970000000000002,11.709999999999999,1.37
6304,425,9.530000000000001,3,514.6,75.00999999999999,33.47,9.290000000000001,2.31
6305,516,11.67,7,765.2,82.67999999999999,46.1,27.88,4.39
6306,276,8.33,4,372.25,37.75,15.07,17.0,3.5999999999999996
6307,548,8.54,7,694.8499999999999,108.69999999999999,29.26,15.45,5.38
6308,212,6.8,6,261.8,25.14,16.32,12.13,6.630000000000001
6309,368,9.43,5,553.45,57.629999999999995,35.74,19.76,2.0300000000000002
631,348,6.62,6,516.56,52.01,23.240000000000002,22.95,4.94
6310,356,9.8,5,485.2,38.629999999999995,32.69,19.69,1.8499999999999999
6311,574,15.299999999999999,5,873.35,92.16,48.39,35.83,12.36
6312,572,9.47,6,818.25,112.49000000000001,38.83,22.87,7.390000000000001
6313,433,13.52,4,626.0,65.87,44.94,23.87,4.58
6314,389,5.24,3,487.6,82.28,18.96,10.67,9.0
6315,364,9.01,4,471.3,62.41,30.759999999999998,12.3,5.92
6316,806,14.94,5,515.5,91.78,18.07,6.2299999999999995,10.99
6317,356,9.75,6,557.4,46.629999999999995,38.48,23.25,1.92
6318,375,12.33,7,490.45,49.660000000000004,40.42,15.35,4.98
6319,465,10.459999999999999,4,656.55,89.65,28.32,20.15,3.54
632,402,8.25,4,734.7,67.0,42.73,30.34,5.01
6320,393,4.3500000000000005,3,551.7,93.35,23.38,9.049999999999999,2.63
6321,579,10.73,7,695.8,103.66,36.4,15.39,7.77
6322,604,18.14,8,852.55,84.53,46.980000000000004,33.65,5.3100000000000005
6323,602,18.21,5,991.4,79.85,57.16,49.58,6.9399999999999995
6324,371,7.63,6,449.2,54.65,26.47,13.31,3.24
6325,632,11.540000000000001,7,830.85,106.12,45.510000000000005,26.189999999999998,9.5
6326,480,9.08,6,680.25,86.07000000000001,36.16,19.87,2.88
6327,538,16.27,6,779.6500000000001,80.05,38.97,33.199999999999996,6.36
6328,330,16.009999999999998,4,535.55,14.040000000000001,39.260000000000005,34.39,2.84
6329,130,6.24,3,216.5,8.26,21.84,11.02,0.52
633,586,13.7,5,1035.76,78.05,58.63,51.99,9.28
6330,513,13.870000000000001,5,701.45,62.120000000000005,49.98,27.380000000000003,3.6
6331,534,14.209999999999999,5,775.0,93.99,38.32,28.53,8.19
6332,408,10.76,7,527.0,55.06,32.910000000000004,18.849999999999998,3.9
6333,402,10.97,5,603.9,48.37,40.940000000000005,25.14,2.35
6334,604,11.09,4,771.15,104.39,38.84,21.31,9.21
6335,317,11.29,6,359.0,16.92,29.62,17.729999999999997,3.67
6336,554,10.34,6,811.05,102.07,42.22,27.14,10.2
6337,353,14.319999999999999,5,574.9,48.82,32.480000000000004,27.44,4.57
6338,587,13.74,7,859.3,101.92,46.410000000000004,32.43,14.799999999999999
6339,430,11.04,4,738.4,84.8,35.18,29.94,8.79
634,490,8.89,4,867.1,83.17,46.440000000000005,36.410000000000004,6.42
6340,659,20.32,5,1014.3,111.28999999999999,49.22,41.93,12.93
6341,505,10.350000000000001,6,702.15,93.1,39.4,18.650000000000002,6.09
6342,553,13.73,5,824.5,88.94,51.69,29.27,6.15
6343,669,12.72,6,914.55,108.96,52.589999999999996,31.3,9.2
6344,599,12.11,4,634.05,91.47,25.240000000000002,17.77,6.9
6345,553,18.68,6,858.05,86.67,46.69,35.18,8.69
6346,440,8.42,6,554.6,75.33000000000001,28.96,13.430000000000001,3.4699999999999998
6347,274,11.21,4,444.1,35.8,25.29,22.01,2.2800000000000002
6348,290,7.53,6,370.8,45.84,17.990000000000002,12.3,3.5
6349,280,10.49,4,436.9,25.69,32.400000000000006,23.92,4.4
635,545,10.809999999999999,4,830.74,87.91,42.82,30.65,4.41
6350,79,0.17,1,102.7,22.28,2.13,0.24,0.32
6351,410,14.84,6,620.75,52.290000000000006,34.53,28.76,3.31
6352,424,10.9,7,646.9,73.11,36.33,24.63,8.610000000000001
6353,567,13.059999999999999,6,744.2,103.51,33.44,20.770000000000003,7.37
6354,350,15.59,5,566.2,41.13,49.589999999999996,25.41,8.6
6355,311,3.32,4,389.29999999999995,66.66,13.979999999999999,6.26,2.02
6356,544,17.05,6,881.75,82.89999999999999,51.290000000000006,38.02,7.779999999999999
6357,106,3.11,2,169.2,17.46,8.26,8.55,5.0600000000000005
6358,603,12.23,5,680.25,95.52999999999999,27.3,19.560000000000002,6.58
6359,356,5.87,3,360.6,64.06,12.98,4.5,2.97
636,620,6.380000000000001,4,904.0999999999999,134.45000000000002,35.57,24.17,6.6
6360,155,5.25,3,254.6,15.64,19.740000000000002,13.04,4.26
6361,389,15.22,3,388.5,29.54,29.520000000000003,17.310000000000002,5.220000000000001
6362,387,13.74,4,639.85,61.17,38.0,26.549999999999997,2.42
6363,659,10.88,4,811.0,137.36,33.14,14.82,8.5
6364,340,10.83,3,555.0,61.85,26.93,20.88,3.2
6365,726,12.700000000000001,4,744.9,135.18,24.6,10.790000000000001,8.200000000000001
6366,156,3.12,1,140.4,28.08,3.12,1.56,3.12
6367,477,12.42,5,632.65,78.16,22.33,25.28,6.9799999999999995
6368,459,11.6,4,630.7,83.77,30.919999999999998,17.529999999999998,4.33
6369,377,9.11,4,578.1,72.87,24.56,20.810000000000002,4.87
637,612,10.49,4,934.06,105.86,48.04,32.57,6.33
6370,429,8.790000000000001,6,447.04999999999995,67.86,20.55,10.9,6.23
6371,551,7.67,5,619.2,107.02,21.96,12.09,7.470000000000001
6372,648,12.76,5,800.2,120.69,29.48,21.31,8.1
6373,611,8.68,3,815.9,142.84,23.509999999999998,14.32,5.09
6374,260,9.67,3,396.3,35.64,19.65,19.58,4.92
6375,629,14.02,5,907.9000000000001,124.13,42.64,28.45,8.64
6376,483,9.1,6,633.1,89.67,30.78,17.169999999999998,4.89
6377,431,10.56,5,578.2,79.88,33.19,16.67,6.94
6378,664,8.120000000000001,3,675.15,139.52,16.25,5.05,8.64
6379,487,12.22,4,639.4,88.66,43.290000000000006,13.29,3.55
638,553,8.38,5,904.22,106.62,41.22,33.08,6.58
6380,337,9.02,4,468.25,61.14,31.14,11.01,2.52
6381,415,12.39,4,510.45000000000005,65.37,29.77,14.96,4.18
6382,402,9.93,4,445.35,65.48,23.7,11.32,5.5600000000000005
6383,306,8.52,4,549.0,51.7,32.629999999999995,21.89,2.14
6384,312,17.66,2,570.0,26.1,40.5,35.16,3.12
6385,457,13.66,4,575.26,70.14,31.28,18.69,5.25
6386,360,4.52,5,362.68,73.1,10.61,2.2,3.85
6387,560,15.68,9,861.15,88.5,47.32,35.1,9.94
6388,738,17.36,4,1684.7,148.01,91.83,82.25,12.26
6389,328,7.1,3,634.18,65.88,30.53,26.65,5.15
639,429,7.15,5,637.5,62.370000000000005,31.36,27.86,7.47
6390,407,7.84,4,620.29,78.84,30.07,19.91,3.56
6391,456,9.66,4,670.26,102.26,33.53,13.05,4.72
6392,763,15.99,7,1026.8600000000001,159.07,57.21,17.29,6.890000000000001
6393,319,9.93,6,437.86,46.09,30.63,14.0,4.66
6394,458,8.76,5,801.3,91.65,35.32,32.92,7.43
6395,624,20.37,9,1188.98,91.87,76.58,57.739999999999995,10.73
6396,538,13.31,6,1113.1,109.52000000000001,50.51,46.71,8.03
6397,431,14.06,8,803.8,61.51,56.9,37.19,7.5
6398,433,12.45,7,702.14,57.78,37.65,33.44,5.21
6399,475,9.940000000000001,4,819.36,99.07,39.45,28.76,9.58
640,432,7.65,5,620.06,71.17,32.68,20.27,3.64
6400,691,21.49,11,1171.49,105.7,77.88,50.26,12.29
6401,466,15.3,8,923.2,69.75,53.25,46.93,7.32
6402,322,4.2700000000000005,3,401.72,63.239999999999995,16.41,9.280000000000001,3.67
6403,1024,29.2,6,1626.03,156.82,113.34,60.209999999999994,13.65
6404,425,10.11,5,562.74,61.7,27.37,23.560000000000002,6.47
6405,615,13.26,5,1118.94,111.78999999999999,60.08,49.309999999999995,9.19
6406,645,15.68,5,1005.0699999999999,108.69,59.28,37.31,5.87
6407,982,17.45,8,1421.53,180.97,53.52,49.72,13.82
6408,597,24.1,6,1179.03,61.83,97.89,61.629999999999995,8.75
6409,561,16.029999999999998,5,921.35,109.91,49.54,31.59,6.66
641,499,8.08,5,673.42,78.34,30.27,24.82,7.18
6410,792,16.75,7,1226.6399999999999,154.53,63.15,41.33,11.4
6411,594,12.47,3,1203.4,118.47,42.84,53.94,7.1899999999999995
6412,538,14.0,6,981.64,90.50999999999999,55.31,43.550000000000004,7.87
6413,544,11.63,6,1024.4,135.24,40.58,34.34,7.76
6414,346,7.24,5,604.11,70.86,27.650000000000002,23.380000000000003,4.0600000000000005
6415,627,16.93,5,1423.8,114.78,71.38000000000001,77.78999999999999,17.34
6416,713,17.14,6,1091.35,117.35,68.06,37.82,8.04
6417,410,12.02,5,736.7,83.41,43.910000000000004,26.0,4.57
6418,481,10.38,8,752.6800000000001,93.00999999999999,37.09,24.48,7.41
6419,716,17.65,3,888.5,121.56,47.42,22.82,12.82
642,418,8.370000000000001,4,763.3,70.57,41.57,32.59,4.34
6420,777,21.64,8,1240.3899999999999,117.9,76.7,50.02,9.67
6421,458,11.51,5,657.87,63.57,44.72,25.42,3.69
6422,527,12.77,3,827.3,92.9,40.76,32.25,9.83
6423,770,20.490000000000002,5,1146.78,104.3,70.63,49.84,11.63
6424,508,11.1,7,566.79,81.16,28.64,13.86,3.84
6425,539,13.17,6,884.6700000000001,108.22,46.9,29.31,5.66
6426,529,10.78,5,704.8,85.33,33.120000000000005,26.91,7.0200000000000005
6427,615,10.61,5,822.36,109.67,37.93,26.189999999999998,5.1
6428,465,10.06,8,617.49,82.28999999999999,35.989999999999995,15.59,5.5200000000000005
6429,585,12.86,6,819.9200000000001,127.25999999999999,35.730000000000004,19.75,7.01
643,913,18.59,5,1698.1,139.73000000000002,92.85,81.05,13.12
6430,844,15.81,6,1616.22,179.53,77.92,65.47,11.81
6431,673,14.02,6,1228.1399999999999,127.38,65.09,51.07,8.620000000000001
6432,307,7.25,6,493.89,46.09,24.59,22.0,3.0
6433,384,11.129999999999999,6,512.84,57.28,32.1,16.97,3.29
6434,459,12.31,5,852.3000000000001,82.92,48.06,38.48,7.5
6435,494,11.02,8,818.11,88.92,42.76,32.42,7.1
6436,709,16.44,9,1118.24,129.16,57.99,41.61,10.5
6437,423,8.84,5,507.40999999999997,64.66,24.08,16.669999999999998,5.08
6438,301,7.05,6,443.27,47.71,25.15,16.470000000000002,3.54
6439,544,13.11,6,876.03,85.89,44.4,36.019999999999996,5.07
644,384,8.16,4,393.4,51.06,20.02,11.86,5.55
6440,422,9.799999999999999,7,539.5,70.02000000000001,24.71,17.55,5.0200000000000005
6441,616,16.24,8,1127.84,102.86,60.199999999999996,51.629999999999995,8.64
6442,757,14.75,4,1196.18,153.53,56.36999999999999,37.510000000000005,8.99
6443,284,7.14,6,621.63,62.730000000000004,26.060000000000002,27.63,4.53
6444,386,13.299999999999999,7,905.38,49.62,48.82,54.93,7.77
6445,596,14.93,9,995.1500000000001,98.28,48.96,43.68,9.43
6446,648,12.34,7,864.74,113.35,41.03,27.900000000000002,8.03
6447,495,10.620000000000001,6,753.96,84.66,40.769999999999996,27.830000000000002,5.5600000000000005
6448,380,12.81,6,539.62,44.99,40.62,22.11,4.17
6449,335,6.2700000000000005,3,386.59999999999997,67.81,18.14,5.68,3.45
645,525,8.37,4,908.5,96.14999999999999,44.63,35.07,4.95
6450,465,15.399999999999999,5,793.12,49.06,57.67,40.730000000000004,7.59
6451,980,26.240000000000002,6,1777.49,161.26999999999998,103.74,83.38,16.099999999999998
6452,546,11.07,4,1034.5,108.68,48.34,45.54,8.65
6453,508,10.96,7,845.96,91.44,41.81,33.92,7.62
6454,440,8.74,5,569.84,74.1,29.61,16.31,4.57
6455,701,15.95,4,1115.64,122.94999999999999,61.54,41.06,9.2
6456,572,12.11,9,698.5999999999999,97.37,30.89,20.3,7.88
6457,590,11.21,5,1032.1,120.82,47.150000000000006,40.77,8.4
6458,536,10.98,7,1116.52,123.53,46.17,45.309999999999995,6.95
6459,463,11.06,7,888.1,90.57,41.870000000000005,39.85,9.22
646,364,8.86,4,651.1,56.05,37.13,29.119999999999997,3.31
6460,419,11.28,5,585.36,65.93,25.09,24.439999999999998,6.88
6461,519,10.74,10,867.5600000000001,101.66,42.29,32.5,7.71
6462,542,13.04,7,770.2,92.05,44.63,25.04,6.94
6463,536,15.690000000000001,7,1289.5,108.17,60.6,66.33,11.15
6464,526,12.950000000000001,6,679.73,75.82,40.35,25.77,6.49
6465,623,9.91,3,935.2,162.19,36.19,13.860000000000001,5.74
6466,336,10.67,7,412.46,37.3,33.47,13.95,2.79
6467,244,5.3,4,336.12,37.18,17.89,13.59,3.96
6468,559,20.41,7,1070.8600000000001,67.8,74.39,55.92,8.93
6469,592,12.52,6,935.8,124.15,37.9,28.990000000000002,8.29
647,430,7.430000000000001,6,623.46,67.5,28.34,26.419999999999998,5.26
6470,718,17.91,9,1199.9099999999999,109.68,68.15,54.36,9.9
6471,429,17.13,7,1059.72,60.59,68.15,58.040000000000006,6.18
6472,253,7.65,5,399.11,37.51,30.2,14.7,2.2
6473,325,10.23,8,564.08,55.22,29.73,25.950000000000003,7.989999999999999
6474,593,16.75,9,1154.07,107.71,61.8,54.150000000000006,14.2
6475,494,13.82,7,857.05,78.25999999999999,51.76,39.79,8.59
6476,511,17.27,6,950.64,71.46000000000001,70.64,43.11000000000001,5.32
6477,371,8.34,5,717.4000000000001,75.02,36.08,30.19,6.699999999999999
6478,428,11.49,7,805.45,63.33,51.28,38.39,4.37
6479,462,10.27,6,836.24,82.0,46.699999999999996,36.28,5.890000000000001
648,522,11.13,4,847.3,84.75999999999999,48.309999999999995,32.12,4.609999999999999
6480,465,13.280000000000001,9,656.78,63.120000000000005,45.86,24.66,4.74
6481,374,10.48,10,587.5,53.9,37.4,26.04,5.05
6482,445,10.83,4,716.8,61.9,41.349999999999994,33.230000000000004,5.6499999999999995
6483,477,12.469999999999999,5,521.0,66.71000000000001,30.45,16.84,5.79
6484,980,22.8,5,1533.21,183.57,92.3,47.68,10.47
6485,418,11.65,7,795.46,65.36,47.53,38.7,6.6499999999999995
6486,496,9.46,8,697.76,90.75999999999999,41.31,17.779999999999998,3.54
6487,596,17.55,9,1031.42,84.89,72.09,43.79,5.08
6488,523,14.82,6,971.54,90.00999999999999,59.95,43.949999999999996,8.05
6489,410,12.9,9,691.8,57.02,51.84,28.5,3.41
649,506,7.55,4,872.4000000000001,96.44,40.38,33.82,6.5200000000000005
6490,819,15.95,6,1058.21,144.49,55.6,29.21,8.59
6491,539,14.82,7,778.3,83.43,41.59,29.96,8.22
6492,221,4.01,4,329.06,41.45,15.87,11.38,2.67
6493,436,8.14,6,558.85,69.32,31.630000000000003,16.32,2.84
6494,685,12.93,5,1029.44,122.32,53.17,37.449999999999996,6.26
6495,392,6.65,5,526.29,74.36,25.12,13.28,3.48
6496,396,10.01,6,650.93,56.72,42.41,27.73,2.13
6497,353,8.16,4,567.78,58.08,34.05,22.02,2.97
6498,330,10.71,5,829.5,75.27,39.339999999999996,39.17,6.44
6499,574,10.59,4,1059.36,110.02,57.99,42.24,6.75
650,504,9.63,5,862.6,86.15,43.7,36.88,6.98
6500,341,9.85,6,515.03,45.77,37.57,19.55,1.74
6501,445,11.36,7,724.29,75.64,33.91,30.83,5.52
6502,661,12.92,6,1093.31,157.75,45.21,31.68,8.99
6503,704,14.62,6,1070.1,157.42,39.62,30.86,10.6
6504,372,10.73,4,515.91,52.91,38.4,17.380000000000003,3.3
6505,484,9.809999999999999,4,993.5,98.94,53.24,42.09,5.8999999999999995
6506,703,18.59,7,1330.72,119.86000000000001,83.83,57.02,9.85
6507,509,12.620000000000001,5,1125.6299999999999,127.15,52.72,45.89,8.68
6508,405,10.81,7,788.06,84.65,43.34,30.029999999999998,5.86
6509,614,12.08,8,920.94,120.4,48.37,26.82,7.15
651,648,11.59,6,956.76,109.59,47.53,33.58,7.09
6510,644,11.94,9,991.49,144.08,41.489999999999995,27.060000000000002,7.69
6511,690,9.120000000000001,5,1012.4,151.66,36.68,28.490000000000002,11.03
6512,551,13.27,6,1041.1399999999999,100.63,54.17,46.22,10.15
6513,605,11.86,6,940.45,132.91000000000003,32.97,29.58,8.22
6514,555,10.08,6,772.0699999999999,124.64,27.59,18.28,6.92
6515,417,9.27,7,688.89,88.6,33.38,22.08,5.6499999999999995
6516,621,12.58,6,956.54,118.12,49.5,31.15,9.43
6517,387,10.34,7,519.06,55.54,35.53,17.19,4.62
6518,759,15.42,6,1357.62,157.15,68.19,51.379999999999995,12.64
6519,465,12.229999999999999,5,850.98,72.50999999999999,48.64,40.19,7.99
652,530,7.38,5,782.0799999999999,102.64000000000001,29.91,26.189999999999998,6.37
6520,336,8.18,5,535.76,47.11,26.71,24.96,2.98
6521,360,7.73,4,416.75,50.010000000000005,19.61,15.959999999999999,3.73
6522,298,11.780000000000001,4,385.27,18.47,34.09,21.88,3.5
6523,452,14.999999999999998,7,543.06,57.31,48.3,12.85,4.97
6524,447,10.06,5,609.11,63.690000000000005,33.79,25.330000000000002,4.07
6525,462,11.32,6,637.06,87.14,35.28,16.04,3.92
6526,506,12.9,7,754.29,93.36,40.11,25.95,6.11
6527,510,11.07,6,863.1500000000001,94.23,42.480000000000004,35.89,7.31
6528,473,8.34,4,741.9,87.81,34.29,27.78,6.73
6529,599,12.09,7,951.46,108.4,50.11,34.0,7.19
653,647,9.959999999999999,6,1076.1,121.97999999999999,48.1,42.17,8.290000000000001
6530,426,12.42,6,606.22,69.65,36.98,20.64,4.54
6531,460,10.26,6,785.85,80.78999999999999,34.32,37.28,10.8
6532,434,8.790000000000001,7,651.23,76.38,34.85,22.57,3.44
6533,544,13.55,6,754.15,89.49000000000001,52.61,19.96,3.36
6534,742,17.52,5,1493.02,169.18,61.23,58.81,10.59
6535,354,14.02,5,565.7,26.509999999999998,44.7,32.09,6.31
6536,566,11.870000000000001,7,1011.12,116.28,43.660000000000004,40.17,10.01
6537,446,14.49,6,798.86,74.89,56.67,30.919999999999998,5.92
6538,544,12.469999999999999,5,674.45,91.53,35.12,20.169999999999998,6.02
6539,299,6.78,3,457.45,48.32,24.400000000000002,18.9,2.19
654,471,9.84,4,775.9,77.31,44.09,29.509999999999998,4.15
6540,683,13.45,6,1110.69,131.94,54.56,39.58,10.95
6541,200,0.44,1,260.0,56.4,5.4,0.6,0.8
6542,371,9.02,4,558.7,48.44,35.06,24.2,3.13
6543,606,11.2,7,813.47,106.71000000000001,38.68,25.35,6.32
6544,372,8.17,5,618.8,67.63,29.22,25.36,6.29
6545,561,10.49,3,1070.0,112.17999999999999,57.760000000000005,41.760000000000005,5.92
6546,432,13.22,5,832.68,74.34,56.38,34.24,5.27
6547,505,10.92,5,1070.6,118.66,48.63,45.01,8.69
6548,496,13.4,5,995.8,88.75,59.89,46.85,9.51
6549,659,14.15,6,996.27,129.05,49.98,29.92,7.21
655,349,8.27,5,579.16,45.120000000000005,36.03,25.959999999999997,4.9
6550,451,15.63,5,909.6,63.68,63.8,43.04,7.14
6551,287,8.29,7,375.03,35.08,23.38,15.82,3.58
6552,460,9.5,4,689.3,109.44,23.33,17.68,6.67
6553,508,12.3,3,855.8499999999999,83.47,47.88,37.65,3.7
6554,782,16.09,5,1168.96,182.93,49.74,25.859999999999996,9.309999999999999
6555,373,9.47,7,574.28,53.27,28.669999999999998,25.96,5.96
6556,371,7.47,4,540.3199999999999,69.82000000000001,24.17,17.5,5.07
6557,488,10.36,7,728.5,99.12,33.89,22.110000000000003,6.3999999999999995
6558,578,15.959999999999999,6,1070.85,122.00999999999999,55.06,40.31,9.19
6559,585,11.3,7,856.13,98.83,45.71,30.05,4.98
656,355,6.93,5,608.46,58.54,33.01,25.0,3.5700000000000003
6560,606,10.81,5,672.63,91.95,31.37,20.54,5.51
6561,478,11.209999999999999,5,981.56,109.57000000000001,47.08,40.14,7.720000000000001
6562,582,6.91,3,971.0699999999999,142.25,33.72,28.879999999999995,10.020000000000001
6563,341,10.95,7,660.14,64.51,38.050000000000004,26.77,4.41
6564,346,10.78,7,759.35,73.65,37.08,34.29,6.09
6565,408,6.789999999999999,4,635.51,74.82,30.509999999999998,23.919999999999998,5.53
6566,388,6.96,3,772.8,113.03,26.0,21.78,4.14
6567,531,12.459999999999999,8,939.06,99.78,46.61,36.29,4.64
6568,732,19.080000000000002,6,1495.51,157.67,64.11,61.51,8.19
6569,681,13.219999999999999,5,988.1800000000001,129.15,50.21,29.22,5.96
657,1562,13.200000000000001,7,2326.5,372.35999999999996,81.12,50.43,10.91
6570,410,7.98,6,633.83,87.52000000000001,24.29,19.73,5.1899999999999995
6571,582,14.379999999999999,8,1050.92,113.66,53.06,41.69,9.39
6572,857,11.72,6,1131.71,179.81,42.96,25.330000000000002,8.99
6573,441,11.09,7,812.33,89.95,47.81,28.49,5.13
6574,708,14.9,7,971.31,118.1,48.160000000000004,33.5,8.4
6575,650,13.809999999999999,5,939.2,109.39,45.06,36.86,7.63
6576,423,4.77,3,409.24,84.06,10.01,2.8600000000000003,3.68
6577,483,9.47,6,1021.3,106.47,43.24,45.04,8.15
6578,693,15.15,7,1280.8400000000001,155.17000000000002,54.34,44.75,9.59
6579,649,15.21,5,1118.33,110.42,67.36,45.13,4.82
658,437,7.39,4,509.71999999999997,64.17,25.009999999999998,15.89,7.17
6580,589,11.82,5,1002.28,117.25,40.440000000000005,37.07,5.4399999999999995
6581,617,10.469999999999999,5,1045.52,122.83000000000001,45.68,41.5,10.89
6582,572,14.01,6,1011.2,97.22,54.03,45.129999999999995,10.790000000000001
6583,538,5.57,3,618.67,111.41,24.21,7.8,4.1
6584,439,10.049999999999999,8,576.52,73.39,33.79,17.6,4.86
6585,622,21.009999999999998,5,901.95,115.83,52.65,26.389999999999997,9.31
6586,641,13.85,5,939.36,113.5,40.16,31.09,6.9
6587,462,11.67,5,656.45,64.39,38.769999999999996,26.279999999999998,5.1
6588,364,4.82,4,550.59,83.08,18.52,15.76,6.6
6589,377,11.07,5,805.98,61.730000000000004,47.24,41.79,5.11
659,661,15.03,5,1139.4,96.63,58.26,57.07,10.379999999999999
6590,601,9.99,5,896.7,135.35,34.59,23.82,5.5600000000000005
6591,410,11.549999999999999,5,608.73,57.65,37.26,26.22,3.64
6592,485,13.77,6,962.3,88.59,55.42,44.11,8.22
6593,435,12.86,7,718.18,69.39,47.84,28.57,6.7700000000000005
6594,609,12.76,7,947.5,109.94,43.35,36.7,9.379999999999999
6595,630,12.58,7,1154.8,147.34,47.79,40.16,10.620000000000001
6596,617,14.22,4,677.5,84.85,45.44,16.689999999999998,5.51
6597,567,13.12,5,769.8,94.81,40.36,24.22,6.970000000000001
6598,407,4.63,3,656.8,99.91,26.349999999999998,16.259999999999998,2.0700000000000003
6599,448,11.81,5,925.8,85.94999999999999,49.29,39.46,7.08
660,403,9.49,6,704.98,63.2,38.81,30.24,3.7800000000000002
6600,728,14.52,6,1058.13,152.18,43.39,31.060000000000002,8.77
6601,697,15.370000000000001,7,963.89,119.41,50.06,31.349999999999998,11.61
6602,485,7.67,4,867.63,110.74,36.199999999999996,30.98,7.94
6603,378,11.07,6,591.25,52.45,38.769999999999996,25.13,5.45
6604,510,11.83,7,926.9,95.29,42.120000000000005,40.63,10.41
6605,498,11.870000000000001,4,739.95,91.0,43.620000000000005,21.509999999999998,4.54
6606,601,14.78,4,635.95,92.83,38.51,10.58,7.02
6607,666,17.12,6,936.63,106.22,53.69,30.96,7.91
6608,428,9.11,5,603.8,70.98,33.56,19.52,4.15
6609,354,10.51,6,666.54,52.26,41.26,34.36,6.82
661,487,12.31,5,883.8000000000001,55.92,56.28,45.8,7.79
6610,238,0.52,1,309.4,67.12,6.43,0.71,0.95
6611,713,18.65,5,1331.8200000000002,134.36,74.66,53.01,12.08
6612,535,11.26,4,1113.7,107.52,59.839999999999996,50.25,7.44
6613,394,3.51,2,732.5999999999999,107.4,24.909999999999997,21.709999999999997,5.75
6614,404,13.129999999999999,5,643.1600000000001,62.4,43.17,23.66,7.34
6615,489,13.299999999999999,6,902.3,88.07,50.26,38.11,9.79
6616,537,16.62,6,1214.68,93.88,61.33,61.67,10.76
6617,391,9.69,6,640.45,72.23,34.98,22.71,6.21
6618,571,13.9,8,892.59,96.71,52.37,31.900000000000002,5.7
6619,629,17.43,6,1186.5,104.31,59.51,54.33,9.76
662,580,11.86,8,969.12,91.14,49.0,43.46,8.09
6620,411,13.56,9,828.62,67.03,52.5,38.4,8.07
6621,504,9.139999999999999,7,762.82,110.25999999999999,30.48,21.09,5.93
6622,572,12.16,7,996.0699999999999,123.49000000000001,47.54,34.3,8.16
6623,419,9.12,6,598.64,67.2,29.04,23.6,6.74
6624,503,9.870000000000001,6,735.15,98.43,32.650000000000006,22.89,9.11
6625,418,5.9799999999999995,4,689.89,93.74000000000001,26.69,22.12,5.4
6626,520,13.969999999999999,7,613.25,79.67,34.269999999999996,18.21,8.25
6627,687,18.36,5,1524.23,172.22,59.86,60.24,8.97
6628,535,13.24,5,931.22,114.41999999999999,49.87,29.75,8.370000000000001
6629,576,10.04,4,971.0799999999999,125.81,33.629999999999995,31.73,6.3
663,405,4.28,4,570.7,80.8,21.62,17.73,6.28
6630,598,11.56,5,1320.3,137.16,49.65,56.519999999999996,7.4799999999999995
6631,527,9.25,4,914.81,114.85,38.89,32.67,10.0
6632,636,5.97,2,724.0,153.14,15.370000000000001,3.71,6.66
6633,304,9.26,4,403.14,43.12,23.439999999999998,16.23,5.93
6634,496,6.359999999999999,3,880.4,118.16,36.379999999999995,28.34,4.5600000000000005
6635,808,24.39,9,1591.4,131.49,89.67999999999999,79.22999999999999,11.55
6636,740,23.43,7,1116.27,99.31,70.42,50.5,18.96
6637,386,8.459999999999999,3,792.5,81.78999999999999,40.129999999999995,35.35,7.289999999999999
6638,293,7.779999999999999,9,461.01,44.55,27.98,19.54,4.01
6639,369,11.24,8,577.51,44.9,39.0,26.85,3.98
664,624,8.26,3,1055.9,114.28,46.14,43.330000000000005,8.51
6640,359,6.180000000000001,4,665.4100000000001,80.67,30.939999999999998,24.2,7.38
6641,423,10.299999999999999,6,781.0,87.27,36.59,31.59,6.83
6642,488,12.18,4,966.1,102.68,58.61,36.81,6.51
6643,1496,62.85,8,3230.3,175.17,227.12,166.22,14.55
6644,854,24.37,8,1321.07,117.49,87.19999999999999,56.589999999999996,11.18
6645,679,15.04,6,1076.1,133.51,57.06,32.300000000000004,6.66
6646,356,7.21,4,451.65,57.940000000000005,22.939999999999998,13.1,3.4
6647,351,10.56,6,675.05,45.21,45.01,35.23,5.45
6648,358,10.129999999999999,8,700.62,62.97,40.17,32.92,7.37
6649,456,8.88,5,665.01,81.7,33.27,22.02,4.5
665,367,5.720000000000001,4,541.38,56.209999999999994,25.099999999999998,22.92,5.21
6650,458,10.58,7,728.1,74.82,38.74,29.84,5.34
6651,565,9.54,6,834.82,104.76,38.79,27.92,4.73
6652,189,8.25,5,327.88,13.92,28.03,17.95,2.4200000000000004
6653,516,9.44,6,798.8499999999999,99.78999999999999,38.78,26.150000000000002,5.699999999999999
6654,436,10.33,4,843.9,88.56,48.38,33.0,6.57
6655,437,12.29,5,824.7,87.63,51.3,30.64,6.57
6656,529,13.01,6,1000.8,101.71,53.05,43.56,7.82
6657,475,7.7700000000000005,3,812.5,94.68,42.19,30.59,7.7
6658,638,12.23,5,1115.5,129.34,60.47,39.63,6.37
6659,534,10.23,4,926.4000000000001,99.99,56.88,32.7,6.75
666,450,9.24,5,700.8,71.33,40.99,26.31,4.0
6660,458,13.01,6,735.4,69.38,48.78,29.51,3.84
6661,377,12.2,8,694.84,44.96,46.76,36.95,4.56
6662,363,8.91,4,672.1,63.51,35.37,28.52,4.55
6663,543,20.76,4,875.25,17.009999999999998,85.42999999999999,53.37,4.07
6664,519,10.41,6,689.1,79.14,43.37,22.04,3.54
6665,367,9.27,5,500.61,46.96,32.65,20.54,2.59
6666,497,13.04,6,997.4000000000001,76.11,65.76,48.36,6.6499999999999995
6667,770,13.75,6,1059.8,129.09,55.37,36.62,10.09
6668,529,10.49,4,648.04,81.16,43.660000000000004,14.6,2.96
6669,492,10.7,4,610.1500000000001,88.63000000000001,34.63,12.67,4.39
667,715,13.54,6,1139.56,108.46,59.849999999999994,48.879999999999995,9.219999999999999
6670,430,10.62,5,568.5500000000001,61.15,32.89,21.71,4.58
6671,493,11.3,3,1082.9,98.21,62.19,48.800000000000004,7.430000000000001
6672,334,10.12,8,555.65,53.67,31.83,24.5,6.78
6673,446,13.299999999999999,9,670.89,52.94,47.71,31.07,5.49
6674,1037,18.779999999999998,6,1724.5,196.26,89.77000000000001,62.379999999999995,9.870000000000001
6675,667,12.77,4,651.47,109.09,26.58,11.31,10.969999999999999
6676,507,7.890000000000001,3,611.55,85.03,40.83,10.64,1.14
6677,404,6.869999999999999,3,509.29999999999995,66.13,34.37,10.6,0.88
6678,677,11.1,4,890.9,128.63,50.540000000000006,17.35,3.85
6679,1158,20.38,5,2064.4,233.73999999999998,109.07,76.81,12.92
668,640,13.44,7,1039.98,92.49,53.37,48.43000000000001,7.57
6680,397,9.56,5,655.25,63.96,44.67,24.0,4.88
6681,280,4.81,4,384.6,60.76,17.78,7.09,2.9899999999999998
6682,595,10.81,3,816.44,114.63,31.799999999999997,26.529999999999998,5.28
6683,465,9.83,8,720.2,77.07,43.13,26.560000000000002,6.12
6684,645,5.91,3,909.0999999999999,161.35,30.240000000000002,13.91,5.74
6685,555,11.21,6,949.8,111.44,46.78,36.15,7.93
6686,382,10.19,4,524.28,43.75,33.51,24.189999999999998,3.56
6687,383,9.31,6,683.65,61.019999999999996,43.33,29.53,5.779999999999999
6688,767,17.830000000000002,6,1183.88,118.88000000000001,76.54,43.79,7.930000000000001
6689,353,9.74,4,704.5,58.96,40.0,34.1,3.63
669,570,9.35,5,873.26,93.27,41.71,35.57,8.58
6690,366,12.209999999999999,3,757.1,48.71,47.09,43.25,2.62
6691,348,10.4,7,639.5600000000001,49.769999999999996,43.2,28.849999999999998,4.29
6692,402,8.850000000000001,6,688.45,62.050000000000004,41.93,30.57,5.800000000000001
6693,652,9.2,4,961.2199999999999,144.6,37.74,23.28,3.3499999999999996
6694,483,10.65,6,758.78,84.86,46.41,25.07,6.61
6695,340,11.74,7,632.15,46.5,43.8,31.64,4.22
6696,499,12.1,8,878.1,83.65,51.57,36.39,6.2
6697,547,15.059999999999999,5,853.8,96.33,50.949999999999996,30.639999999999997,4.45
6698,401,10.8,5,819.3,74.15,47.79,35.54,4.41
6699,496,11.02,6,832.04,84.02,46.79,34.53,5.41
670,355,7.15,5,668.5,54.77,34.75,32.87,4.92
6700,491,10.37,5,773.0,85.06,39.22,30.28,5.0600000000000005
6701,454,13.6,7,832.45,64.83,55.19,40.19,5.32
6702,289,15.9,1,924.8,14.45,72.25,63.58,2.89
6703,471,11.4,6,672.55,71.05,45.57,23.099999999999998,4.2700000000000005
6704,600,17.29,4,875.85,87.3,63.3,30.93,2.7199999999999998
6705,433,12.33,4,814.85,73.71,49.0,37.27,4.91
6706,859,15.82,6,1237.75,156.12,68.52,38.97,6.17
6707,459,10.42,6,764.6500000000001,75.22999999999999,41.63,33.08,4.01
6708,542,11.26,5,805.95,97.5,47.65,25.32,3.5700000000000003
6709,379,5.87,6,417.79,67.21000000000001,15.9,8.66,5.87
671,451,6.97,7,651.44,74.33,28.29,26.91,7.859999999999999
6710,812,14.94,7,1026.95,144.36,56.43,23.95,7.26
6711,743,21.57,5,1496.1999999999998,107.07,97.89,75.47999999999999,9.07
6712,595,14.97,4,1042.3,94.63,63.17,44.870000000000005,10.93
6713,292,7.220000000000001,5,514.95,54.72,25.9,19.69,3.6
6714,434,11.86,6,621.5,66.28,38.17,23.490000000000002,5.12
6715,616,11.54,4,971.9,127.31,47.699999999999996,30.5,12.09
6716,390,7.59,6,387.56,55.22,18.64,10.61,4.13
6717,376,8.75,5,695.6,64.07,39.49,31.8,5.92
6718,353,8.99,7,479.84000000000003,45.120000000000005,32.19,17.680000000000003,3.41
6719,422,9.799999999999999,8,597.75,63.86,35.44,22.689999999999998,5.1899999999999995
672,246,6.58,5,345.08,16.54,22.32,20.46,5.26
6720,479,9.17,5,796.6,89.46000000000001,45.86,26.7,3.91
6721,249,6.82,4,392.68,42.53,26.89,13.27,2.47
6722,575,13.55,7,761.6,82.81,52.730000000000004,23.95,5.37
6723,549,11.950000000000001,4,602.55,60.47,37.09,24.62,4.82
6724,641,11.74,3,818.1500000000001,99.86999999999999,57.56,18.73,1.31
6725,434,8.41,3,703.4,92.93,33.29,19.49,3.2600000000000002
6726,447,12.5,8,802.84,76.75999999999999,47.85,34.69,6.3
6727,595,13.39,4,929.05,95.41000000000001,52.92,35.98,3.26
6728,512,11.91,5,760.45,79.8,40.09,29.48,5.75
6729,476,12.16,6,850.5,81.74,46.31,37.91,5.96
673,578,10.200000000000001,4,1051.3,102.19000000000001,49.120000000000005,47.02,6.54
6730,524,14.55,5,979.87,92.91,57.07,40.78,10.79
6731,380,9.3,4,728.9,73.25,36.91,31.37,5.01
6732,492,19.02,7,716.25,45.43,64.65,32.699999999999996,5.54
6733,468,9.84,5,696.15,74.8,38.870000000000005,25.54,5.64
6734,390,5.9,3,622.84,83.71000000000001,28.87,19.57,5.21
6735,601,13.01,4,1177.6799999999998,120.89,61.88,51.92,12.37
6736,359,6.71,4,701.5,79.85,31.76,28.5,5.51
6737,486,19.79,5,1058.88,59.11,65.45,65.88,9.34
6738,425,9.73,5,686.71,81.28,35.1,22.73,6.7
6739,413,10.440000000000001,5,858.4000000000001,80.28999999999999,47.95,37.12,6.77
674,294,5.14,5,437.06,49.83,18.73,18.19,4.63
6740,441,12.24,7,836.55,69.91,52.94,39.35,5.95
6741,540,15.96,6,1145.55,94.51,65.75,58.97,11.18
6742,608,15.170000000000002,6,1065.9,111.10000000000001,60.709999999999994,43.19,6.02
6743,416,10.61,4,957.0999999999999,79.14,54.07,46.73,6.8
6744,618,13.39,7,807.23,92.27,40.88,32.01,9.69
6745,519,12.4,7,837.1,89.6,47.78,30.65,3.56
6746,495,11.08,4,761.75,74.82,40.75,35.51,7.43
6747,396,10.1,4,692.1600000000001,76.36000000000001,35.449999999999996,28.459999999999997,4.79
6748,380,10.59,6,618.24,60.97,35.87,24.56,4.47
6749,337,9.14,8,464.97,44.17,29.94,18.18,3.63
675,654,7.0,4,774.38,130.94,21.28,17.52,8.64
6750,672,11.16,6,975.9,128.10999999999999,52.25,26.64,5.98
6751,275,7.6000000000000005,4,448.22,36.04,27.79,20.840000000000003,3.68
6752,439,13.01,10,788.9,62.32,48.55,38.07,6.55
6753,594,12.89,6,917.7,114.97999999999999,51.95,27.86,7.699999999999999
6754,438,9.690000000000001,6,720.9,81.14,32.26,29.97,6.58
6755,338,10.51,5,645.9000000000001,50.43,37.59,30.72,4.39
6756,559,10.56,5,1056.7,125.61,52.0,39.17,8.530000000000001
6757,225,7.050000000000001,5,336.4,29.28,21.049999999999997,13.540000000000001,2.89
6758,318,12.120000000000001,6,618.75,28.8,43.44,35.650000000000006,6.0
6759,354,15.56,5,748.4300000000001,25.54,56.86,44.260000000000005,4.63
676,339,5.24,3,478.4,66.31,18.1,16.37,5.29
6760,459,9.06,7,565.76,68.55,27.82,20.28,5.15
6761,391,10.209999999999999,6,728.35,58.41,40.230000000000004,38.01,6.4799999999999995
6762,447,11.24,6,940.66,88.17,52.36,42.97,6.2299999999999995
6763,395,13.51,8,786.1800000000001,53.34,54.559999999999995,39.04,6.58
6764,236,4.51,4,350.95,44.12,15.45,12.13,3.27
6765,635,9.36,4,1034.6,145.96,44.97,28.5,6.0
6766,734,22.14,3,1694.7,130.63,103.53,83.39,6.84
6767,409,10.6,6,668.05,60.79,43.83,26.48,5.640000000000001
6768,475,12.67,4,947.2,92.34,56.12,41.019999999999996,6.75
6769,363,10.68,5,738.3,59.129999999999995,42.18,38.27,5.47
677,778,14.3,5,1157.6999999999998,159.21,41.37,41.730000000000004,9.379999999999999
6770,603,12.41,5,1152.05,119.63,60.84,48.580000000000005,9.62
6771,443,8.59,8,743.05,83.53,39.0,27.139999999999997,4.21
6772,407,10.55,6,650.7,58.1,38.269999999999996,30.44,5.94
6773,537,11.209999999999999,6,770.87,90.5,36.51,27.56,5.5600000000000005
6774,537,14.07,8,1069.78,98.99,58.769999999999996,48.8,10.43
6775,359,10.870000000000001,9,592.25,54.53,35.85,26.97,5.85
6776,200,2.74,4,287.69,43.120000000000005,12.05,7.4399999999999995,3.01
6777,536,10.28,6,714.6,102.22999999999999,34.41,18.34,5.65
6778,486,11.5,9,819.28,80.41000000000001,44.59,35.230000000000004,7.34
6779,295,7.0600000000000005,6,450.62,45.26,23.74,18.669999999999998,4.49
678,448,9.59,10,888.3199999999999,94.74000000000001,46.57,35.47,6.91
6780,720,16.66,7,1243.58,116.78,79.94,52.78,14.34
6781,399,10.42,7,752.7,67.08,44.01,34.910000000000004,7.24
6782,512,11.26,4,977.3,89.62,52.650000000000006,44.85,8.43
6783,462,11.5,5,744.7,64.84,44.92,31.830000000000002,3.62
6784,565,14.040000000000001,7,919.3199999999999,80.14,54.31,45.099999999999994,13.81
6785,526,11.74,6,922.64,87.77000000000001,47.1,42.08,8.04
6786,710,17.09,4,1209.1299999999999,113.86999999999999,63.489999999999995,54.33,9.68
6787,514,12.46,5,1030.5,87.05,58.34,50.23,11.28
6788,493,9.6,8,779.3199999999999,92.53999999999999,37.43,29.310000000000002,6.43
6789,438,12.549999999999999,7,769.75,66.81,42.87,37.08,5.2299999999999995
679,664,16.53,11,1013.62,108.0,53.61,41.68,12.719999999999999
6790,387,8.77,5,615.85,62.08,33.28,25.69,3.77
6791,544,11.790000000000001,7,810.43,91.0,42.18,31.310000000000002,8.48
6792,531,8.32,4,670.77,103.91,22.12,18.19,8.51
6793,657,18.12,9,1144.27,95.68,71.14,52.76,10.14
6794,356,9.97,5,714.0999999999999,64.92,39.71,34.07,6.83
6795,502,9.83,6,876.3,113.03,39.92,29.85,5.6
6796,375,10.46,6,663.1,63.18,36.92,30.72,6.16
6797,365,8.61,5,623.45,71.39,36.89,21.87,4.93
6798,257,10.120000000000001,3,489.95,32.29,31.59,28.07,5.55
6799,373,12.860000000000001,8,753.69,52.1,47.129999999999995,37.98,4.83
680,459,8.21,4,909.4,101.57,45.480000000000004,33.9,11.14
6800,309,7.01,4,377.43,35.620000000000005,22.37,16.14,2.56
6801,348,8.18,7,567.35,47.71,32.28,27.189999999999998,4.84
6802,569,9.9,9,810.67,103.21,37.72,27.830000000000002,8.51
6803,347,6.08,4,423.2,49.96999999999999,25.14,14.670000000000002,2.97
6804,360,4.82,3,588.9,82.53999999999999,26.22,16.68,5.37
6805,435,17.0,6,961.4200000000001,46.32,59.98,61.95,9.44
6806,422,8.46,6,684.7,72.54,36.95,26.029999999999998,3.58
6807,664,14.27,7,1073.14,111.62,52.38,44.97,10.26
6808,362,10.24,5,817.4,66.94999999999999,46.34,41.980000000000004,6.45
6809,544,13.92,6,636.15,78.28,43.03,17.52,6.68
681,408,7.679999999999999,4,886.4000000000001,97.73,48.57,32.75,6.91
6810,472,11.02,7,751.5,81.21,38.61,30.78,7.4399999999999995
6811,276,6.04,5,455.3,54.940000000000005,23.37,15.399999999999999,2.84
6812,466,7.86,7,566.1,82.74,21.47,16.19,6.01
6813,362,9.76,6,651.2,63.37,37.84,25.689999999999998,4.25
6814,637,13.84,6,909.6,106.93,49.879999999999995,32.96,7.94
6815,623,11.68,5,1000.9000000000001,135.8,52.79,27.02,6.34
6816,463,5.58,7,568.79,96.08,20.64,10.969999999999999,4.9399999999999995
6817,499,11.57,6,833.8,79.64,43.65,38.86,9.78
6818,492,13.08,5,845.1,81.0,45.53,38.74,5.86
6819,658,10.78,5,1016.55,141.14,39.56,31.900000000000002,7.01
682,410,9.59,3,747.9,102.6,26.48,25.630000000000003,8.67
6820,588,14.18,4,945.45,108.38,47.53,37.53,8.59
6821,464,10.700000000000001,5,844.05,83.82,42.71,38.86,8.22
6822,523,6.5600000000000005,5,626.36,102.43,19.12,15.58,5.29
6823,410,9.09,6,623.06,74.08,25.7,25.68,6.68
6824,594,11.46,5,1081.5,120.8,50.98,44.42,11.97
6825,550,8.82,7,878.46,121.75,36.39,26.6,7.75
6826,669,11.17,5,996.05,129.6,44.85,33.82,8.71
6827,527,6.4799999999999995,2,994.0999999999999,131.72,45.75,31.86,9.52
6828,673,10.48,5,1009.0699999999999,138.43,42.25,32.68,7.12
6829,380,7.529999999999999,5,624.76,70.05,24.849999999999998,27.669999999999998,5.84
683,315,11.67,4,713.5,45.21,50.440000000000005,38.5,3.8899999999999997
6830,442,8.65,6,733.15,76.28,35.83,31.76,6.69
6831,294,7.75,6,332.46,38.230000000000004,20.65,11.06,4.33
6832,405,11.01,5,533.6,58.49,32.76,19.34,5.78
6833,446,9.290000000000001,7,610.1500000000001,74.63,27.770000000000003,22.97,8.56
6834,334,7.7299999999999995,5,478.55,62.03,21.0,16.59,5.43
6835,412,11.1,7,862.12,77.05,47.839999999999996,40.54,8.26
6836,465,9.3,3,924.0,102.60999999999999,45.2,38.35,6.94
6837,436,7.8,4,745.76,96.13,35.61,24.87,5.48
6838,305,7.35,7,547.6,54.58,29.09,23.08,4.4
6839,631,11.87,9,808.6,110.36,40.11,22.66,7.77
684,452,18.61,4,448.6,38.18000000000001,27.5,22.64,10.1
6840,477,15.76,4,949.3,62.52,53.56,57.33,12.790000000000001
6841,538,11.0,5,827.0,102.53,39.86,29.58,9.5
6842,343,10.6,5,771.1,55.89,47.46,39.03,4.2299999999999995
6843,404,11.28,7,745.6,70.9,40.94,33.61,5.58
6844,459,11.38,6,760.85,74.55000000000001,46.06,30.309999999999995,5.57
6845,592,11.99,6,907.45,119.44,44.37,28.380000000000003,6.49
6846,639,11.3,5,1071.9,135.52,46.3,39.129999999999995,9.9
6847,673,15.46,4,941.75,114.13,52.17,30.029999999999998,5.720000000000001
6848,478,14.879999999999999,9,697.01,59.510000000000005,45.21,31.089999999999996,6.45
6849,233,6.91,7,316.07,29.16,17.24,15.219999999999999,4.46
685,468,2.76,2,527.8,107.49,13.87,4.199999999999999,5.59
6850,349,8.22,4,593.1,59.04,29.97,26.26,5.1000000000000005
6851,442,10.75,6,774.04,74.12,39.22,36.78,5.63
6852,364,9.41,4,609.33,67.64,33.129999999999995,22.160000000000004,4.6000000000000005
6853,595,11.03,3,847.75,115.41,34.56,28.590000000000003,6.98
6854,424,8.08,5,681.9,79.85,34.94,24.2,5.64
6855,476,9.7,5,661.8000000000001,74.53999999999999,28.1,28.229999999999997,8.64
6856,479,9.75,6,708.45,84.27,33.32,26.68,5.88
6857,328,5.0,3,484.04999999999995,63.76,22.98,15.62,5.51
6858,435,11.870000000000001,6,763.97,76.01,36.94,34.96,7.95
6859,658,10.36,3,848.7,118.13000000000001,35.5,26.830000000000002,6.5
686,516,19.46,5,1095.78,74.86999999999999,69.81,59.93,9.86
6860,323,11.82,4,681.05,44.82,43.71,38.95,7.8
6861,345,6.59,5,481.32,67.26,19.29,14.159999999999998,5.24
6862,297,11.65,4,479.5,29.91,40.91,22.04,2.49
6863,390,7.7,4,630.3499999999999,74.86,29.94,23.36,3.84
6864,553,11.459999999999999,5,1084.3,121.06,52.55,43.54,10.2
6865,557,11.69,7,923.9,100.26,42.4,39.559999999999995,7.26
6866,454,10.540000000000001,4,875.5,82.65,46.83,38.21,5.68
6867,666,12.75,5,728.98,122.75999999999999,33.65,10.4,7.17
6868,456,12.290000000000001,3,809.8,85.16,47.989999999999995,30.110000000000003,4.01
6869,600,11.950000000000001,6,824.1,99.24000000000001,37.61,31.11,8.67
687,618,10.7,4,1017.84,139.57,48.45,27.43,5.220000000000001
6870,614,10.19,6,1104.95,133.29,54.44,39.36,8.77
6871,236,7.35,7,442.65,29.6,27.400000000000002,24.51,4.44
6872,581,16.14,6,1129.54,104.30000000000001,60.129999999999995,51.5,8.73
6873,403,7.04,4,790.6,85.14,36.39,34.06,7.76
6874,378,6.39,5,579.45,67.6,26.86,22.759999999999998,5.890000000000001
6875,398,4.09,5,574.45,92.96,17.78,14.13,3.33
6876,549,14.83,6,913.7,80.21,48.77,45.09,7.390000000000001
6877,680,10.24,6,869.12,138.92,36.63,18.09,8.12
6878,653,15.02,4,1314.7,134.23999999999998,62.97,60.14,10.36
6879,516,9.91,5,701.25,86.39,30.939999999999998,26.49,6.76
688,357,5.12,4,527.84,72.49,24.939999999999998,16.2,5.45
6880,154,5.1,3,222.45,16.65,13.48,11.440000000000001,4.24
6881,550,9.3,6,787.9200000000001,115.68,32.41,20.99,9.68
6882,304,6.2,3,505.4,66.21,21.59,17.33,3.65
6883,744,16.64,5,1222.85,129.15,64.35,50.8,11.030000000000001
6884,467,8.47,4,773.2,97.41,32.5,27.75,6.11
6885,426,8.89,5,819.0,86.26,40.04,35.419999999999995,8.030000000000001
6886,388,7.04,4,414.87,73.08,15.82,5.95,6.59
6887,431,10.24,7,743.26,74.11,34.87,34.65,9.0
6888,499,17.12,7,851.8,57.93,47.55,48.300000000000004,12.84
6889,160,2.0700000000000003,2,251.2,38.57,8.75,6.8500000000000005,1.22
689,326,7.26,6,618.28,55.39,35.809999999999995,28.02,6.08
6890,469,12.110000000000001,5,814.5,85.6,40.81,33.68,8.98
6891,501,12.68,4,598.67,84.58,29.77,15.280000000000001,10.370000000000001
6892,427,10.07,5,681.28,83.85,29.66,24.060000000000002,8.38
6893,385,11.44,4,777.3,70.42,38.93,38.519999999999996,6.47
6894,365,11.09,4,610.3,63.84,37.74,23.54,3.17
6895,399,9.61,6,712.13,76.74,40.3,26.59,5.13
6896,343,8.9,6,487.7,53.64,27.73,18.21,9.26
6897,399,12.83,6,664.15,66.34,43.33,25.04,7.0
6898,428,6.86,3,561.3,90.86999999999999,27.09,8.799999999999999,3.56
6899,544,13.57,5,767.0,88.28999999999999,48.1,25.72,4.76
690,497,8.780000000000001,5,899.9399999999999,104.86,48.900000000000006,32.18,6.99
6900,220,6.41,5,296.8,20.27,17.04,17.89,4.24
6901,292,12.44,6,632.28,51.199999999999996,42.73,29.03,10.89
6902,51,1.86,2,80.2,6.619999999999999,5.41,3.5,1.72
6903,569,19.85,4,1129.55,33.66,103.21,65.56,7.79
6904,294,9.16,4,636.9000000000001,48.78,33.22,34.5,6.199999999999999
6905,500,5.63,4,707.3,130.41,20.16,10.22,3.8499999999999996
6906,642,20.220000000000002,8,1083.8400000000001,95.37,73.33,44.36,5.3100000000000005
6907,193,8.42,5,329.53,13.559999999999999,32.16,16.32,1.6400000000000001
6908,1189,21.25,5,1412.3200000000002,200.69,72.61,35.519999999999996,11.42
6909,342,7.66,5,457.72,57.28,22.26,14.32,4.29
691,406,9.99,8,737.87,76.57000000000001,38.61,30.87,10.11
6910,632,17.12,4,1061.6,112.28,66.88,37.11,9.5
6911,836,15.68,8,1218.25,159.71,56.0,39.2,12.469999999999999
6912,417,9.99,4,708.9,72.82,45.78,26.689999999999998,4.38
6913,409,9.06,4,625.3,75.45,26.009999999999998,23.52,4.49
6914,364,9.040000000000001,6,511.08,63.45,22.75,19.490000000000002,5.94
6915,511,10.69,5,749.76,96.92,36.0,21.79,5.75
6916,1455,33.72,7,1709.62,201.82,52.76,82.43,28.48
6917,620,21.529999999999998,7,1146.48,54.230000000000004,87.64,63.74,6.630000000000001
6918,348,12.629999999999999,6,560.64,39.82,52.08,21.9,3.37
6919,320,10.99,6,510.53,49.94,34.6,18.5,4.16
692,325,7.4399999999999995,8,559.77,55.71,29.87,24.259999999999998,8.290000000000001
6920,546,13.67,7,770.74,85.96,42.75,27.650000000000002,6.3500000000000005
6921,500,14.35,4,706.8800000000001,79.08,43.48,24.15,9.21
6922,625,12.16,3,626.0,88.87,32.54,15.259999999999998,9.35
6923,512,16.27,7,730.51,80.07,43.75,27.599999999999998,8.23
6924,337,6.71,4,624.5,52.64,34.3,30.41,4.87
6925,501,17.69,6,713.9200000000001,41.48,65.49,31.81,3.6599999999999997
6926,407,11.3,5,491.9,60.87,35.6,12.18,5.83
6927,405,11.68,8,643.15,72.07,39.71,22.38,4.74
6928,482,9.91,6,676.75,78.0,38.75,24.529999999999998,6.11
6929,455,10.19,4,681.56,88.81,33.47,19.68,6.24
693,444,7.97,4,945.3,101.80000000000001,49.43,35.83,8.45
6930,432,10.74,5,680.1,74.17,42.35,23.93,8.27
6931,526,9.31,4,661.14,104.45,30.479999999999997,13.18,8.190000000000001
6932,540,10.77,6,696.25,77.19,39.15,24.71,7.21
6933,430,13.47,7,698.87,69.4,45.43,26.69,4.72
6934,313,11.44,7,491.62,39.86,38.2,19.78,2.91
6935,406,8.72,4,793.5,83.47999999999999,42.82,30.25,3.52
6936,537,12.46,7,948.74,106.35,45.34,36.14,6.67
6937,326,10.68,6,515.44,54.620000000000005,30.63,19.98,5.8100000000000005
6938,504,9.530000000000001,4,501.21,89.78999999999999,30.23,1.97,4.78
6939,420,15.989999999999998,7,678.59,44.58,46.870000000000005,34.39,5.42
694,405,9.08,7,663.24,69.82,32.92,27.52,9.59
6940,554,11.959999999999999,4,766.1999999999999,99.25,45.62,21.75,5.61
6941,508,13.370000000000001,8,804.8199999999999,95.39,43.9,27.75,8.2
6942,666,18.78,5,978.89,92.81,59.81999999999999,38.93,5.63
6943,518,5.5,3,467.36,99.63999999999999,12.120000000000001,2.41,7.0
6944,470,13.84,7,722.9,81.3,45.99,23.95,6.48
6945,349,3.97,3,305.27,65.71,7.65,1.38,5.13
6946,510,12.06,5,712.03,96.78,44.4,16.029999999999998,5.48
6947,431,10.69,5,634.15,76.53999999999999,31.63,22.22,6.43
6948,585,11.68,5,850.95,83.63,55.290000000000006,32.09,5.2
6949,395,9.540000000000001,6,717.4,71.91,41.53,28.479999999999997,4.66
695,637,14.69,6,1299.3,138.25,72.03999999999999,50.79,8.76
6950,697,14.22,7,1120.08,114.35,72.17,39.58,5.46
6951,573,12.42,5,697.75,89.38000000000001,40.050000000000004,19.57,6.0
6952,527,12.709999999999999,8,856.1,92.3,50.08,30.99,4.7
6953,688,14.06,7,1066.65,139.49,47.37,35.19,8.69
6954,278,7.1899999999999995,5,424.8,43.35,22.9,17.650000000000002,3.17
6955,500,10.610000000000001,5,672.61,91.21000000000001,42.3,14.450000000000001,2.81
6956,444,10.020000000000001,4,574.76,74.94,34.309999999999995,15.919999999999998,5.92
6957,1053,20.67,6,1486.66,210.74,57.550000000000004,43.59,12.180000000000001
6958,508,10.63,6,741.18,79.03,43.59,27.65,6.3
6959,344,9.19,7,537.92,44.96,34.27,25.65,5.96
696,288,7.21,5,472.62,55.09,24.74,16.97,2.8
6960,512,9.74,7,662.1600000000001,91.62,36.31,16.18,5.27
6961,446,9.39,7,823.0,88.00999999999999,39.36,33.47,4.8
6962,640,13.969999999999999,8,984.9300000000001,128.24,44.68,31.16,7.75
6963,570,12.51,5,855.78,86.26,56.71,31.080000000000002,7.08
6964,562,11.07,4,770.06,110.53,34.69,19.23,7.66
6965,507,3.54,2,550.86,120.10000000000001,11.84,1.39,4.99
6966,359,8.49,6,590.54,52.73,37.67,24.89,3.71
6967,483,11.16,6,765.14,71.84,42.22,35.17,7.010000000000001
6968,803,22.93,8,1124.78,115.92999999999999,67.65,44.35,13.52
6969,542,13.719999999999999,7,737.6,92.65,41.5,21.4,5.45
697,356,6.09,6,570.92,72.03,29.74,18.42,6.7299999999999995
6970,395,9.7,5,690.6,62.85,43.86,29.849999999999998,6.0600000000000005
6971,489,14.17,6,727.8199999999999,83.59,45.19,23.97,5.75
6972,422,9.03,5,451.72,64.17,22.189999999999998,12.200000000000001,5.72
6973,483,10.3,6,726.45,92.8,33.06,23.75,5.890000000000001
6974,460,8.51,4,598.11,71.41,35.72,18.130000000000003,3.39
6975,293,8.530000000000001,5,415.12,51.18000000000001,21.77,13.86,3.54
6976,304,9.58,3,472.6,45.75,34.24,18.12,3.35
6977,573,12.36,6,957.74,115.00999999999999,45.54,33.35,6.41
6978,352,8.83,5,544.1800000000001,51.17,33.99,21.75,4.1
6979,541,11.02,5,719.56,94.66000000000001,33.69,23.630000000000003,8.08
698,365,7.5200000000000005,4,713.22,73.88,42.65,27.389999999999997,5.489999999999999
6980,471,12.83,6,655.49,74.28999999999999,35.69,24.13,6.12
6981,634,12.92,7,862.9,125.82,34.68,24.33,10.11
6982,313,5.55,4,413.82000000000005,68.7,15.09,8.6,5.22
6983,468,10.75,6,677.14,83.36,37.53,21.09,6.21
6984,337,8.77,5,428.59000000000003,62.099999999999994,24.130000000000003,9.26,3.81
6985,522,11.37,7,722.02,105.91999999999999,29.28,19.599999999999998,7.970000000000001
6986,623,12.83,7,966.35,120.69999999999999,45.38,33.08,6.09
6987,355,3.98,3,378.1,68.01,10.59,7.6000000000000005,4.15
6988,482,15.959999999999999,7,652.52,56.209999999999994,59.21,21.43,5.04
6989,622,10.08,6,897.95,124.72999999999999,44.67,23.84,7.54
699,336,9.040000000000001,8,707.74,68.9,40.35,30.34,8.2
6990,436,9.229999999999999,6,652.8,74.47,36.32,21.96,3.51
6991,367,10.510000000000002,4,501.69000000000005,58.54,39.97,10.35,1.22
6992,433,12.08,7,560.24,57.589999999999996,39.93,18.57,5.49
6993,513,12.12,6,673.53,79.49000000000001,40.07,21.759999999999998,4.869999999999999
6994,309,9.96,4,386.15999999999997,52.75,29.55,6.120000000000001,2.97
6995,423,10.39,5,516.9,73.3,30.32,12.53,4.859999999999999
6996,411,9.57,6,681.4,74.75999999999999,37.42,26.18,5.88
6997,412,8.959999999999999,7,503.73,73.56,25.46,11.85,6.0
6998,664,15.44,8,1152.02,92.68,78.48,51.160000000000004,7.34
6999,500,8.82,5,728.02,110.35999999999999,30.68,17.98,6.25
700,491,8.65,6,842.42,101.22999999999999,40.41,30.04,9.42
7000,325,6.06,5,379.53999999999996,53.05,18.34,9.61,4.02
7001,431,9.64,5,696.2,87.34,29.37,24.259999999999998,4.21
7002,901,18.2,6,1296.24,158.66,64.79,40.93,7.7700000000000005
7003,534,10.08,5,684.4,97.92999999999999,32.14,17.64,5.36
7004,476,8.5,5,630.86,84.7,29.5,17.4,4.06
7005,463,12.15,5,765.1,82.05,41.160000000000004,28.41,3.0300000000000002
7006,403,9.8,5,572.9,86.38,20.98,15.83,5.970000000000001
7007,417,12.649999999999999,7,569.84,67.38,34.980000000000004,17.98,6.609999999999999
7008,478,11.83,4,694.08,103.53999999999999,25.68,19.2,7.3999999999999995
7009,721,16.63,6,1064.3,131.10000000000002,66.4,30.419999999999998,8.05
701,1030,20.0,6,1563.3999999999999,215.26999999999998,72.77,45.120000000000005,20.97
7010,366,8.48,7,522.59,61.199999999999996,29.68,17.77,6.16
7011,534,10.91,5,1014.0,95.88,58.01,42.43,5.640000000000001
7012,488,17.13,7,630.23,32.120000000000005,62.45,29.03,7.9
7013,487,10.950000000000001,6,772.45,97.0,45.22,21.2,3.44
7014,1445,59.35,5,3084.7000000000003,141.62,229.17,160.97000000000003,3.06
7015,677,13.78,7,852.03,110.03,49.71,23.68,7.460000000000001
7016,732,16.98,7,1135.85,152.03,57.709999999999994,32.53,8.31
7017,261,7.0,5,339.7,49.18,13.42,10.33,4.9799999999999995
7018,446,10.94,3,724.2,72.13,51.660000000000004,24.95,4.05
7019,652,13.11,7,946.23,115.41,50.36,31.38,7.87
702,223,5.3100000000000005,5,356.53999999999996,45.370000000000005,15.1,13.29,3.84
7020,561,14.96,8,792.72,87.17,49.370000000000005,27.71,7.09
7021,322,2.58,3,339.55,71.99,8.809999999999999,1.5100000000000002,3.18
7022,606,12.74,6,898.5,110.5,44.019999999999996,30.34,6.04
7023,458,5.529999999999999,3,560.22,96.8,18.61,9.139999999999999,4.38
7024,609,11.74,8,880.75,128.9,38.8,22.490000000000002,6.76
7025,175,3.7800000000000002,3,216.95999999999998,15.440000000000001,15.36,11.18,3.98
7026,523,8.91,6,782.4,107.80000000000001,31.49,23.67,4.27
7027,465,10.01,5,632.95,84.21000000000001,30.44,18.59,5.37
7028,675,12.52,5,919.62,130.0,35.61,26.990000000000002,7.59
7029,477,9.0,5,648.31,90.50999999999999,27.729999999999997,18.37,4.85
703,392,8.34,5,503.65999999999997,71.9,22.71,13.6,8.12
7030,394,11.1,9,569.05,53.839999999999996,43.32,19.31,3.59
7031,105,3.05,1,257.25,36.75,4.2,10.5,2.1
7032,797,20.84,6,1012.79,103.13,70.78,37.16,12.850000000000001
7033,573,10.709999999999999,6,913.0799999999999,105.7,43.43,33.73,6.43
7034,492,4.54,4,543.3100000000001,110.74,13.54,4.7299999999999995,5.220000000000001
7035,632,19.509999999999998,10,904.52,81.62,59.09,40.33,9.19
7036,523,10.89,6,727.6,94.64,32.49,23.560000000000002,6.48
7037,487,13.18,7,706.36,63.980000000000004,46.3,28.48,5.58
7038,458,9.620000000000001,4,700.8,91.16,34.92,20.41,5.4
7039,527,12.56,7,633.91,88.66999999999999,36.44,14.44,6.2299999999999995
704,685,10.95,7,1079.83,151.92000000000002,40.85,33.33,11.49
7040,467,12.13,4,784.5,101.91,41.25,21.490000000000002,2.87
7041,421,10.19,7,725.6,58.55,47.61,33.04,4.3
7042,346,7.03,4,495.6,62.22,26.740000000000002,16.09,4.21
7043,381,10.09,5,633.3,87.56,25.54,20.68,4.65
70431,208,8.49,4,276.77,20.68,27.779999999999998,9.51,3.49
70432,455,18.03,8,978.4,59.07,59.04,55.95,7.82
70433,479,7.1899999999999995,4,464.8,82.33,16.509999999999998,5.56,4.79
70434,242,3.15,3,387.5,52.5,15.46,11.969999999999999,3.33
70435,319,6.06,9,373.8,50.629999999999995,18.02,9.77,4.3
70436,587,14.75,4,968.5,94.92,60.56,40.26,3.03
70437,457,8.690000000000001,4,584.16,82.17,23.630000000000003,19.06,4.96
70438,360,13.14,6,601.79,54.29,33.85,27.619999999999997,6.1
70439,587,5.62,3,695.3,131.22,17.97,10.559999999999999,4.74
7044,531,7.119999999999999,4,731.25,118.22,26.53,15.43,4.0
70440,559,11.57,4,751.25,95.72,32.64,24.92,6.4
70441,586,12.62,7,832.35,106.72,33.01,28.53,8.39
70442,445,11.55,4,679.92,77.84,41.68,21.270000000000003,3.99
70443,768,24.17,7,984.0,83.22,59.83,47.3,11.65
70444,636,10.35,6,830.8,129.12,32.63,21.06,7.5200000000000005
70445,721,15.18,5,994.18,143.87,41.89,25.650000000000002,8.29
70446,704,10.09,5,632.45,118.49000000000001,21.259999999999998,6.84,10.25
70447,506,11.07,6,838.52,93.16,44.23,30.28,5.609999999999999
70448,348,6.98,4,554.4,71.32,28.65,15.74,3.85
70449,544,12.01,7,751.58,87.44,41.53,24.97,8.61
7045,418,11.67,8,668.8,66.63,42.06,25.720000000000002,4.62
70450,439,3.08,2,463.6,99.11,10.12,1.01,2.37
70451,490,4.720000000000001,3,469.9,98.01,12.01,0.97,3.7600000000000002
70452,401,6.23,3,523.9,87.19,22.549999999999997,8.77,5.4
70453,511,9.68,5,754.3,100.52000000000001,35.22,23.25,4.28
70454,559,11.129999999999999,4,573.4,78.19999999999999,42.91,9.1,4.6
70455,587,15.97,5,1047.14,97.0,60.48,44.03,7.7
70456,394,9.89,4,775.5,75.2,37.62,37.44,5.12
70457,377,8.99,7,408.90999999999997,51.59,26.41,10.58,5.83
70458,375,7.87,6,404.34000000000003,61.43000000000001,18.240000000000002,8.52,5.78
70459,270,2.26,2,263.9,55.77,6.35,1.75,3.22
7046,829,22.93,10,1236.53,119.78999999999999,84.97,45.56,10.65
70460,302,7.2,5,519.0,51.78,29.75,20.64,4.5600000000000005
70461,304,12.879999999999999,6,495.95,25.990000000000002,37.0,26.42,2.1799999999999997
70462,1532,40.72,13,2133.05,226.62,112.03,84.91,21.19
70463,756,12.08,8,963.37,139.87,49.010000000000005,21.450000000000003,6.78
70464,394,9.46,6,606.22,60.24,36.41,23.799999999999997,6.16
70465,643,14.42,5,950.4100000000001,117.70000000000002,55.62,29.1,7.65
70466,322,8.28,8,429.40999999999997,42.61,27.53,16.36,5.53
70467,571,15.57,7,1019.6099999999999,97.05,50.54,46.42,6.12
70468,444,13.12,8,635.5699999999999,61.88,37.32,25.66,4.62
70469,347,2.94,2,440.29999999999995,78.2,15.09,6.12,4.2
7047,242,9.83,3,225.51,23.99,22.66,4.38,4.36
70470,640,15.96,5,973.9000000000001,115.54,45.06,36.120000000000005,5.66
70471,577,15.07,10,808.04,86.26,43.4,30.45,7.11
70472,552,11.4,7,875.2,104.07,43.82,31.97,7.0200000000000005
70473,458,6.75,7,525.16,83.5,26.64,8.24,5.1
7048,415,13.26,6,722.1899999999999,80.18,42.1,24.49,4.22
7049,333,9.82,4,609.7,67.7,30.39,22.4,2.4000000000000004
705,540,10.200000000000001,6,850.18,121.28,32.71,26.3,11.73
7050,394,11.32,7,595.32,62.18,41.55,19.21,4.17
7051,510,7.880000000000001,4,654.5,101.09,30.99,14.31,5.61
7052,452,10.12,7,630.97,69.65,36.47,22.759999999999998,5.51
7053,469,9.76,7,555.11,77.29,27.729999999999997,15.110000000000001,5.92
7054,369,6.12,4,401.6,70.55,15.98,6.460000000000001,6.23
7055,752,17.77,6,1061.2,116.26,66.56,35.22,7.9399999999999995
7056,299,7.91,4,503.20000000000005,43.480000000000004,29.650000000000002,21.93,1.89
7057,484,10.41,6,716.45,83.19999999999999,41.620000000000005,23.939999999999998,5.5
7058,459,10.72,6,523.66,73.84,27.709999999999997,13.44,8.48
7059,640,12.52,7,1001.8499999999999,134.07,42.98,30.46,7.04
706,402,6.21,4,790.26,81.30000000000001,37.12,33.93,6.91
7060,492,10.6,5,621.24,101.77,18.61,15.41,8.78
7061,377,5.74,5,550.2,78.21000000000001,23.32,15.31,5.4
7062,551,11.08,5,814.05,133.38,22.06,20.8,8.45
7063,406,8.25,6,463.6,60.86000000000001,25.17,14.47,7.21
7064,397,4.0200000000000005,3,365.22999999999996,77.49,9.61,1.9900000000000002,5.08
7065,408,12.76,5,520.37,66.89,37.15,11.66,6.9799999999999995
7066,675,17.45,9,1028.13,108.15,65.53,37.37,7.78
7067,417,11.68,7,671.3000000000001,74.72,37.81,25.069999999999997,7.0600000000000005
7068,692,19.349999999999998,9,1025.0,111.7,60.54,35.94,7.91
7069,400,6.41,4,475.71999999999997,75.84,12.250000000000002,14.27,6.1
707,332,5.92,4,485.12,78.68,15.04,11.82,3.16
7070,1037,21.15,6,1610.88,230.98000000000002,68.47,44.87,9.620000000000001
7071,53,1.48,1,79.5,10.6,2.65,3.18,1.06
7072,530,10.43,7,814.8,91.07000000000001,46.93,28.49,5.17
7073,454,9.32,5,554.64,67.82,31.43,16.47,5.1000000000000005
7074,348,8.81,6,513.66,57.63,22.990000000000002,20.48,4.59
7075,363,11.0,6,631.0,54.589999999999996,39.47,28.47,3.37
7076,582,12.6,6,821.92,114.01,37.87,22.799999999999997,6.83
7077,666,17.97,7,1065.55,98.96,66.39,42.879999999999995,4.45
7078,390,11.24,7,696.65,67.43,37.63,29.93,4.92
7079,554,13.21,8,834.4000000000001,87.75,47.77,31.29,5.13
708,258,4.73,4,385.1,56.06,16.18,11.02,5.01
7080,377,9.56,7,534.8,58.08,30.68,20.77,5.87
7081,504,8.51,4,523.71,80.31,21.48,12.209999999999999,6.970000000000001
7082,438,10.120000000000001,6,550.1,76.7,24.759999999999998,16.78,8.59
7083,282,9.5,6,562.85,49.5,28.62,28.45,5.890000000000001
7084,414,8.16,4,576.75,68.33,32.54,18.93,3.19
7085,435,8.42,5,582.3,83.46000000000001,22.799999999999997,16.87,5.5600000000000005
7086,556,11.64,4,780.5,82.13,52.19,26.53,4.02
7087,601,13.28,6,1045.46,107.03999999999999,57.36,39.86,5.2
7088,487,10.71,4,719.0,73.26,37.64,29.8,4.56
7089,605,10.38,9,887.4000000000001,128.4,36.370000000000005,23.86,6.57
709,1026,19.1,6,2202.7,224.60000000000002,109.49000000000001,92.56,14.39
7090,509,5.97,5,686.9000000000001,126.89,18.85,10.77,5.99
7091,324,6.33,6,428.05,68.82000000000001,13.49,11.700000000000001,4.74
7092,603,10.879999999999999,6,1030.4,130.51,47.6,33.54,5.2
7093,400,8.190000000000001,8,626.36,79.52,28.509999999999998,20.86,4.7
7094,622,8.51,5,872.05,139.39000000000001,34.17,18.69,5.72
7095,356,10.59,8,617.9200000000001,60.65,31.48,26.97,5.949999999999999
7096,334,5.65,3,434.85,54.03000000000001,25.31,12.66,2.09
7097,350,5.85,3,518.1,81.09,19.22,12.61,5.19
7098,308,8.98,6,588.2,37.14,38.31,30.36,2.91
7099,415,9.28,5,668.42,60.769999999999996,41.58,26.96,3.67
710,765,11.66,7,1002.88,151.91,38.129999999999995,26.09,11.97
7100,414,8.59,7,595.34,80.09,25.97,16.84,4.3100000000000005
7101,231,10.01,5,479.95,29.009999999999998,31.900000000000002,24.62,2.27
7102,433,9.92,8,618.93,86.83,24.22,19.3,6.28
7103,676,12.370000000000001,4,1094.4,114.01,67.19,39.0,4.61
7104,382,5.069999999999999,4,470.05,79.39,12.44,11.74,4.69
7105,396,8.129999999999999,5,606.7,70.5,33.11,21.279999999999998,5.09
7106,344,9.51,6,479.5,48.7,30.740000000000002,18.740000000000002,4.17
7107,559,13.99,5,727.5,102.53999999999999,35.94,20.8,7.29
7108,502,14.63,7,905.2,65.44,56.8,46.15,7.67
7109,369,7.86,6,481.45,66.03,22.89,13.48,5.16
711,548,11.040000000000001,6,894.12,118.07,37.6,30.97,13.33
7110,372,15.07,5,712.4,44.730000000000004,50.07,37.69,7.45
7111,416,10.459999999999999,6,662.3,75.37,30.56,26.77,6.37
7112,379,8.73,3,550.3,61.480000000000004,30.82,20.73,5.5
7113,261,7.09,4,452.15,49.14,24.35,17.68,2.57
7114,577,14.77,5,840.9000000000001,102.59,46.73,26.18,8.83
7115,528,14.030000000000001,8,757.7,101.88,32.75,25.060000000000002,9.940000000000001
7116,577,12.33,6,756.7,88.29,43.379999999999995,23.84,5.59
7117,567,12.520000000000001,5,714.45,107.68,30.11,18.97,8.55
7118,546,9.59,6,771.36,102.09,37.07,22.63,4.83
7119,318,6.34,5,533.5,50.730000000000004,32.29,21.37,3.54
712,653,12.73,6,984.84,123.81,44.07,34.02,6.52
7120,424,10.01,7,677.87,81.24,33.339999999999996,23.84,5.16
7121,469,8.94,5,642.9,74.28999999999999,34.459999999999994,22.23,3.77
7122,493,9.55,5,940.9,94.27,52.94,37.81999999999999,4.94
7123,566,10.12,5,761.35,107.28999999999999,33.33,22.84,7.3999999999999995
7124,527,9.76,7,791.1,95.52000000000001,44.69,24.46,3.8
7125,487,9.899999999999999,5,658.9,105.00999999999999,24.14,16.09,6.01
7126,212,2.51,3,257.45,47.540000000000006,7.23,4.36,2.3
7127,652,12.559999999999999,4,1170.95,115.06,67.62,45.84,4.87
7128,515,7.8999999999999995,7,592.48,102.32000000000001,24.419999999999998,9.88,5.82
7129,328,13.9,3,586.4,38.769999999999996,41.6,30.869999999999997,9.53
713,820,16.71,5,1645.8,180.85,91.79,61.6,16.33
7130,230,8.61,6,369.3,20.009999999999998,26.65,19.35,2.6799999999999997
7131,534,10.85,6,727.8,98.56,29.57,23.65,6.92
7132,782,14.22,6,1193.0,170.64,51.17,32.28,8.88
7133,473,9.91,5,588.05,71.41,23.62,23.43,6.92
7134,628,13.2,6,957.0,132.02,41.35,27.02,5.46
7135,326,6.29,5,380.95,57.03,19.88,8.83,3.97
7136,458,14.01,6,756.5,71.17999999999999,42.9,30.87,4.9
7137,534,10.14,6,754.51,103.66000000000001,32.3,23.2,6.64
7138,609,15.64,5,881.3,98.34,46.89,30.02,6.67
7139,476,12.39,4,787.4,70.19,54.730000000000004,30.35,3.8000000000000003
714,432,8.41,6,818.83,99.83,39.84,28.6,7.94
7140,672,10.67,5,1083.5,136.54,56.629999999999995,34.34,6.38
7141,453,10.89,8,595.6,70.63,27.509999999999998,22.900000000000002,6.819999999999999
7142,356,9.02,5,634.1,70.13,36.24,23.08,4.08
7143,527,11.13,6,655.25,83.27,37.589999999999996,19.58,6.57
7144,404,9.29,4,554.8,67.08,33.56,16.21,5.13
7145,413,13.32,6,709.5,53.9,48.15,31.530000000000005,2.88
7146,440,7.64,3,570.7,78.89,26.060000000000002,14.5,2.16
7147,309,0.68,1,401.7,87.14,8.34,0.93,1.24
7148,465,9.88,3,530.7,78.0,26.24,13.81,5.15
7149,310,9.67,7,451.65,41.64,32.34,17.830000000000002,4.9
715,324,6.46,7,595.12,70.92,29.18,21.96,6.909999999999999
7150,319,7.359999999999999,5,584.95,62.48,31.3,22.72,5.210000000000001
7151,670,13.190000000000001,4,1035.3000000000002,133.32,50.120000000000005,30.619999999999997,4.5
7152,374,9.82,4,542.8,77.89,22.55,15.7,4.94
7153,455,9.1,3,722.2,78.02,41.769999999999996,24.45,1.8900000000000001
7154,494,13.84,7,631.0,60.260000000000005,42.3,25.169999999999998,6.109999999999999
7155,397,8.2,4,458.75,59.68,22.9,12.749999999999998,3.3400000000000003
7156,531,13.84,5,780.35,68.06,56.94,30.119999999999997,4.24
7157,505,10.19,5,593.0,87.69,27.810000000000002,14.82,6.04
7158,762,17.54,8,1140.25,103.44,75.02,46.87,6.28
7159,263,7.62,3,492.7,40.8,29.68,20.69,0.8600000000000001
716,627,10.65,7,1087.23,137.27,48.51,37.69,9.39
7160,655,19.24,6,1017.6499999999999,93.39,61.98,41.62,6.0
7161,317,7.74,5,575.3,58.02,34.17,21.88,4.17
7162,24,0.5700000000000001,2,39.06,3.3200000000000003,1.8599999999999999,2.11,0.6200000000000001
7163,601,8.11,6,960.4,133.89000000000001,38.72,29.26,6.12
7164,555,5.73,4,960.0,131.2,37.24,31.0,6.359999999999999
7165,181,6.82,2,394.8,38.25,24.18,16.82,6.13
7166,564,6.62,3,1188.4,153.0,41.94,43.08,9.73
7167,5,0.21,1,12.5,1.0,0.75,0.5,0.05
7168,516,7.95,4,845.6999999999999,122.99,35.58,22.41,6.75
7169,392,7.48,5,679.8,76.72,35.51,24.48,5.16
717,547,11.29,9,930.48,117.93,43.85,31.63,7.640000000000001
7170,408,8.48,4,781.3,80.01,43.32,32.22,4.28
7171,368,6.67,4,744.9,87.31,33.1,27.61,7.03
7172,511,10.58,7,978.2,127.03,39.71,34.9,8.07
7173,674,14.899999999999999,5,1441.4,177.65,55.730000000000004,53.82,10.489999999999998
7174,580,11.68,5,790.76,92.74000000000001,35.96,29.66,7.9399999999999995
7175,291,7.53,5,452.66999999999996,53.7,28.38,14.16,5.3999999999999995
7176,576,9.63,4,1201.46,155.20999999999998,42.82,45.5,11.709999999999999
7177,418,7.09,4,859.8,99.14,34.6,33.93,9.26
7178,394,8.19,7,787.2,90.05000000000001,36.0,31.419999999999998,10.2
7179,647,9.9,4,1315.6,179.1,45.58,46.73,13.96
718,627,11.3,4,1109.4,142.8,45.5,38.74,7.8
7180,320,9.74,8,569.59,52.19,39.88,22.93,5.83
7181,629,19.22,10,1488.72,138.69,74.41,66.9,11.65
7182,614,15.21,4,1225.6,107.89,73.63,56.08,8.55
7183,518,12.02,6,964.88,103.42,53.0,36.03,9.64
7184,508,13.32,5,899.1,113.96000000000001,38.44,29.84,6.47
7185,61,4.27,1,60.39,0.0,14.64,0.18,0.0
7186,394,5.82,6,478.58,67.35,21.43,14.2,6.99
7187,492,7.95,5,691.54,104.61,28.62,16.79,6.58
7188,640,9.25,3,962.4000000000001,144.83,37.1,23.28,10.52
7189,354,4.68,3,445.7,84.44,13.59,6.38,5.14
719,299,8.91,5,615.1400000000001,63.26,27.13,28.48,5.49
7190,719,13.31,4,1247.5,133.62,60.96,46.769999999999996,9.88
7191,603,9.4,5,888.72,132.35,35.370000000000005,24.74,8.26
7192,473,10.16,4,696.7,92.27000000000001,34.6,21.810000000000002,7.98
7193,414,9.549999999999999,4,806.8,90.83,43.23,30.67,6.13
7194,548,9.51,3,786.0,94.94,34.23,27.87,5.66
7195,261,4.53,5,426.99,54.3,20.57,14.43,4.84
7196,622,10.45,4,947.6,132.39,36.82,27.92,5.93
7197,500,10.73,7,816.0,114.9,35.23,22.87,7.68
7198,472,7.96,7,819.7,110.30000000000001,32.4,27.080000000000002,8.34
7199,584,14.1,6,1014.06,113.37,59.28,36.82,10.42
720,496,8.96,6,880.6700000000001,105.95,44.7,29.96,10.7
7200,691,14.28,5,1095.88,142.96,51.86,31.71,7.89
7201,454,8.39,4,1031.4,129.16,41.39,38.47,9.57
7202,467,8.73,7,842.5999999999999,100.63,39.25,30.31,7.800000000000001
7203,503,10.08,6,1024.3,131.51999999999998,41.440000000000005,35.17,8.15
7204,697,26.240000000000002,4,1541.6399999999999,135.91,85.61,64.89,12.9
7205,352,7.859999999999999,4,554.1,78.78999999999999,24.14,14.35,5.03
7206,410,11.299999999999999,5,1045.98,101.57,49.36,49.9,7.5600000000000005
7207,523,12.57,6,778.9,96.41,45.04,24.53,8.120000000000001
7208,557,12.95,5,858.0999999999999,105.09,39.15,31.05,10.15
7209,364,7.319999999999999,5,460.57000000000005,76.05,24.56,6.63,3.66
721,302,7.91,6,555.56,57.26,31.060000000000002,23.21,3.62
7210,724,9.639999999999999,4,1123.3,173.54000000000002,40.86,29.85,10.36
7211,398,9.81,6,625.1800000000001,72.84,38.8,18.45,5.92
7212,532,9.05,5,1098.1,127.3,46.76,42.86,10.120000000000001
7213,543,10.25,7,1215.73,152.39,44.94,47.22,9.89
7214,612,9.95,5,1028.94,136.98000000000002,43.72,31.669999999999998,7.29
7215,474,8.879999999999999,6,860.0,101.86999999999999,39.83,30.54,7.41
7216,386,6.37,7,865.0799999999999,98.9,28.189999999999998,40.82,9.26
7217,409,9.18,6,722.3,70.88,39.81,30.980000000000004,6.27
7218,484,10.39,5,816.1999999999999,101.48,36.489999999999995,28.04,6.17
7219,476,10.68,5,819.32,81.71000000000001,47.22,35.54,6.75
722,324,7.619999999999999,6,630.11,79.5,26.080000000000002,22.85,5.13
7220,769,9.040000000000001,8,1209.4,185.96,46.260000000000005,28.54,8.27
7221,367,7.58,5,477.56,74.6,27.67,6.4799999999999995,2.81
7222,568,16.38,6,1148.39,98.81,64.42999999999999,56.07,14.99
7223,272,9.440000000000001,7,681.23,65.16,31.909999999999997,33.99,7.17
7224,529,7.4799999999999995,7,1279.76,146.34,38.05,60.81999999999999,12.68
7225,478,9.34,6,997.97,108.1,40.29,43.800000000000004,8.17
7226,519,10.129999999999999,6,1234.71,144.05,38.23,55.87,10.71
7227,719,13.07,6,1110.74,162.07999999999998,52.72,23.770000000000003,7.67
7228,558,12.11,4,796.43,115.45,37.31,19.24,5.390000000000001
7229,758,12.370000000000001,6,1327.4,169.08,57.14,45.190000000000005,11.68
723,512,7.89,5,697.69,99.91999999999999,33.53,18.51,7.68
7230,723,6.9799999999999995,3,1259.8000000000002,183.12,44.99,39.07,13.73
7231,453,7.88,5,696.5999999999999,88.4,33.089999999999996,21.81,7.069999999999999
7232,658,15.32,9,1385.89,153.98,53.91,60.96,12.59
7233,342,5.68,3,408.72,64.28999999999999,16.07,10.76,7.4399999999999995
7234,454,9.379999999999999,5,822.0,87.34,34.56,36.28,8.01
7235,529,8.51,6,806.8199999999999,117.74,34.57,20.169999999999998,6.58
7236,983,24.580000000000002,5,2346.4,258.34000000000003,109.98,96.32000000000001,22.07
7237,421,6.05,3,689.4,101.35000000000001,29.91,17.130000000000003,5.28
7238,593,23.27,4,1352.48,94.96000000000001,75.36,75.28,16.64
7239,159,9.25,3,310.44,9.120000000000001,33.599999999999994,14.15,2.2800000000000002
724,583,9.049999999999999,5,838.54,134.41,30.240000000000002,19.9,8.22
7240,355,8.79,5,412.3,54.81,29.04,9.62,6.51
7241,581,12.02,5,1036.5,120.97,52.7,35.489999999999995,9.11
7242,620,11.31,6,1552.7599999999998,169.66,53.349999999999994,75.41,15.330000000000002
7243,625,9.39,4,1473.27,188.28,38.18,61.6,12.42
7244,506,14.74,5,707.41,90.57,41.269999999999996,19.74,6.2700000000000005
7245,429,5.99,7,599.55,100.10000000000001,25.12,10.940000000000001,5.040000000000001
7246,376,10.190000000000001,5,850.0,76.88,39.26,42.04,8.09
7247,381,4.89,4,573.7,89.91,22.96,12.93,5.17
7248,417,6.16,4,561.26,89.84,20.75,11.97,4.85
7249,254,3.61,3,522.2,69.84,20.39,17.470000000000002,4.53
725,340,6.93,5,380.27,67.91999999999999,11.059999999999999,6.7299999999999995,5.09
7250,270,8.64,5,436.56,42.019999999999996,21.749999999999996,19.63,3.91
7251,396,9.459999999999999,7,591.9,66.46000000000001,29.580000000000002,22.55,6.75
7252,385,10.99,5,715.8,74.4,33.58,29.15,5.05
7253,383,11.68,6,830.7,90.77,36.82,35.18,7.55
7254,418,10.74,5,603.01,73.91,33.92,19.4,6.64
7255,316,10.56,6,758.0,65.96000000000001,38.66,37.49,6.08
7256,480,6.04,5,776.2,115.35,28.17,23.35,9.77
7257,479,8.52,4,671.5600000000001,93.99,30.27,19.38,7.65
7258,500,7.67,3,1106.0,122.95,40.86,51.47,15.680000000000001
7259,447,5.69,3,791.4,109.97999999999999,26.91,27.689999999999998,10.32
726,500,10.73,7,741.74,83.66,36.44,29.1,6.86
7260,215,4.38,6,295.81,41.010000000000005,17.84,6.6499999999999995,1.67
7261,761,21.71,5,1047.61,144.15,74.48,20.77,11.8
7262,309,9.68,5,625.85,50.56,42.43,28.83,4.63
7263,516,12.0,6,894.6,94.78,49.09,36.9,8.42
7264,367,12.02,6,713.24,69.84,42.2,28.55,4.2
7265,645,12.77,4,897.92,129.48,34.73,26.74,10.49
7266,334,7.890000000000001,5,606.4,67.35,32.21,21.21,5.0
7267,456,22.419999999999998,5,874.73,54.730000000000004,81.72,38.81,7.6
7268,466,11.42,5,1057.9,108.44,43.95,47.72,8.32
7269,402,6.620000000000001,4,698.8,93.57,28.67,22.37,5.8
727,578,18.08,5,1047.77,82.92,65.79,52.57,11.68
7270,466,10.9,5,757.0,97.97,31.560000000000002,24.21,5.9
7271,510,11.24,4,1198.7,122.96000000000001,48.019999999999996,55.03,10.1
7272,304,9.65,8,726.55,62.81,42.83,33.86,4.43
7273,480,10.69,5,935.2,116.97,35.35,35.35,7.680000000000001
7274,516,12.28,6,1095.1,135.63,48.260000000000005,39.86,10.17
7275,498,16.060000000000002,5,954.28,80.54,69.15,40.18,6.33
7276,351,12.27,6,498.52,50.54,36.120000000000005,17.44,5.699999999999999
7277,377,8.09,5,798.9,82.85,39.41,34.809999999999995,6.35
7278,542,10.91,5,1195.6100000000001,145.63,35.78,50.49,9.01
7279,601,11.82,5,981.3,122.64,44.1,32.71,9.31
728,394,9.0,7,663.6,73.61,32.86,27.13,6.49
7280,409,12.09,5,989.1,103.9,44.39,43.42,8.74
7281,229,5.75,5,382.3,44.24,20.3,13.16,3.11
7282,812,17.16,6,1738.5,192.60999999999999,78.66,74.59,19.0
7283,470,6.72,5,851.5999999999999,120.96,31.54,27.580000000000002,9.92
7284,424,10.06,6,898.24,83.31,46.47,42.18,7.09
7285,395,7.17,6,660.6,99.02,26.869999999999997,16.95,6.26
7286,662,8.16,5,1164.8000000000002,176.3,41.59,31.73,10.21
7287,527,11.370000000000001,7,974.04,113.64,46.38,36.1,9.399999999999999
7288,673,12.68,6,1341.26,159.66,53.849999999999994,52.1,11.549999999999999
7289,706,15.24,8,1387.7,174.13,63.32,48.15,11.39
729,478,9.18,6,805.36,102.47,34.42,28.39,5.65
7290,613,10.58,7,1079.2,137.6,45.96,36.06,9.620000000000001
7291,442,9.870000000000001,8,746.4200000000001,85.08,40.95,26.11,7.53
7292,582,9.129999999999999,6,1092.3,146.06,40.58,38.269999999999996,10.93
7293,461,6.95,5,824.3,105.97999999999999,33.07,27.64,6.680000000000001
7294,387,4.49,3,732.6,95.92,27.91,27.05,8.93
7295,355,7.13,6,744.5799999999999,95.91,25.9,27.74,6.38
7296,398,6.6,4,750.4,96.53,29.540000000000003,25.95,7.57
7297,457,5.69,4,778.8,112.69999999999999,28.8,22.87,6.7
7298,602,10.01,6,1450.58,189.03,42.33,58.87,12.620000000000001
7299,665,11.399999999999999,5,1256.0,141.7,56.88,52.0,10.27
730,332,7.56,6,585.1,66.31,32.37,21.38,5.52
7300,433,11.23,6,805.1,95.64,39.85,27.53,7.96
7301,594,10.870000000000001,8,988.24,124.22999999999999,44.58,34.42,10.56
7302,487,15.75,4,982.7900000000001,88.71000000000001,67.92,39.38,8.67
7303,462,12.02,5,779.3,92.4,39.17,26.290000000000003,7.1
7304,474,8.35,4,803.0,114.14000000000001,34.97,21.34,7.87
7305,248,7.29,5,522.9599999999999,63.50000000000001,23.08,20.68,6.319999999999999
7306,393,3.65,2,845.3000000000001,110.47,26.98,32.33,7.91
7307,334,6.79,3,556.6,78.69999999999999,25.65,15.81,7.08
7308,368,5.0600000000000005,3,577.7,83.19999999999999,24.81,14.07,5.34
7309,466,12.33,9,941.14,105.57000000000001,49.24,34.18,7.66
731,503,8.1,6,818.3399999999999,115.51,31.09,24.4,5.66
7310,360,12.68,5,862.2,87.30000000000001,49.48,35.76,8.0
7311,582,11.120000000000001,6,942.54,125.6,35.39,33.24,10.39
7312,418,11.35,6,1000.7,100.8,50.9,44.739999999999995,7.54
7313,378,10.2,6,850.9,95.25,42.36,33.96,6.680000000000001
7314,439,9.37,7,973.6,96.35,47.25,44.39,8.48
7315,724,10.07,5,1294.4,176.70999999999998,41.42,48.44,14.26
7316,547,10.92,5,1160.8,130.96,47.94,50.0,12.3
7317,535,10.94,6,1214.15,145.84,42.21,53.160000000000004,10.34
7318,355,11.83,7,723.4,64.50999999999999,35.21,35.75,7.5600000000000005
7319,570,13.39,7,1311.6,128.82,64.1,59.68,12.43
732,565,10.11,7,845.77,116.66999999999999,40.599999999999994,23.560000000000002,8.96
7320,432,10.08,6,922.38,102.49000000000001,39.76,38.71,9.48
7321,495,13.72,8,828.28,98.06,38.99,30.48,8.61
7322,352,7.7700000000000005,7,712.28,95.8,28.75,23.29,5.15
7323,443,7.36,3,1035.2,111.29,40.97,44.71,10.28
7324,399,10.1,7,754.5799999999999,84.61000000000001,41.26,27.5,7.4799999999999995
7325,523,17.71,9,1235.18,89.81,71.12,63.78,11.45
7326,404,6.09,7,773.87,94.54,25.77,32.39,8.58
7327,409,5.16,6,692.24,97.02000000000001,26.54,20.61,5.76
7328,502,9.36,8,1024.3600000000001,123.87,43.32,38.96,7.83
7329,769,22.189999999999998,4,1393.6000000000001,132.8,81.19,64.65,13.83
733,409,9.17,6,683.24,92.33,26.919999999999998,23.369999999999997,7.05
7330,477,10.0,5,863.8599999999999,105.05,39.83,31.830000000000002,9.27
7331,580,10.51,7,890.36,123.61,35.01,27.54,8.040000000000001
7332,654,17.14,7,985.22,113.6,51.42,36.37,10.13
7333,484,9.59,5,615.74,94.81,28.73,11.8,6.07
7334,559,12.030000000000001,7,1018.3,125.56,42.35,37.99,9.93
7335,371,8.35,6,537.28,67.25,26.86,16.91,5.57
7336,694,15.08,9,1385.51,176.92000000000002,50.47,51.99,11.14
7337,421,6.58,5,1085.44,115.95,32.940000000000005,53.800000000000004,11.41
7338,701,11.450000000000001,6,1519.75,187.19,54.239999999999995,61.0,10.02
7339,700,10.629999999999999,6,1567.78,195.28,56.43,61.25,10.47
734,402,11.05,4,739.0,80.28,36.4,31.290000000000003,6.7700000000000005
7340,247,5.42,7,677.2,75.33,22.4,32.24,6.2700000000000005
7341,527,11.73,5,905.8,115.43,44.38,29.44,9.08
7342,478,10.3,4,713.0,85.35,30.810000000000002,26.27,5.98
7343,486,11.46,5,1234.75,155.54,41.53,50.4,11.47
7344,316,9.1,6,817.1,70.22,41.97,41.15,6.39
7345,595,17.05,5,839.0,99.1,49.03,26.72,9.85
7346,486,11.12,6,1031.9,116.12,47.12,40.25,9.68
7347,420,9.42,7,854.1,86.22999999999999,41.02,37.1,10.65
7348,648,12.82,4,1156.7,153.9,53.08,35.57,10.1
7349,666,17.919999999999998,8,995.48,111.3,58.1,35.95,10.28
735,452,12.03,6,853.46,87.46000000000001,44.699999999999996,37.65,6.4
7350,581,11.65,6,1024.3,140.91,45.42,27.69,6.6899999999999995
7351,226,1.86,2,283.9,41.75,11.35,7.31,2.49
7352,399,6.74,4,811.4000000000001,78.99000000000001,36.4,36.53,8.74
7353,414,8.36,9,765.6,81.66,37.4,31.12,7.0600000000000005
7354,490,12.63,6,848.6,76.78,49.16,38.22,10.84
7355,621,8.96,5,1088.6999999999998,139.18,42.269999999999996,40.44,12.74
7356,360,5.22,4,696.1,94.44999999999999,24.900000000000002,23.029999999999998,5.67
7357,734,15.49,5,1624.3,175.87,77.05,66.95,9.629999999999999
7358,343,7.95,4,525.9,59.38,23.29,20.5,3.92
7359,776,11.86,9,1861.9099999999999,230.39999999999998,55.019999999999996,79.92999999999999,15.540000000000001
736,481,13.34,6,793.64,95.97,35.82,30.47,6.21
7360,208,15.89,1,520.0,10.4,31.2,37.44,2.08
7361,642,10.65,4,1149.6,146.04000000000002,50.88,40.23,13.370000000000001
7362,481,14.790000000000001,6,1073.1,101.81,59.54,46.0,7.63
7363,619,8.4,6,1316.4,157.76,46.01,56.03,10.620000000000001
7364,288,8.120000000000001,5,510.4,60.94,29.189999999999998,15.21,4.65
7365,419,8.44,6,813.9,89.94,38.88,31.77,7.95
7366,525,12.51,6,791.3,99.59,39.36,24.37,5.94
7367,585,12.32,7,1026.8,142.9,42.25,29.16,5.25
7368,387,9.309999999999999,4,634.1,69.84,25.83,26.91,5.720000000000001
7369,513,11.41,7,866.4,112.15,42.769999999999996,27.06,9.57
737,405,9.41,6,614.4399999999999,77.87,28.16,21.79,6.72
7370,323,5.9,4,331.65999999999997,57.86,12.54,6.589999999999999,6.37
7371,388,7.18,6,863.04,95.27000000000001,32.6,38.14,8.23
7372,410,8.34,5,812.7,101.47,35.94,27.96,7.66
7373,653,11.67,9,1301.4099999999999,162.95,52.45,49.37,10.24
7374,585,12.639999999999999,6,1281.01,132.43,56.71,60.02,9.83
7375,494,9.07,4,715.8,112.19,26.54,17.0,3.9800000000000004
7376,225,6.35,4,558.9000000000001,42.32,31.16,30.29,6.96
7377,804,15.59,5,1800.55,195.8,51.650000000000006,91.08,19.04
7378,555,14.48,7,1021.7,128.01999999999998,43.69,36.12,6.76
7379,390,11.75,5,741.0,75.97999999999999,35.75,31.75,6.7700000000000005
738,211,7.489999999999999,5,406.1,40.989999999999995,17.02,19.19,4.4799999999999995
7380,521,10.41,7,1063.81,123.99000000000001,40.11,44.1,6.91
7381,302,11.430000000000001,5,449.0,32.92,30.75,20.669999999999998,5.12
7382,327,9.83,3,509.3,56.260000000000005,23.08,21.43,6.470000000000001
7383,428,8.11,7,770.9200000000001,100.02000000000001,32.47,24.81,6.3
7384,421,9.27,5,925.5,103.92,39.28,38.05,8.66
7385,561,7.8,4,1302.95,165.94,43.85,51.01,11.39
7386,474,10.76,6,745.6,83.66,39.87,26.5,9.03
7387,694,17.900000000000002,7,1178.68,132.81,65.24,42.540000000000006,9.98
7388,616,13.57,6,1334.7,140.98000000000002,67.02,57.660000000000004,12.09
7389,380,11.74,7,824.2,72.97999999999999,43.61,37.9,7.54
739,548,13.68,6,1120.5,100.19999999999999,63.71,51.04,15.02
7390,469,13.3,7,813.9,80.03,49.05,32.43,7.47
7391,398,14.4,4,916.3,68.4,55.21,47.04,4.01
7392,2320,123.68,5,2882.04,125.53,344.36999999999995,100.19999999999999,46.46
7393,1385,21.85,6,2813.8199999999997,363.61,97.30999999999999,106.66,26.07
7394,652,11.77,5,968.9,132.88,47.7,26.45,10.42
7395,633,15.690000000000001,5,1201.1999999999998,141.69,57.31,43.0,9.71
7396,486,12.25,4,818.3,88.99,38.53,32.24,5.4
7397,652,16.39,3,811.9,109.3,55.620000000000005,16.35,10.68
7398,465,15.98,5,914.2,84.95,43.010000000000005,43.9,8.81
7399,291,4.7700000000000005,3,611.8,71.64,23.95,25.89,6.27
740,429,8.67,5,732.02,101.14,28.34,23.900000000000002,9.05
7400,504,12.43,5,941.4,113.87,42.87,31.009999999999998,5.1899999999999995
7401,343,10.23,5,641.7,71.65,37.79,19.95,5.0
7402,391,10.98,7,600.36,65.97999999999999,32.67,21.339999999999996,5.8
7403,384,8.57,7,694.8,90.17,32.05,22.330000000000002,6.27
7404,448,12.87,5,752.4,85.38,45.269999999999996,25.86,5.96
7405,244,7.85,4,666.2,58.44,34.260000000000005,31.85,7.17
7406,515,10.02,4,889.8,113.10999999999999,42.44,28.189999999999998,7.6
7407,593,9.82,6,867.06,115.36,42.68,26.919999999999998,7.99
7408,684,14.850000000000001,4,1441.33,180.88,40.160000000000004,60.92,9.55
7409,401,9.129999999999999,6,696.14,81.14,32.94,25.53,7.529999999999999
741,630,11.86,3,1169.4,125.79,55.96,48.09,6.57
7410,235,8.559999999999999,3,883.03,62.629999999999995,37.629999999999995,53.69,5.51
7411,231,9.65,12,385.33,23.95,31.369999999999997,19.19,3.45
7412,526,11.54,6,877.67,91.32000000000001,50.84,34.57,3.79
7413,451,11.379999999999999,5,908.8,87.16,47.010000000000005,40.62,5.84
7414,693,11.92,5,1269.9,143.47,57.37,49.82,6.7
7415,461,11.709999999999999,5,749.1,81.16,40.1,27.89,5.09
7416,328,9.93,4,653.81,42.58,35.510000000000005,38.47,7.5600000000000005
7417,597,11.780000000000001,10,984.67,125.74000000000001,46.97,31.12,5.21
7418,361,0.79,1,469.3,101.8,9.75,1.08,1.44
7419,724,9.87,10,1119.47,142.63,51.74,36.87,5.71
742,440,7.08,5,749.56,99.52,35.81,22.6,8.83
7420,142,4.74,2,187.54000000000002,19.39,9.74,8.45,4.09
7421,583,19.35,10,1057.05,100.81,63.61,44.06,6.33
7422,311,11.299999999999999,7,471.41,32.7,44.43,17.87,2.61
7423,467,9.33,9,818.94,70.21000000000001,44.480000000000004,40.15,5.87
7424,366,8.2,5,720.05,86.27,35.54,25.46,6.48
7425,443,8.64,5,736.25,92.44999999999999,34.919999999999995,24.96,7.82
7426,681,13.94,5,1022.37,111.53,57.53,35.690000000000005,4.53
7427,608,6.5600000000000005,3,909.5999999999999,138.51,34.71,23.24,4.95
7428,482,9.42,4,846.6,88.76,35.099999999999994,38.84,8.9
7429,464,11.86,4,632.05,93.55,33.35,13.05,5.33
743,493,11.129999999999999,4,1075.9,115.18,48.44,46.33,7.35
7430,465,5.98,4,579.3,90.57000000000001,22.04,13.11,3.62
7431,535,7.54,4,761.25,125.47,20.689999999999998,19.38,7.73
7432,689,16.43,6,1174.53,128.78,51.81,48.27,10.13
7433,703,23.41,8,1170.51,107.58,78.33,46.66,12.58
7434,435,8.25,4,825.0,108.12,33.98,27.93,7.340000000000001
7435,321,7.35,6,430.63,40.65,32.85,14.86,2.5
7436,517,13.399999999999999,6,926.6600000000001,92.76,46.94,40.72,8.01
7437,498,10.040000000000001,7,808.56,87.94,42.11,30.64,3.8600000000000003
7438,474,15.12,7,687.04,69.78999999999999,42.73,25.02,5.51
7439,563,11.149999999999999,7,772.66,115.27000000000001,33.8,19.75,7.18
744,534,11.81,6,698.14,100.46000000000001,30.26,19.93,4.67
7440,293,7.02,4,394.55,44.64,20.75,13.760000000000002,3.44
7441,560,11.01,6,829.5799999999999,96.03,43.769999999999996,31.37,6.99
7442,550,15.93,5,922.22,120.33,40.5,29.799999999999997,6.7299999999999995
7443,703,12.26,7,921.74,139.25,36.05,24.98,9.54
7444,575,13.120000000000001,5,933.65,107.78,41.53,36.440000000000005,8.31
7445,415,9.709999999999999,5,680.63,69.66,35.25,28.65,5.98
7446,584,9.37,4,723.3,133.45,21.24,10.76,7.06
7447,890,16.43,9,1122.86,173.49,48.64,26.450000000000003,14.65
7448,507,14.129999999999999,5,787.5999999999999,67.23,44.88999999999999,36.47,4.66
7449,509,15.25,5,945.55,94.9,62.8,33.23,5.47
745,381,7.779999999999999,4,783.72,77.68,46.13,32.4,6.59
7450,1118,25.11,8,1980.7,223.11,100.08,73.6,14.13
7451,570,11.51,4,918.75,102.53,49.95,33.410000000000004,7.109999999999999
7452,381,8.120000000000001,4,784.4,79.0,41.76,33.59,6.609999999999999
7453,518,12.25,4,812.75,90.33,37.76,31.580000000000002,9.67
7454,324,7.54,4,689.3,63.57,38.57,31.07,5.04
7455,445,10.370000000000001,4,827.1,79.74,42.69,35.96,5.94
7456,451,10.219999999999999,4,521.11,68.89,34.120000000000005,11.63,4.67
7457,363,9.31,5,446.76,59.81,27.680000000000003,11.5,5.67
7458,558,15.32,4,849.06,90.64,49.74,31.28,5.46
7459,392,8.77,4,753.53,67.56,43.42,33.79,4.78
746,489,9.770000000000001,3,1018.2,111.28,41.18000000000001,43.21,7.459999999999999
7460,431,13.229999999999999,5,718.95,60.129999999999995,59.019999999999996,26.46,4.0
7461,310,7.76,8,526.55,52.42,28.560000000000002,22.39,3.64
7462,294,6.89,6,521.2,50.230000000000004,30.139999999999997,21.48,1.92
7463,614,12.680000000000001,7,1014.35,111.62,51.71,38.98,6.1899999999999995
7464,284,5.17,6,461.9,39.96,26.54,21.22,2.4899999999999998
7465,301,6.68,5,471.49,52.28,26.75,16.65,3.26
7466,529,9.33,5,727.45,108.72,28.61,17.6,4.33
7467,401,8.8,5,582.8,54.65,40.06,23.57,4.32
7468,556,11.25,5,940.39,67.16,64.82,45.22,2.99
7469,473,16.77,6,644.22,49.41,50.61,25.53,4.54
747,642,13.7,5,1124.38,136.15,47.48,42.74,8.31
7470,393,9.2,5,481.59000000000003,47.35,32.02,17.46,3.54
7471,404,8.129999999999999,5,564.3,79.77000000000001,19.479999999999997,17.25,3.71
7472,315,8.85,6,469.16,52.480000000000004,28.169999999999998,15.8,4.72
7473,492,9.5,5,657.5,93.41,29.22,17.270000000000003,7.17
7474,409,13.35,6,657.22,58.800000000000004,48.39,25.48,3.57
7475,574,12.45,8,798.9200000000001,97.25,46.67,24.84,7.55
7476,264,8.27,7,446.77,45.82,30.46,14.91,1.99
7477,498,9.98,5,890.46,67.77,53.519999999999996,45.82,5.01
7478,301,6.53,4,539.9,45.69,29.11,26.29,3.67
7479,488,11.08,6,832.8,87.11,46.52,32.06,5.82
748,344,12.14,3,722.4000000000001,41.33,44.16,42.980000000000004,11.5
7480,856,14.56,4,1447.5,177.44,49.68,60.06,12.96
7481,657,11.32,4,971.4100000000001,80.68,65.79,42.22,2.75
7482,388,14.29,4,679.6,53.879999999999995,37.65,32.96,5.02
7483,530,12.23,6,832.0600000000001,76.0,58.17,32.71,2.99
7484,410,10.999999999999998,5,627.48,48.739999999999995,48.65,26.25,1.81
7485,391,8.39,4,436.79999999999995,52.790000000000006,24.66,14.22,5.38
7486,714,18.17,5,1349.25,158.72000000000003,60.010000000000005,53.05,12.209999999999999
7487,337,11.44,8,633.4,35.38,45.989999999999995,34.35,3.33
7488,517,13.45,5,1036.8,89.0,63.03,47.45,8.969999999999999
7489,564,12.62,6,837.5699999999999,105.08,35.089999999999996,29.77,7.74
749,670,12.01,6,1117.6,148.03,47.370000000000005,37.08,9.29
7490,599,10.02,5,984.9,100.61,45.9,44.58,8.72
7491,302,7.91,5,563.5999999999999,69.81,24.67,19.66,3.89
7492,346,7.19,4,535.9,63.95,27.43,19.259999999999998,3.79
7493,278,7.54,6,431.79,47.28,24.35,15.75,4.08
7494,594,7.4,4,870.79,105.88,40.44,30.95,4.52
7495,484,12.22,5,811.1,93.8,39.300000000000004,30.01,8.31
7496,229,9.870000000000001,4,385.3,21.310000000000002,19.57,23.04,3.19
7497,406,9.59,6,494.74,55.47,34.910000000000004,14.83,3.5
7498,416,8.93,6,702.72,52.87,44.79,34.05,2.6700000000000004
7499,299,10.29,4,507.76,41.47,28.400000000000002,24.35,2.81
750,602,12.69,7,1122.65,114.38,58.18,48.39,11.61
7500,410,5.8100000000000005,5,644.06,92.33,31.14,15.62,3.32
7501,710,9.92,6,1087.3899999999999,124.82,54.19,39.879999999999995,5.47
7502,498,11.07,8,876.8100000000001,73.68,54.190000000000005,40.01,3.7
7503,387,8.14,8,510.79,66.47,29.12,14.05,5.08
7504,364,8.26,5,501.59000000000003,59.400000000000006,26.169999999999998,17.459999999999997,5.13
7505,557,9.21,7,888.21,112.28,37.78,30.79,6.63
7506,602,18.92,4,1115.54,90.16000000000001,81.12,47.449999999999996,5.26
7507,338,8.28,5,489.41999999999996,56.39,31.21,15.14,1.8
7508,355,4.68,3,533.4,82.77,19.54,12.52,3.74
7509,489,9.65,6,788.0999999999999,87.6,33.269999999999996,32.09,7.0
751,540,8.1,5,753.06,129.68,22.11,15.32,5.18
7510,751,17.81,7,1405.5500000000002,131.06,81.03,59.38999999999999,5.12
7511,323,8.67,5,492.4,21.060000000000002,42.26,27.53,2.94
7512,330,7.99,4,625.8,62.53,32.370000000000005,25.96,2.71
7513,271,0.6,1,352.3,76.42,7.32,0.81,1.08
7514,520,11.07,7,858.08,70.93,49.32,41.6,6.74
7515,381,8.22,4,524.4,64.6,28.34,15.82,3.47
7516,597,9.54,8,883.96,125.64,33.19,27.67,8.47
7517,323,11.379999999999999,7,602.96,55.089999999999996,34.14,26.44,4.7299999999999995
7518,412,11.3,6,766.65,72.51,46.07,31.48,3.88
7519,400,9.860000000000001,5,732.66,102.07,29.150000000000002,22.02,5.41
752,393,12.83,5,958.4200000000001,69.2,63.480000000000004,48.74,10.35
7520,445,10.07,6,662.55,68.53999999999999,35.77,25.2,3.25
7521,368,9.590000000000002,5,551.75,74.84,32.21,13.4,3.3499999999999996
7522,435,8.18,6,583.8,75.85,30.240000000000002,17.72,4.9
7523,201,1.31,2,292.8,51.52,6.88,6.71,2.44
7524,325,8.31,8,592.85,52.400000000000006,37.3,25.3,2.21
7525,378,9.15,6,556.4100000000001,71.35,28.150000000000002,16.7,4.4
7526,439,10.54,6,709.5,84.06,33.81,25.92,4.890000000000001
7527,389,7.6000000000000005,4,564.0,78.69,19.240000000000002,17.91,3.54
7528,120,2.2800000000000002,2,230.0,22.5,8.0,13.2,3.4
7529,423,9.78,7,573.22,62.97,29.32,22.36,5.51
753,447,14.379999999999999,6,1122.6,72.39,74.28,60.46,7.8999999999999995
7530,967,20.28,8,1572.33,191.78,72.45,54.78,10.15
7531,632,17.21,4,981.7,111.75,57.95,33.12,7.93
7532,425,7.94,6,627.89,85.13,25.01,20.57,7.1
7533,472,10.29,8,763.9,88.59,38.55,27.85,5.84
7534,501,8.86,4,763.8,91.19,33.67,30.0,7.48
7535,389,7.550000000000001,4,645.04,76.61,27.35,27.03,9.09
7536,334,9.12,8,582.59,52.120000000000005,34.96,25.71,4.36
7537,405,6.970000000000001,6,535.15,79.33,20.25,14.91,6.36
7538,325,6.59,4,434.79999999999995,52.47,19.05,15.200000000000001,4.27
7539,568,16.39,8,994.21,114.58,44.849999999999994,38.739999999999995,9.85
754,390,9.13,5,822.7,84.98,40.26,35.06,5.75
7540,316,12.0,5,577.9000000000001,29.66,39.019999999999996,33.82,5.66
7541,565,11.16,4,948.67,106.42999999999999,51.42,34.14,3.96
7542,363,11.52,7,615.97,63.510000000000005,34.32,24.580000000000002,5.38
7543,310,13.02,6,556.74,47.24,37.31,25.57,4.82
7544,570,8.700000000000001,5,842.96,124.77,31.840000000000003,23.86,8.219999999999999
7545,961,22.87,6,1460.3799999999999,174.81,85.88,43.68,11.09
7546,283,4.02,3,479.95,71.42,14.48,15.61,4.2
7547,552,12.33,5,865.63,116.07,37.86,26.88,6.74
7548,438,15.92,5,707.65,69.02,55.04,23.310000000000002,3.9600000000000004
7549,645,23.770000000000003,4,1030.33,37.22,81.31,59.23,7.1899999999999995
755,485,13.36,11,868.11,86.25,44.47,39.15,9.44
7550,473,11.84,9,887.72,89.84,48.24,36.7,7.02
7551,443,8.75,4,543.41,65.86,29.62,16.75,3.56
7552,465,11.790000000000001,5,862.8,83.97,51.03,35.68,7.63
7553,594,19.93,7,913.7,93.5,64.0,31.1,4.38
7554,732,17.21,6,1053.25,136.62,49.79,32.05,6.41
7555,618,15.24,5,985.2,131.47,40.2,31.13,7.83
7556,709,27.04,7,1111.3,93.28,77.87,46.68,5.15
7557,488,14.2,3,744.2,104.72,42.16,16.34,2.4400000000000004
7558,519,8.97,5,773.1600000000001,101.08,33.47,25.33,7.12
7559,536,12.63,4,877.2,79.09,53.58,38.1,5.74
756,484,8.469999999999999,5,825.89,112.81,37.12,24.76,5.36
7560,616,18.4,5,965.94,117.97999999999999,57.59,29.17,4.71
7561,447,5.22,4,499.62,89.28,12.33,10.02,5.4399999999999995
7562,447,13.959999999999999,7,834.5,78.31,46.28,36.870000000000005,6.73
7563,303,3.5700000000000003,3,454.23,68.56,11.55,16.009999999999998,6.069999999999999
7564,486,10.43,6,709.9000000000001,85.1,38.24,22.42,5.13
7565,383,6.2,3,544.4,77.86,26.229999999999997,13.8,5.93
7566,248,3.5900000000000003,4,391.82000000000005,58.85,11.309999999999999,12.86,4.359999999999999
7567,565,12.43,10,1002.48,117.26,46.8,37.41,8.34
7568,323,8.370000000000001,4,557.3,50.05,33.96,24.509999999999998,4.109999999999999
7569,590,14.34,7,798.6999999999999,81.62,48.7,30.759999999999998,7.54
757,544,15.77,6,1028.5,103.03,59.52,42.550000000000004,9.26
7570,457,3.02,2,667.1,116.9,15.7,15.53,5.62
7571,552,14.45,9,977.1,97.22,46.47,44.22,9.75
7572,360,10.95,7,692.56,61.57,44.03,29.53,6.62
7573,498,15.93,10,830.25,72.48,56.51,35.47,7.08
7574,400,11.69,5,748.9,83.28,30.549999999999997,31.2,4.68
7575,444,9.91,6,592.81,60.78,33.89,24.060000000000002,6.4
7576,612,16.43,7,1168.85,117.03,58.74,51.17,10.25
7577,388,4.35,3,451.70000000000005,79.31,12.4,10.0,5.92
7578,371,7.58,5,584.24,64.62,27.79,23.970000000000002,5.81
7579,254,6.35,5,470.56,43.870000000000005,27.84,20.32,4.1000000000000005
758,414,9.84,6,588.11,78.67,21.8,19.85,8.34
7580,521,11.15,4,624.74,90.55,23.45,18.0,6.76
7581,580,10.76,5,847.7,115.56,39.17,24.369999999999997,7.53
7582,274,5.08,4,295.93,50.370000000000005,8.1,5.84,3.1300000000000003
7583,333,5.57,6,398.01,64.24000000000001,11.34,10.040000000000001,4.77
7584,523,10.139999999999999,5,564.4,76.63,24.560000000000002,16.54,6.4399999999999995
7585,406,9.209999999999999,7,632.98,70.73,32.7,23.87,4.59
7586,666,14.4,7,1158.13,135.70000000000002,55.91,43.39,12.82
7587,476,14.110000000000001,4,726.85,65.65,49.83,28.48,6.29
7588,373,5.68,4,485.0,78.17,17.1,11.66,5.88
7589,566,15.19,6,1098.9,103.65,65.23,46.93,8.51
759,559,10.32,6,979.64,114.42,53.089999999999996,35.51,8.09
7590,469,11.93,5,919.8,100.71000000000001,46.14,38.27,10.850000000000001
7591,393,7.069999999999999,7,558.27,69.6,25.61,18.8,4.34
7592,343,9.96,7,588.8499999999999,52.93,32.78,25.069999999999997,3.28
7593,405,10.24,6,581.9,80.61,28.049999999999997,16.7,4.72
7594,421,9.76,8,608.23,74.63,27.31,22.429999999999996,6.6
7595,446,8.39,4,590.96,73.93,30.299999999999997,19.0,4.78
7596,239,6.89,4,435.12,35.63,27.47,19.3,3.15
7597,351,10.86,6,664.54,50.01,41.43,32.06,5.37
7598,270,2.4,3,367.88,62.94,10.02,8.559999999999999,3.3
7599,352,15.8,6,680.92,30.41,58.55,35.16,3.5300000000000002
760,633,10.14,7,977.0600000000001,123.98,45.3,33.12,11.23
7600,429,12.719999999999999,4,551.75,60.03,37.67,16.68,3.3600000000000003
7601,340,9.92,7,616.75,53.7,35.32,27.46,5.22
7602,418,6.3100000000000005,4,583.7,95.09,16.25,15.249999999999998,6.32
7603,346,11.7,7,690.94,53.419999999999995,45.03,30.880000000000003,3.7
7604,345,5.26,3,567.5,75.49000000000001,22.45,18.54,3.25
7605,277,10.23,4,348.25,20.990000000000002,23.490000000000002,17.07,3.4499999999999997
7606,265,4.38,4,368.38,50.91,12.959999999999999,12.82,3.88
7607,17,1.3,1,42.5,0.85,2.55,3.06,0.17
7608,246,8.29,5,385.55,31.740000000000002,21.4,19.75,5.9399999999999995
7609,381,11.99,6,739.5,74.81,38.05,30.72,5.09
761,244,10.620000000000001,5,624.8,35.2,41.489999999999995,36.25,6.67
7610,455,9.16,4,663.02,86.24,29.310000000000002,20.59,4.51
7611,384,10.790000000000001,8,686.95,65.74,37.04,29.68,5.25
7612,460,12.110000000000001,7,836.2,75.96000000000001,43.98,38.81,6.77
7613,320,9.540000000000001,6,608.8100000000001,58.62,30.299999999999997,26.79,3.86
7614,533,13.97,6,990.12,80.54,59.879999999999995,45.760000000000005,4.34
7615,235,2.71,5,324.72,51.419999999999995,9.780000000000001,8.639999999999999,3.25
7616,434,9.68,5,636.4,75.04,31.41,21.29,4.39
7617,170,9.18,1,425.0,8.5,34.0,25.5,0.0
7618,301,9.06,7,403.1,40.620000000000005,25.7,15.34,5.49
7619,195,4.24,6,297.02,41.019999999999996,14.2,8.42,3.42
762,375,8.25,5,684.86,84.27000000000001,26.48,26.439999999999998,8.11
7620,437,8.05,7,542.81,75.05,19.83,18.57,8.290000000000001
7621,353,12.37,9,551.99,55.79,29.64,22.37,4.6
7622,584,11.129999999999999,7,796.72,101.93,39.49,23.15,4.5
7623,351,9.23,7,549.73,55.949999999999996,32.99,21.259999999999998,5.22
7624,594,13.62,5,1088.02,127.38999999999999,53.46,37.19,6.109999999999999
7625,455,10.41,5,793.6999999999999,74.85,37.81,36.74,6.15
7626,333,10.04,5,588.38,68.29,21.69,24.47,4.82
7627,349,9.81,7,558.53,52.75,34.480000000000004,23.200000000000003,7.62
7628,334,9.51,6,534.69,52.510000000000005,30.96,20.51,3.37
7629,227,9.829999999999998,3,557.7,32.2,32.65,33.74,6.3
763,635,6.78,7,898.8900000000001,147.98,31.88,17.86,6.75
7630,312,10.979999999999999,5,667.24,48.96,42.66,31.669999999999998,4.68
7631,496,9.1,7,678.32,93.5,29.59,19.27,5.88
7632,235,7.48,4,276.1,27.96,22.479999999999997,8.28,1.9100000000000001
7633,667,10.75,7,962.37,146.98000000000002,35.730000000000004,25.24,7.63
7634,340,9.26,8,556.1800000000001,46.27,33.67,25.9,4.26
7635,553,13.17,4,1082.8,91.81,57.449999999999996,51.87,6.99
7636,301,8.010000000000002,3,583.22,55.769999999999996,34.44,25.169999999999998,7.51
7637,460,13.52,4,859.4599999999999,80.08,48.3,37.56,7.6
7638,538,7.76,7,818.85,121.03,31.839999999999996,22.76,8.379999999999999
7639,361,8.17,3,607.35,58.07,34.8,25.54,3.65
764,640,12.649999999999999,7,1123.13,120.1,56.91,45.33,12.27
7640,622,14.379999999999999,8,955.03,124.41,40.4,30.71,7.64
7641,530,11.479999999999999,6,740.72,104.75,26.07,22.200000000000003,5.2
7642,493,10.38,5,731.55,80.2,38.19,27.689999999999998,5.390000000000001
7643,646,16.44,4,966.36,117.92,38.85,35.88,6.89
7644,475,13.71,6,874.48,86.03,45.24,37.64,6.34
7645,353,9.370000000000001,4,569.2,71.21,21.71,22.0,4.68
7646,509,13.87,4,701.1600000000001,100.78999999999999,40.769999999999996,14.38,3.25
7647,598,22.93,7,1158.15,75.89,68.38,61.07,5.12
7648,549,14.79,5,857.24,93.86,48.21,30.77,4.91
7649,475,9.34,4,624.73,77.72,34.25,18.36,4.77
765,386,6.090000000000001,3,734.4300000000001,70.36,32.379999999999995,33.38999999999999,7.41
7650,406,8.83,5,586.42,75.65,21.57,21.830000000000002,5.66
7651,432,15.469999999999999,6,691.88,43.96,46.2,35.5,8.52
7652,474,7.02,5,602.49,88.17999999999999,20.94,17.71,7.35
7653,452,8.129999999999999,5,610.54,94.55,23.87,15.469999999999999,8.02
7654,533,9.4,5,799.3,107.39,37.14,23.689999999999998,6.21
7655,349,9.530000000000001,6,648.1600000000001,51.94,36.71,31.0,3.66
7656,518,9.98,4,786.04,88.89,40.48,29.95,5.89
7657,280,6.31,3,482.79999999999995,52.03,25.87,16.689999999999998,0.95
7658,216,9.09,4,459.45,15.379999999999999,33.79,27.62,3.3600000000000003
7659,226,4.67,4,348.55,42.95,15.020000000000001,12.2,3.13
766,364,7.4399999999999995,4,701.3,85.07,34.5,24.080000000000002,9.45
7660,235,7.64,4,309.06,22.299999999999997,19.75,15.05,3.75
7661,430,9.52,4,720.6800000000001,77.22,41.39,27.080000000000002,6.39
7662,203,5.88,4,311.46000000000004,32.7,14.690000000000001,14.280000000000001,4.91
7663,398,4.09,3,457.15,94.5,12.18,2.9499999999999997,3.7300000000000004
7664,634,13.39,5,1164.9,129.28,52.08,47.4,9.0
7665,444,18.13,4,845.4,28.759999999999998,59.04,53.61,5.859999999999999
7666,238,9.23,4,359.92,10.309999999999999,29.86,20.259999999999998,1.2999999999999998
7667,376,9.180000000000001,4,644.3199999999999,60.19,40.18,24.59,1.27
7668,402,12.64,4,706.8499999999999,45.709999999999994,47.65,35.49,4.15
7669,512,9.79,5,869.3100000000001,89.74,45.56,34.25,4.3100000000000005
767,511,9.67,5,994.25,105.28,50.38,39.93,6.03
7670,596,7.83,7,802.5899999999999,141.85,22.42,16.18,7.98
7671,407,8.34,4,669.1,74.02000000000001,36.13,24.12,4.84
7672,550,9.23,5,858.9399999999999,102.10000000000001,40.11,30.28,5.58
7673,477,7.5,3,777.2,104.77,33.42,22.21,2.5700000000000003
7674,520,10.719999999999999,4,829.8199999999999,110.22,34.37,26.68,6.3
7675,442,10.049999999999999,4,772.5,82.02,39.05,29.330000000000002,4.3
7676,247,5.71,5,438.82000000000005,45.65,18.46,19.63,4.32
7677,404,9.280000000000001,5,752.34,86.33,42.14,25.67,4.85
7678,526,14.51,7,762.51,70.33,44.12,33.26,7.37
7679,485,6.87,3,680.53,100.42999999999999,32.29,14.62,2.81
768,557,8.68,4,769.16,128.42000000000002,23.81,17.32,6.18
7680,471,11.53,5,691.65,86.03,35.56,22.12,5.19
7681,536,10.86,3,782.82,87.63000000000001,45.32,26.869999999999997,4.18
7682,534,5.84,3,539.4,107.60000000000001,12.83,5.02,5.02
7683,566,14.9,5,912.6400000000001,91.48,55.23,35.12,7.199999999999999
7684,371,7.63,6,512.5,62.78,25.490000000000002,17.0,4.49
7685,374,11.07,6,536.55,61.33,33.21,17.509999999999998,5.07
7686,445,14.83,6,792.85,74.28999999999999,53.1,31.029999999999998,2.91
7687,358,11.76,5,702.63,46.66,49.07,34.43,3.85
7688,271,11.83,4,560.4,26.419999999999998,43.58,31.02,4.04
7689,529,9.82,7,808.36,106.26,39.41,24.189999999999998,5.21
769,400,6.76,4,835.0,91.71000000000001,40.14,33.839999999999996,5.55
7690,325,7.64,4,526.0799999999999,59.85,26.29,20.01,5.04
7691,163,7.73,3,285.58,17.41,14.45,17.240000000000002,2.71
7692,401,13.959999999999999,7,608.52,65.44,37.65,21.77,4.93
7693,495,12.55,6,790.1,92.50999999999999,34.1,29.790000000000003,6.7299999999999995
7694,383,14.870000000000001,5,775.4,54.04,53.6,38.48,5.55
7695,377,11.01,5,807.4,55.18000000000001,47.9,42.769999999999996,4.76
7696,463,11.8,6,754.0600000000001,80.72999999999999,44.16,27.35,5.13
7697,568,9.09,4,772.14,110.08,36.6,19.02,4.84
7698,453,8.33,5,720.7,90.69,29.92,25.93,7.49
7699,764,12.83,4,1124.22,149.95,57.730000000000004,29.57,6.94
770,440,10.85,6,982.7,101.0,53.13,40.92,5.36
7700,357,7.710000000000001,6,607.97,58.74,28.58,27.71,7.02
7701,365,6.21,6,516.99,77.1,19.93,13.67,6.28
7702,225,13.8,3,371.1,14.780000000000001,41.24,16.78,1.41
7703,472,7.49,5,720.16,109.47999999999999,29.45,16.8,7.85
7704,327,7.04,4,508.0,63.99,22.759999999999998,16.85,5.4399999999999995
7705,402,3.7399999999999998,3,469.74,95.54,10.82,4.05,4.67
7706,339,7.95,5,487.53999999999996,64.55,25.349999999999998,13.57,4.63
7707,292,6.51,4,436.62,54.09,23.150000000000002,13.68,3.7
7708,578,10.54,6,1051.5,123.03999999999999,50.15,37.88,8.39
7709,271,5.47,4,414.66,56.41,18.28,12.7,5.51
771,441,13.23,6,979.28,86.98,49.36,47.85,11.55
7710,410,8.22,6,685.8,82.58,32.44,23.72,6.66
7711,660,15.370000000000001,4,1184.8,142.35999999999999,55.660000000000004,41.28,11.34
7712,29,1.39,4,57.1,1.61,5.37,3.23,0.25
7713,634,7.5600000000000005,4,1028.02,153.34,42.0,25.560000000000002,7.15
7714,93,2.44,2,100.96,14.469999999999999,3.22,4.140000000000001,2.15
7715,1059,25.499999999999996,5,1748.1,184.69,105.63,65.22999999999999,8.28
7716,255,11.6,3,500.1,27.63,36.2,28.259999999999998,3.44
7717,363,10.82,5,675.34,60.94,45.94,27.91,3.4299999999999997
7718,333,8.41,3,798.1,66.78,48.37,39.04,5.7
7719,576,9.55,6,774.4200000000001,113.08,39.61,17.66,3.68
772,508,8.11,4,952.0,109.50999999999999,43.35,36.85,11.56
7720,403,11.879999999999999,4,444.07,51.39,36.529999999999994,9.85,3.57
7721,517,13.82,9,604.8,66.81,40.0,20.08,4.609999999999999
7722,603,10.79,5,996.47,128.41,45.79,33.13,4.82
7723,521,11.17,7,977.0600000000001,106.46000000000001,52.03,38.91,5.85
7724,576,10.2,4,735.38,121.87,28.53,15.52,6.86
7725,416,9.05,5,811.3,94.12,40.11,31.3,8.55
7726,705,14.89,6,1366.9,147.62,64.48,59.269999999999996,12.7
7727,505,9.239999999999998,6,669.8,92.75,31.400000000000002,20.29,8.28
7728,529,12.25,7,819.22,90.06,50.07,29.34,5.98
7729,530,11.15,5,851.96,107.8,34.45,33.12,10.540000000000001
773,409,12.26,5,628.61,45.0,41.55,33.790000000000006,8.31
7730,541,11.58,5,906.6600000000001,94.33,52.99,34.03,4.63
7731,432,11.68,5,837.79,73.0,58.43,35.92,4.59
7732,340,12.57,4,877.0,50.83,56.03,50.370000000000005,7.050000000000001
7733,508,13.68,7,810.98,98.51,42.72,29.16,8.14
7734,299,7.63,6,563.86,45.69,38.04,26.58,4.22
7735,456,13.1,4,818.55,76.67,57.19,31.1,3.63
7736,538,9.63,5,779.86,130.99,28.27,16.66,8.48
7737,520,14.940000000000001,7,702.03,75.34,49.260000000000005,23.27,4.95
7738,383,6.13,4,529.88,82.64,17.509999999999998,14.67,6.46
7739,548,8.42,5,846.22,113.91,35.37,27.250000000000004,4.95
774,478,5.97,5,649.01,100.25,28.32,15.0,6.49
7740,583,8.28,5,919.82,120.79,46.5,28.240000000000002,5.25
7741,318,9.44,5,580.42,52.96,42.4,22.5,4.24
7742,228,8.64,4,551.82,27.43,38.230000000000004,32.49,4.31
7743,664,12.23,6,1113.94,123.25999999999999,62.800000000000004,42.71,7.43
7744,585,15.15,6,837.87,97.56,47.879999999999995,29.08,6.36
7745,392,16.009999999999998,8,683.3,34.85,60.760000000000005,33.67,2.26
7746,472,12.26,8,798.12,94.8,42.589999999999996,27.98,6.4399999999999995
7747,615,17.95,9,1237.1,96.07,74.47,62.39,8.93
7748,561,15.6,8,1220.1599999999999,118.13,68.45,53.150000000000006,10.399999999999999
7749,398,13.94,9,595.05,43.09,49.989999999999995,23.57,2.43
775,627,11.16,5,934.83,142.56,34.78,25.21,12.540000000000001
7750,379,6.42,5,601.2,69.47,31.48,21.72,2.69
7751,507,6.7700000000000005,3,571.25,108.71,28.349999999999998,1.4500000000000002,2.8499999999999996
7752,537,12.98,9,786.8,80.91,49.879999999999995,28.799999999999997,4.15
7753,586,6.89,3,738.0,135.07,17.88,15.53,11.030000000000001
7754,753,15.15,6,1318.03,173.63,68.1,39.61,8.790000000000001
7755,515,10.59,7,835.28,102.25,40.47,29.53,7.59
7756,545,11.57,5,872.26,104.47,40.26,31.88,7.18
7757,470,8.450000000000001,4,900.48,103.49000000000001,49.34,33.0,6.87
7758,647,12.780000000000001,5,902.66,117.45,40.93,28.83,8.469999999999999
7759,409,18.21,3,561.44,46.95,68.42,10.36,2.84
776,496,11.0,4,857.79,117.46000000000001,32.99,28.71,6.23
7760,857,14.27,5,1144.99,198.61,46.73,18.45,10.68
7761,582,9.02,4,1046.67,141.67000000000002,43.510000000000005,32.9,4.83
7762,372,4.14,3,521.92,95.68,10.690000000000001,11.34,6.609999999999999
7763,457,12.209999999999999,5,687.21,62.17,34.8,32.69,4.109999999999999
7764,545,11.24,5,888.3,92.55,54.83,33.96,4.98
7765,379,7.4399999999999995,3,605.04,71.88,36.68,18.47,4.390000000000001
7766,638,14.24,4,1246.3,162.75,47.86,47.69,13.24
7767,534,14.549999999999999,7,762.95,81.50999999999999,51.43,25.3,4.2299999999999995
7768,576,14.5,8,795.24,88.58,54.83,25.85,4.16
7769,226,7.859999999999999,4,506.06,35.96,30.08,27.43,3.5700000000000003
777,446,13.59,5,923.6,87.37,50.54,43.42,6.21
7770,603,11.0,3,933.3,121.96000000000001,43.78,26.33,2.96
7771,471,7.26,5,745.1600000000001,100.88,33.120000000000005,24.6,8.22
7772,409,10.03,6,681.8299999999999,75.49,36.95,25.69,5.64
7773,333,10.26,5,507.75,50.22,40.28,17.16,4.2299999999999995
7774,495,11.69,6,633.62,78.68,41.31,17.18,4.01
7775,389,7.56,4,737.3,95.88,30.88,26.540000000000003,5.6000000000000005
7776,364,6.71,5,590.28,74.51,28.77,20.15,3.95
7777,595,14.63,7,1073.8,112.88,63.72,41.58,7.47
7778,558,15.04,7,1035.21,98.27,58.53,47.94,9.46
7779,363,4.53,3,385.0,73.81,11.01,5.65,4.609999999999999
778,366,9.43,6,744.07,83.04,33.19,31.37,7.77
7780,420,6.54,5,591.22,82.91,27.09,15.69,3.44
7781,508,4.76,3,577.04,115.6,14.899999999999999,6.04,5.12
7782,515,16.88,7,868.6700000000001,80.4,59.730000000000004,37.269999999999996,10.29
7783,586,13.78,5,958.9000000000001,84.39,53.839999999999996,45.49,6.28
7784,434,5.5,4,606.48,98.9,20.119999999999997,14.82,5.86
7785,367,7.84,8,589.37,67.88,33.980000000000004,20.45,4.34
7786,572,9.67,4,1000.94,155.84,31.47,28.16,8.47
7787,462,8.43,5,769.7,94.57,37.230000000000004,28.13,5.81
7788,430,7.609999999999999,5,803.3399999999999,106.45,36.47,25.58,4.8
7789,408,7.3,4,723.38,86.12,38.92,25.27,7.03
779,279,6.53,5,329.2,48.03,14.56,8.52,4.819999999999999
7790,530,4.62,2,770.0,145.25,15.61,14.379999999999999,8.44
7791,246,7.91,6,504.79,46.4,31.85,21.53,2.85
7792,472,10.74,8,753.74,79.8,37.32,32.01,6.1899999999999995
7793,587,12.040000000000001,3,1179.8,125.12,63.72,45.71,6.9399999999999995
7794,451,14.22,5,619.23,62.38,54.16,18.0,4.6
7795,658,20.11,8,1189.05,113.9,74.16,49.2,8.02
7796,661,10.57,5,1086.3,146.47,47.5,33.62,8.5
7797,347,8.49,6,702.9,66.27,39.43,32.82,6.5
7798,395,13.920000000000002,5,650.9,67.31,47.22,23.22,7.02
7799,596,10.93,8,872.58,112.53999999999999,40.28,30.439999999999998,9.57
780,424,10.9,4,1024.8,90.47999999999999,62.54,46.39,5.0200000000000005
7800,444,8.709999999999999,4,676.22,84.81,36.97,19.46,5.04
7801,691,26.33,4,1261.93,60.75,92.66999999999999,70.69,10.09
7802,429,6.57,5,587.52,89.37,24.58,15.17,6.99
7803,312,9.48,6,424.61,35.650000000000006,33.19,16.1,1.31
7804,470,13.32,6,662.0600000000001,57.69,45.92,26.54,2.16
7805,254,5.42,5,417.63,50.48,25.71,12.52,3.66
7806,492,12.32,7,922.6800000000001,87.13,52.73,39.54,5.34
7807,651,15.040000000000001,8,1101.52,136.14000000000001,58.11,35.36,6.98
7808,624,13.84,5,892.5699999999999,113.87,50.79,27.22,6.16
7809,248,9.709999999999999,3,716.2,46.3,46.97,40.07,5.0
781,438,7.99,4,766.3799999999999,91.59,38.58,28.29,4.890000000000001
7810,399,9.6,4,750.24,74.14,42.28,29.970000000000002,3.9000000000000004
7811,375,8.89,4,496.86,57.309999999999995,28.119999999999997,16.720000000000002,1.18
7812,464,8.94,6,710.57,82.27,36.54,26.97,4.29
7813,499,8.68,7,769.81,94.47,38.01,26.27,4.4399999999999995
7814,375,9.35,4,697.8,77.04,34.86,26.689999999999998,6.08
7815,332,6.199999999999999,4,430.24,57.230000000000004,19.51,15.459999999999999,6.55
7816,385,12.63,4,509.69,65.69,37.42,11.969999999999999,6.17
7817,523,19.21,9,978.79,74.83,70.04,46.64,8.75
7818,506,10.9,7,826.21,101.46,45.540000000000006,26.24,4.34
7819,385,9.68,6,635.8199999999999,63.769999999999996,41.78,23.26,3.17
782,365,7.93,4,604.5400000000001,84.16999999999999,21.77,20.29,8.02
7820,442,15.85,6,1004.3399999999999,63.26,66.69,55.35,6.08
7821,623,12.11,6,1085.03,113.83,55.89,44.58,4.08
7822,403,12.53,4,759.14,49.89,47.129999999999995,38.7,1.49
7823,439,8.45,7,696.1600000000001,85.53,32.53,26.18,7.010000000000001
7824,537,14.44,7,976.6700000000001,79.1,59.35,46.69,6.81
7825,507,11.27,5,784.8199999999999,89.24,33.69,32.21,5.74
7826,660,13.209999999999999,6,1047.1599999999999,116.76999999999998,60.28999999999999,36.86,7.85
7827,418,11.29,5,819.2,83.30000000000001,47.879999999999995,33.4,7.9399999999999995
7828,375,13.54,6,825.03,54.77,50.260000000000005,45.7,7.9
7829,459,8.8,5,819.78,91.21000000000001,38.5,33.6,5.78
783,474,9.91,5,632.64,100.42999999999999,20.59,16.279999999999998,7.39
7830,435,12.09,6,665.04,76.4,41.620000000000005,22.14,3.01
7831,637,12.26,7,960.2,125.25,50.18,28.01,6.07
7832,497,9.690000000000001,7,756.51,90.81,34.57,29.520000000000003,7.36
7833,410,8.53,6,688.9,96.7,24.78,22.88,5.98
7834,487,10.15,5,712.28,79.33,40.12,25.41,5.92
7835,496,10.67,7,938.95,102.18,48.730000000000004,37.97,8.45
7836,559,12.84,4,864.51,91.48,36.99,39.04,5.9
7837,467,10.459999999999999,5,618.4200000000001,72.08999999999999,38.57,20.46,3.63
7838,659,15.61,6,1151.98,128.25,64.67,44.19,11.98
7839,514,10.08,7,705.97,81.04,37.1,26.73,5.89
784,343,7.56,4,667.76,80.47,25.71,26.390000000000004,5.16
7840,523,11.94,6,878.7,89.42999999999999,50.25,34.02,4.67
7841,513,11.16,5,895.14,91.14,48.7,35.63,4.32
7842,365,10.82,6,470.7,55.27,38.97,10.729999999999999,4.46
7843,441,10.73,7,831.79,79.22999999999999,46.88,37.25,5.8500000000000005
7844,541,11.02,5,1026.8,118.78999999999999,51.269999999999996,37.39,7.64
7845,451,9.88,5,640.2,86.43,33.16,19.310000000000002,6.21
7846,478,11.09,10,747.7,82.52000000000001,41.9,27.58,4.6899999999999995
7847,574,10.55,5,918.1600000000001,115.83000000000001,40.120000000000005,33.050000000000004,4.91
7848,323,8.08,5,518.04,49.739999999999995,32.660000000000004,19.34,2.6100000000000003
7849,486,7.61,5,760.49,109.99000000000001,32.27,21.29,5.71
785,375,9.2,4,651.6,75.22999999999999,32.83,25.53,4.08
7850,493,11.54,6,867.88,112.78,41.3,28.84,8.19
7851,450,11.549999999999999,7,898.96,79.31,50.01,43.410000000000004,7.17
7852,203,11.16,4,306.96000000000004,5.09,39.7,14.41,0.23
7853,409,11.5,7,667.74,64.43,38.47,29.34,6.0
7854,400,9.58,6,725.6,74.8,42.06,30.1,5.27
7855,624,15.16,8,1139.42,141.8,52.06,41.0,10.52
7856,451,13.36,4,802.6800000000001,84.03,41.77,36.33,9.9
7857,680,9.23,4,788.96,128.22,31.61,18.3,9.85
7858,289,7.41,4,525.82,47.1,31.97,22.14,2.98
7859,1010,25.720000000000002,6,1706.8600000000001,205.75,95.28999999999999,54.839999999999996,11.18
786,505,9.34,5,834.5,113.3,33.03,27.32,10.39
7860,310,12.0,6,506.89,59.99,33.21,16.15,5.91
7861,584,14.700000000000001,6,1113.87,117.84,54.230000000000004,49.78,12.38
7862,264,11.05,8,528.33,31.89,39.59,28.22,3.7600000000000002
7863,359,5.78,6,567.88,78.1,26.23,16.85,4.33
7864,366,10.120000000000001,7,512.81,51.58,37.5,17.7,3.27
7865,356,11.96,4,528.26,26.659999999999997,39.980000000000004,30.269999999999996,4.29
7866,506,21.05,6,1254.44,56.65,91.98,74.53,7.95
7867,435,11.35,8,723.12,74.73,44.15,27.78,4.42
7868,479,15.59,8,888.89,88.49000000000001,54.77,36.06,8.18
7869,249,6.38,5,511.02,43.150000000000006,33.300000000000004,23.48,3.38
787,635,12.62,6,1198.04,140.81,63.71000000000001,41.29,10.129999999999999
7870,439,7.28,5,695.34,89.09,33.27,24.330000000000002,7.64
7871,526,14.66,7,956.77,83.27,60.12,42.96,4.91
7872,667,11.8,8,1209.35,153.47000000000003,56.08,40.82,5.38
7873,513,11.35,5,966.1,137.43,34.37,33.09,11.57
7874,641,12.870000000000001,9,969.14,121.34,50.51,29.27,4.68
7875,411,9.319999999999999,4,691.76,79.22999999999999,38.120000000000005,25.38,7.94
7876,721,12.08,7,1066.22,147.01,51.84,29.44,5.3
7877,239,4.8500000000000005,5,428.07,45.84,23.68,16.85,3.69
7878,445,7.15,5,697.22,97.64,33.33,19.73,5.38
7879,392,10.4,7,730.36,56.32,45.32,37.089999999999996,4.01
788,581,12.67,7,1129.3600000000001,125.16,55.089999999999996,44.5,9.05
7880,603,10.72,5,987.34,119.52000000000001,50.32,34.17,5.52
7881,459,11.620000000000001,4,882.4,89.3,54.54,33.6,4.79
7882,481,5.39,4,627.54,109.4,19.59,13.059999999999999,6.82
7883,605,11.22,5,796.3199999999999,98.35999999999999,44.26,23.36,4.12
7884,409,10.72,5,591.46,52.88,37.769999999999996,23.520000000000003,1.88
7885,397,3.09,2,381.94,81.22,11.5,1.03,3.77
7886,646,12.17,5,1150.02,133.3,62.46,41.18,8.02
7887,331,6.140000000000001,4,604.04,82.51,27.27,18.84,5.3100000000000005
7888,652,11.99,6,1102.3600000000001,167.07,39.76,32.13,11.82
7889,708,15.3,7,1146.44,117.66999999999999,67.28,45.269999999999996,6.699999999999999
789,371,9.51,5,909.78,67.83,53.32,45.74,7.8
7890,616,7.52,6,816.26,130.64999999999998,32.620000000000005,17.89,5.93
7891,460,15.76,5,769.8299999999999,64.34,55.93,32.980000000000004,3.8
7892,561,11.459999999999999,5,962.08,125.78,44.71,31.92,8.34
7893,579,14.620000000000001,6,868.96,95.58000000000001,55.84,28.35,4.3
7894,418,8.799999999999999,6,746.36,89.5,37.08,27.95,6.37
7895,421,11.889999999999999,4,738.3199999999999,56.61,48.51,34.6,3.29
7896,510,10.55,6,895.5799999999999,101.1,47.05,34.94,7.050000000000001
7897,602,15.03,4,1113.8200000000002,98.47,69.87,46.68,4.63
7898,508,10.91,7,779.98,80.68,46.57,30.05,5.3
7899,768,13.25,6,1276.8200000000002,201.31,43.95,33.91,14.069999999999999
790,469,9.91,5,772.01,110.00999999999999,27.040000000000003,24.91,8.16
7900,228,8.32,5,549.27,36.92,32.95,30.43,5.640000000000001
7901,430,11.74,7,745.34,68.08,45.699999999999996,32.76,6.27
7902,547,8.28,5,744.74,100.86,37.67,21.81,5.92
7903,425,12.79,7,799.72,72.71000000000001,50.97,33.36,5.92
7904,510,12.9,6,845.56,90.62,43.760000000000005,32.8,4.42
7905,397,9.38,5,778.64,75.31,48.04,32.7,3.8600000000000003
7906,360,8.9,6,619.52,60.46,36.74,27.47,6.11
7907,622,10.0,6,925.38,140.6,36.03,25.349999999999998,8.18
7908,493,14.09,6,715.06,87.55,40.339999999999996,24.21,8.16
7909,577,10.99,7,963.94,122.78,44.8,33.269999999999996,7.24
791,591,11.82,5,1091.0,128.27,46.55,42.589999999999996,9.8
7910,679,14.24,8,1281.8899999999999,153.93,62.06,47.18,10.33
7911,567,14.98,6,1025.6,89.09,59.96,45.87,5.33
7912,556,11.6,4,1085.22,108.46000000000001,61.74,46.56,6.71
7913,417,7.71,6,701.72,90.85000000000001,33.39,21.68,4.07
7914,290,7.46,6,506.29999999999995,47.85,26.8,23.16,4.47
7915,576,10.68,6,912.6400000000001,117.64999999999999,41.07,30.080000000000002,7.75
7916,450,10.08,5,646.42,83.89,35.55,18.78,4.37
7917,556,11.92,7,1033.56,123.68,52.08,37.67,7.6899999999999995
7918,397,8.45,4,766.8399999999999,81.08,41.56,29.85,4.83
7919,709,12.76,6,1222.0,140.85000000000002,67.96000000000001,43.73,8.09
792,481,8.44,7,784.6600000000001,104.26,35.41,25.34,10.58
7920,1036,28.009999999999998,9,1891.3700000000001,161.81,119.2,84.6,7.34
7921,445,6.77,4,537.6,94.97,13.940000000000001,12.86,7.93
7922,630,11.65,7,902.4,118.24000000000001,47.11,26.53,6.03
7923,551,8.93,8,870.98,117.5,38.5,27.29,6.52
7924,796,14.38,9,1073.96,152.23000000000002,52.7,28.88,8.59
7925,422,9.21,6,719.09,68.78999999999999,41.49,30.5,3.84
7926,503,13.700000000000001,6,975.06,81.7,60.199999999999996,45.38,6.31
7927,728,17.59,8,1398.37,133.45,80.4,60.75,8.46
7928,315,8.01,8,513.78,43.75,30.37,23.830000000000002,2.87
7929,405,10.989999999999998,7,766.69,57.4,48.56999999999999,38.34,4.4
793,423,9.29,5,594.72,89.4,20.18,17.37,5.73
7930,543,13.98,6,860.66,108.7,48.06,27.76,8.59
7931,484,9.290000000000001,6,904.2,119.34,41.32,29.54,9.0
7932,473,9.469999999999999,8,846.6500000000001,94.94999999999999,41.48,33.480000000000004,5.3
7933,475,12.06,6,774.22,68.34,45.02,35.59,4.73
7934,580,10.5,5,903.61,115.15,43.989999999999995,29.169999999999998,3.75
7935,553,14.81,4,1136.9099999999999,128.37,59.04,41.88,7.5200000000000005
7936,499,8.799999999999999,4,566.2,94.16,30.42,7.1899999999999995,2.75
7937,527,17.03,9,1161.31,81.74000000000001,72.34,60.84,8.02
7938,418,12.26,6,596.2,44.32,39.03,27.369999999999997,2.63
7939,566,11.73,4,891.34,98.0,54.87,29.520000000000003,4.4
794,373,8.549999999999999,5,351.32,58.41,13.879999999999999,7.36,6.67
7940,638,12.31,7,900.3499999999999,107.36000000000001,48.2,29.57,5.34
7941,363,8.709999999999999,7,638.87,63.89,32.92,27.029999999999998,3.9400000000000004
7942,447,11.78,7,865.8,75.41,50.85,39.12,4.58
7943,416,9.370000000000001,6,556.01,65.39,28.82,20.04,5.99
7944,403,10.64,6,531.22,55.91,34.72,18.95,2.8
7945,456,10.15,7,847.34,94.19999999999999,45.1,33.57,5.82
7946,645,11.780000000000001,8,938.4300000000001,124.14,42.84,28.029999999999998,5.23
7947,549,12.72,4,923.9,97.28,48.989999999999995,39.94,6.63
7948,552,12.620000000000001,5,625.66,74.92,34.97,20.24,2.67
7949,399,10.229999999999999,6,756.76,73.51,39.93,33.98,4.9
795,314,7.07,5,590.8,60.88,27.29,25.94,7.66
7950,339,9.940000000000001,4,744.1999999999999,65.35,42.379999999999995,36.36,6.74
7951,367,8.67,5,603.4200000000001,66.53,28.9,26.78,6.71
7952,414,11.680000000000001,5,771.32,90.08,41.56,26.37,6.159999999999999
7953,555,9.959999999999999,8,761.22,116.87,28.82,20.84,8.41
7954,394,7.11,4,593.25,73.88,29.3,19.04,3.66
7955,515,10.95,5,904.44,101.02000000000001,47.39,35.68,8.26
7956,533,16.259999999999998,5,1072.79,93.61,58.46,51.1,6.3
7957,529,11.68,6,768.28,87.3,41.69,28.64,5.83
7958,357,10.28,8,543.26,47.28,34.269999999999996,23.37,4.75
7959,436,11.64,7,586.89,64.46000000000001,32.86,20.85,5.22
796,491,8.280000000000001,6,736.37,103.62,34.06,20.64,9.6
7960,360,9.66,8,660.22,55.24,41.32,31.69,4.9
7961,474,13.190000000000001,8,929.23,77.82,58.89,41.870000000000005,5.48
7962,526,12.95,9,773.55,78.28999999999999,47.46,29.82,5.37
7963,415,10.88,6,690.3000000000001,66.14,41.2,28.26,5.86
7964,540,12.96,8,687.09,69.23,40.14,26.880000000000003,4.47
7965,557,8.46,2,808.5999999999999,134.77,30.76,14.68,6.62
7966,549,9.32,3,652.55,108.29,25.740000000000002,11.99,6.54
7967,709,14.950000000000001,5,1266.24,137.63,70.91,46.43,7.5
7968,609,6.65,5,790.25,136.02,27.56,14.69,4.43
7969,408,11.35,4,871.7,91.53,50.42,33.65,6.27
797,675,16.65,4,1181.6,134.42000000000002,60.120000000000005,46.89,6.94
7970,568,13.75,4,775.55,100.78,50.17,18.5,4.5
7971,529,9.36,5,682.71,91.94,29.96,20.79,4.39
7972,597,12.6,5,782.28,94.19,42.54,25.51,3.28
7973,386,10.7,5,738.63,55.57,44.54,36.65,3.57
7974,385,6.0600000000000005,4,516.12,70.98,23.79,15.59,4.83
7975,471,10.49,7,736.5,81.21,41.7,26.000000000000004,3.96
7976,478,12.44,5,718.65,73.55000000000001,46.83,26.54,5.03
7977,398,13.030000000000001,7,710.78,38.19,48.949999999999996,39.24,2.5999999999999996
7978,445,13.64,8,873.24,61.379999999999995,58.5,43.67,5.67
7979,416,5.49,6,582.64,89.44,26.23,12.74,3.13
798,478,13.71,4,1002.3000000000001,70.41,56.230000000000004,54.78,11.84
7980,434,9.35,5,582.84,71.06,30.84,17.669999999999998,3.79
7981,601,17.869999999999997,5,1059.4,99.14,73.45,39.980000000000004,4.71
7982,646,14.05,4,1120.34,120.33000000000001,61.33,40.09,4.5
7983,537,10.709999999999999,6,631.12,76.44999999999999,35.519999999999996,20.47,5.0
7984,464,6.140000000000001,4,427.24,75.29,17.849999999999998,5.890000000000001,2.8
7985,518,10.58,5,955.15,103.58000000000001,51.43,37.43,5.86
7986,346,5.08,4,430.84,69.91,19.07,8.0,3.7700000000000005
7987,468,10.72,6,563.04,69.89,33.81,15.23,1.94
7988,581,12.74,7,929.6999999999999,113.0,50.78,29.47,4.84
7989,470,14.120000000000001,7,675.99,53.18,44.25,33.33,5.77
799,635,14.39,7,1194.6599999999999,136.07999999999998,59.81,46.55,10.74
7990,325,8.53,5,640.88,66.87,35.88,24.78,3.39
7991,681,14.260000000000002,5,812.4200000000001,106.85,39.760000000000005,22.55,4.91
7992,529,7.0,3,926.1999999999999,127.82,41.14,26.43,5.01
7993,567,10.180000000000001,4,813.61,94.33000000000001,46.120000000000005,28.680000000000003,3.65
7994,404,9.0,6,470.17999999999995,59.53,24.59,13.73,3.8
7995,323,7.65,5,424.56,43.26,23.98,15.97,1.79
7996,405,11.6,6,474.34000000000003,54.69,34.03,13.549999999999999,4.859999999999999
7997,356,16.59,4,556.85,26.33,48.69,27.580000000000002,4.11
7998,231,5.91,4,292.36,32.97,20.0,9.72,2.0300000000000002
7999,446,11.700000000000001,6,601.46,59.1,36.93,22.34,3.5
800,438,8.68,5,842.2,102.58,40.11,30.2,10.01
8000,292,7.960000000000001,3,378.75,32.72,23.500000000000004,15.379999999999999,1.6
8001,962,23.45,6,1226.6200000000001,119.86,73.45,50.43,9.71
8002,587,12.81,6,685.23,73.26,39.92,24.57,3.16
8003,186,0.41,1,241.8,52.45,5.02,0.56,0.74
8004,561,11.53,4,810.3199999999999,95.34,37.69,29.63,4.24
8005,310,3.67,2,245.45000000000002,51.67,6.59,1.07,2.33
8006,159,2.49,2,231.7,38.239999999999995,8.94,4.33,1.94
8007,564,18.48,5,958.53,72.0,65.57000000000001,43.26,1.43
8008,455,12.9,4,704.77,63.28,38.33,32.34,4.12
8009,495,8.48,4,677.7,99.34,32.59,14.48,1.9300000000000002
801,479,10.87,4,767.9000000000001,101.99000000000001,33.11,26.200000000000003,11.440000000000001
8010,433,8.29,9,459.25,68.84,21.380000000000003,11.16,4.390000000000001
8011,491,10.59,6,622.8399999999999,75.49000000000001,30.03,21.85,5.05
8012,549,12.71,4,697.3499999999999,87.02,35.95,21.05,5.79
8013,438,10.67,4,678.25,78.47,35.99,22.18,4.09
8014,445,9.68,4,597.5,62.7,36.39,20.73,2.15
8015,374,7.09,4,471.75,66.55,19.82,13.149999999999999,3.2
8016,701,14.77,5,1130.26,139.24,56.15,39.63,8.709999999999999
8017,48,2.33,7,111.91000000000001,5.23,8.42,5.6899999999999995,0.91
8018,553,8.77,4,694.8,108.89,34.78,11.92,5.14
8019,238,8.46,4,196.12,15.41,16.52,7.91,4.550000000000001
802,961,18.45,7,1829.1,225.76999999999998,84.59,64.17999999999999,16.73
8020,36,0.77,1,115.2,9.0,5.4,6.48,1.44
8021,1145,39.62,13,2751.36,183.17,172.93,140.75,19.509999999999998
8022,406,11.03,5,589.56,67.63000000000001,41.48,16.79,4.52
8023,497,13.11,8,988.55,82.09,60.44,45.7,8.84
8024,411,7.550000000000001,5,434.76,69.07,26.6,5.83,2.85
8025,489,9.219999999999999,6,781.6500000000001,92.32,41.199999999999996,24.54,4.76
8026,244,6.44,7,503.86,50.32,22.92,21.81,3.79
8027,568,14.05,4,1397.95,123.9,66.75,64.61,9.52
8028,435,12.89,7,1100.07,89.36,55.47,54.379999999999995,8.9
8029,728,13.01,5,1004.2900000000001,124.52,64.06,26.459999999999997,5.24
803,572,11.98,4,1128.62,133.48000000000002,54.42,41.239999999999995,8.05
8030,478,11.13,7,756.15,92.93,33.9,27.09,9.04
8031,650,15.66,7,1485.03,160.94,61.5,64.92,12.03
8032,250,8.379999999999999,8,457.39,40.2,29.34,18.86,2.85
8033,367,8.69,8,793.88,84.59,37.62,32.91,5.930000000000001
8034,375,9.22,9,723.4300000000001,70.91,40.73,29.39,4.24
8035,402,9.81,7,802.64,73.92999999999999,42.43,34.92,5.49
8036,485,6.86,3,572.95,91.85,35.81,6.05,1.24
8037,551,8.15,4,870.9000000000001,112.35000000000001,45.14,24.11,6.03
8038,489,11.55,4,1041.6,93.09,63.61,45.13,7.7
8039,566,11.48,5,884.0500000000001,94.83,57.38,29.89,4.82
804,508,10.879999999999999,5,972.3,98.13,51.72,42.01,6.13
8040,471,9.44,6,711.25,84.75,36.28,22.25,3.26
8041,615,14.16,5,1054.35,110.38,55.1,38.36,2.9000000000000004
8042,489,13.33,6,1000.56,89.49,55.39,44.06,9.43
8043,509,9.92,4,945.8499999999999,108.74000000000001,40.02,36.96,4.62
8044,589,12.78,6,1292.1,114.25999999999999,64.33,61.61,10.35
8045,934,17.27,7,1842.85,197.31,83.28999999999999,74.91,17.01
8046,700,15.67,5,1143.37,131.45,62.580000000000005,38.98,11.33
8047,739,11.95,7,1276.1,144.13,62.129999999999995,48.53,11.17
8048,623,11.75,9,1168.3600000000001,138.12,49.0,44.32,9.78
8049,526,10.22,4,763.6800000000001,100.66,50.61,17.06,4.59
805,729,11.1,5,1180.88,146.68,50.28,42.13,13.53
8050,932,22.27,9,1700.31,157.0,109.75999999999999,68.07,13.99
8051,546,10.98,5,987.3,104.07,40.95,42.9,5.26
8052,352,10.26,6,829.45,51.69,46.41,47.879999999999995,9.38
8053,671,10.64,5,1260.9,143.57,59.67,48.980000000000004,10.23
8054,323,9.13,8,714.9,54.980000000000004,40.03,34.83,4.96
8055,745,28.67,4,2002.8000000000002,102.9,114.91999999999999,117.85000000000001,16.6
8056,541,11.75,7,892.3399999999999,88.22999999999999,53.28,33.53,5.75
8057,418,11.33,4,840.01,83.39,55.7,31.17,7.44
8058,508,12.26,6,968.0,82.24,53.62,45.23,6.66
8059,503,8.46,4,889.84,101.42999999999999,44.629999999999995,32.86,5.55
806,430,15.44,5,887.2,58.5,59.21,46.35,12.76
8060,425,8.66,5,824.28,88.95,43.13,30.73,4.52
8061,342,6.68,4,635.7,70.02,30.75,24.13,4.92
8062,456,11.739999999999998,7,811.9100000000001,63.150000000000006,54.6,36.06,4.22
8063,429,10.26,4,1021.0,91.64,54.84,46.95,8.6
8064,694,20.2,5,1046.3899999999999,101.59,78.97,31.64,6.06
8065,553,14.51,4,1636.5,129.29000000000002,68.03,86.46000000000001,12.23
8066,367,8.9,5,615.2,69.99,33.61,21.7,5.18
8067,452,11.47,7,601.96,72.92,36.58,16.39,4.1499999999999995
8068,614,12.25,7,795.01,115.91,37.67,18.37,5.57
8069,480,14.51,7,1093.21,81.85000000000001,67.62,54.43,9.17
807,494,6.4799999999999995,3,794.4000000000001,118.0,32.47,21.37,10.64
8070,457,9.8,5,1048.05,97.11,44.019999999999996,51.33,9.85
8071,359,12.170000000000002,5,748.6,58.84,46.93,33.8,5.76
8072,614,13.94,6,1120.5,107.64,62.27,46.35,7.33
8073,784,13.72,6,1589.8000000000002,185.87,66.13,60.260000000000005,11.31
8074,510,13.74,5,936.15,76.57,63.75,41.18,6.380000000000001
8075,563,12.0,5,956.1200000000001,135.54,34.129999999999995,29.029999999999998,6.859999999999999
8076,432,9.11,6,1073.67,106.88999999999999,51.04,47.97,9.37
8077,388,9.36,7,833.15,72.03,49.87,37.76,6.54
8078,387,5.51,5,679.5,84.53,28.49,24.97,7.1
8079,397,6.44,7,490.71,74.65,25.7,9.48,4.0
808,217,8.27,4,445.70000000000005,39.09,23.22,22.82,6.3100000000000005
8080,498,12.13,7,1087.5,100.55,49.17,50.589999999999996,10.41
8081,525,9.89,6,792.0799999999999,90.55,48.04,25.52,4.84
8082,645,17.23,7,1047.7,93.1,70.8,40.59,7.39
8083,504,10.43,4,1078.8,109.69,44.71,47.72,7.92
8084,402,7.8,6,664.05,76.12,36.370000000000005,22.55,5.47
8085,572,12.4,5,1412.1,137.62,63.69,63.470000000000006,11.63
8086,627,14.23,4,1293.5,116.12,73.45,55.36,8.6
8087,383,8.99,5,912.45,80.05,43.379999999999995,43.449999999999996,7.63
8088,655,12.56,6,1152.8,130.28,56.9,40.69,6.83
8089,482,11.57,6,909.98,98.25,48.31,34.82,6.0
809,396,10.860000000000001,5,646.6,80.56,24.54,24.54,7.5
8090,531,14.3,6,1267.6000000000001,89.8,55.949999999999996,74.88,13.33
8091,457,12.120000000000001,5,849.45,78.38,55.22,34.83,5.43
8092,429,10.6,4,1098.4,89.21000000000001,46.09,60.779999999999994,7.83
8093,498,9.51,6,795.7,98.19999999999999,44.660000000000004,24.01,4.38
8094,594,12.680000000000001,5,1081.51,107.75999999999999,61.86,43.16,6.82
8095,506,6.949999999999999,4,825.75,107.08999999999999,38.52,27.06,7.6
8096,655,12.18,6,998.55,132.35000000000002,49.11,28.58,8.66
8097,604,12.549999999999999,4,1383.3,127.59,70.64,62.69,12.030000000000001
8098,729,17.240000000000002,5,1112.25,114.69,60.61,44.07,5.73
8099,490,11.1,5,896.5,96.16,49.79,34.69,8.91
810,309,7.33,6,594.84,70.3,27.62,22.4,5.63
8100,548,14.65,6,1173.5,107.84,49.64,55.72,9.36
8101,169,4.86,4,380.05,37.26,18.15,17.45,4.4399999999999995
8102,529,10.88,4,640.31,84.68,37.18,16.67,6.54
8103,1011,20.849999999999998,5,2063.05,203.44,115.37,85.53,12.69
8104,393,6.28,4,721.86,93.31,26.43,26.7,5.92
8105,539,10.08,6,881.2,109.30000000000001,45.449999999999996,28.169999999999998,7.45
8106,513,9.82,7,863.25,114.34,33.53,29.55,8.85
8107,550,11.44,4,1003.9,87.81,56.79,46.73,6.75
8108,513,11.57,5,1142.4,98.06,54.93,54.09,9.1
8109,592,12.6,5,929.1600000000001,106.09,58.74,29.22,5.16
811,458,11.51,7,803.1,87.6,38.05,33.56,10.72
8110,1340,26.93,4,3627.7000000000003,308.11,167.04000000000002,192.79999999999998,41.36
8111,323,10.290000000000001,4,874.6,48.3,55.7,50.34,6.47
8112,596,12.55,7,1010.12,102.81,62.56,36.24,5.53
8113,470,11.32,5,1028.74,109.44,51.99,42.08,10.27
8114,473,10.299999999999999,4,722.6,76.83,37.19,30.640000000000004,9.26
8115,744,15.66,7,1383.44,149.28,77.35,51.43,7.73
8116,399,11.3,5,983.6,92.99,49.629999999999995,43.74,8.98
8117,612,14.73,5,1156.7,106.18,68.76,50.35,10.120000000000001
8118,302,7.47,4,705.3,62.2,25.52,35.18,4.25
8119,519,12.18,5,949.16,102.59,56.14,34.49,7.82
812,590,10.98,5,1193.5,141.3,59.57,42.6,7.4
8120,337,7.04,5,553.7,66.21000000000001,23.95,21.47,5.87
8121,458,12.620000000000001,7,1048.87,93.9,58.42,48.1,8.12
8122,491,10.3,8,876.11,92.46,51.35,32.19,4.98
8123,721,9.85,7,1222.0,172.95999999999998,38.69,36.69,4.75
8124,626,11.620000000000001,6,1049.53,114.32,58.980000000000004,37.92,7.89
8125,560,15.41,9,875.9300000000001,87.32000000000001,51.54,32.84,6.33
8126,430,7.41,6,780.1,97.59,32.09,27.02,5.97
8127,279,10.44,9,477.28999999999996,34.010000000000005,36.43,20.69,4.04
8128,351,10.11,5,424.08,46.64,34.08,11.229999999999999,2.5300000000000002
8129,504,11.91,7,897.02,90.84,44.66,35.86,7.39
813,727,13.12,7,1152.1,137.16,48.85,43.97,19.55
8130,617,12.4,7,1036.27,125.4,55.56,34.43,9.19
8131,386,11.41,9,771.59,64.24000000000001,42.42,34.61,5.069999999999999
8132,415,10.68,7,791.04,82.98,35.91,32.08,6.3100000000000005
8133,347,5.98,4,568.6,81.46000000000001,23.85,15.06,5.16
8134,318,8.26,6,512.3,47.03,33.92,21.259999999999998,5.03
8135,468,10.18,5,759.2,89.93,35.36,28.119999999999997,6.82
8136,417,12.61,7,672.7,54.43,42.019999999999996,31.08,5.64
8137,561,9.84,5,946.55,108.86000000000001,33.9,37.43,7.5200000000000005
8138,295,8.57,7,479.85,39.6,30.93,20.439999999999998,2.46
8139,267,10.02,5,588.45,45.870000000000005,39.57,25.34,4.57
814,549,11.97,9,816.08,99.37,37.46,30.57,12.549999999999999
8140,435,9.99,6,889.63,92.86,39.95,36.879999999999995,4.7299999999999995
8141,487,12.74,6,855.6,79.32,58.160000000000004,32.93,3.6
8142,312,9.31,5,705.6700000000001,53.42999999999999,41.51,34.84,5.25
8143,630,13.030000000000001,4,791.1,70.65,61.33,29.439999999999998,3.29
8144,603,10.68,6,917.4,115.13000000000001,41.15,31.72,6.91
8145,306,7.07,5,566.95,65.47,24.85,22.430000000000003,6.3100000000000005
8146,809,22.92,4,1444.2,150.70999999999998,81.8,53.04,9.14
8147,274,9.1,5,491.65,45.95,27.729999999999997,20.76,4.0
8148,553,12.42,4,965.35,92.03,54.36,41.839999999999996,8.05
8149,518,14.75,5,856.2,70.22,57.1,38.74,8.43
815,429,8.8,6,650.12,77.51,30.17,23.27,8.3
8150,547,9.219999999999999,5,747.62,110.17,37.12,15.009999999999998,5.0600000000000005
8151,458,9.540000000000001,5,883.67,90.91,46.8,35.98,6.41
8152,421,13.11,6,854.95,69.5,57.46,37.85,6.779999999999999
8153,458,13.6,6,1213.6,92.9,55.97,61.78,6.41
8154,289,10.36,6,410.21999999999997,20.57,34.83,20.439999999999998,3.17
8155,590,17.73,8,1262.95,92.44,66.47,65.3,8.49
8156,518,9.08,5,872.6,98.96,33.35,38.209999999999994,10.959999999999999
81561,104,4.26,3,238.8,7.68,19.55,14.59,1.5899999999999999
81562,516,9.84,6,751.81,96.19999999999999,35.12,24.369999999999997,6.8100000000000005
81563,419,17.29,8,661.45,62.199999999999996,43.18,27.369999999999997,5.83
81564,602,19.41,9,786.75,89.0,50.81,27.060000000000002,5.63
81565,402,14.77,5,606.6,78.64,33.43,18.34,5.62
81566,171,7.619999999999999,4,247.35,26.31,15.95,9.03,1.6400000000000001
81567,607,18.57,5,642.1500000000001,86.18,35.48,16.46,5.47
81568,488,6.7299999999999995,4,451.7,71.73,28.71,5.54,3.78
81569,365,7.79,7,490.6,64.3,22.73,16.13,4.72
8157,612,21.36,6,1133.5,85.08,72.37,54.56,10.64
81570,510,14.389999999999999,11,711.65,90.26,35.769999999999996,24.29,5.73
81571,442,15.17,9,582.4,53.58,40.92,23.11,4.35
81572,392,6.13,7,523.4,75.00999999999999,21.28,14.76,5.42
81573,622,16.36,14,1023.6,115.73,57.510000000000005,37.61,7.78
81574,434,14.28,6,729.6,87.25999999999999,38.78,25.94,6.6000000000000005
81575,341,6.84,9,388.9,53.96,20.15,10.92,4.1
81576,629,10.91,5,716.0,108.35000000000001,25.73,20.76,6.6
81577,531,8.51,4,675.6,83.24,29.46,26.86,8.91
81578,693,11.43,4,761.3499999999999,97.03,53.31,16.31,2.3
81579,435,8.629999999999999,5,518.7,63.74,26.93,17.220000000000002,5.62
8158,585,21.02,10,1299.85,83.6,78.5,67.81,10.23
81580,598,9.85,4,890.05,120.97,48.66,24.05,3.7800000000000002
81581,428,14.9,7,755.75,69.08,47.54,32.800000000000004,5.74
81582,300,4.81,4,367.29999999999995,52.699999999999996,16.19,10.34,5.4
81583,716,15.940000000000001,5,1082.4,106.52,70.19,40.5,7.39
81584,115,16.1,1,287.5,2.3,29.9,18.4,0.0
81585,740,7.86,5,742.35,118.16,36.75,14.95,9.56
81586,616,12.91,6,759.9,102.86,41.5,19.74,6.29
81587,534,9.76,8,718.6,100.93,31.53,21.01,5.82
81588,557,12.01,6,691.0,97.48,39.41,16.23,6.05
81589,356,32.32,2,801.5,7.12,81.94,49.879999999999995,0.0
8159,374,9.129999999999999,7,624.02,69.96000000000001,30.66,22.49,4.54
81590,499,10.96,5,600.7,88.22,28.060000000000002,15.030000000000001,5.29
81591,775,12.24,7,925.65,114.89000000000001,50.45,30.11,7.41
81592,757,40.55,12,1342.05,61.56,93.81,80.08,4.99
81593,418,11.35,7,646.24,58.24,41.31,27.6,6.0
81594,457,9.389999999999999,6,603.75,70.96,27.77,21.54,3.42
81595,446,14.13,7,569.6,57.82,37.57,20.759999999999998,3.63
81596,468,10.350000000000001,7,753.55,69.78999999999999,40.9,36.36,7.51
81597,519,17.799999999999997,5,891.0,90.17999999999999,45.86,37.39,5.0
81598,489,11.7,5,645.8000000000001,83.32,27.59,23.039999999999996,4.970000000000001
81599,380,15.53,5,644.5,73.42,40.08,21.709999999999997,5.8999999999999995
816,594,12.29,6,988.4100000000001,133.63,39.95,31.330000000000002,6.67
8160,695,19.290000000000003,4,1231.81,140.82,68.91,42.85,14.4
81600,617,14.82,6,850.9,115.67,35.82,28.77,7.49
81601,593,11.21,4,789.8,122.84,24.220000000000002,21.41,5.08
81602,643,15.72,9,986.95,104.19,56.379999999999995,39.54,10.15
81603,327,3.79,4,280.15,52.06,8.379999999999999,3.92,3.75
81604,533,11.67,7,781.7,90.54,34.29,31.42,6.94
81605,113,2.77,1,135.6,11.3,9.04,6.78,3.39
81606,524,11.86,4,870.1,115.05,33.83,29.86,5.91
81607,313,9.33,6,425.35,53.63,23.41,13.31,4.56
81608,314,7.41,5,517.05,51.9,26.580000000000002,23.85,5.74
81609,3394,124.71,11,5913.7,526.72,380.09,253.95000000000002,88.94
8161,189,7.44,6,461.65,35.65,27.34,22.33,3.6
81610,267,5.33,6,473.12,49.72,19.51,20.85,2.79
81611,488,8.4,5,691.72,103.62,25.72,18.96,6.390000000000001
81612,380,13.26,5,669.5,70.33,39.77,26.71,3.73
81613,521,13.729999999999999,7,732.25,86.72,36.589999999999996,27.56,6.54
81614,598,12.809999999999999,4,894.1,134.15,39.84,21.81,7.91
81615,489,13.68,6,630.85,73.55,32.49,24.88,7.07
81616,545,10.17,4,859.1,101.97,48.980000000000004,27.490000000000002,6.66
81617,528,9.7,5,645.0500000000001,91.23,26.46,17.91,6.2
81618,519,8.32,3,807.0,99.66000000000001,43.29,25.17,4.55
81619,635,10.08,7,1051.65,133.82,39.980000000000004,39.07,7.84
8162,351,9.29,10,701.73,64.05,36.44,31.19,4.65
81620,584,11.84,6,789.6400000000001,89.7,39.64,29.22,12.11
81621,637,10.83,8,837.15,120.25,38.7,22.04,8.46
81622,617,11.51,8,925.5999999999999,104.97,49.53,34.24,8.69
81623,319,10.86,6,418.45,45.78,25.98,15.030000000000001,5.05
81624,763,19.65,6,1254.8,137.33,64.62,48.79,11.81
81625,375,9.950000000000001,9,629.6999999999999,67.42,30.3,28.360000000000003,8.26
81626,681,33.16,6,1561.6,66.19,96.36,104.77,9.9
81627,293,3.13,3,290.1,49.34,11.040000000000001,6.109999999999999,5.199999999999999
81628,712,16.82,5,1217.3,143.92,59.089999999999996,46.650000000000006,6.22
81629,390,8.14,4,517.6800000000001,64.74,19.72,18.4,4.6899999999999995
8163,182,7.37,3,409.9,28.0,28.43,20.479999999999997,4.37
81630,590,13.99,6,804.76,99.61,38.14,28.4,9.559999999999999
81631,383,9.120000000000001,4,637.9,70.06,37.71,22.59,5.75
81632,760,23.92,8,1130.56,139.63,61.269999999999996,35.78,8.66
81633,465,14.01,6,711.5,91.9,38.68,20.86,6.35
81634,491,11.74,6,724.5,81.06,41.17,25.729999999999997,6.99
81635,632,15.48,6,962.2,127.8,43.989999999999995,31.67,10.02
81636,318,9.93,5,559.5,42.04,33.18,29.11,8.48
81637,450,9.48,6,853.8,86.34,41.21,37.01,7.71
81638,770,22.84,7,1310.5,131.51,76.03999999999999,53.72,6.58
81639,294,6.12,6,371.86,35.39,21.15,17.07,3.97
8164,524,11.27,6,1039.19,114.04,48.9,41.57,8.97
81640,352,7.08,5,333.45,44.53,16.63,9.32,7.57
81641,484,12.46,8,887.75,78.5,46.99,43.040000000000006,6.65
81642,379,4.960000000000001,4,443.2,77.12,16.6,7.630000000000001,6.5
81643,422,14.11,6,681.6,40.3,44.42,37.06,8.69
81644,524,9.81,7,630.63,97.21000000000001,25.98,16.700000000000003,6.74
81645,306,6.4799999999999995,6,393.32,42.980000000000004,24.31,13.610000000000001,3.15
81646,869,14.629999999999999,4,984.0799999999999,160.78,39.54,17.55,11.45
81647,368,11.31,6,503.66,61.01,26.55,18.09,4.22
81648,549,11.39,8,832.45,90.57,40.93,33.0,8.35
81649,566,10.68,5,727.09,105.17999999999999,29.069999999999997,22.049999999999997,6.46
8165,453,7.5,4,936.8,106.17,37.53,37.559999999999995,6.05
81650,375,10.74,4,623.66,30.240000000000002,45.22,35.93,6.53
81651,734,22.119999999999997,7,1007.44,105.69,64.07,36.93,5.58
81652,666,14.64,6,1026.84,108.19999999999999,50.68,42.28,8.56
81653,408,10.32,6,527.35,80.45,24.91,12.02,5.39
81654,453,18.41,6,633.86,59.55,43.06,25.4,7.59
81655,594,14.22,4,901.02,116.11,41.36,30.61,6.140000000000001
81656,248,4.51,4,236.76,32.23,13.02,5.66,2.5100000000000002
81657,1145,18.84,5,1485.8,233.4,61.91,32.22,13.91
81658,281,10.29,6,534.98,32.69,34.64,30.85,5.56
81659,530,12.17,6,941.7,108.85,50.72,33.260000000000005,7.95
8166,514,12.89,7,796.75,99.86,38.85,25.04,3.42
81660,497,13.64,6,628.78,83.13,31.529999999999998,19.79,5.29
81661,324,12.55,9,509.14,31.18,37.84,26.3,5.88
81662,307,7.16,5,567.9,56.900000000000006,29.97,23.57,4.02
81663,756,12.95,8,952.6999999999999,133.61,39.96,29.59,10.879999999999999
81664,558,7.550000000000001,4,553.14,88.86,20.96,12.82,8.95
81665,444,10.69,6,572.77,73.22,27.259999999999998,18.29,5.0600000000000005
81666,867,16.42,7,1212.58,155.46,61.85,35.83,4.7700000000000005
81667,734,14.65,8,1061.96,132.06,47.04,35.97,8.32
81668,611,15.23,7,1041.8,98.99000000000001,61.39,44.57,5.69
81669,1068,17.96,9,1305.31,203.02,48.94,33.14,15.67
8167,440,10.61,9,818.88,98.65,35.82,29.66,7.39
81670,176,4.93,2,308.0,37.62,12.870000000000001,12.21,1.1
81671,499,9.11,6,622.88,87.71,27.6,17.78,7.55
81672,514,10.43,5,769.3399999999999,100.19999999999999,33.16,26.799999999999997,5.8500000000000005
81673,432,3.84,4,470.14,91.09,14.09,4.42,3.7800000000000002
81674,480,12.1,5,711.52,80.67,28.71,29.61,3.89
81675,348,10.18,5,567.1,57.84,32.18,22.91,7.52
81676,445,6.15,4,579.5,76.92,21.89,18.9,6.02
81677,325,10.16,6,533.6,52.41,30.72,21.36,3.59
81678,405,6.140000000000001,5,541.2,81.58,22.63,13.8,6.24
81679,607,7.6,5,507.90000000000003,82.67999999999999,23.2,8.66,6.02
8168,340,7.7,5,338.46000000000004,46.11,25.84,5.72,2.49
81680,206,1.98,3,259.8,45.910000000000004,8.15,4.52,1.49
8169,371,10.81,6,675.0,62.61,35.23,28.38,5.54
817,422,8.4,7,666.88,85.92,31.150000000000002,22.34,8.19
8170,511,12.38,5,876.0,85.6,45.78,39.449999999999996,13.360000000000001
8171,345,9.67,8,673.79,67.33,34.59,27.880000000000003,3.42
8172,387,11.68,7,797.75,64.46000000000001,48.78,36.15,5.38
8173,407,9.129999999999999,6,641.22,63.98,42.97,23.14,3.95
8174,446,11.77,6,697.89,83.09,37.46,22.66,4.8100000000000005
8175,348,5.42,3,636.9,77.62,25.82,24.94,8.41
8176,689,11.46,5,1262.3,148.66,63.160000000000004,44.4,9.7
8177,325,9.959999999999999,5,590.25,61.37,35.25,21.419999999999998,3.6900000000000004
8178,521,12.9,6,888.5,92.43,35.11,37.25,8.54
8179,378,9.66,6,686.3499999999999,59.04,46.75,28.79,4.2299999999999995
818,582,9.4,5,935.3,122.02000000000001,40.56,30.62,6.36
8180,490,11.86,6,872.7,85.6,48.07,36.09,5.75
8181,318,7.529999999999999,5,417.1,45.71,29.89,11.28,3.38
8182,616,11.79,5,1155.12,125.19999999999999,57.23,43.199999999999996,8.45
8183,323,10.17,7,726.79,64.89,36.54,34.58,5.9
8184,286,9.31,6,532.6,36.58,36.22,26.22,5.26
8185,529,8.5,4,1017.0,122.27,48.260000000000005,36.21,9.39
8186,543,12.63,7,951.1,99.99000000000001,51.95,35.3,5.96
8187,341,8.16,6,626.75,67.55,24.47,26.56,6.859999999999999
8188,523,14.530000000000001,9,1081.3,89.41,59.06,51.75,9.09
8189,738,13.94,5,1485.6,173.88,63.58,56.01,11.91
819,488,9.93,6,842.04,100.63,42.32,30.19,5.99
8190,762,10.28,5,1460.33,179.2,62.1,53.78,11.94
8191,597,14.22,7,1012.2,124.06,45.79,34.07,10.01
8192,463,10.18,6,1067.7,104.55,44.93,48.69,8.23
8193,432,10.96,7,927.95,96.71000000000001,47.33,38.03,7.64
8194,192,6.609999999999999,4,504.8,30.25,25.77,28.47,5.29
8195,361,8.55,8,541.45,64.06,31.59,17.14,4.57
8196,600,14.71,5,994.5,133.14,45.65,29.71,10.77
8197,490,14.83,8,1154.23,99.88,58.349999999999994,54.040000000000006,9.9
8198,605,9.59,7,1066.98,138.82,47.49,34.1,8.27
8199,571,12.45,10,1052.45,133.3,45.17,36.550000000000004,10.28
820,475,13.39,5,867.22,96.34,41.6,36.41,6.11
8200,573,9.059999999999999,5,1166.5,132.76999999999998,53.980000000000004,45.36,8.23
8201,331,6.08,7,467.54999999999995,60.72,20.87,15.75,5.01
8202,549,12.64,6,936.7,101.5,49.55,36.14,10.39
8203,351,7.98,4,865.5,86.3,42.25,38.63,8.91
8204,316,8.91,7,613.75,51.46,38.129999999999995,27.6,4.7
8205,459,8.01,3,896.7,110.83000000000001,32.31,30.93,4.65
8206,892,28.09,7,1963.65,180.76,97.83,89.62,20.39
8207,525,7.6899999999999995,4,944.15,121.67999999999999,31.98,34.73,5.04
8208,382,10.6,9,723.0300000000001,56.91,45.33,34.17,6.72
8209,477,11.55,5,929.5,95.09,49.67,37.47,6.39
821,616,8.26,3,875.32,133.71,35.58,22.22,5.47
8210,581,15.95,7,1049.9,90.58,63.66,45.870000000000005,8.3
8211,512,13.520000000000001,6,1207.9,83.8,60.02,66.14,9.83
8212,520,12.55,5,832.4,73.53,52.02,35.95,4.55
8213,377,5.4799999999999995,4,453.05,59.55,26.7,11.96,2.21
8214,286,8.32,7,532.67,50.260000000000005,25.79,24.779999999999998,3.4899999999999998
8215,433,12.24,6,865.1,69.56,52.900000000000006,39.59,5.07
8216,453,10.91,7,819.51,79.03,44.4,35.46,7.63
8217,451,9.92,7,733.95,89.53,34.25,24.61,4.9799999999999995
8218,394,11.1,7,788.5500000000001,71.67,42.36,36.66,9.27
8219,558,10.78,7,1042.9,124.92,37.15,42.5,8.71
822,208,8.23,5,385.3,32.25,19.34,20.27,5.34
8220,507,9.82,8,827.24,105.67,37.25,26.72,4.17
8221,682,12.940000000000001,5,1110.4,135.57,60.53,34.690000000000005,10.28
8222,342,8.5,7,544.5,62.76,28.5,19.67,6.66
8223,472,11.08,4,830.49,91.53999999999999,27.92,37.040000000000006,2.79
8224,564,14.16,4,1348.7,126.8,58.349999999999994,62.32,11.17
8225,546,6.64,3,955.7,127.81,41.900000000000006,29.1,5.32
8226,530,11.8,7,836.55,107.03999999999999,37.8,25.28,5.16
8227,346,9.25,5,518.8,62.65,26.84,17.910000000000004,7.27
8228,416,13.559999999999999,5,933.3,77.28999999999999,54.23,40.67,6.4399999999999995
8229,301,8.48,5,711.9,69.71000000000001,29.65,33.71,3.7600000000000002
823,435,6.54,3,560.5,96.97,19.05,10.0,1.84
8230,399,13.71,8,894.52,80.24,46.58,39.39,6.15
8231,468,12.62,6,756.2,64.98,44.6,32.07,6.47
8232,593,12.42,4,826.9,107.27,45.09,22.75,6.25
8233,358,9.58,6,753.4,62.8,45.17,34.72,5.779999999999999
8234,502,12.49,7,1034.3,90.4,52.49,50.35,7.21
8235,395,8.97,5,698.2,74.53,27.6,29.549999999999997,6.3999999999999995
8236,373,11.15,7,759.05,44.04,46.84,41.73,3.45
8237,557,12.58,5,1005.9,118.75,45.980000000000004,35.660000000000004,7.22
8238,293,8.24,7,456.9,46.260000000000005,27.23,16.9,4.49
8239,326,9.8,7,599.05,57.650000000000006,30.03,26.47,3.68
824,670,11.94,5,1031.44,153.64000000000001,38.32,29.6,11.57
8240,515,10.73,9,766.3,88.68,41.35,26.26,7.28
8241,460,7.380000000000001,4,584.7,75.86,26.66,19.27,5.12
8242,476,10.46,6,811.0,81.63,35.910000000000004,34.82,6.640000000000001
8243,547,9.85,5,903.52,129.52,35.129999999999995,24.96,4.23
8244,467,10.48,5,747.0,94.73,36.519999999999996,22.71,5.7299999999999995
8245,603,8.47,4,626.3499999999999,113.22,31.02,5.04,5.380000000000001
8246,669,16.96,5,1142.3,110.25,57.65,48.48,9.45
8247,541,9.3,3,760.9,107.83000000000001,29.01,23.62,8.25
8248,394,7.840000000000001,3,588.2,91.03999999999999,24.77,12.89,5.53
8249,393,9.15,4,689.6,66.44,35.230000000000004,28.35,3.64
825,269,7.6,5,503.18999999999994,41.03,28.770000000000003,24.04,7.819999999999999
8250,622,12.92,6,901.0999999999999,107.78999999999999,44.93,31.4,8.75
8251,377,11.770000000000001,7,618.2,59.74,37.36,24.44,6.2
8252,505,12.370000000000001,5,1066.1,87.27,51.61,50.7,4.829999999999999
8253,484,7.68,4,621.8,82.93,29.03,18.900000000000002,4.92
8254,772,13.88,9,1214.0,154.13,58.71,38.86,10.11
8255,828,24.56,5,1522.2,111.59,98.7,71.62,6.44
8256,652,13.16,7,1155.4,118.65,55.36,49.459999999999994,9.43
8257,651,16.16,5,1118.0,108.64999999999999,56.05,46.489999999999995,3.41
8258,563,11.05,5,842.6,125.93,33.05,20.43,6.25
8259,387,9.57,6,670.65,79.59,35.43,20.86,3.91
826,431,10.379999999999999,4,765.08,100.94999999999999,28.23,27.930000000000003,8.370000000000001
8260,450,9.3,5,887.5,85.15,45.87,40.04,7.79
8261,547,14.96,6,748.7,69.41,42.1,32.41,9.81
8262,330,8.76,4,439.7,56.27,27.200000000000003,11.360000000000001,4.65
8263,646,15.18,5,967.1,96.28,57.519999999999996,37.75,8.02
8264,328,9.07,7,567.5,48.09,35.39,25.6,5.3999999999999995
8265,627,12.9,8,953.4,112.68,47.46,34.1,10.14
8266,462,7.03,4,840.9,94.21000000000001,38.519999999999996,33.96,6.48
8267,509,12.0,6,766.3,87.66,39.010000000000005,28.04,6.6899999999999995
8268,450,11.56,6,659.1,66.31,37.23,26.79,6.25
8269,489,11.23,5,734.4,99.37,33.42,21.16,7.890000000000001
827,464,8.92,4,657.16,84.91,31.39,22.47,8.68
8270,587,10.97,4,1014.0,111.58000000000001,52.68,38.8,8.81
8271,438,11.03,3,728.2,101.35,31.32,20.59,7.27
8272,525,12.940000000000001,4,783.3,78.91,51.38,27.759999999999998,4.81
8273,194,5.21,4,297.9,25.5,17.04,14.360000000000001,3.25
8274,395,13.91,4,899.5,61.09,51.65,48.08,8.879999999999999
8275,260,6.14,4,351.4,47.64,17.36,9.540000000000001,4.15
8276,828,26.6,5,1895.85,165.99,104.9,86.04,12.68
8277,684,8.71,7,914.21,114.65,51.44,27.57,3.73
8278,316,11.31,7,442.27,32.65,37.8,18.56,4.39
8279,436,18.59,9,755.17,27.13,76.02,40.06,8.26
828,321,12.08,4,544.8,52.1,28.4,26.330000000000002,5.76
8280,402,10.76,7,492.25,60.99,31.84,14.53,5.51
8281,379,13.809999999999999,5,630.87,62.95,45.81,21.29,3.1799999999999997
8282,406,8.200000000000001,4,538.2,70.95,25.08,16.8,5.07
8283,472,11.65,4,727.0,80.98,33.33,29.639999999999997,7.24
8284,590,14.63,9,764.75,85.59,54.47,24.279999999999998,6.71
8285,463,12.84,4,647.22,76.55000000000001,48.64,16.55,4.89
8286,246,2.56,2,305.2,36.96,14.379999999999999,10.520000000000001,3.32
8287,602,12.120000000000001,5,916.4000000000001,133.32,47.7,21.42,6.95
8288,554,12.7,5,754.5999999999999,112.49000000000001,37.97,17.07,5.8500000000000005
8289,461,6.94,3,716.9,126.88999999999999,22.65,12.25,4.02
829,435,14.81,6,512.63,57.41,25.85,21.58,8.73
8290,618,20.23,4,623.2,40.23,51.620000000000005,31.09,11.9
8291,517,14.18,4,679.62,89.88,40.32,20.91,9.51
8292,552,11.08,6,760.5,110.33,40.18,17.46,6.140000000000001
8293,506,14.5,6,656.26,91.71000000000001,42.3,13.81,5.13
8294,388,7.1499999999999995,4,500.94,48.53,35.15,18.85,3.8600000000000003
8295,460,13.87,8,568.45,65.49000000000001,38.58,19.1,6.32
8296,552,8.99,5,908.7,128.32,35.06,27.16,6.79
8297,233,7.22,6,373.3,37.97,24.13,15.200000000000001,4.21
8298,466,7.890000000000001,5,687.0,85.35,30.200000000000003,23.94,6.5200000000000005
8299,326,10.7,5,421.85,47.81,31.79,13.72,5.33
830,449,10.700000000000001,4,831.3,87.55,44.91,34.95,8.49
8300,563,16.98,9,765.13,58.89,63.769999999999996,31.47,5.32
8301,628,19.240000000000002,10,851.51,77.56,62.98,34.72,9.63
8302,544,15.55,9,820.9,78.37,54.32,33.440000000000005,7.66
8303,562,12.48,4,879.4,114.88,41.46,27.659999999999997,8.17
8304,361,8.52,4,476.63,64.72999999999999,31.82,10.5,5.44
8305,820,21.27,5,1275.71,165.07,78.91,34.32,12.530000000000001
8306,375,8.28,6,496.53,55.13,31.77,17.81,5.8100000000000005
8307,492,11.59,6,599.74,54.21000000000001,44.790000000000006,23.12,5.26
8308,456,7.7700000000000005,6,473.0,77.19,21.060000000000002,9.27,6.1
8309,637,10.33,4,997.52,93.41999999999999,53.81,44.099999999999994,5.279999999999999
831,475,9.88,4,741.29,109.64,25.490000000000002,22.22,11.56
8310,806,17.119999999999997,7,1164.85,145.41,66.71000000000001,35.69,10.95
8311,467,11.87,6,559.54,57.730000000000004,39.9,18.99,4.49
8312,378,6.26,6,492.98,65.28,28.78,13.27,3.25
8313,617,9.92,4,927.4000000000001,126.42,37.2,28.91,8.120000000000001
8314,377,11.85,4,756.4,61.620000000000005,46.78,35.92,4.67
8315,429,7.95,4,679.6500000000001,109.00999999999999,27.51,14.56,5.25
8316,615,12.55,6,939.3199999999999,129.23,46.72,27.689999999999998,9.18
8317,545,11.99,5,559.3299999999999,64.16,44.57,13.81,4.04
8318,332,9.02,5,366.75,43.519999999999996,27.2,9.0,3.39
8319,559,10.25,6,788.26,75.43,50.78,30.54,5.06
832,326,8.5,4,570.0,70.42,24.029999999999998,21.82,9.020000000000001
8320,535,11.139999999999999,4,934.5,149.41000000000003,32.82,23.49,9.209999999999999
8321,668,10.799999999999999,8,692.9200000000001,103.61,27.77,18.6,9.39
8322,576,15.940000000000001,4,892.6500000000001,125.91,47.5,24.740000000000002,8.24
8323,496,12.59,4,913.1,126.89000000000001,39.0,28.400000000000002,6.96
8324,668,12.260000000000002,5,1142.82,140.01999999999998,49.2,42.46,7.8
8325,476,11.719999999999999,7,665.6800000000001,67.66,48.11,22.720000000000002,6.04
8326,524,11.26,5,863.15,79.71,51.57,38.01,6.56
8327,647,11.85,6,854.27,116.84,45.31,21.94,7.21
8328,505,10.6,4,894.95,129.17000000000002,37.21,25.75,6.05
8329,525,10.09,3,636.75,89.14,43.54,10.42,3.79
833,311,7.78,5,689.41,67.82,33.03,30.75,5.17
8330,532,13.36,7,734.8,102.47,41.87,18.830000000000002,6.800000000000001
8331,672,12.86,5,910.03,87.02,67.9,31.88,5.14
8332,417,10.0,6,596.75,81.21000000000001,32.89,15.91,4.62
8333,490,11.12,6,721.26,82.27000000000001,49.15,22.29,5.53
8334,455,10.76,6,596.45,71.65,35.61,19.18,6.09
8335,455,8.23,5,472.9,73.06,23.560000000000002,9.77,4.54
8336,586,10.68,7,855.7,104.1,46.86,27.75,6.65
8337,754,15.48,5,1035.3,135.31,52.879999999999995,31.7,10.440000000000001
8338,794,14.030000000000001,4,1068.8,165.56,50.769999999999996,22.68,8.03
8339,706,11.28,8,811.95,112.19,41.93,21.419999999999998,8.620000000000001
834,417,10.61,4,688.73,83.72999999999999,32.519999999999996,26.150000000000002,6.220000000000001
8340,662,16.51,6,992.87,110.97,64.82,31.88,8.0
8341,1047,23.919999999999998,7,1609.98,208.13,78.11,53.589999999999996,13.530000000000001
8342,408,9.74,7,517.2,53.949999999999996,35.35,18.46,4.19
8343,235,5.77,5,338.2,11.030000000000001,29.1,20.07,2.8
8344,673,16.54,6,959.33,79.82,76.58,37.83,8.62
8345,510,7.5,4,794.04,138.79,24.83,15.409999999999998,6.94
8346,525,9.92,4,716.46,81.25,41.15,25.64,6.0
8347,659,15.399999999999999,5,903.71,93.63000000000001,61.940000000000005,32.35,6.47
8348,482,9.34,5,583.3,65.05,27.759999999999998,22.61,6.79
8349,553,8.48,4,835.0,144.12,26.26,17.26,8.22
835,247,5.2,4,422.26,47.56,24.560000000000002,15.010000000000002,3.55
8350,295,6.49,6,421.0,57.790000000000006,21.9,12.3,3.87
8351,251,7.35,7,358.46000000000004,35.61,19.98,15.540000000000001,3.93
8352,406,8.76,5,511.79999999999995,70.16,28.16,13.91,5.3
8353,499,8.18,6,677.59,74.21000000000001,43.07,23.46,3.77
8354,826,15.59,7,1188.1100000000001,151.6,68.01,34.08,7.76
8355,303,6.34,7,522.4200000000001,47.64,29.77,24.200000000000003,3.95
8356,546,17.79,7,745.45,76.72,50.98,28.68,10.190000000000001
8357,381,10.65,6,539.0,73.36,28.16,16.490000000000002,6.720000000000001
8358,695,12.1,6,876.6800000000001,103.87,54.400000000000006,27.66,6.09
8359,648,10.29,9,937.0,118.11000000000001,45.6,30.79,6.87
836,492,10.03,6,870.3,107.17,42.82,30.37,5.91
8360,487,10.85,6,634.64,45.83,52.18,27.18,2.43
8361,432,18.779999999999998,5,549.09,53.29,53.290000000000006,15.030000000000001,4.17
8362,450,8.48,4,692.6800000000001,81.64999999999999,34.81,24.61,5.97
8363,635,14.28,6,834.87,114.47,43.720000000000006,24.75,8.379999999999999
8364,435,7.6,6,714.0699999999999,116.31,25.21,16.65,5.88
8365,585,15.13,5,869.9,106.74000000000001,48.24,28.36,8.530000000000001
8366,612,8.98,7,687.74,123.31,25.46,11.33,9.4
8367,545,10.0,5,741.64,96.25999999999999,29.009999999999998,26.179999999999996,8.02
8368,433,8.56,7,603.78,77.71,32.11,17.7,5.02
8369,550,13.95,5,562.28,81.85,36.64,10.12,7.58
837,600,8.65,5,1067.95,130.36,46.64,36.870000000000005,7.47
8370,620,10.4,6,782.35,85.85,47.370000000000005,27.619999999999997,6.38
8371,355,8.83,5,403.2,56.77,23.9,10.82,5.550000000000001
8372,376,8.75,4,611.3,80.97999999999999,32.08,18.11,5.199999999999999
8373,567,6.34,4,661.8,72.44,37.14,24.6,5.44
8374,369,10.92,8,575.0,58.2,35.47,22.560000000000002,4.83
8375,481,12.11,6,596.35,68.59,46.93,14.620000000000001,2.46
8376,404,7.85,5,679.4,86.81,29.22,23.58,6.56
8377,587,10.11,6,870.4399999999999,69.33999999999999,56.41,40.8,4.5600000000000005
8378,481,8.64,6,679.59,62.44,38.85,30.48,5.33
8379,519,11.15,7,708.71,81.93,41.17,25.45,7.29
838,766,16.84,5,1322.66,124.44,68.13,61.45,16.3
8380,386,9.01,6,562.9,78.68,24.82,17.44,6.45
8381,441,10.57,8,501.71,68.49,29.45,13.629999999999999,5.59
8382,374,7.0200000000000005,6,474.1,61.57,22.17,14.68,4.09
8383,523,16.88,9,888.6500000000001,89.88,53.28,34.32,5.9
8384,772,13.43,7,1147.18,159.78,52.99,32.78,8.09
8385,376,12.85,7,611.63,49.95,43.56,27.33,6.41
8386,727,11.7,6,872.34,100.55000000000001,50.489999999999995,30.43,7.54
8387,438,10.99,4,637.06,76.78,38.75,18.56,5.6899999999999995
8388,918,12.540000000000001,6,1380.63,188.67,65.2,40.67,7.8999999999999995
8389,711,20.580000000000002,6,1014.59,106.32000000000001,70.56,35.39,6.73
839,400,11.14,5,849.38,85.93,44.36,36.53,9.17
8390,690,12.700000000000001,9,943.5799999999999,100.27,57.27,35.65,7.74
8391,658,13.760000000000002,6,1071.35,145.66,48.099999999999994,33.82,10.75
8392,527,7.53,4,635.4399999999999,66.14,37.83,25.97,7.33
8393,467,10.719999999999999,8,610.1800000000001,78.06,34.28,17.22,4.890000000000001
8394,261,5.79,6,332.4,37.05,17.4,13.12,5.0
8395,535,8.23,7,783.4,103.27,35.72,25.68,5.83
8396,560,15.66,6,849.44,60.9,66.96,39.33,6.99
8397,304,9.25,8,480.7,46.4,30.11,19.95,5.1
8398,793,22.09,5,983.54,145.01,62.34,17.97,9.600000000000001
8399,378,9.2,6,468.0,55.4,28.67,14.38,3.61
840,440,8.93,6,756.1800000000001,79.46000000000001,40.61,30.99,6.4
8400,410,9.78,7,608.41,86.68,28.61,17.81,7.13
8401,650,12.08,6,907.19,87.42,54.400000000000006,37.43,6.71
8402,529,12.22,6,740.38,102.19,41.98,19.28,5.2700000000000005
8403,420,13.19,7,590.48,69.03999999999999,42.629999999999995,17.2,4.86
8404,484,7.75,3,703.2,95.17,27.65,23.67,9.3
8405,410,9.55,5,560.8,65.34,31.03,19.75,6.3
8406,439,7.76,6,629.48,61.14,35.69,26.68,5.1
8407,699,16.2,7,976.44,118.38,50.25,35.04,9.77
8408,569,14.23,4,866.2,105.57,45.66,27.33,6.78
8409,432,10.16,6,708.3,92.83,35.5,21.23,5.2
841,538,11.24,7,923.16,111.11,46.6,33.1,8.4
8410,411,12.98,8,562.3299999999999,54.08,44.489999999999995,18.38,5.2700000000000005
8411,334,9.47,6,449.42,16.330000000000002,38.64,26.6,3.25
8412,430,11.07,7,538.95,51.760000000000005,43.72,17.19,3.37
8413,331,8.870000000000001,7,453.6,45.11,28.52,17.5,3.9299999999999997
8414,414,9.120000000000001,6,631.22,85.62,29.63,18.35,4.93
8415,447,11.65,7,625.09,76.39,35.82,20.51,7.47
8416,405,5.72,4,543.7,76.72,26.21,14.5,5.83
8417,417,5.8,4,459.79999999999995,81.1,14.58,9.72,7.63
8418,686,21.41,11,1011.9,83.05,79.6,38.96,6.94
8419,571,16.259999999999998,9,849.06,70.83,60.78,34.84,5.7
842,421,7.8100000000000005,2,697.3,89.72,32.99,23.39,2.4299999999999997
8420,560,14.24,8,886.35,94.65,43.5,36.089999999999996,7.46
8421,413,12.26,5,471.03,43.050000000000004,45.43,13.290000000000001,2.14
8422,853,21.35,7,1418.29,138.06,75.15,61.89,12.37
8423,457,19.43,7,650.45,40.54,54.3,30.049999999999997,6.76
8424,308,7.5,6,425.05,44.07,26.650000000000002,14.91,4.56
8425,422,9.05,5,620.0,71.65,35.41,21.96,6.65
8426,495,7.59,4,775.9200000000001,75.03999999999999,39.05,34.92,6.02
8427,698,8.360000000000001,4,1044.94,130.99,50.89,31.75,4.29
8428,376,10.01,5,611.5,58.58,34.7,25.25,6.3
8429,454,15.16,6,657.72,56.62,54.5,24.240000000000002,6.38
843,426,5.75,4,706.1,95.32,28.279999999999998,22.46,10.14
8430,460,9.41,7,679.64,92.2,32.07,19.84,5.99
8431,562,13.89,6,730.06,79.13,50.540000000000006,24.11,6.67
8432,678,18.32,6,987.39,80.86,79.38,36.26,4.0
8433,583,8.24,5,819.2,113.75,30.49,26.41,8.51
8434,477,9.22,7,608.36,91.75,29.39,13.58,6.78
8435,464,14.379999999999999,9,619.03,52.769999999999996,46.7,24.06,8.71
8436,528,10.07,7,729.76,95.21,36.15,21.36,6.53
8437,637,17.12,4,865.15,99.51,57.5,26.490000000000002,9.01
8438,243,5.9,6,329.72,36.57,16.7,13.66,4.57
8439,492,8.54,5,701.2,88.62,31.55,24.01,6.75
844,664,12.469999999999999,6,1238.5,141.67000000000002,60.95,46.910000000000004,15.66
8440,385,7.29,7,608.15,79.85,26.830000000000002,18.38,5.0600000000000005
8441,417,9.94,4,604.1,80.7,31.09,19.17,6.39
8442,574,9.41,4,869.11,136.45,38.04,17.88,5.71
8443,252,7.0600000000000005,3,428.8,48.04,22.19,15.330000000000002,5.75
8444,371,9.5,8,546.3,63.879999999999995,31.72,18.87,5.65
8445,342,8.36,4,426.79999999999995,34.87,32.38,17.85,6.05
8446,450,5.04,3,562.1,83.98,22.53,14.93,7.22
8447,400,10.64,6,685.48,86.03,35.19,20.720000000000002,5.77
8448,1009,23.49,7,1773.8,210.21,85.0,61.980000000000004,12.27
8449,303,6.68,4,410.46,49.9,24.18,13.38,5.6
845,485,9.85,4,781.98,107.75,31.22,25.79,6.890000000000001
8450,469,8.37,7,731.6800000000001,90.69,35.42,24.8,5.45
8451,968,15.879999999999999,7,1319.82,195.44,57.26,33.43,12.59
8452,444,10.31,5,673.1800000000001,61.26,34.45,31.490000000000002,7.49
8453,320,7.109999999999999,7,539.63,68.03,27.92,16.99,3.6799999999999997
8454,325,7.57,6,444.89,52.09,24.96,14.61,4.62
8455,694,11.36,5,976.5,150.07999999999998,42.75,22.77,9.16
8456,622,9.85,6,916.62,119.4,43.24,26.400000000000002,6.630000000000001
8457,419,9.04,6,642.9,85.12,32.17,18.82,6.25
8458,372,7.51,6,530.7,54.89,33.39,19.28,3.78
8459,583,15.459999999999999,5,1028.9,102.28,57.87,38.690000000000005,5.62
846,397,9.14,5,738.3,83.35,36.89,28.67,8.75
8460,701,11.0,3,1067.4499999999998,122.56,44.260000000000005,42.529999999999994,8.56
8461,512,12.35,7,827.8,90.53999999999999,46.58,29.54,8.19
8462,584,18.88,5,852.2,94.63,56.01,27.17,8.53
8463,649,13.63,5,960.8,123.16,46.92,28.79,9.46
8464,670,11.45,6,1065.7,145.77,43.75,30.799999999999997,7.55
8465,362,5.89,4,589.0,77.21000000000001,23.96,18.68,4.57
8466,471,9.61,5,737.0799999999999,104.55000000000001,31.21,20.3,7.39
8467,534,8.2,5,739.7,100.28,32.65,21.47,7.84
8468,383,13.23,4,598.3,67.07,38.93,18.0,3.5500000000000003
8469,446,8.11,4,651.6800000000001,76.44999999999999,28.02,25.76,7.96
847,723,13.9,6,1274.26,137.76999999999998,67.38,51.86,10.969999999999999
8470,457,9.29,7,682.3000000000001,102.28,30.83,16.69,6.47
8471,446,9.7,4,629.6,89.75,28.810000000000002,17.11,8.41
8472,303,6.609999999999999,4,441.4,61.129999999999995,20.15,12.68,6.2
8473,662,18.6,9,1053.6,102.41,64.6,42.41,10.58
8474,447,9.91,7,759.03,66.89,44.53,34.25,4.79
8475,470,8.59,5,664.14,106.1,26.189999999999998,14.91,6.6000000000000005
8476,649,12.120000000000001,4,875.05,111.76,42.31,24.81,8.21
8477,385,6.45,4,619.5,81.72,25.41,19.5,5.28
8478,256,5.53,8,363.69,36.06,22.76,13.87,2.48
8479,579,9.139999999999999,6,741.55,102.04,31.86,22.88,9.62
848,565,10.100000000000001,6,974.8,127.99,45.1,31.76,4.83
8480,536,12.65,5,803.5,110.31,38.49,21.99,8.8
8481,468,3.9499999999999997,2,587.3,85.13,23.82,15.54,5.25
8482,375,9.57,6,577.3,58.28,32.5,22.43,6.99
8483,453,6.44,6,633.04,69.49000000000001,35.739999999999995,23.97,4.13
8484,530,11.55,5,722.8,90.7,38.510000000000005,23.799999999999997,10.290000000000001
8485,655,13.48,4,904.2,114.78,45.93,27.84,9.47
8486,434,11.49,6,670.38,62.2,37.44,29.400000000000002,7.760000000000001
8487,410,8.43,6,561.98,73.19,28.6,17.13,4.95
8488,723,10.28,4,872.02,126.25999999999999,34.98,26.32,14.32
8489,519,8.24,5,698.15,96.56,31.189999999999998,19.21,7.1499999999999995
849,441,11.3,5,616.7,75.72,31.8,21.849999999999998,7.88
8490,455,11.459999999999999,5,650.8,83.72999999999999,33.79,18.71,6.23
8491,314,9.34,7,440.94,43.94,27.67,17.740000000000002,5.51
8492,511,10.5,5,750.7,89.44,38.55,26.98,8.870000000000001
8493,685,16.12,6,1072.3600000000001,128.85000000000002,55.51,33.86,6.88
8494,519,5.9,4,653.96,70.15,34.75,26.23,5.38
8495,300,7.300000000000001,5,459.53,54.059999999999995,24.31,16.93,4.88
8496,464,8.37,7,714.3199999999999,70.74000000000001,38.74,29.310000000000002,6.12
8497,405,12.879999999999999,2,573.7,71.25999999999999,39.96,17.03,5.3999999999999995
8498,657,11.12,5,993.5,133.1,47.46,27.35,7.01
8499,594,10.64,8,917.04,102.16,48.129999999999995,32.98,7.34
850,544,11.15,4,834.3399999999999,110.67,34.28,29.32,8.64
8500,238,3.64,3,379.70000000000005,58.29,14.89,7.99,2.36
8501,335,7.55,5,525.54,65.96,27.93,17.12,3.82
8502,428,8.74,5,588.66,77.99000000000001,25.16,19.869999999999997,7.970000000000001
8503,491,12.09,8,667.98,83.84,35.7,22.14,6.94
8504,550,6.21,4,618.0,99.81,23.75,13.330000000000002,8.02
8505,767,8.870000000000001,5,1010.3000000000001,151.34,37.75,27.45,10.969999999999999
8506,614,14.33,7,966.9,119.80000000000001,51.58,29.130000000000003,8.870000000000001
8507,332,7.92,4,390.25,53.77,23.089999999999996,10.76,4.54
8508,377,9.35,4,724.3,72.47,36.62,31.47,5.83
8509,371,6.98,5,483.43,57.31,21.59,17.720000000000002,5.36
851,461,9.6,4,1006.2,94.89,57.26,42.86,6.62
8510,711,14.469999999999999,5,786.1700000000001,123.3,33.54,18.74,13.03
8511,456,12.8,6,627.34,70.42,38.62,22.509999999999998,7.08
8512,483,11.15,5,784.9,99.75999999999999,40.64,23.01,7.5600000000000005
8513,467,7.5200000000000005,6,581.9,79.0,24.07,17.73,6.74
8514,423,8.8,5,624.3,84.94,27.990000000000002,18.84,7.3
8515,578,13.469999999999999,6,910.0,118.09,47.55,25.42,7.74
8516,378,7.760000000000001,4,558.96,68.77,25.58,19.439999999999998,5.75
8517,331,8.91,6,386.95,51.17,23.71,11.05,6.38
8518,384,13.520000000000001,5,618.2,32.3,48.760000000000005,33.53,8.96
8519,201,0.44,1,261.3,56.68,5.43,0.6,0.8
852,506,10.91,5,780.5,101.69,36.35,26.5,11.25
8520,543,11.89,6,718.8,82.04,38.370000000000005,26.05,7.83
8521,577,13.07,5,699.05,97.76,34.019999999999996,18.53,9.03
8522,1011,18.73,6,1291.06,188.91,61.89,30.47,10.77
8523,577,13.08,5,868.1,121.85999999999999,43.15,21.61,7.92
8524,399,8.39,6,508.85,58.28,25.63,18.740000000000002,6.37
8525,561,15.01,5,686.2,95.58000000000001,38.81,16.75,6.65
8526,488,9.86,6,614.14,84.15,29.490000000000002,17.62,7.79
8527,532,6.74,2,859.6,138.54000000000002,31.58,15.18,2.9699999999999998
8528,798,20.22,5,1308.3,137.23,74.51,47.41,7.0600000000000005
8529,748,20.15,8,941.4,110.88,53.120000000000005,31.28,11.26
853,594,14.01,5,1157.24,123.30000000000001,61.849999999999994,46.73,6.85
8530,320,4.75,4,291.76,55.89,9.879999999999999,3.5900000000000003,5.1
8531,284,5.93,7,405.4,45.44,19.8,15.32,5.14
8532,508,9.65,4,648.5,82.15,28.61,21.85,7.91
8533,333,7.32,4,536.2,53.519999999999996,29.55,23.62,7.02
8534,386,9.0,6,542.28,48.21,28.669999999999998,25.349999999999998,6.69
8535,364,12.49,6,523.8,59.379999999999995,35.86,16.27,5.2
8536,340,16.44,4,557.3,32.11,47.1,27.64,6.13
8537,285,5.36,4,474.4,65.65,21.21,11.93,2.2
8538,477,8.99,3,672.0,97.91999999999999,29.4,14.51,4.95
8539,526,12.24,4,827.9,102.38,42.49,26.22,5.76
854,501,12.77,6,749.2,95.72999999999999,34.36,26.37,8.16
8540,552,17.95,6,736.54,81.03,53.56,20.83,4.71
8541,500,13.09,5,723.3,93.85,39.08,21.36,8.73
8542,357,10.93,5,495.52,48.06,28.16,20.8,5.63
8543,664,8.8,4,863.1,132.29,30.97,22.37,9.36
8544,535,19.67,6,813.0,72.73,55.02,31.25,9.46
8545,640,11.790000000000001,6,898.22,126.36,37.71,25.86,8.92
8546,715,8.3,8,745.56,143.29,21.14,8.4,6.04
8547,398,10.079999999999998,4,573.1,77.25,19.8,20.759999999999998,7.85
8548,407,18.2,3,520.14,30.15,27.77,30.54,6.03
8549,559,12.8,4,806.8,115.72,25.380000000000003,27.669999999999998,11.67
855,389,6.14,4,657.5,81.52000000000001,27.82,23.43,7.61
8550,270,10.17,4,539.9,42.239999999999995,28.620000000000005,27.81,5.63
8551,531,15.469999999999999,4,760.5,70.91,39.64,32.21,5.29
8552,357,5.58,3,414.3,75.88,11.93,7.17,5.2700000000000005
8553,312,8.64,4,501.92,56.8,31.06,15.15,4.8100000000000005
8554,603,18.69,5,951.5,94.69,42.91,42.15,6.970000000000001
8555,359,5.98,3,486.15,72.08,22.09,11.26,3.88
8556,230,7.58,6,283.46000000000004,25.349999999999998,16.509999999999998,12.47,3.6900000000000004
8557,576,10.52,3,935.4000000000001,124.98,38.43,32.0,9.65
8558,386,7.72,4,643.77,73.09,33.79,21.89,2.12
8559,413,9.67,6,661.5,77.71,28.3,26.16,7.76
856,602,10.42,4,1222.6,133.73000000000002,60.91,46.61000000000001,12.97
8560,562,12.43,7,780.65,102.66,29.47,26.720000000000002,6.77
8561,651,10.86,6,691.95,112.7,24.92,15.020000000000001,7.37
8562,460,13.21,8,683.05,66.49,34.9,28.88,4.19
8563,634,11.629999999999999,7,736.23,128.19,21.03,17.44,11.91
8564,344,8.85,9,488.5,57.33,25.43,17.02,4.88
8565,472,15.819999999999999,10,801.3,80.11,39.519999999999996,35.77,8.799999999999999
8566,334,6.75,7,474.65,69.89999999999999,19.13,13.08,5.4
8567,394,8.09,7,490.98,72.0,18.11,14.950000000000001,5.97
8568,309,7.8,10,385.39,42.29,20.22,14.52,3.59
8569,568,12.34,6,698.25,93.95,25.21,24.16,7.01
857,625,16.41,7,1146.61,127.62,56.48,47.43,10.98
8570,558,13.29,8,827.47,76.94,43.58,38.05,7.02
8571,597,15.75,4,869.8,75.7,56.730000000000004,35.120000000000005,3.9000000000000004
8572,436,11.209999999999999,5,717.7,71.25,41.55,26.76,4.14
8573,473,10.14,4,814.3,102.22,33.9,28.27,7.040000000000001
8574,204,12.81,2,510.0,10.2,36.8,33.0,0.8
8575,441,9.09,5,635.9399999999999,80.48,23.36,24.78,5.68
8576,524,12.58,5,877.8,100.56,41.08,33.88,9.299999999999999
8577,485,9.69,5,603.5,69.33,28.79,22.41,5.67
8578,538,25.83,4,987.13,26.09,79.02,60.1,4.33
8579,493,10.42,5,659.35,75.59,34.1,21.71,3.44
858,428,8.84,10,723.99,81.8,36.730000000000004,28.38,6.69
8580,592,12.42,5,761.22,99.92999999999999,31.72,25.32,9.45
8581,311,7.5600000000000005,6,528.86,58.370000000000005,26.82,20.26,5.73
8582,478,7.89,4,567.4,94.39,15.84,14.88,9.36
8583,365,6.8100000000000005,3,600.5,86.24,20.009999999999998,19.11,7.220000000000001
8584,468,10.68,4,736.15,87.28,32.36,27.26,5.89
8585,513,9.23,5,751.0,102.97999999999999,35.25,21.62,7.03
8586,618,12.3,5,908.8,126.69999999999999,35.53,30.06,11.33
8587,508,10.27,6,839.19,94.24000000000001,40.97,32.27,7.3
8588,419,10.04,5,613.38,81.32,21.13,22.13,6.94
8589,858,18.9,6,1282.1,155.95,51.870000000000005,48.59,10.620000000000001
859,316,9.48,3,490.76,47.67,26.700000000000003,23.509999999999998,7.38
8590,600,11.67,5,814.08,105.57,33.13,27.450000000000003,5.75
8591,1351,28.599999999999998,7,2233.3,285.88,105.57,70.13,17.74
8592,427,9.28,5,654.9,75.33000000000001,35.300000000000004,23.68,6.78
8593,435,10.91,8,679.05,80.53999999999999,36.5,22.94,6.11
8594,270,7.35,3,324.65,31.700000000000003,15.31,15.64,6.289999999999999
8595,402,10.0,5,654.0,73.56,38.47,20.87,4.81
8596,539,15.46,7,806.78,77.66,46.43,34.83,10.77
8597,845,17.68,8,1128.3,156.64,52.72,32.35,12.76
8598,550,11.190000000000001,5,807.3,119.59,26.55,23.95,7.8100000000000005
8599,526,9.83,4,878.5999999999999,118.99000000000001,34.21,27.86,7.14
860,331,6.790000000000001,4,359.9,62.14999999999999,12.81,6.64,7.22
8600,492,11.59,3,749.02,63.900000000000006,39.1,35.82,2.29
8601,352,5.97,4,485.6,78.25,16.77,12.26,7.52
8602,413,8.33,6,611.34,77.82000000000001,31.84,18.12,3.3
8603,570,10.55,3,940.2,121.52,43.51,26.71,3.29
8604,562,10.34,6,683.87,101.51,26.48,18.78,5.96
8605,865,18.42,9,1139.32,160.34,53.09,30.35,14.01
8606,383,7.67,7,602.65,72.73,27.85,21.61,6.03
8607,437,7.27,4,389.75,65.0,13.56,7.359999999999999,4.1
8608,768,12.73,5,1154.7,161.73,49.0,33.980000000000004,10.02
8609,394,12.68,6,588.45,50.08,29.25,29.05,3.99
861,608,11.17,6,939.3299999999999,129.83,44.900000000000006,25.650000000000002,7.220000000000001
8610,553,11.58,6,690.21,78.75999999999999,38.79,22.29,4.69
8611,428,12.55,6,650.7,54.59,36.54,29.97,5.64
8612,371,11.31,8,580.4,55.07,36.85,23.009999999999998,4.92
8613,419,9.01,6,645.11,82.16,26.83,21.939999999999998,5.9799999999999995
8614,512,9.1,4,562.3,80.39,26.5,13.48,4.74
8615,437,7.390000000000001,4,692.1,88.71000000000001,31.34,22.03,5.909999999999999
8616,579,16.41,7,913.7,108.05,41.78,34.64,10.95
8617,393,9.040000000000001,5,576.65,77.58,19.82,20.580000000000002,5.49
8618,616,11.870000000000001,5,1041.1,131.88,42.22,36.64,8.83
8619,427,8.24,8,575.9300000000001,75.34,24.47,19.14,5.66
862,267,8.74,4,613.9,45.28,41.42,30.51,3.12
8620,699,15.09,5,1083.04,116.86,51.31,42.480000000000004,5.2700000000000005
8621,433,7.28,8,637.02,88.28999999999999,30.67,16.53,4.0
8622,468,7.59,6,713.2,106.33,28.849999999999998,18.75,6.33
8623,349,8.63,6,529.77,54.010000000000005,26.529999999999998,22.76,4.63
8624,429,10.89,6,695.04,67.77,45.79,24.62,2.23
8625,389,7.7,6,580.41,73.99000000000001,30.4,17.560000000000002,5.1899999999999995
8626,505,10.42,4,747.24,86.46,44.85000000000001,23.32,2.83
8627,314,7.0,4,494.0,51.35,25.36,20.03,5.65
8628,313,8.55,6,459.21,53.27,19.88,17.41,3.42
8629,302,7.82,8,399.82,46.93,22.15,12.8,4.03
863,374,8.74,5,737.2,74.82,42.79,30.490000000000002,3.95
8630,556,14.58,5,836.7,90.15,54.4,26.96,7.41
8631,471,9.82,5,727.37,101.62,26.3,23.43,8.399999999999999
8632,559,14.48,5,806.64,74.06,56.89,30.240000000000002,6.07
8633,537,10.969999999999999,8,645.25,73.83,36.19,21.3,4.08
8634,365,7.7,4,514.2,74.71000000000001,22.12,13.77,6.26
8635,378,5.37,4,488.70000000000005,78.47,18.28,9.43,2.3
8636,406,10.59,9,636.3,68.8,30.259999999999998,26.43,6.05
8637,497,11.02,6,648.27,74.57000000000001,33.78,23.47,5.890000000000001
8638,364,5.13,4,526.28,92.32,11.66,12.98,7.45
8639,349,9.92,6,562.94,55.45,31.17,21.89,3.74
864,1421,9.870000000000001,4,1998.6,356.25,61.25,32.34,10.32
8640,543,12.520000000000001,4,657.7,62.37,42.45,24.979999999999997,2.83
8641,545,12.48,5,703.65,73.93,38.35,25.28,4.15
8642,593,13.11,5,828.7,119.9,34.54,22.29,7.4799999999999995
8643,350,9.15,6,503.4,64.71,27.21,14.73,5.53
8644,365,7.03,3,607.1,76.80000000000001,28.55,17.76,2.2
8645,396,8.94,5,518.91,63.89,22.45,18.3,5.95
8646,384,9.850000000000001,5,483.7,69.28,23.8,12.37,5.88
8647,559,8.95,4,716.6,108.32,32.8,15.88,5.29
8648,535,8.93,6,673.95,108.28999999999999,24.72,16.04,8.56
8649,674,13.13,6,914.35,116.46000000000001,40.730000000000004,29.41,7.01
865,424,12.049999999999999,10,715.36,71.94,39.03,30.3,7.7
8650,594,10.2,7,842.13,117.74000000000001,33.44,25.92,8.52
8651,861,23.14,6,1351.08,128.47,72.17,56.050000000000004,6.789999999999999
8652,567,11.81,6,861.63,103.41,38.21,30.730000000000004,5.89
8653,611,14.62,5,907.8,113.62,34.54,34.26,8.790000000000001
8654,393,11.51,4,556.4,71.07,23.41,19.29,5.04
8655,466,14.09,7,691.05,61.83,34.12,36.24,9.98
8656,534,10.61,4,713.1899999999999,90.66,34.06,20.62,3.8200000000000003
8657,485,11.22,4,791.13,79.27,51.949999999999996,27.900000000000002,3.84
8658,306,4.430000000000001,3,383.2,62.690000000000005,10.83,9.950000000000001,4.62
8659,388,7.8,4,533.0,60.14,30.05,17.4,2.2800000000000002
866,320,7.39,7,533.66,63.83,24.229999999999997,19.42,6.59
8660,893,15.83,10,1129.96,172.68,45.11,26.61,10.29
8661,295,7.47,5,415.42,49.6,21.36,13.51,2.6799999999999997
8662,262,10.53,3,413.0,28.799999999999997,19.310000000000002,24.59,5.46
8663,381,5.3,4,446.15000000000003,84.60000000000001,10.45,7.989999999999999,7.64
8664,529,14.5,9,793.44,79.06,41.32,32.71,6.63
8665,536,11.09,4,686.6,97.28,26.46,19.42,4.82
8666,409,9.909999999999998,5,561.5,70.18,20.18,22.369999999999997,6.72
8667,359,13.22,6,490.92,43.4,29.95,21.189999999999998,6.0600000000000005
8668,441,9.98,7,650.4000000000001,84.23,35.46,17.59,5.640000000000001
8669,393,12.6,7,574.55,57.62,31.32,23.07,4.55
867,360,9.57,4,718.8,69.33,41.93,30.8,7.930000000000001
8670,436,11.42,7,675.21,67.2,37.43,26.27,4.91
8671,322,8.2,8,439.61,42.589999999999996,22.46,19.53,3.63
8672,723,22.060000000000002,5,1154.15,91.63,75.69,48.19,4.85
8673,639,16.86,7,960.7,104.49000000000001,50.01,36.39,5.01
8674,456,11.97,7,744.73,90.41,34.05,26.07,6.26
8675,428,9.43,5,643.41,71.75,39.25,20.92,4.21
8676,583,10.419999999999998,4,810.0,114.25,33.269999999999996,21.56,5.51
8677,312,9.299999999999999,5,499.75,46.099999999999994,27.43,20.94,3.05
8678,401,10.44,6,621.11,82.49,21.11,23.14,7.199999999999999
8679,375,13.01,4,630.7,50.169999999999995,44.620000000000005,24.919999999999998,3.05
868,359,12.86,5,744.4,37.18,50.050000000000004,45.449999999999996,6.859999999999999
8680,234,7.1899999999999995,4,361.3,36.18,15.399999999999999,17.54,5.92
8681,352,6.1,6,385.27,62.92,14.72,8.05,5.01
8682,401,10.41,7,662.4,65.55000000000001,34.67,26.68,3.66
8683,445,11.21,4,463.85,57.45,24.09,14.43,4.18
8684,361,8.2,6,492.84000000000003,58.72,22.42,17.830000000000002,4.76
8685,377,9.07,4,538.95,58.83,27.87,18.95,2.56
8686,312,7.29,6,466.25,56.16,22.619999999999997,15.56,2.9000000000000004
8687,379,10.57,7,594.29,54.15,35.73,23.3,2.4699999999999998
8688,374,8.42,3,537.6,78.3,27.0,11.84,3.42
8689,702,12.620000000000001,5,1037.3,139.92000000000002,46.48,31.64,9.600000000000001
869,255,4.3,6,436.34000000000003,57.02,21.2,13.360000000000001,5.27
8690,598,10.58,4,765.4599999999999,93.42,34.0,27.2,4.31
8691,447,6.35,4,506.99,89.97,15.959999999999999,7.57,4.37
8692,533,7.09,4,661.4000000000001,108.32000000000001,20.39,15.94,7.06
8693,447,13.09,6,683.36,69.08,44.07,23.14,5.18
8694,509,9.53,4,867.0,117.38,35.34,27.48,7.85
8695,381,7.109999999999999,8,584.4,84.55,21.97,17.33,6.46
8696,745,18.47,7,1157.02,142.25,48.93,41.61,10.229999999999999
8697,643,14.09,7,849.05,111.86,31.97,29.29,8.1
8698,532,8.24,7,609.0699999999999,94.80000000000001,23.4,13.04,4.62
8699,522,9.25,7,668.61,104.83,28.08,14.5,5.97
870,711,19.9,5,1435.9,137.01,83.02000000000001,63.61,7.51
8700,598,17.189999999999998,8,641.4,65.80000000000001,36.14,27.78,10.09
8701,232,9.61,7,409.95,23.16,29.09,21.33,3.3200000000000003
8702,615,10.34,7,708.45,105.79,25.73,19.3,7.45
8703,392,5.54,3,525.4,96.44,14.54,9.12,4.32
8704,284,6.05,8,308.12,42.099999999999994,12.2,9.959999999999999,4.12
8705,326,9.280000000000001,5,513.6,62.730000000000004,19.060000000000002,20.35,5.08
8706,516,12.67,7,641.04,80.59,25.1,23.349999999999998,7.220000000000001
8707,703,14.11,8,955.35,126.71,40.66,30.0,9.07
8708,304,6.63,7,384.02,56.33,14.05,11.41,5.45
8709,626,11.32,5,941.1800000000001,133.99,38.010000000000005,26.560000000000002,9.2
871,567,11.2,6,878.02,121.09,33.25,28.05,6.8100000000000005
8710,259,10.41,3,480.1,26.07,36.5,24.36,5.55
8711,409,7.39,4,713.5,90.25,30.52,24.98,7.199999999999999
8712,5,0.01,1,6.5,1.41,0.14,0.01,0.02
8713,339,7.59,7,528.65,57.69,31.790000000000003,18.1,3.39
8714,452,12.16,7,604.38,56.879999999999995,33.74,24.150000000000002,4.42
8715,347,9.33,7,500.86,47.95,26.81,20.95,4.49
8716,503,11.19,5,724.84,104.31,30.51,18.86,4.49
8717,185,2.9299999999999997,2,150.4,27.580000000000002,4.25,2.3600000000000003,1.3800000000000001
8718,282,5.36,2,448.5,48.870000000000005,27.86,14.53,0.66
8719,443,9.72,6,500.44,50.31999999999999,31.439999999999998,17.99,3.46
872,585,14.94,4,967.7,131.78,36.91,32.690000000000005,6.01
8720,611,14.27,10,965.29,116.98,43.72,32.910000000000004,5.390000000000001
8721,297,11.69,6,463.0,28.9,32.63,22.3,3.18
8722,842,21.69,9,1119.82,126.73,57.07,40.28,8.5
8723,401,11.57,8,659.7,58.379999999999995,39.73,28.07,4.08
8724,550,13.61,6,785.15,104.5,29.63,25.8,9.14
8725,682,12.92,5,936.55,119.38,44.57,27.29,4.93
8726,591,10.24,4,884.0,121.03,46.09,22.240000000000002,6.37
8727,363,7.92,3,541.2,54.7,35.61,18.73,1.82
8728,355,9.09,4,465.1,42.410000000000004,27.67,18.68,3.2399999999999998
8729,640,13.27,10,837.53,102.21000000000001,42.15,26.68,7.03
873,570,10.35,4,959.33,116.67,49.9,34.18,8.11
8730,463,9.83,6,613.37,69.95,28.77,22.85,5.9799999999999995
8731,317,11.85,5,488.5,39.349999999999994,28.42,22.97,3.25
8732,334,10.18,3,613.8000000000001,71.62,19.99,28.39,8.52
8733,536,14.71,5,837.4,75.03999999999999,48.01,34.11,4.359999999999999
8734,418,10.610000000000001,7,647.68,67.85,33.629999999999995,24.639999999999997,4.37
8735,639,14.57,5,964.35,109.8,46.72,34.76,7.54
8736,436,11.379999999999999,7,648.45,79.50999999999999,25.11,24.919999999999998,6.5600000000000005
8737,283,10.99,4,491.8,45.51,18.72,27.02,7.19
8738,248,7.33,3,314.1,21.68,22.41,15.63,2.6100000000000003
8739,619,6.99,4,687.76,134.21,18.36,6.35,5.85
874,325,5.3,4,541.92,71.1,27.68,15.97,3.78
8740,382,11.26,3,679.0,71.69,31.96,26.54,3.54
8741,370,8.45,7,494.1,54.019999999999996,27.14,17.1,3.0
8742,333,11.43,5,468.0,28.020000000000003,34.55,23.87,3.07
8743,443,5.02,5,483.41999999999996,95.85000000000001,12.9,5.16,4.35
8744,237,7.709999999999999,5,318.1,23.43,21.33,15.42,3.71
8745,512,15.72,5,654.8,63.97,37.16,25.84,5.8
8746,112,0.25,1,145.6,31.58,3.02,0.34,0.45
8747,294,8.27,4,450.29999999999995,40.879999999999995,25.8,18.22,1.96
8748,383,12.510000000000002,4,717.0,72.19,39.51,28.76,5.4399999999999995
8749,437,12.48,8,687.3,66.81,38.53,27.22,5.18
875,191,6.13,4,408.77,28.66,29.599999999999998,20.04,3.8600000000000003
8750,376,10.35,6,538.0,54.6,29.05,21.22,5.3100000000000005
8751,523,16.560000000000002,7,841.83,69.17999999999999,46.55,39.39,8.31
8752,331,9.6,8,388.07,34.5,24.400000000000002,16.38,4.08
8753,858,16.87,6,1263.65,180.92000000000002,53.31,37.230000000000004,14.85
8754,415,12.48,6,573.52,34.09,44.470000000000006,27.38,2.48
8755,427,8.58,5,630.8,81.07,26.259999999999998,20.96,4.7700000000000005
8756,422,12.19,4,622.86,82.72,25.33,20.79,4.930000000000001
8757,388,9.66,4,539.9,63.68,23.060000000000002,19.59,2.7800000000000002
8758,563,16.47,7,845.6,79.88,44.01,37.2,6.3999999999999995
8759,347,3.5,2,441.9,90.31,11.48,3.5199999999999996,2.8600000000000003
876,379,11.1,4,987.7,66.27,60.26,53.25,12.32
8760,542,13.27,6,644.74,93.39,23.9,18.22,6.77
8761,540,25.0,5,957.8,73.67999999999999,54.05,49.29,8.44
8762,320,4.36,3,367.25,61.03,12.42,6.960000000000001,2.07
8763,598,13.17,8,869.05,88.99,45.75,33.85,3.98
8764,449,9.16,5,590.0,90.19,20.68,15.200000000000001,5.16
8765,687,14.6,6,881.2,105.8,44.1,27.830000000000002,5.21
8766,727,10.67,4,882.95,127.13000000000001,42.84,21.19,4.2700000000000005
8767,235,10.26,4,389.5,17.54,30.5,20.33,2.04
8768,565,12.09,5,823.55,97.27,39.88,26.83,3.94
8769,395,8.38,8,519.09,65.35,25.61,16.44,3.6
877,583,7.75,3,800.9,134.41,26.38,17.509999999999998,5.720000000000001
8770,348,12.22,5,633.3,61.32,32.339999999999996,27.72,6.74
8771,136,2.07,3,193.7,34.769999999999996,4.71,4.41,2.6
8772,474,13.26,5,736.4499999999999,70.95,32.3,34.37,5.29
8773,495,12.209999999999999,9,717.3199999999999,77.14,36.63,27.490000000000002,6.51
8774,436,11.01,8,621.01,70.63,28.0,23.31,4.720000000000001
8775,348,10.81,4,528.85,52.33,25.34,22.29,3.29
8776,402,13.43,7,652.15,47.97,45.52,29.46,3.9299999999999997
8777,411,8.17,5,543.1,71.83,24.42,16.77,3.5500000000000003
8778,579,9.9,5,809.7,119.88,29.5,22.169999999999998,5.92
8779,501,5.54,4,509.75,98.19,12.36,7.6,5.58
878,437,11.1,5,782.9,94.03,35.95,29.23,5.12
8780,389,13.299999999999999,6,499.17,42.64,30.56,21.95,7.05
8781,591,10.93,6,910.4300000000001,116.8,36.57,32.74,9.37
8782,442,9.62,4,530.44,80.59,19.7,13.39,5.859999999999999
8783,686,11.02,6,861.84,124.35,38.92,20.3,4.109999999999999
8784,435,9.44,5,554.5,81.99,23.84,13.75,6.34
8785,373,9.36,7,580.6,58.01,30.14,24.74,7.0
8786,579,12.77,6,732.4,82.14,40.56,25.279999999999998,4.890000000000001
8787,188,1.5999999999999999,2,198.82,43.38,4.47,0.4,1.96
8788,391,14.31,4,634.65,36.65,40.769999999999996,34.15,6.4399999999999995
8789,449,11.370000000000001,6,629.03,78.5,24.43,22.67,5.15
879,691,11.49,4,1132.6999999999998,153.79000000000002,50.709999999999994,35.56,14.0
8790,382,10.889999999999999,5,545.7,65.47999999999999,25.16,19.11,5.4399999999999995
8791,537,12.780000000000001,9,955.22,95.28,55.269999999999996,38.58,7.42
8792,373,8.3,6,637.3,63.809999999999995,29.9,27.6,5.77
8793,596,13.66,6,1014.43,113.34,55.59,34.33,5.16
8794,560,10.620000000000001,4,1013.52,115.2,44.22,36.160000000000004,5.140000000000001
8795,345,12.31,7,515.95,46.72,34.23,22.53,4.18
8796,458,15.690000000000001,9,787.7,64.1,56.75,34.8,5.6
8797,426,12.83,8,662.46,71.69,41.28,24.9,5.3100000000000005
8798,373,13.38,7,739.63,54.37,50.24,36.76,5.25
8799,594,12.14,6,1006.3000000000001,118.75,51.13,35.440000000000005,8.53
880,421,10.49,5,765.4,84.85,38.5,31.88,6.3100000000000005
8800,351,4.94,4,465.16,73.06,16.1,12.57,4.12
8801,503,10.02,5,977.3,112.91,42.66,39.15,6.15
8802,494,13.4,5,929.28,92.13,43.26,41.18,7.1
8803,707,10.86,5,1154.6,157.68,47.1,35.38,8.96
8804,764,37.69,6,1778.52,59.010000000000005,143.94,111.04,8.600000000000001
8805,634,11.23,9,1012.53,139.04999999999998,43.4,29.78,6.75
8806,484,10.17,7,883.9300000000001,99.84,41.120000000000005,36.99,8.46
8807,559,10.78,6,981.32,119.23,44.56,37.01,10.07
8808,381,9.28,4,723.2,75.6,39.1,28.63,6.29
8809,482,14.049999999999999,5,840.8,84.68,47.349999999999994,32.14,5.61
881,546,11.3,5,870.1,118.17000000000002,37.34,28.31,10.74
8810,276,6.43,6,482.92,50.980000000000004,24.439999999999998,20.18,5.35
8811,842,13.690000000000001,6,1516.1,192.59,64.77,53.160000000000004,13.07
8812,526,13.299999999999999,7,1070.2,93.55,61.059999999999995,49.300000000000004,9.440000000000001
8813,454,11.83,8,839.48,74.31,45.480000000000004,39.75,8.290000000000001
8814,412,9.11,6,737.9,87.00999999999999,36.09,27.64,6.37
8815,379,7.39,6,524.38,68.55,25.31,15.54,3.0
8816,506,11.709999999999999,5,848.33,102.84,47.370000000000005,28.22,6.05
8817,330,10.0,5,612.36,50.22,36.32,26.68,4.33
8818,427,9.3,4,857.4,97.18,38.53,35.45,7.73
8819,430,11.91,7,964.72,85.0,49.870000000000005,44.36,6.529999999999999
882,356,7.67,5,421.7,57.09,20.84,13.189999999999998,6.54
8820,519,12.7,5,984.48,84.5,55.519999999999996,46.08,7.699999999999999
8821,623,10.05,4,1166.92,132.76,41.099999999999994,46.89,8.49
8822,556,8.93,6,627.4000000000001,110.86000000000001,23.48,9.7,5.630000000000001
8823,363,9.43,5,577.72,63.04,30.15,21.59,5.08
8824,519,10.01,4,1148.0,121.63,47.07,48.15,8.88
8825,454,4.26,4,562.41,105.35,17.9,7.04,3.12
8826,470,12.53,4,800.7,81.75,43.54,31.1,5.53
8827,827,31.689999999999998,4,1969.8,110.58000000000001,106.9,113.13000000000001,15.49
8828,447,7.82,4,760.04,95.80000000000001,33.97,27.69,3.95
8829,596,11.34,5,838.85,126.36,29.37,24.54,9.53
883,512,9.53,4,988.6,126.89,45.760000000000005,32.35,5.17
8830,568,12.15,5,983.0699999999999,120.24000000000001,51.699999999999996,33.48,7.3100000000000005
8831,431,10.19,7,757.27,71.27000000000001,43.01,32.97,5.609999999999999
8832,390,9.959999999999999,9,650.36,69.99000000000001,34.34,24.939999999999998,4.79
8833,388,10.36,7,645.36,58.45,39.2,27.62,3.41
8834,165,5.87,6,337.98,21.35,22.369999999999997,17.97,2.83
8835,273,5.99,9,476.23,49.239999999999995,25.92,19.099999999999998,3.8400000000000003
8836,373,8.89,4,487.18,58.47,34.66,13.33,2.29
8837,365,8.55,4,595.4,75.41,28.45,18.29,3.59
8838,369,9.52,5,736.53,68.77,42.43,30.42,5.71
8839,550,10.299999999999999,5,970.9000000000001,106.5,48.72,36.949999999999996,6.26
884,358,3.66,3,550.5999999999999,83.42999999999999,18.7,14.31,7.25
8840,547,10.39,4,1076.6,114.78,51.38,47.14,8.04
8841,556,9.7,4,1039.0,126.94,44.42,37.3,6.96
8842,367,8.52,5,695.1,76.85,35.019999999999996,28.54,5.07
8843,661,9.55,4,1176.4,142.92000000000002,55.39,41.31,7.99
8844,518,11.22,6,935.6800000000001,97.85,44.74,40.489999999999995,8.95
8845,461,12.35,7,1081.31,79.02000000000001,63.04,55.55,9.23
8846,426,8.75,6,720.1600000000001,68.73,40.839999999999996,31.560000000000002,6.460000000000001
8847,478,15.19,5,850.64,75.13,63.32,31.569999999999997,5.5600000000000005
8848,396,10.0,4,882.0500000000001,70.16,34.519999999999996,46.02,6.8
8849,452,7.890000000000001,4,592.1800000000001,82.39,28.45,17.34,6.4399999999999995
885,332,8.43,8,608.78,57.68,35.43,26.380000000000003,5.94
8850,337,7.88,6,491.55,58.290000000000006,31.64,14.979999999999999,4.6899999999999995
8851,801,13.49,7,1404.2,174.31,60.88,52.339999999999996,13.92
8852,446,10.540000000000001,5,729.2,82.75999999999999,36.85,25.169999999999998,2.71
8853,777,14.24,6,1273.64,151.4,63.550000000000004,46.61,12.13
8854,762,17.12,6,1453.9,151.28,75.73,58.53,11.409999999999998
8855,581,20.73,7,1036.4,72.36,77.95,49.49,8.51
8856,494,15.120000000000001,7,934.88,77.81,59.88,43.44,6.82
8857,449,8.16,4,763.2,92.16,34.31,27.1,5.58
8858,559,12.66,4,893.8,110.44,43.14,28.939999999999998,6.57
8859,401,7.39,4,614.54,80.7,27.84,18.03,2.66
886,422,11.78,7,664.31,82.1,30.110000000000003,24.189999999999998,8.290000000000001
8860,424,8.9,6,846.6,91.72,37.12,34.730000000000004,6.37
8861,591,12.32,4,1199.8700000000001,126.78,63.15,49.089999999999996,12.75
8862,406,7.08,4,534.78,73.34,25.770000000000003,16.18,6.14
8863,562,14.21,6,851.77,96.72999999999999,46.66,31.57,5.720000000000001
8864,517,13.2,8,962.18,84.77000000000001,56.49,45.519999999999996,7.78
8865,512,11.43,6,764.88,78.55,44.989999999999995,30.81,4.72
8866,624,15.540000000000001,4,737.21,88.53999999999999,59.49,17.21,5.73
8867,473,10.02,7,750.24,91.07,38.58,25.930000000000003,6.12
8868,354,10.02,7,608.03,65.39,35.7,23.709999999999997,4.89
8869,480,10.2,5,898.45,94.78,47.31999999999999,34.839999999999996,6.19
887,455,7.67,5,830.44,92.49000000000001,41.31,31.48,10.23
8870,479,8.1,5,799.25,93.92,38.82,29.41,6.51
8871,356,8.91,6,717.9,69.31,36.15,32.4,5.97
8872,758,13.78,6,1309.9,152.81,59.86,51.96,11.12
8873,488,13.87,6,995.39,89.68,55.23,43.2,8.76
8874,715,11.62,6,1138.8999999999999,152.52,52.26,34.16,7.6000000000000005
8875,504,11.39,4,760.38,84.6,44.96,25.67,4.87
8876,513,13.13,6,779.8,75.67,48.75,29.85,6.21
8877,700,14.33,5,1289.0,130.16,70.91,53.23,7.2700000000000005
8878,427,10.3,7,765.95,72.75,42.87,32.46,5.3999999999999995
8879,500,10.79,6,835.2,100.83,42.6,27.38,5.35
888,371,6.97,7,659.7,84.96000000000001,30.880000000000003,21.41,5.05
8880,442,10.8,7,870.04,85.39,41.7,39.68,6.12
8881,444,7.99,4,886.1,95.80000000000001,40.18,36.940000000000005,7.63
8882,241,4.94,3,335.64,43.03,19.02,9.65,2.76
8883,332,7.0,3,462.1,67.61,19.48,12.54,5.96
8884,542,7.42,5,824.26,109.5,35.19,27.34,7.95
8885,509,14.16,7,987.9,91.72,51.42,45.07,9.549999999999999
8886,355,7.83,6,479.4,56.17,25.71,16.259999999999998,3.13
8887,477,8.35,5,627.81,80.21,33.26,19.37,4.66
8888,393,11.25,6,780.7,72.02,41.379999999999995,35.13,6.91
8889,534,16.650000000000002,5,797.72,73.41,62.34,28.85,3.98
889,344,5.92,4,441.98,65.89,16.849999999999998,13.12,5.859999999999999
8890,567,12.08,6,1007.56,99.36,47.870000000000005,43.059999999999995,7.47
8891,361,8.42,8,548.18,62.14,28.990000000000002,19.39,3.4299999999999997
8892,434,10.11,4,893.7,92.39,44.41,36.76,7.17
8893,443,10.370000000000001,8,612.94,73.22,35.79,19.84,3.81
8894,462,10.39,6,726.9,85.69,35.08,28.18,5.83
8895,354,13.0,9,638.57,47.730000000000004,42.71,30.259999999999998,3.9000000000000004
8896,377,12.19,6,734.97,60.72,50.15,31.759999999999998,4.84
8897,433,11.77,6,723.95,73.03,43.14,28.51,7.38
8898,507,11.91,5,949.3499999999999,97.31,46.38,39.95,7.16
8899,400,7.52,5,705.7,87.31,32.05,25.02,6.99
890,689,9.86,5,920.9,143.77,38.71,21.939999999999998,10.44
8900,572,9.92,6,1152.4,130.88,45.29,45.87,8.219999999999999
8901,407,10.32,7,761.66,69.09,43.06,33.37,5.36
8902,595,11.11,5,619.5,95.52,29.29,14.48,7.88
8903,492,9.94,5,665.9,95.47,36.49,15.4,4.48
8904,446,14.0,6,854.5600000000001,70.72,57.699999999999996,35.629999999999995,4.72
8905,738,13.83,6,1395.8,150.51999999999998,67.04,58.480000000000004,14.36
8906,431,9.29,5,522.85,75.23,27.830000000000002,12.88,3.9099999999999997
8907,369,10.459999999999999,4,467.51,62.83,36.09,7.82,3.91
8908,590,14.68,10,1024.96,104.61,52.8,41.510000000000005,9.27
8909,578,21.71,9,1003.84,76.84,71.93,45.64,10.76
891,237,6.06,4,529.6,49.88,31.77,22.35,4.29
8910,417,8.65,4,925.5,87.97,44.96,42.42,7.75
8911,341,10.78,6,722.36,56.16,46.6,33.42,5.61
8912,444,12.280000000000001,5,981.84,84.8,57.04,44.78,7.859999999999999
8913,527,13.16,5,750.19,96.5,45.400000000000006,20.85,3.59
8914,586,15.22,5,1027.2,89.99,64.56,41.85,2.76
8915,474,16.3,6,973.88,63.75,61.39,52.13,10.07
8916,632,11.9,7,1138.0,136.16,53.39,39.05,5.55
8917,507,10.0,7,773.4100000000001,97.21000000000001,44.51,22.47,5.59
8918,363,12.34,5,713.0600000000001,49.7,54.8,32.14,4.77
8919,1077,27.1,10,1639.58,179.03,98.75,55.53,7.66
892,431,10.690000000000001,5,789.42,93.66,34.199999999999996,31.86,9.610000000000001
8920,608,14.16,11,990.9300000000001,118.02,48.93,36.2,7.699999999999999
8921,634,12.52,6,1152.5,128.87,53.559999999999995,45.47,10.58
8922,582,12.11,8,892.06,112.4,45.69,29.96,7.88
8923,572,9.879999999999999,5,962.2,124.85,37.620000000000005,36.2,9.52
8924,397,10.12,5,858.9,75.07,46.88,40.660000000000004,7.53
8925,691,13.36,5,1158.0,118.24,60.13,46.64,7.039999999999999
8926,381,9.73,5,675.53,59.19,38.35,30.91,5.47
8927,573,12.43,5,825.2,100.33,36.86,33.82,7.7299999999999995
8928,546,10.67,4,938.5,117.82,48.71,30.38,7.070000000000001
8929,341,10.11,4,581.9,37.17,40.33,30.560000000000002,6.82
893,358,6.48,6,582.36,76.08000000000001,29.4,17.27,3.73
8930,562,11.81,9,872.91,108.72,43.379999999999995,27.9,5.470000000000001
8931,384,13.78,9,479.31,40.02,39.91,17.93,4.1
8932,389,12.32,6,768.35,57.67,42.92,36.660000000000004,4.0
8933,637,13.540000000000001,7,960.49,121.97999999999999,44.6,34.43,10.93
8934,634,13.35,7,1063.7,125.88,50.15,40.75,9.53
8935,751,18.25,6,1346.32,124.89000000000001,82.03999999999999,57.36,8.57
8936,317,9.030000000000001,5,461.4,44.78,24.64,19.93,4.34
8937,602,12.67,5,1084.94,114.02000000000001,48.43,44.1,8.01
8938,311,5.02,4,586.8,65.02,28.25,23.509999999999998,4.930000000000001
8939,607,12.72,6,964.65,109.46000000000001,51.97,34.980000000000004,7.02
894,506,8.9,6,881.48,116.31,35.35,29.599999999999998,9.27
8940,341,8.9,5,551.0899999999999,63.769999999999996,37.160000000000004,16.41,3.95
8941,571,11.33,4,860.94,111.22999999999999,38.92,30.84,4.42
8942,539,9.389999999999999,5,891.4,109.56,37.89,34.36,9.73
8943,354,9.58,5,557.15,57.199999999999996,40.57,18.34,4.2
8944,447,8.639999999999999,4,683.9,89.87,28.490000000000002,22.52,5.31
8945,342,6.78,4,716.6,70.61,29.11,32.71,7.26
8946,415,9.63,6,777.54,73.27000000000001,42.589999999999996,33.67,5.07
8947,265,7.25,6,457.26,39.160000000000004,27.23,20.62,4.05
8948,247,2.71,3,267.0,52.760000000000005,6.6899999999999995,3.4,3.04
8949,498,12.24,8,700.23,79.01,43.45,22.76,4.32
895,447,12.41,7,765.4,73.46,47.6,32.4,7.0200000000000005
8950,398,10.81,6,790.1,75.42,39.769999999999996,36.03,8.16
8951,426,5.83,6,629.0799999999999,92.67999999999999,25.11,17.509999999999998,6.630000000000001
8952,277,7.36,7,488.66,45.34,23.63,22.27,4.55
8953,457,15.75,5,702.3,70.66,41.37,30.79,4.57
8954,479,12.93,6,578.57,73.37,41.96,13.14,3.82
8955,697,15.009999999999998,7,959.21,127.08,49.66,27.18,5.97
8956,550,9.04,7,950.04,116.51,42.519999999999996,33.23,7.5
8957,563,11.190000000000001,6,940.6899999999999,113.74,49.12,31.65,8.35
8958,373,10.48,6,438.82,44.37,33.64,13.2,2.4699999999999998
8959,684,12.52,5,1593.63,162.63,69.5,69.36,12.93
896,311,6.34,5,338.0,52.55,15.14,7.51,5.2299999999999995
8960,515,11.81,5,837.8,98.87,46.739999999999995,27.4,4.96
8961,575,9.13,6,940.1,116.45,40.56,32.98,8.04
8962,335,7.930000000000001,7,481.12,54.97,30.83,14.46,2.89
8963,698,12.99,4,1020.8,143.04000000000002,36.87,36.5,9.36
8964,568,12.93,6,939.9,96.08,53.11,35.26,3.7199999999999998
8965,386,12.940000000000001,5,765.82,34.84,55.71,43.93,5.220000000000001
8966,257,6.6,4,351.85,48.019999999999996,17.27,9.74,4.32
8967,536,8.76,6,834.4000000000001,119.53,30.9,26.669999999999998,8.09
8968,475,10.1,5,563.45,86.99000000000001,31.34,10.47,7.09
8969,532,16.67,6,818.6800000000001,85.84,53.61,27.52,5.93
897,429,11.520000000000001,5,901.7,74.5,50.94,43.7,5.21
8970,520,12.629999999999999,6,908.9,87.25999999999999,51.14,40.09,9.36
8971,513,7.31,6,930.55,112.38,38.39,36.31,9.58
8972,579,12.17,5,846.8,113.16,46.71,22.28,5.34
8973,605,13.4,4,1209.8,116.19000000000001,54.44,50.69,4.04
8974,517,9.06,5,669.0600000000001,83.22,35.93,22.0,5.81
8975,380,6.3999999999999995,4,368.45000000000005,65.41,13.620000000000001,5.59,4.32
8976,642,9.76,5,1072.8000000000002,129.5,47.36,40.88,10.9
8977,454,10.59,5,641.2,79.06,31.98,20.72,5.949999999999999
8978,444,13.74,4,551.8199999999999,67.97,41.31,13.68,4.08
8979,580,8.14,6,813.05,125.03,36.230000000000004,18.22,5.199999999999999
898,559,13.45,4,1173.4,103.82,64.44,56.08,7.0600000000000005
8980,444,11.56,6,834.47,71.91,48.35,38.07,6.31
8981,333,9.41,3,603.0,59.010000000000005,34.71,22.729999999999997,2.34
8982,422,5.77,8,646.47,95.91,25.75,16.56,5.05
8983,629,10.09,4,1333.38,140.85,62.269999999999996,57.269999999999996,12.05
8984,524,11.24,4,1041.1999999999998,102.02,57.56,43.62,7.73
8985,436,13.65,8,524.04,61.34,38.22,14.04,4.93
8986,271,8.82,4,478.3,37.86,31.98,20.62,2.48
8987,532,11.19,6,683.2,82.63,35.47,22.44,5.08
8988,583,13.26,4,706.2,97.59,49.57,11.82,4.15
8989,665,12.53,5,954.37,121.97,52.75,26.8,4.859999999999999
899,478,9.53,6,913.6,97.84,48.21,36.82,5.5
8990,666,10.35,5,757.5699999999999,121.42,34.79,15.36,6.42
8991,466,11.93,5,707.38,64.69,45.81,27.799999999999997,2.91
8992,600,10.97,5,625.6,88.58,30.509999999999998,16.98,8.1
8993,536,17.52,6,1274.65,87.24,68.94,66.53,8.04
8994,541,10.77,5,1073.07,124.29,50.71,41.89,8.46
8995,299,14.02,4,478.44,18.45,54.519999999999996,20.63,3.06
8996,613,12.58,5,648.55,84.63,37.12,17.48,6.03
8997,478,12.420000000000002,5,993.9000000000001,80.11,50.13,48.4,6.96
8998,729,18.27,5,996.94,99.76,63.82,38.99,10.200000000000001
8999,463,12.31,6,685.52,82.93,35.230000000000004,24.73,6.58
900,248,5.87,5,385.32,39.17,21.69,16.970000000000002,5.91
9000,357,9.48,5,546.57,57.14,36.14,18.0,2.71
9001,439,9.85,4,626.0,92.14,35.230000000000004,12.37,3.55
9002,611,13.770000000000001,6,822.81,97.61,47.57,26.69,7.87
9003,461,10.36,5,961.9000000000001,95.13,42.68,47.99,10.940000000000001
9004,548,9.75,4,775.0,111.66999999999999,34.9,20.07,6.6
9005,423,11.32,5,666.6,72.02,35.620000000000005,27.9,5.06
9006,754,18.84,7,1082.46,116.44999999999999,59.0,40.45,9.76
9007,285,8.29,6,351.63,44.76,21.52,10.14,4.17
9008,556,8.16,5,688.6600000000001,102.99,32.05,15.31,4.29
9009,386,10.85,8,674.4300000000001,63.24,42.68,27.2,6.54
901,376,8.26,4,760.3,84.12,30.77,32.18,7.78
9010,432,10.379999999999999,6,554.6800000000001,71.45,31.39,15.81,5.65
9011,539,14.65,5,846.64,84.63,55.32,30.98,6.02
9012,1255,52.97,6,4778.2,193.74,212.99999999999997,306.51,24.18
9013,376,9.74,7,561.25,62.04,28.33,23.82,4.8
9014,333,7.44,5,708.05,68.54,29.869999999999997,32.410000000000004,6.34
9015,287,10.58,5,423.33,42.22,30.189999999999998,15.77,3.39
9016,311,10.07,6,366.3,39.21,31.64,9.03,3.4099999999999997
9017,408,13.42,6,531.39,40.68,49.46,18.74,3.3
9018,865,12.74,8,1184.01,172.21,51.72,32.620000000000005,12.21
9019,364,11.67,6,437.72,51.45,29.0,14.02,5.04
902,645,11.98,5,1157.1,132.9,55.04,44.67,8.59
9020,533,13.91,9,573.9399999999999,71.22,41.97,13.68,5.75
9021,701,13.33,6,1118.1100000000001,130.44,46.849999999999994,41.26,10.0
9022,402,7.96,5,651.1800000000001,72.19,34.5,23.64,3.54
9023,509,11.76,8,691.8100000000001,85.72,37.6,21.93,7.78
9024,577,17.24,13,817.15,79.71,55.77,30.51,7.6
9025,460,15.07,11,764.67,58.38999999999999,53.53,35.47,5.7700000000000005
9026,769,23.43,9,1378.8700000000001,103.44,88.17,68.0,11.67
9027,251,5.74,4,370.72,36.4,25.46,13.42,1.75
9028,793,16.759999999999998,8,1019.1,121.91,57.87,33.35,9.57
9029,556,9.56,6,932.6,125.86000000000001,36.79,31.84,9.299999999999999
903,369,7.26,6,613.7,75.12,28.43,21.38,5.5
9030,348,5.5600000000000005,4,456.96000000000004,69.31,20.53,10.700000000000001,4.03
9031,510,11.86,4,785.7,78.77,52.13999999999999,28.05,3.63
9032,369,8.33,5,693.3,73.69,34.11,26.13,3.69
9033,545,10.18,4,670.15,101.23,25.68,19.25,4.96
9034,383,7.0,6,550.24,66.38,19.11,21.64,6.52
9035,559,13.170000000000002,4,1188.5,116.33999999999999,47.809999999999995,53.13,9.39
9036,611,13.17,6,1010.7,109.88,46.839999999999996,45.53,12.74
9037,761,9.32,4,995.88,162.89,39.36,20.67,8.35
9038,576,13.18,5,857.09,102.0,41.160000000000004,30.810000000000002,5.16
9039,375,10.76,4,658.2,69.25,36.8,23.6,3.67
904,486,10.07,6,878.0,94.66,42.53,35.21,9.36
9040,625,13.56,7,1031.32,125.03,51.47,33.64,7.66
9041,217,0.8,2,287.7,59.099999999999994,7.24,1.5899999999999999,0.84
9042,609,11.84,6,599.5,98.28999999999999,23.439999999999998,13.63,11.76
9043,318,8.620000000000001,6,507.65,52.33,28.939999999999998,19.89,5.65
9044,391,8.43,5,742.1,79.57,33.72,32.449999999999996,6.0
9045,274,7.16,4,680.7,60.2,32.74,35.33,6.82
9046,450,7.26,8,602.17,82.53999999999999,31.73,15.43,3.34
9047,790,18.02,6,1395.92,129.53,78.48,59.3,5.220000000000001
9048,519,11.790000000000001,8,934.56,88.42,50.96,40.68,8.15
9049,506,8.5,4,611.4,100.78,22.65,12.719999999999999,7.06
905,281,5.22,5,522.5,58.14,25.11,20.91,6.02
9050,481,9.65,4,691.15,87.50999999999999,31.11,23.880000000000003,8.530000000000001
9051,308,4.87,2,449.4,73.92,17.43,8.47,3.78
9052,392,8.780000000000001,4,550.0,70.15,30.3,15.61,4.6
9053,472,14.41,7,687.94,74.53999999999999,45.82,22.84,6.65
9054,372,7.42,3,572.4,66.8,35.82,16.69,0.89
9055,244,6.46,6,352.41,36.07,17.79,15.620000000000001,3.66
9056,304,9.28,4,694.3,59.76,31.95,33.94,4.34
9057,491,9.11,5,958.4000000000001,97.1,49.11,39.79,6.32
9058,595,14.02,6,882.86,89.89,47.660000000000004,34.85,8.040000000000001
9059,559,18.16,11,719.94,105.68,32.540000000000006,22.32,11.25
906,329,5.88,4,710.74,71.98,38.629999999999995,28.39,4.8
9060,496,8.07,4,780.0,105.22999999999999,31.17,26.580000000000002,5.75
9061,264,9.56,3,581.2,34.01,39.24,33.1,8.4
9062,450,9.26,5,587.9300000000001,82.71000000000001,25.58,16.34,4.92
9063,485,8.77,5,754.24,80.47,35.79,31.11,7.790000000000001
9064,487,13.45,4,834.31,80.86,54.9,31.2,4.58
9065,599,10.89,4,1015.22,122.44,51.96,34.05,9.52
9066,374,11.409999999999998,4,635.73,58.5,49.46,23.040000000000003,7.02
9067,335,9.91,7,693.05,48.879999999999995,38.85,36.19,5.14
9068,334,7.1000000000000005,4,649.0,57.02,30.17,33.39,5.9399999999999995
9069,600,13.38,7,1091.27,111.57000000000001,62.6,41.39,8.48
907,645,11.26,5,1051.6,130.07,48.69,37.15,10.34
9070,476,12.370000000000001,5,600.03,58.43,40.02,21.87,5.66
9071,620,11.69,7,911.77,123.25,38.51,29.169999999999998,10.45
9072,626,12.39,8,988.73,116.1,46.4,36.57,7.77
9073,505,15.63,9,949.99,74.09,55.25,48.36,6.87
9074,507,11.309999999999999,4,766.05,80.06,33.980000000000004,34.54,5.1899999999999995
9075,397,11.16,4,737.2,79.46000000000001,38.91,30.75,6.33
9076,210,9.17,6,411.75,20.310000000000002,35.5,21.64,4.88
9077,783,28.939999999999998,4,1067.15,68.91,73.16,63.18000000000001,15.469999999999999
9078,346,10.05,5,407.38,42.71,27.59,16.38,7.7700000000000005
9079,411,12.959999999999999,7,699.48,57.53,44.65,32.41,4.970000000000001
908,394,8.14,7,799.5,75.47,42.43,35.83,8.01
9080,504,16.29,12,861.34,80.76,51.27,37.37,8.7
9081,370,10.030000000000001,9,620.52,59.419999999999995,34.77,27.1,5.680000000000001
9082,463,8.120000000000001,5,659.95,87.13,28.95,21.96,5.89
9083,353,10.69,5,562.78,51.11,39.66,20.71,4.17
9084,538,8.61,4,701.1,113.54,28.63,16.51,9.379999999999999
9085,740,14.14,8,1076.2,137.96,49.14,35.35,11.4
9086,773,13.58,7,1128.8000000000002,152.20999999999998,43.910000000000004,38.49,8.219999999999999
9087,541,11.64,7,931.4,99.50999999999999,40.96,41.42,8.290000000000001
9088,577,12.030000000000001,7,993.0,109.07,46.77,41.69,9.2
9089,463,8.12,6,725.4,86.42,30.910000000000004,29.38,7.1499999999999995
909,1066,24.02,6,1954.06,215.62,101.56,71.95,15.3
9090,559,11.99,4,676.8199999999999,98.08,40.96,11.57,3.71
9091,590,11.1,4,1015.3,110.8,52.99,37.96,8.83
9092,547,11.620000000000001,5,1015.5,100.11000000000001,53.36,44.230000000000004,5.779999999999999
9093,443,10.81,8,732.9,68.03999999999999,38.72,35.19,8.61
9094,528,14.6,6,988.95,87.6,54.18,45.89,6.92
9095,514,10.76,4,709.55,82.0,29.97,30.95,6.5600000000000005
9096,477,10.809999999999999,6,568.31,72.48,29.47,19.11,7.52
9097,411,12.14,8,669.15,65.58,45.15,24.220000000000002,3.23
9098,302,7.970000000000001,8,547.61,48.93000000000001,32.37,24.05,5.1
9099,406,8.28,3,901.3,72.14,46.63,44.75,6.08
910,319,5.84,5,609.0,60.81,31.63,26.7,6.640000000000001
9100,278,7.17,8,440.69,41.49,24.15,18.73,3.16
9101,216,5.71,7,379.04,32.3,22.54,17.689999999999998,3.87
9102,417,11.43,5,810.7,78.33,47.32,32.449999999999996,6.94
9103,498,11.72,9,858.3,81.82,43.28,38.85,7.38
9104,623,15.7,5,1209.9,131.95999999999998,62.53,46.06,8.33
9105,609,16.82,6,1052.8,84.53,62.94,48.79,6.57
9106,575,13.28,6,979.9100000000001,98.75999999999999,53.21,39.150000000000006,5.8100000000000005
9107,331,11.25,4,556.5,31.759999999999998,36.239999999999995,30.040000000000003,2.98
9108,268,7.16,7,407.1,42.58,20.14,17.51,3.13
9109,534,11.47,3,723.9,115.07,36.64,14.89,7.13
911,383,4.77,4,615.47,80.91,23.259999999999998,20.310000000000002,7.76
9110,288,4.18,3,485.1,63.86,22.68,15.41,5.12
9111,435,9.959999999999999,5,662.2,75.42,32.75,27.41,7.02
9112,590,14.99,5,1008.64,95.27000000000001,53.82,43.019999999999996,7.609999999999999
9113,512,9.66,7,654.64,87.89,30.27,20.669999999999998,9.91
9114,600,13.06,4,1110.1,102.33,51.1,56.42999999999999,10.209999999999999
9115,495,12.1,7,821.7,92.74,40.690000000000005,32.559999999999995,5.88
9116,589,12.86,5,984.65,91.44999999999999,57.42,43.08,10.229999999999999
9117,537,13.600000000000001,7,949.99,95.75,54.22,37.82,5.7
9118,424,12.68,5,670.4200000000001,59.84,45.699999999999996,24.93,3.45
9119,608,9.36,7,983.4,132.65,40.63,30.4,6.79
912,516,10.700000000000001,5,823.4,117.97,31.21,25.029999999999998,6.64
9120,489,7.84,6,755.67,97.97,29.470000000000002,27.95,6.93
9121,490,14.999999999999998,5,823.72,84.58,46.22,31.919999999999998,4.42
9122,758,17.77,4,1307.7,145.81,57.45,56.35000000000001,7.93
9123,252,5.48,5,484.18,44.96,26.33,21.66,5.26
9124,706,10.61,4,1114.9,133.29,47.989999999999995,40.96,9.41
9125,404,2.16,2,516.3,98.0,13.14,7.609999999999999,4.64
9126,519,14.01,8,874.02,86.99000000000001,47.17,38.68,8.38
9127,585,14.48,4,1052.18,102.99,61.43,42.29,6.210000000000001
9128,507,9.43,5,720.25,93.25,37.71,20.419999999999998,5.44
9129,67,4.69,1,66.33,0.0,16.08,0.2,0.0
913,387,4.93,4,672.68,83.24,30.2,22.9,5.699999999999999
9130,433,10.31,5,699.75,72.65,32.89,32.37,6.0
9131,300,2.5300000000000002,3,448.5,66.89,14.89,12.83,4.359999999999999
9132,553,5.97,4,871.4000000000001,117.19,31.4,29.03,7.43
9133,291,7.81,7,513.25,47.269999999999996,25.43,24.97,4.1899999999999995
9134,485,10.6,5,779.31,87.85,42.57,26.39,5.92
9135,490,15.969999999999999,7,866.86,44.71,62.5,48.550000000000004,9.469999999999999
9136,603,12.92,6,863.0500000000001,103.0,36.18,35.55,8.68
9137,592,13.83,8,1131.2,97.22999999999999,60.18,54.56,12.39
9138,526,8.84,5,798.2,106.95,30.07,28.4,12.27
9139,442,14.25,7,576.96,58.64,43.43,20.99,7.68
914,607,9.790000000000001,4,973.3,111.21000000000001,45.89,37.650000000000006,7.43
9140,488,10.91,6,934.8,91.28,50.2,38.56,7.04
9141,242,5.140000000000001,3,380.1,38.78,21.05,15.08,2.33
9142,771,16.07,6,1318.7,142.07,58.62,58.6,11.39
9143,447,10.879999999999999,5,700.0,77.38,33.769999999999996,28.12,3.26
9144,501,12.059999999999999,7,999.3,96.56,50.72,44.41,7.55
9145,673,16.87,5,1471.3,121.41,78.93,70.86,9.610000000000001
9146,460,8.72,6,824.3,88.98,38.910000000000004,33.29,7.14
9147,434,7.11,5,716.5,81.5,32.56,27.040000000000003,5.98
9148,443,9.09,5,715.0,73.75999999999999,33.14,31.18,6.98
9149,457,9.91,5,664.8699999999999,79.16,41.75,18.77,5.1
915,280,6.23,5,583.0,58.650000000000006,34.099999999999994,24.240000000000002,4.83
9150,434,10.2,3,942.5,68.83,51.99,46.61,6.46
9151,530,8.78,5,850.2,108.35999999999999,34.24,31.479999999999997,6.47
9152,636,9.15,4,1102.1,126.8,46.11,43.75,11.0
9153,343,8.629999999999999,4,528.54,54.91,27.909999999999997,21.3,4.33
9154,328,3.03,3,356.47,65.63,10.2,5.91,4.7
9155,429,11.69,5,888.0,78.16,48.2,41.41,5.7299999999999995
9156,574,9.23,5,931.4000000000001,102.04,41.77,37.160000000000004,8.63
9157,668,16.14,6,987.3,94.5,48.11,44.91,8.17
9158,429,12.6,5,528.25,61.019999999999996,40.650000000000006,12.94,3.0
9159,455,11.53,6,687.13,70.53,47.050000000000004,23.240000000000002,7.09
916,516,9.969999999999999,4,1091.1,111.93,64.26,42.9,6.46
9160,430,5.37,3,646.5699999999999,84.0,25.07,21.22,5.98
9161,423,9.42,4,848.3199999999999,73.93,45.66,38.87,4.640000000000001
9162,352,12.49,3,1025.65,46.2,66.93,61.92,11.91
9163,630,16.11,7,1173.5,114.31,61.56,51.01,7.9
9164,387,7.4,5,691.0999999999999,74.74000000000001,30.759999999999998,29.25,8.34
9165,540,13.99,5,802.9,93.22,42.61,30.01,4.89
9166,663,13.08,7,1152.12,126.79,51.53,48.13,8.9
9167,434,12.06,10,755.6500000000001,71.25,40.22,34.730000000000004,7.07
9168,656,13.99,7,1074.15,121.0,49.129999999999995,42.36,7.11
9169,467,10.950000000000001,6,838.0,75.61,45.35,38.910000000000004,9.61
917,324,10.059999999999999,4,783.3000000000001,47.14,47.03,45.339999999999996,5.65
9170,452,15.739999999999998,5,1131.7,71.63,68.01,63.25,8.93
9171,363,8.620000000000001,5,771.0999999999999,66.57,40.72,36.19,5.9799999999999995
9172,689,11.39,3,1035.6,170.23000000000002,38.18,21.9,10.07
9173,481,9.19,4,911.86,92.92,41.349999999999994,39.86,5.8999999999999995
9174,792,13.47,6,1198.67,155.81,52.370000000000005,38.269999999999996,10.86
9175,492,11.54,7,833.2,92.4,40.15,33.25,6.31
9176,435,10.5,8,721.9000000000001,76.27000000000001,34.14,31.35,6.4799999999999995
9177,411,11.16,5,664.58,64.28999999999999,35.81,30.66,5.54
9178,431,8.25,9,619.77,75.08000000000001,29.11,22.75,6.51
9179,605,12.89,8,854.79,110.4,41.92,27.31,9.89
918,514,9.84,7,886.2,100.5,47.78,32.68,7.33
9180,583,12.11,6,926.9399999999999,123.63,47.67,25.400000000000002,3.1
9181,611,10.73,7,882.65,122.24000000000001,36.72,26.07,6.59
9182,353,8.75,5,568.7,59.31999999999999,31.23,24.06,7.7299999999999995
9183,348,9.72,6,578.3199999999999,53.510000000000005,37.61,24.43,4.04
9184,579,10.46,10,864.8,118.7,40.46,24.64,7.94
9185,451,15.46,5,713.43,61.65,52.980000000000004,29.72,5.35
9186,594,13.08,6,1046.2,100.83000000000001,53.5,45.910000000000004,10.290000000000001
9187,468,11.37,6,742.15,83.92999999999999,42.59,25.09,5.96
9188,301,6.260000000000001,4,583.7,62.4,28.98,23.509999999999998,5.7
9189,477,13.16,10,819.29,74.52,47.15,36.04,6.09
919,510,10.57,6,948.36,95.57,50.32,40.04,9.629999999999999
9190,400,5.41,4,670.5,84.6,29.4,23.45,7.33
9191,937,28.38,8,1839.86,135.2,114.53,93.25,14.389999999999999
9192,548,6.27,2,1033.4,119.87,41.120000000000005,39.52,7.76
9193,562,12.49,7,718.6,91.38999999999999,42.27,21.419999999999998,8.370000000000001
9194,628,13.620000000000001,5,1180.3,120.11000000000001,56.24,52.1,10.67
9195,532,13.36,8,853.38,78.14,45.82,39.910000000000004,8.92
9196,371,4.92,3,597.9000000000001,81.9,26.49,18.31,6.51
9197,356,11.28,9,534.35,49.21,37.18,21.26,5.06
9198,436,9.24,6,789.8,84.62,40.01,32.31,8.78
9199,246,5.76,6,331.93,40.89,18.0,10.85,5.87
920,512,9.83,4,1071.56,111.54,61.15,42.36,7.76
9200,577,8.959999999999999,4,848.0,105.97999999999999,38.67,28.34,8.16
9201,250,14.61,4,507.78999999999996,8.95,58.04,25.42,1.9900000000000002
9202,586,14.379999999999999,5,1002.6999999999999,85.21,58.28,46.8,9.43
9203,434,12.989999999999998,7,815.8,72.5,46.69,37.57,6.890000000000001
9204,534,6.74,6,823.7,121.19,30.61,23.7,6.42
9205,354,13.01,9,620.71,42.44,42.97,31.48,4.63
9206,641,12.219999999999999,7,883.03,112.38999999999999,45.03,26.68,8.6
9207,659,13.05,5,1035.7,125.25,42.77,41.0,8.32
9208,630,15.16,9,1020.5999999999999,106.97,60.48,38.589999999999996,11.02
9209,318,14.620000000000001,4,553.6,36.1,40.25,30.97,5.78
921,315,7.12,3,663.1,68.24,37.730000000000004,26.43,2.5300000000000002
9210,574,11.32,8,1090.3,105.81,54.62,47.45,9.17
9211,581,13.72,9,861.74,90.11,43.09,37.31,10.41
9212,573,12.9,5,1037.19,94.95,54.03,47.21,8.25
9213,534,10.81,6,751.79,91.61,33.730000000000004,27.0,7.97
9214,554,12.610000000000001,8,1032.98,102.96,52.97,43.95,8.120000000000001
9215,693,21.69,6,1183.6100000000001,127.06,78.42999999999999,41.519999999999996,10.13
9216,605,10.54,6,933.75,118.84,39.57,33.02,7.8100000000000005
9217,570,13.52,6,830.9100000000001,97.67,46.17,28.84,8.77
9218,530,12.2,8,905.6,86.62,43.480000000000004,42.67,9.08
9219,360,4.32,6,448.85,81.62,18.07,4.87,3.45
922,427,9.25,5,727.0,97.75,29.75,24.5,7.22
9220,130,1.31,2,194.2,32.839999999999996,6.09,4.109999999999999,0.65
9221,452,8.66,4,690.95,75.19,33.7,25.98,5.16
9222,414,9.73,6,711.4,72.39,34.47,30.970000000000002,6.8
9223,454,8.44,4,942.9,77.09,43.59,47.99,8.05
9224,623,13.75,5,1156.6,126.29,53.5,49.29,8.24
9225,582,13.709999999999999,5,1167.9,107.22999999999999,59.04,55.089999999999996,10.49
9226,390,10.44,6,602.0,72.97999999999999,28.189999999999998,22.84,6.34
9227,730,14.82,8,1343.25,165.3,58.57,47.75,10.42
9228,318,8.58,7,578.56,58.68000000000001,31.729999999999997,23.96,4.3
9229,636,14.81,6,1279.8,135.97,56.03,55.449999999999996,10.25
923,562,9.69,4,892.44,103.3,41.9,34.519999999999996,8.11
9230,402,10.06,6,743.5,56.980000000000004,41.77,38.61,7.800000000000001
9231,282,6.57,4,585.6,67.8,24.45,23.25,4.4799999999999995
9232,344,6.39,5,585.6,68.12,23.81,23.74,5.51
9233,717,16.619999999999997,5,1256.5,135.96,64.63,50.89,6.88
9234,525,13.27,9,803.97,85.78,49.53,28.85,9.66
9235,556,10.379999999999999,4,929.8,127.18,35.42,32.629999999999995,8.66
9236,438,9.129999999999999,5,716.2,85.75,33.47,26.93,7.97
9237,545,10.809999999999999,6,748.62,96.6,33.589999999999996,25.52,10.51
9238,296,6.1000000000000005,7,494.25,48.83,22.330000000000002,22.89,5.32
92383,219,6.109999999999999,4,278.28,19.380000000000003,13.21,16.09,3.05
92384,504,7.85,6,655.76,96.92,25.35,17.32,5.88
92385,438,7.26,5,547.59,83.03,20.09,15.5,4.3100000000000005
92386,376,9.23,6,509.01,43.97,37.0,19.73,4.95
92387,372,8.759999999999998,6,590.66,67.23,31.200000000000003,20.28,3.66
92388,631,12.13,7,1000.17,123.03,42.86,37.0,7.97
92389,488,10.01,7,584.65,76.51,25.880000000000003,18.590000000000003,5.99
9239,513,10.01,5,1011.4,123.95,45.050000000000004,35.84,7.77
92390,448,9.95,10,470.03,54.260000000000005,24.8,17.87,9.5
92391,515,11.15,5,753.3199999999999,94.77000000000001,37.41,22.43,4.95
92392,556,9.649999999999999,5,727.26,104.42999999999999,39.43,15.32,5.1
92393,453,6.39,4,446.20000000000005,78.85,16.720000000000002,5.51,4.07
92394,501,9.620000000000001,4,741.25,80.24,27.049999999999997,32.269999999999996,3.64
92395,470,10.45,6,665.03,68.61,34.06,27.31,5.32
92396,395,8.17,4,445.1,62.650000000000006,21.02,11.13,5.81
92397,847,16.71,6,1250.83,156.56,49.65,46.84,8.79
92398,431,7.64,6,459.88,65.85,18.95,13.48,5.93
92399,393,8.52,7,558.97,68.23,26.94,18.83,4.7299999999999995
924,576,11.9,6,1040.2,112.87,53.85,42.43,8.67
9240,257,4.01,6,271.9,48.47,8.18,5.69,4.83
92400,510,11.13,5,747.4399999999999,75.84,49.48,24.64,4.4
92401,213,6.96,3,425.55,26.080000000000002,25.21,23.64,3.59
92402,567,10.530000000000001,5,801.55,101.5,34.03,25.97,7.12
92403,728,21.97,8,987.6700000000001,100.39,62.5,36.519999999999996,5.03
92404,307,7.1,5,556.6,60.6,28.64,21.880000000000003,4.45
92405,364,12.04,5,416.85,37.79,29.439999999999998,14.479999999999999,1.78
92406,330,6.88,5,425.85,51.89,17.92,15.75,3.35
92407,418,8.120000000000001,6,546.35,67.52,25.650000000000002,18.400000000000002,4.23
92408,490,12.28,6,830.35,86.71000000000001,44.669999999999995,32.800000000000004,4.88
92409,449,11.93,9,589.64,60.37,34.32,22.63,3.13
9241,572,15.01,4,1103.0,107.06,57.04,50.85,6.92
92410,250,3.5,3,219.9,39.48,5.97,3.19,1.58
92411,749,12.68,4,1224.85,145.04999999999998,57.43,40.17,5.640000000000001
92412,467,10.44,4,741.2,90.55,37.980000000000004,26.18,4.569999999999999
92413,371,1.04,1,482.3,104.62,10.02,1.11,1.48
9242,598,13.43,7,981.3,103.72,53.07,39.89,9.71
9243,432,12.379999999999999,5,643.22,74.67,44.46,18.8,6.1
9244,270,8.51,4,318.59000000000003,35.9,26.720000000000002,7.72,1.95
9245,659,13.74,5,976.8199999999999,113.09,46.52,37.25,9.01
9246,210,6.1899999999999995,4,363.01,48.89,14.55,13.080000000000002,4.98
9247,400,13.99,7,780.45,58.58,53.87,36.87,6.12
9248,808,14.41,6,1356.7,184.6,53.75,44.3,12.27
9249,461,8.65,4,717.0,87.24,34.82,25.93,7.859999999999999
925,569,12.31,4,1285.2,130.20999999999998,73.6,51.91,11.88
9250,565,13.34,8,962.1,97.02000000000001,46.16,42.32,8.16
9251,306,8.49,5,475.75,49.6,27.07,19.79,5.7700000000000005
9252,336,9.6,6,488.5,41.150000000000006,34.44,19.700000000000003,4.9
9253,299,10.38,7,617.7,45.18,34.58,34.24,7.19
9254,230,7.11,6,410.0,21.23,25.73,24.0,5.470000000000001
9255,350,5.16,6,460.34,76.21000000000001,20.66,7.390000000000001,2.55
9256,422,11.81,7,900.6800000000001,81.42,49.2,41.05,7.47
9257,393,8.9,6,599.84,72.05000000000001,28.919999999999998,21.79,6.1499999999999995
9258,342,7.529999999999999,5,406.04,50.68000000000001,21.5,13.54,5.62
9259,511,10.430000000000001,5,906.7,112.3,39.75,34.49,8.3
926,91,4.96,2,319.5,11.45,25.1,19.6,1.37
9260,360,11.21,8,719.55,57.34,44.68,33.56,6.1
9261,307,8.69,5,495.68,44.55,25.06,25.34,4.85
9262,363,9.44,4,712.6,58.63,42.190000000000005,33.769999999999996,7.71
9263,490,10.1,8,900.1,98.93,47.370000000000005,34.309999999999995,9.22
9264,569,10.36,6,881.0,122.75,34.07,29.11,6.33
9265,439,11.25,6,748.8,76.76,36.5,32.31,12.42
9266,466,10.02,7,685.4,83.62,31.09,27.08,7.58
9267,277,5.17,6,392.06,58.21,16.32,9.91,4.38
9268,287,7.46,8,367.83,49.93,19.94,10.6,3.98
9269,485,10.47,7,816.05,103.57,37.62,28.96,8.32
927,369,6.27,4,486.7,66.54,24.56,14.72,3.58
9270,589,12.06,6,1021.75,106.44,53.32,40.809999999999995,7.05
9271,549,10.4,9,880.28,105.86,41.05,31.51,8.1
9272,419,11.530000000000001,7,694.9,66.33000000000001,39.24,31.01,8.16
9273,423,11.34,7,804.76,64.71000000000001,43.769999999999996,39.02,7.26
9274,544,9.66,4,871.0999999999999,120.94,34.53,26.81,11.13
9275,529,11.87,5,953.0,116.00999999999999,45.3,35.45,11.4
9276,364,10.379999999999999,6,697.6800000000001,78.89,35.589999999999996,27.919999999999998,8.23
9277,714,17.41,6,1364.6,158.01,65.68,54.0,12.74
9278,257,6.54,5,431.0,45.47,24.58,16.29,4.2
9279,655,13.97,6,1091.9,153.59,45.12,34.63,10.23
928,267,4.57,5,500.92,59.1,26.25,17.66,4.91
9280,701,14.36,5,1273.3,164.6,55.92,43.18,11.32
9281,481,8.290000000000001,4,567.88,91.0,23.41,11.809999999999999,6.890000000000001
9282,358,9.44,5,659.0799999999999,54.02,40.68,30.58,5.6899999999999995
9283,489,9.25,4,759.7,121.55,26.4,19.9,8.54
9284,525,9.36,8,796.78,106.44999999999999,32.6,26.73,8.629999999999999
9285,766,12.68,5,1423.8,147.51000000000002,60.8,62.8,10.77
9286,463,13.18,6,1004.6999999999999,81.59,58.22,48.73,7.42
9287,399,8.71,5,562.49,57.28,29.22,22.28,6.680000000000001
9288,338,9.38,8,647.47,48.24,39.06,32.82,5.55
9289,474,8.26,7,767.78,96.58000000000001,31.49,27.98,7.32
929,369,8.92,4,861.5,69.6,48.72,41.88,5.27
9290,358,11.27,5,559.3,65.38,34.26,19.33,7.069999999999999
9291,365,7.47,8,615.77,66.52000000000001,30.97,24.73,7.13
9292,305,7.540000000000001,5,596.0,62.97,30.23,25.07,5.13
9293,428,9.6,5,803.6800000000001,68.44,42.24,38.72,5.82
9294,458,10.31,6,899.0,97.32,45.63,36.080000000000005,9.01
9295,610,11.37,6,984.1400000000001,132.81,43.239999999999995,31.81,10.88
9296,670,14.43,6,849.35,138.99,37.86,17.28,10.86
9297,475,10.99,5,717.8,89.45,37.57,23.55,7.640000000000001
9298,424,11.54,7,758.8800000000001,61.99,43.160000000000004,37.01,7.9399999999999995
9299,656,14.700000000000001,5,1027.2,132.06,50.440000000000005,31.18,9.23
930,467,10.19,3,1207.2,104.58,70.48,53.54,6.63
9300,411,11.05,6,878.9000000000001,78.18,44.400000000000006,42.14,8.47
9301,779,21.42,5,1447.32,150.01,76.00999999999999,60.57,14.39
9302,363,7.050000000000001,5,640.1,61.599999999999994,31.619999999999997,28.27,4.62
9303,521,12.17,5,885.32,112.78,41.440000000000005,30.02,6.4
9304,484,10.290000000000001,7,703.1,80.34,31.6,28.41,9.75
9305,637,11.559999999999999,8,838.38,113.38000000000001,36.95,24.99,8.81
9306,487,15.34,5,976.06,73.24000000000001,63.59,44.94,5.890000000000001
9307,559,9.49,4,881.8,137.86,32.46,22.259999999999998,9.01
9308,490,11.86,8,827.8,98.09,39.42,32.05,9.43
9309,782,15.49,6,1515.1,157.45,66.84,66.52,11.67
931,523,9.200000000000001,4,1069.4,117.24000000000001,54.06,40.41,11.200000000000001
9310,564,6.1,4,798.2,122.99,27.23,20.16,5.07
9311,341,4.61,3,539.63,82.42999999999999,22.97,12.129999999999999,4.7
9312,496,11.04,5,882.1,93.29,42.5,35.98,6.44
9313,703,17.01,6,1155.7,134.55,53.35,46.25,13.25
9314,442,10.61,5,832.74,86.85,43.160000000000004,34.31,8.02
9315,410,7.11,4,635.8,92.56,25.0,17.96,5.37
9316,710,13.81,5,1168.02,127.56,51.45,49.95,8.77
9317,440,6.2,3,618.95,82.62,23.65,20.069999999999997,5.17
9318,555,12.47,6,912.25,109.00999999999999,41.15,32.37,7.05
9319,590,12.6,4,929.2,128.93,38.76,29.540000000000003,6.47
932,420,9.97,4,1013.0,94.72,60.910000000000004,43.04,4.54
9320,284,8.049999999999999,6,328.02,42.86,19.13,10.15,5.08
9321,259,5.2,5,418.48,46.230000000000004,18.15,18.55,3.43
9322,595,10.6,5,660.45,112.89,28.330000000000002,11.290000000000001,7.63
9323,499,11.96,8,737.92,80.8,37.519999999999996,27.48,6.97
9324,462,10.27,6,639.5,85.03999999999999,27.560000000000002,21.560000000000002,6.49
9325,393,8.73,6,412.03999999999996,49.08,22.21,13.309999999999999,6.01
9326,419,7.35,8,530.8,75.75999999999999,20.71,15.79,7.24
9327,432,9.37,7,608.6,74.24,27.27,23.740000000000002,6.17
9328,595,13.19,9,811.1800000000001,87.07,39.83,32.57,8.58
9329,555,14.01,5,845.2,81.74000000000001,47.15,35.52,6.05
933,624,10.790000000000001,5,1267.42,133.69,67.28999999999999,50.31,9.63
9330,40,2.2,1,100.0,2.0,8.0,6.0,0.0
9331,110,3.52,1,132.0,22.0,5.5,3.3,2.2
9332,562,12.64,4,831.4,99.22999999999999,42.46,27.36,6.22
9333,345,6.07,4,477.64,76.72,17.87,10.36,4.66
9334,366,7.83,2,648.6,77.0,27.590000000000003,26.590000000000003,2.33
9335,426,11.15,4,727.9,85.25,33.620000000000005,29.33,4.87
9336,330,5.74,8,468.81,9.02,42.040000000000006,30.330000000000002,1.37
9337,300,13.83,3,419.5,16.3,36.6,22.21,2.6
9338,351,7.9,6,495.19,65.52,22.759999999999998,16.47,6.71
9339,551,8.04,4,864.5,111.08999999999999,37.87,28.759999999999998,5.17
934,259,10.96,3,871.3,34.769999999999996,60.9,53.339999999999996,5.67
9340,725,9.120000000000001,4,898.56,112.72,50.31,27.42,3.2
9341,422,11.23,5,482.90000000000003,55.81,29.97,16.4,4.640000000000001
9342,352,8.52,4,583.55,66.89,33.25,19.54,5.07
9343,584,11.29,5,775.93,110.98,29.069999999999997,23.42,8.85
9344,335,11.350000000000001,7,524.05,14.49,49.419999999999995,29.72,2.76
9345,118,0.26,1,153.4,33.28,3.19,0.35,0.47
9346,626,9.75,4,924.04,142.04,34.82,23.2,8.68
9347,656,11.26,4,853.75,117.02,44.46,24.29,5.12
9348,1463,28.029999999999998,6,2066.14,263.11,93.37,65.53999999999999,13.39
9349,500,11.15,4,706.56,82.71000000000001,32.1,28.840000000000003,7.220000000000001
935,289,8.72,5,731.0,51.29,45.519999999999996,37.38,8.24
9350,682,20.79,5,999.65,93.94,75.69999999999999,33.4,4.54
9351,417,9.0,5,637.95,85.36,27.42,19.33,6.94
9352,732,13.07,6,1155.02,114.61,66.50999999999999,47.61,7.1000000000000005
9353,463,12.78,7,692.1500000000001,59.870000000000005,55.16,25.400000000000002,5.29
9354,447,11.44,5,767.5,71.94,40.08,34.35,5.4
9355,483,19.59,4,702.5,31.18,52.91,41.66,7.57
9356,545,12.84,8,745.65,81.71000000000001,41.77,28.88,9.24
9357,760,16.81,9,1109.3,132.22,58.99,37.59,9.19
9358,566,9.86,4,712.7,104.39,38.24,15.469999999999999,5.52
9359,331,6.8100000000000005,3,449.75,59.97,21.23,12.38,2.2
936,154,1.92,3,304.7,37.410000000000004,13.94,10.18,1.6400000000000001
9360,347,2.7600000000000002,2,424.21999999999997,80.89,12.14,4.99,2.73
9361,564,11.58,5,863.0,105.44999999999999,47.25,28.2,7.61
9362,294,4.41,3,486.7,74.62,14.0,14.329999999999998,6.2299999999999995
9363,486,10.15,5,638.2,73.89,39.79,20.95,5.35
9364,356,7.950000000000001,4,559.0,77.33,29.31,14.870000000000001,4.6899999999999995
9365,558,9.75,6,786.66,115.46000000000001,26.119999999999997,23.65,10.959999999999999
9366,771,26.169999999999998,4,1081.27,109.69,84.77,31.4,6.1
9367,989,14.3,5,1550.44,192.36,78.94,50.68,9.75
9368,607,12.99,5,849.2,83.32,54.22,32.75,5.34
9369,564,12.84,5,916.97,59.96,62.67,45.73,2.27
937,455,7.08,5,824.1,90.81,43.040000000000006,31.310000000000002,6.22
9370,599,9.4,5,694.39,110.76,19.21,20.54,9.7
9371,592,10.09,5,866.2,109.32,44.76,26.16,4.55
9372,330,9.46,5,597.88,56.06,34.47,25.060000000000002,5.11
9373,461,7.23,4,628.3,89.55,25.62,17.669999999999998,4.48
9374,512,11.2,5,870.6899999999999,83.63999999999999,48.690000000000005,37.169999999999995,5.4
9375,243,5.62,6,400.88,49.269999999999996,15.34,15.68,5.7
9376,519,9.21,7,666.94,95.62,31.67,18.36,8.09
9377,505,10.139999999999999,5,799.0,93.80000000000001,40.8,27.72,6.35
9378,389,6.11,6,430.86,70.31,16.7,10.42,7.5
9379,491,15.620000000000001,3,1007.9,84.21000000000001,66.53999999999999,41.589999999999996,5.890000000000001
938,367,6.19,4,745.1,79.42,36.2,29.55,7.88
9380,487,10.23,7,710.56,86.5,37.57,23.25,7.21
9381,501,13.540000000000001,6,764.34,56.81,53.440000000000005,37.58,5.59
9382,456,11.120000000000001,5,731.05,88.46,34.26,25.439999999999998,6.949999999999999
9383,534,11.93,6,869.55,93.17999999999999,45.43,32.59,4.04
9384,509,7.98,5,653.12,86.60000000000001,29.53,20.240000000000002,4.76
9385,559,9.46,4,687.4,86.05,32.46,22.979999999999997,4.38
9386,559,8.46,4,852.21,97.55000000000001,42.39,30.18,2.4
9387,550,9.5,5,740.97,79.09,43.67,26.970000000000002,4.390000000000001
9388,515,11.799999999999999,5,885.1,80.91,50.2,39.84,6.3
9389,598,11.78,6,857.93,100.74000000000001,50.81,28.57,4.75
939,333,6.24,5,489.6,49.16,28.19,21.07,5.7
9390,302,7.6000000000000005,7,388.31,43.46,24.89,11.57,3.6599999999999997
9391,838,21.740000000000002,5,1521.5,165.44,74.50999999999999,60.86,12.65
9392,527,16.61,5,758.45,49.760000000000005,61.94,35.09,6.7
9393,536,9.42,3,898.8,127.49000000000001,29.119999999999997,32.14,9.36
9394,448,4.32,3,614.9,112.11,18.21,11.19,7.609999999999999
9395,604,17.61,10,877.48,76.21000000000001,62.49,34.44,8.59
9396,416,8.87,6,643.73,63.519999999999996,41.31,24.03,3.77
9397,482,14.26,10,688.66,62.96,46.17,28.48,7.7299999999999995
9398,382,9.65,4,699.0,70.58,39.56,26.3,2.7800000000000002
9399,528,9.47,5,702.05,86.6,43.57,21.32,5.06
940,460,9.1,6,702.2,88.3,35.12,24.57,4.96
9400,504,8.76,5,706.29,71.72999999999999,43.13,27.330000000000002,2.44
9401,514,9.1,4,657.75,83.0,37.59,20.44,4.46
9402,534,11.219999999999999,6,917.1,102.91,51.17,30.18,5.07
9403,452,10.89,3,757.4,92.3,37.47,28.490000000000002,10.8
9404,521,7.37,3,821.0,129.10999999999999,25.74,21.67,7.34
9405,477,7.45,4,685.89,109.75,21.15,17.8,7.92
9406,851,10.25,7,1042.31,160.3,42.36,27.33,10.969999999999999
9407,472,11.48,6,678.0999999999999,88.05,36.28,21.31,6.71
9408,571,12.53,5,880.55,96.59,53.1,29.59,5.07
9409,455,7.34,4,567.49,49.510000000000005,38.56,23.6,1.65
941,588,7.859999999999999,5,861.56,127.31,37.230000000000004,22.380000000000003,8.42
9410,341,8.540000000000001,6,409.0,44.120000000000005,23.72,15.02,5.21
9411,812,23.5,7,1245.45,105.15,91.06,49.62,4.79
9412,438,14.45,6,641.15,47.0,41.25,30.07,4.42
9413,520,15.84,10,864.29,65.44,52.730000000000004,43.839999999999996,7.25
9414,706,21.849999999999998,6,1065.31,91.17,65.78999999999999,44.71,6.48
9415,349,9.9,5,653.0,56.29,41.519999999999996,27.32,3.06
9416,444,3.42,4,564.56,110.41999999999999,16.47,4.71,2.8600000000000003
9417,461,11.9,8,814.19,78.9,46.410000000000004,33.08,6.12
9418,224,6.24,3,401.7,42.489999999999995,25.939999999999998,13.030000000000001,2.79
9419,570,12.16,5,798.0,81.72,56.12,27.25,2.7
942,367,8.4,6,708.6,61.44,39.440000000000005,34.21,5.57
9420,614,11.29,7,838.4,108.44,45.11,24.41,6.34
9421,502,10.95,7,711.8399999999999,61.06,49.56,30.45,3.58
9422,469,10.01,6,658.57,55.36,43.160000000000004,30.6,3.66
9423,517,11.450000000000001,8,784.34,92.74,39.46,28.2,7.83
9424,588,9.44,8,747.6,110.72,38.1,18.08,8.01
9425,545,16.56,8,866.32,78.03,60.75,33.620000000000005,5.21
9426,601,14.84,4,930.7,115.58,61.61,24.61,6.86
9427,572,13.07,6,1013.4,118.84,47.49,37.9,9.780000000000001
9428,368,12.16,5,517.7,51.4,42.4,16.349999999999998,3.06
9429,382,11.24,7,611.3,56.44,37.699999999999996,25.25,6.6899999999999995
943,558,10.709999999999999,6,850.6600000000001,119.97999999999999,33.54,27.0,9.77
9430,290,11.78,6,549.95,24.060000000000002,41.22,29.939999999999998,4.5600000000000005
9431,523,13.4,5,786.6,87.96000000000001,43.42,30.049999999999997,6.93
9432,430,9.56,7,470.15,70.67999999999999,14.52,16.43,9.91
9433,551,20.05,12,915.3,66.63,67.93,42.09,8.66
9434,340,8.38,3,547.0,68.58,35.13,14.07,3.01
9435,438,5.59,4,466.65,81.94,22.55,6.0,5.29
9436,327,4.69,3,420.70000000000005,76.27000000000001,9.54,9.52,7.26
9437,469,13.350000000000001,7,682.97,41.53,46.43,36.57,7.220000000000001
9438,459,9.48,4,689.8,91.24,38.91,17.36,2.7699999999999996
9439,459,12.660000000000002,6,652.63,71.13,37.76,23.95,8.200000000000001
944,451,8.01,5,956.0,102.69,49.5,37.33,8.129999999999999
9440,626,12.07,4,972.3,125.92,53.230000000000004,25.28,1.66
9441,400,9.73,11,569.51,64.8,37.24,17.72,4.09
9442,371,5.47,4,438.35,74.43,14.02,10.77,7.53
9443,807,16.11,7,1040.67,130.84,68.11,25.8,6.83
9444,431,11.3,10,611.03,53.43,39.519999999999996,27.8,7.05
9445,531,7.54,4,707.63,97.17,35.36,19.41,2.73
9446,434,9.5,7,613.12,78.05,34.33,16.92,4.01
9447,483,10.67,6,813.0,89.32,40.68,31.080000000000002,5.390000000000001
9448,359,10.05,6,559.53,59.78,32.64,19.169999999999998,3.59
9449,543,10.21,7,716.02,96.38,35.99,21.31,7.44
945,495,7.87,5,776.4,106.84,29.330000000000002,25.040000000000003,8.31
9450,314,9.41,5,498.4,42.510000000000005,30.36,20.61,4.2
9451,442,10.07,8,602.39,69.35,34.55,20.09,4.41
9452,534,10.98,8,754.95,69.37,50.75,31.67,5.56
9453,465,10.049999999999999,7,761.34,77.4,44.07,30.37,5.739999999999999
9454,506,14.58,5,805.39,54.599999999999994,59.08,36.34,3.3600000000000003
9455,631,15.84,7,915.75,97.86,62.269999999999996,30.009999999999998,4.369999999999999
9456,482,9.98,7,747.99,98.44,34.48,22.07,6.300000000000001
9457,404,8.81,6,482.35,54.059999999999995,37.089999999999996,13.28,3.72
9458,779,20.98,11,1193.53,92.81,82.86,53.4,8.14
9459,613,10.16,4,900.8,134.3,31.14,25.73,8.42
946,658,13.41,5,1213.3,117.81,64.63,53.17,10.5
9460,503,11.09,5,732.0,76.06,37.95,30.930000000000003,6.55
9461,369,6.99,6,441.52,57.57,29.78,8.969999999999999,3.22
9462,527,9.969999999999999,6,639.9000000000001,96.53999999999999,28.830000000000002,15.92,7.16
9463,543,9.83,5,739.55,92.73,31.020000000000003,25.650000000000002,4.93
9464,743,14.22,7,1078.59,127.57,52.15,39.010000000000005,11.12
9465,500,12.49,8,646.15,68.94,43.06,22.740000000000002,5.32
9466,721,13.979999999999999,6,769.53,97.36000000000001,53.980000000000004,18.02,5.859999999999999
9467,384,7.58,6,584.53,54.29,33.28,24.87,2.77
9468,348,9.28,10,463.83000000000004,35.31,27.470000000000002,24.73,6.74
9469,706,14.75,5,973.0999999999999,125.81,54.65,29.2,9.690000000000001
947,232,6.88,3,612.9,36.71,36.73,34.09,8.57
9470,473,10.87,6,765.2,78.01,44.12,31.2,7.69
9471,349,11.35,7,475.55,31.78,32.269999999999996,26.56,6.8
9472,467,10.82,4,660.65,75.74,35.379999999999995,24.37,6.21
9473,450,8.18,5,685.58,62.96,38.449999999999996,30.83,4.130000000000001
9474,358,8.729999999999999,4,466.4,64.66,21.06,13.85,6.05
9475,506,11.38,6,735.81,75.21000000000001,51.54,24.93,2.9699999999999998
9476,687,13.24,6,1052.71,111.43,60.67,41.73,10.15
9477,419,6.34,7,598.94,78.61,24.950000000000003,21.35,5.35
9478,489,10.86,6,744.8000000000001,95.42,31.720000000000002,25.29,9.08
9479,417,10.38,8,577.28,45.77,44.260000000000005,24.729999999999997,4.51
948,375,15.98,4,1093.1,50.47,77.28999999999999,64.9,9.75
9480,572,15.11,5,821.25,95.09,37.59,35.26,10.32
9481,505,11.65,7,793.2,78.32,47.690000000000005,32.4,5.58
9482,414,8.25,4,575.6,67.41,32.76,18.89,8.71
9483,496,11.12,5,771.6,74.88,43.870000000000005,31.85,4.93
9484,531,13.54,6,732.45,71.16,47.05,30.89,8.02
9485,574,4.77,4,714.47,111.72999999999999,25.01,18.03,4.35
9486,373,9.860000000000001,5,454.65,36.48,39.339999999999996,17.65,5.87
9487,422,13.01,7,679.2,57.01,42.92,31.38,7.39
9488,712,17.91,6,1142.8,131.07,58.71,40.56,7.43
9489,587,10.0,6,842.98,69.44,52.4,39.12,5.12
949,446,10.86,4,716.8,88.22,33.22,27.200000000000003,6.33
9490,121,3.76,2,92.0,11.25,6.7,2.4,3.01
9491,378,6.72,6,590.47,64.83,28.310000000000002,23.099999999999998,4.1
9492,624,11.79,5,992.5,131.17000000000002,43.78,33.93,13.780000000000001
9493,261,4.890000000000001,4,342.8,49.92,18.54,7.28,3.09
9494,306,3.9600000000000004,6,430.25,66.74,17.52,10.04,4.710000000000001
9495,301,7.550000000000001,5,401.7,41.06,26.52,13.7,4.9799999999999995
9496,348,10.040000000000001,6,627.66,31.369999999999997,42.33,39.05,6.17
9497,544,11.68,8,742.8499999999999,93.38999999999999,43.7,21.24,6.08
9498,468,10.58,8,641.19,78.6,33.519999999999996,20.71,6.93
9499,674,7.74,4,972.34,131.74,36.94,34.26,11.8
950,150,3.78,4,317.86,22.09,18.75,16.77,5.01
9500,552,13.5,4,1021.1,98.00999999999999,57.29,40.72,7.46
9501,419,6.88,3,500.70000000000005,81.12,24.240000000000002,8.629999999999999,5.58
9502,347,8.05,6,500.48,56.51,28.549999999999997,17.099999999999998,6.2299999999999995
9503,318,7.72,4,542.1,52.989999999999995,28.55,22.6,3.46
9504,384,14.729999999999999,7,669.05,44.78,50.54,31.31,4.75
9505,285,5.84,3,426.75,8.05,37.45,27.200000000000003,2.7
9506,564,10.02,6,865.3,101.53,41.77,32.08,9.219999999999999
9507,460,10.19,4,824.6,99.39,39.58,28.44,6.800000000000001
9508,391,7.99,3,687.1,83.08999999999999,36.33,20.86,3.1900000000000004
9509,593,16.38,8,995.31,71.08,70.46000000000001,48.28,6.640000000000001
951,584,11.3,5,1136.6,120.0,56.699999999999996,47.59,9.91
9510,399,10.6,5,483.75,53.4,33.83,15.540000000000001,5.8100000000000005
9511,593,11.129999999999999,4,743.3199999999999,80.9,56.93000000000001,20.369999999999997,2.19
9512,304,6.4,5,384.15,55.72,17.95,10.719999999999999,5.78
9513,419,11.75,5,682.6,57.44,51.769999999999996,26.37,3.71
9514,501,9.75,4,805.4000000000001,103.27,39.230000000000004,26.49,7.45
9515,538,12.35,4,671.4,67.83,50.57,20.32,2.16
9516,630,11.42,4,892.6,101.38,47.66,33.14,7.39
9517,372,9.61,6,535.95,62.480000000000004,29.24,19.05,5.99
9518,501,11.56,5,863.2,85.68,47.28,34.54,7.44
9519,598,13.790000000000001,4,756.8,64.31,65.09,25.99,1.98
952,454,8.1,5,790.5,90.82,44.07,28.32,8.56
9520,618,9.97,6,880.01,130.32,35.56,22.82,9.84
9521,394,8.440000000000001,4,619.64,35.16,48.25,30.95,2.25
9522,483,11.26,6,800.1,74.16999999999999,46.96,34.42,10.05
9523,622,9.58,6,902.72,94.83000000000001,44.24,38.519999999999996,9.41
9524,687,12.28,7,938.0,90.07,56.87,37.059999999999995,6.88
9525,539,9.77,6,708.82,75.14,40.550000000000004,26.12,4.16
9526,542,11.270000000000001,6,822.88,77.42,48.49,33.78,3.64
9527,443,10.64,6,639.9499999999999,73.63,34.98,23.619999999999997,7.93
9528,252,7.63,5,412.2,31.9,30.45,17.49,2.4899999999999998
9529,544,10.91,9,709.35,81.7,37.6,24.78,6.88
953,700,6.87,4,1028.6599999999999,162.35999999999999,36.71,24.200000000000003,6.57
9530,648,14.07,5,845.74,102.9,52.0,24.540000000000003,6.49
9531,448,8.629999999999999,5,648.8,82.44,36.43,19.63,7.199999999999999
9532,458,9.66,6,763.72,76.63,47.9,29.05,5.51
9533,450,10.07,6,644.45,80.09,37.09,18.54,7.01
9534,471,8.17,5,688.86,72.91,35.74,29.34,6.49
9535,715,8.15,5,1027.47,132.87,47.31,33.75,7.62
9536,691,17.169999999999998,6,1121.94,91.56,78.88,46.67,5.59
9537,713,10.2,7,894.84,131.77,45.34,18.96,6.92
9538,641,13.610000000000001,6,908.15,102.93,59.22,25.32,4.989999999999999
9539,450,13.25,8,687.0,63.17,45.25,29.3,8.96
954,560,9.94,6,1000.1800000000001,113.61000000000001,47.52,39.18,9.07
9540,270,13.47,3,675.0,27.3,48.6,41.22,4.68
9541,461,12.41,9,698.23,42.260000000000005,56.95,33.7,5.03
9542,499,8.06,5,796.96,96.05,38.87,28.87,6.609999999999999
9543,552,8.98,8,736.0,94.60000000000001,43.1,20.14,6.5
9544,298,16.39,1,745.0,14.9,59.6,44.7,0.0
9545,468,14.21,4,726.85,63.86,51.23,28.39,7.8
9546,558,18.53,4,1109.5,90.51,66.91,49.61,7.58
9547,484,9.08,4,544.4,79.46000000000001,27.759999999999998,12.379999999999999,5.07
9548,592,19.14,6,962.8,78.96000000000001,71.07,37.26,8.08
9549,401,7.5600000000000005,6,460.29999999999995,64.63,26.45,12.31,6.869999999999999
955,389,9.37,8,757.52,69.34,43.900000000000006,34.15,8.75
9550,852,16.41,6,1246.22,143.48,71.35,40.13,7.71
9551,746,10.62,8,943.68,125.79,50.17,27.029999999999998,8.559999999999999
9552,507,10.959999999999999,5,816.6,96.11999999999999,37.07,29.65,5.54
9553,270,14.85,1,675.0,13.5,54.0,40.5,0.0
9554,147,8.09,1,367.5,7.35,29.4,22.05,0.0
9555,585,9.97,4,882.5,103.14,42.91,32.91,9.97
9556,607,12.35,6,904.8,111.6,37.88,33.33,9.67
9557,825,11.46,5,1047.65,160.39,48.980000000000004,21.43,6.93
9558,558,11.860000000000001,5,874.8,101.31,46.93,29.98,4.23
9559,438,9.2,6,627.1800000000001,53.160000000000004,43.44,27.27,3.41
956,197,6.57,3,541.8,38.39,36.279999999999994,27.25,6.68
9560,490,9.15,6,695.47,96.39999999999999,34.46,17.67,4.970000000000001
9561,565,12.16,5,968.2,106.67,49.129999999999995,36.68,3.45
9562,561,11.299999999999999,4,802.6500000000001,104.25,31.919999999999998,28.470000000000002,8.85
9563,498,9.6,5,776.3,98.03,32.25,27.15,9.07
9564,514,15.53,7,666.45,61.22,56.79,20.58,4.77
9565,469,9.149999999999999,9,743.9,90.21,39.24,22.98,3.7300000000000004
9566,384,7.03,5,562.04,45.53999999999999,38.43,24.1,3.43
9567,745,13.13,5,1088.7,135.97,57.44,31.369999999999997,7.23
9568,329,17.740000000000002,2,822.5,21.91,65.8,49.35,3.64
9569,385,7.569999999999999,6,577.12,46.31,41.88,23.6,4.42
957,627,11.780000000000001,5,1068.92,116.89999999999999,52.5,43.29,8.23
9570,542,13.67,5,824.4,95.05,53.160000000000004,25.87,5.609999999999999
9571,586,9.56,6,869.39,101.78,50.370000000000005,27.470000000000002,4.26
9572,590,13.48,4,821.3499999999999,83.76,45.21,33.35,7.29
9573,776,12.41,7,1130.44,123.24000000000001,59.949999999999996,44.51,9.36
9574,526,13.16,7,695.55,64.2,49.14,27.6,7.99
9575,767,13.71,7,1179.83,115.46,63.97,49.47,8.55
9576,586,10.93,8,761.45,94.57,40.58,26.750000000000004,8.73
9577,423,11.86,9,627.75,42.17,50.18,26.82,3.09
9578,668,12.55,7,924.3,93.78,58.9,34.38,6.29
9579,513,10.629999999999999,4,721.8000000000001,87.07000000000001,44.46,21.34,6.74
958,162,2.94,3,165.95999999999998,17.75,11.16,6.44,3.83
9580,448,11.6,6,568.9,50.07,37.370000000000005,22.9,6.42
9581,586,14.08,7,835.24,88.61,42.86,37.1,8.72
9582,444,10.05,6,610.45,62.11,38.19,21.42,3.5700000000000003
9583,548,13.3,7,752.25,79.0,49.580000000000005,27.03,8.85
9584,562,13.16,5,798.5,81.33,61.94,23.69,3.16
9585,415,8.48,5,643.52,78.4,33.08,19.4,2.79
9586,675,13.15,5,842.8,103.03999999999999,59.94,20.759999999999998,6.96
9587,351,7.83,3,676.2,75.04,36.059999999999995,22.55,5.640000000000001
9588,711,14.96,7,846.8,105.75999999999999,55.22,25.97,12.97
9589,467,8.05,4,585.05,92.69000000000001,32.519999999999996,9.82,4.53
959,389,8.29,4,819.9,87.66,45.95,31.07,5.64
9590,548,8.89,4,762.6,101.17,35.27,21.03,7.9399999999999995
9591,681,15.5,6,1000.65,110.46000000000001,60.11,36.71,10.06
9592,268,8.07,5,446.9,36.74,29.41,21.03,4.32
9593,661,16.58,4,965.85,94.80000000000001,61.97,36.81,9.700000000000001
9594,632,12.3,5,853.9,107.77000000000001,46.34,25.02,6.31
9595,479,12.600000000000001,5,734.11,102.3,30.23,20.47,4.82
9596,158,5.83,7,328.99,17.37,21.08,20.7,3.27
9597,603,18.24,4,1522.95,126.39,72.32,81.82,16.93
9598,814,15.29,7,1084.75,137.01,45.31,38.239999999999995,11.92
9599,1108,11.549999999999999,9,1457.1299999999999,258.91,52.230000000000004,20.86,7.449999999999999
960,581,11.84,4,1136.0,117.97,58.230000000000004,48.099999999999994,6.32
9600,794,16.51,8,1088.44,145.46,54.41,30.89,11.969999999999999
9601,792,15.620000000000001,5,1116.15,160.32,52.09,26.84,7.0600000000000005
9602,543,10.41,8,669.3299999999999,99.5,36.2,13.59,5.88
9603,658,11.9,5,1149.4,152.04,45.08,39.05,9.0
9604,534,11.6,5,716.7,92.68,38.769999999999996,21.01,5.08
9605,514,10.629999999999999,4,791.7,104.1,34.09,25.229999999999997,4.62
9606,485,12.81,5,748.5,95.22999999999999,34.59,25.36,6.55
9607,461,13.57,9,601.63,59.52,36.64,22.48,5.87
9608,178,7.449999999999999,2,270.6,23.07,12.53,13.51,2.87
9609,528,12.2,5,503.24,80.92,28.669999999999998,5.579999999999999,4.87
961,307,6.48,4,679.6,70.19,38.33,27.220000000000002,6.4399999999999995
9610,492,8.14,5,608.45,86.74,24.29,17.96,5.05
9611,644,14.04,5,666.6,81.28,40.39,19.55,6.619999999999999
9612,443,11.75,8,673.45,63.19,36.73,32.19,7.91
9613,498,11.37,5,916.3,91.42,36.089999999999996,39.57,7.05
9614,449,13.71,6,801.62,70.77,49.24,38.699999999999996,9.16
9615,397,13.3,8,620.71,42.21,34.48,34.09,8.09
9616,414,14.780000000000001,7,635.93,49.910000000000004,55.41,24.54,3.69
9617,818,27.26,9,1515.68,125.87,102.88000000000001,62.27,9.29
9618,469,11.06,5,728.2,92.28,28.590000000000003,26.31,6.32
9619,436,10.63,7,624.75,78.75999999999999,31.97,20.75,5.74
962,364,7.6499999999999995,5,720.5999999999999,71.31,43.75,29.34,6.79
9620,503,11.04,5,689.6,99.66000000000001,23.92,19.36,4.27
9621,404,11.92,5,564.03,56.56999999999999,31.94,23.1,3.9899999999999998
9622,569,13.89,5,1009.28,114.25,46.04,39.55,6.78
9623,552,6.359999999999999,5,633.24,114.39,26.79,7.08,3.85
9624,517,10.49,5,682.6,95.65,27.52,20.15,8.39
9625,726,20.46,5,830.9300000000001,108.39999999999999,60.24,15.99,4.64
9626,582,14.219999999999999,6,743.87,88.0,36.11,25.29,5.41
9627,559,10.200000000000001,3,929.5,138.79,33.370000000000005,23.03,5.390000000000001
9628,336,4.58,4,387.9,62.69,12.899999999999999,9.790000000000001,3.35
9629,506,11.39,4,542.86,80.82000000000001,32.17,9.719999999999999,4.63
963,344,5.38,4,639.28,69.44,32.06,24.78,5.8100000000000005
9630,651,13.8,8,994.25,116.17999999999999,45.42,37.72,9.6
9631,664,12.81,8,927.4100000000001,107.63,52.87,31.11,8.0
9632,511,17.25,8,1142.48,100.19999999999999,56.41,56.0,10.41
9633,612,14.16,5,890.96,80.71,67.83,32.14,4.48
9634,634,12.049999999999999,4,1255.54,128.99,61.910000000000004,55.4,10.45
9635,875,14.76,8,1124.8899999999999,154.96,54.7,33.67,12.35
9636,545,11.510000000000002,5,564.6,64.51,37.42,17.03,5.47
9637,413,12.03,5,790.38,78.83,48.79,30.95,5.88
9638,389,7.3999999999999995,4,526.2,85.28,18.07,11.9,6.500000000000001
9639,406,7.78,6,565.7,72.55,27.66,17.490000000000002,5.3999999999999995
964,336,9.49,5,765.6999999999999,57.74,51.58,37.65,5.02
9640,564,14.56,9,747.2,80.39,43.67,28.540000000000003,8.59
9641,366,8.73,4,537.8499999999999,65.52000000000001,23.4,18.4,3.02
9642,594,13.29,5,776.8000000000001,87.21000000000001,49.6,23.41,4.97
9643,485,10.26,4,580.4,61.37,31.28,24.21,4.07
9644,522,10.3,4,625.62,80.47,30.37,19.53,3.4699999999999998
9645,646,12.440000000000001,4,818.9,107.94,45.71,20.87,5.48
9646,385,5.52,4,460.6,77.45,12.81,10.98,6.5
9647,397,10.31,4,489.48,70.41999999999999,32.879999999999995,7.06,3.6
9648,782,27.03,4,1102.34,75.06,82.82,54.21,9.73
9649,684,11.5,4,1010.2,138.98,38.08,31.880000000000003,10.58
965,501,10.51,4,837.7,87.72999999999999,48.129999999999995,35.02,6.08
9650,752,20.91,5,1401.1000000000001,89.56,82.88,76.49,5.05
9651,496,5.44,4,715.7,119.78,22.68,15.52,7.43
9652,314,6.39,5,347.53,40.32,23.48,9.770000000000001,2.13
9653,426,8.29,6,646.8,89.99,28.78,17.3,3.89
9654,412,9.9,4,642.3499999999999,79.59,27.560000000000002,21.73,3.62
9655,426,9.08,5,741.65,78.52,30.03,29.749999999999996,4.75
9656,666,11.93,4,865.1800000000001,126.78,33.51,23.439999999999998,5.2
9657,406,8.34,4,594.02,71.71000000000001,31.86,18.72,4.85
9658,578,13.129999999999999,8,924.14,108.59,51.18,31.73,6.62
9659,533,15.41,8,682.49,67.32,47.97,25.71,6.78
966,436,14.030000000000001,8,716.46,49.75,46.44,37.97,7.02
9660,455,11.469999999999999,5,646.05,74.07,30.45,23.57,4.96
9661,431,8.89,6,483.31,66.53,25.950000000000003,13.370000000000001,4.47
9662,309,8.3,5,375.65,52.56999999999999,23.79,7.25,2.7199999999999998
9663,610,18.83,7,1100.3,99.2,67.5,48.81,12.31
9664,424,9.92,6,651.9300000000001,77.74000000000001,33.519999999999996,21.75,5.09
9665,568,17.95,7,668.2,72.50999999999999,34.32,25.7,7.390000000000001
9666,441,13.34,8,847.0,68.95,50.81,41.76,7.82
9667,639,13.360000000000001,7,1007.98,127.16,46.199999999999996,33.78,9.59
9668,370,6.949999999999999,5,772.8000000000001,82.9,29.119999999999997,33.870000000000005,7.8999999999999995
9669,469,10.2,4,822.4,86.87,49.620000000000005,30.09,7.26
967,586,16.15,4,895.5999999999999,102.69999999999999,46.05,34.39,4.5
9670,696,16.63,5,965.2,112.50999999999999,59.88,28.990000000000002,6.65
9671,426,6.49,4,614.3499999999999,84.03,24.630000000000003,18.91,5.8999999999999995
9672,475,10.93,5,929.0,101.58,43.14,38.660000000000004,6.99
9673,481,12.63,5,989.25,81.68,40.73,48.46,7.210000000000001
9674,521,9.82,5,898.04,102.24000000000001,45.12,33.33,5.66
9675,739,19.53,5,1178.24,95.38,67.39,61.089999999999996,14.309999999999999
9676,499,9.97,5,844.55,107.35,37.41,27.689999999999998,6.86
9677,254,8.61,4,390.65999999999997,35.25,27.02,17.45,5.42
9678,309,8.82,6,407.44,44.010000000000005,26.770000000000003,13.85,3.58
9679,580,9.2,4,862.7,118.37,30.67,29.21,10.42
968,700,14.53,4,1237.6,132.81,59.61,51.410000000000004,14.499999999999998
9680,479,12.079999999999998,5,810.9,101.56,41.08,24.43,4.92
9681,451,14.34,5,659.8,51.66,46.2,30.959999999999997,4.0
9682,341,11.53,8,466.41,37.81,33.6,20.0,3.04
9683,567,17.64,4,532.87,69.9,56.45,2.27,2.98
9684,452,5.59,3,741.05,99.87,26.87,26.110000000000003,8.5
9685,483,10.87,4,571.5,86.94,29.46,11.85,4.98
9686,511,12.81,8,743.6700000000001,83.98,38.11,26.68,4.18
9687,496,13.43,7,718.08,76.15,40.18,27.0,7.18
9688,608,11.94,5,919.95,114.38,47.84,29.450000000000003,4.51
9689,600,14.76,5,1003.5,123.66,47.019999999999996,37.07,8.17
969,464,9.97,6,450.02,65.41,21.52,12.760000000000002,7.71
9690,335,11.19,6,581.9,36.84,41.95,31.610000000000003,6.7
9691,475,10.4,7,925.45,93.37,37.129999999999995,42.28,8.11
9692,426,7.52,8,596.45,81.77000000000001,22.62,19.68,6.7
9693,432,9.15,6,724.4,85.6,34.14,28.84,7.77
9694,409,8.040000000000001,4,765.1800000000001,80.49000000000001,43.25,29.57,6.02
9695,361,13.11,7,506.7,41.66,34.02,21.89,2.9299999999999997
9696,445,15.97,8,835.28,55.3,59.4,40.44,4.89
9697,436,8.190000000000001,7,557.29,76.49000000000001,27.03,16.01,5.29
9698,509,9.4,5,460.4,77.11,17.96,8.52,5.76
9699,436,10.42,6,561.1,58.21,28.44,24.770000000000003,6.63
970,777,22.3,6,1297.64,131.65,75.08,52.32,10.68
9700,343,7.109999999999999,3,505.94999999999993,61.28,20.13,21.06,9.24
9701,1003,19.91,5,1755.0,200.08999999999997,65.66,69.4,13.02
9702,540,13.4,5,765.58,93.18,46.32,23.76,7.16
9703,203,8.120000000000001,4,191.91,10.850000000000001,20.9,7.130000000000001,2.19
9704,703,17.34,6,1007.67,116.99000000000001,54.52,33.91,7.6
9705,619,11.85,8,878.51,124.55999999999999,38.14,24.759999999999998,8.530000000000001
9706,658,18.65,12,1009.7,80.36,62.07,47.75,9.02
9707,628,7.46,4,883.6500000000001,133.85,29.2,24.61,9.15
9708,413,7.44,5,672.61,89.93,35.0,18.68,5.75
9709,407,11.22,4,873.0,83.62,38.879999999999995,42.23,9.44
971,783,17.400000000000002,5,1147.2,126.31,56.339999999999996,44.01,9.24
9710,565,13.440000000000001,5,703.55,93.97,25.57,23.78,6.050000000000001
9711,450,14.17,5,874.15,84.12,47.28,38.12,8.72
9712,332,8.56,5,500.5,64.27000000000001,26.94,15.47,4.07
9713,631,9.33,7,976.75,138.91,37.65,29.779999999999998,6.94
9714,395,7.34,3,659.5999999999999,97.75,23.86,16.580000000000002,3.85
9715,319,8.93,6,573.8,57.61,36.2,21.3,4.7
9716,400,10.79,6,676.62,73.99000000000001,36.13,25.98,4.720000000000001
9717,235,4.24,6,398.79999999999995,52.27,16.919999999999998,13.26,3.63
9718,155,6.35,5,320.52,11.27,21.03,20.02,1.7000000000000002
9719,405,10.94,7,648.24,63.38,41.88,25.74,4.78
972,497,10.87,6,509.24,80.19,20.93,12.23,7.89
9720,335,6.02,7,587.45,66.59,22.740000000000002,23.75,5.6899999999999995
9721,562,6.74,6,774.78,128.11,26.259999999999998,16.41,5.63
9722,358,9.299999999999999,5,384.3,50.5,28.029999999999998,7.11,2.63
9723,553,12.42,6,793.13,103.99,45.43,20.93,6.5600000000000005
9724,590,13.02,6,988.68,118.93,42.37,36.47,9.63
9725,438,7.4799999999999995,3,542.2,95.14,19.58,8.28,5.05
9726,618,11.61,7,772.2,106.34,33.730000000000004,22.18,7.51
9727,246,1.84,2,215.15,46.17,5.550000000000001,0.64,1.62
9728,469,11.62,8,695.89,80.34,36.11,25.63,5.58
9729,550,13.55,6,772.88,86.16,44.019999999999996,27.3,8.36
973,461,11.65,6,757.1,81.11,37.620000000000005,30.35,6.5
9730,535,8.76,5,713.33,97.86000000000001,34.25,20.580000000000002,3.92
9731,564,13.07,8,814.82,88.14,43.85,31.310000000000002,6.859999999999999
9732,490,13.96,6,931.9,80.93,48.989999999999995,45.76,6.6
9733,511,12.620000000000001,5,932.14,107.5,43.17,35.51,8.26
9734,668,15.42,7,890.6,120.83,42.27,24.509999999999998,6.4
9735,595,11.28,11,898.77,115.52,40.19,30.57,9.68
9736,556,10.16,8,822.67,108.22,37.88,26.87,7.25
9737,675,13.51,7,1018.6,140.35,46.3,29.439999999999998,8.29
9738,424,10.48,7,674.0,77.52000000000001,35.6,25.990000000000002,7.98
9739,370,10.55,7,522.9,56.879999999999995,25.27,21.33,5.07
974,285,5.94,3,390.20000000000005,57.760000000000005,16.15,10.370000000000001,1.9500000000000002
9740,419,7.84,6,560.8,75.84,24.29,16.07,4.4
9741,767,18.8,6,954.45,127.39,44.080000000000005,27.75,8.129999999999999
9742,411,9.93,7,502.27,59.69,29.92,16.99,4.88
9743,487,8.940000000000001,5,820.25,111.25,30.689999999999998,26.23,7.15
9744,521,11.969999999999999,6,1094.0,123.4,39.98,44.230000000000004,8.35
9745,483,11.51,4,702.5,97.94,28.61,20.080000000000002,4.74
9746,474,9.04,7,609.28,80.88,33.910000000000004,17.03,4.58
9747,448,4.96,4,591.7,101.53,17.97,12.43,6.5
9748,540,11.27,4,579.85,83.97,22.04,15.65,4.68
9749,548,11.67,9,931.0,105.74,37.629999999999995,36.72,8.43
975,301,10.06,4,347.59999999999997,36.85,19.79,14.36,2.87
9750,605,15.94,6,936.1800000000001,112.38,48.339999999999996,31.42,7.66
9751,517,14.42,7,904.14,86.45,49.5,36.73,7.68
9752,438,10.059999999999999,8,513.56,59.86,28.77,18.79,5.54
9753,529,9.790000000000001,5,776.1,91.17999999999999,36.18,29.5,6.33
9754,377,4.23,3,473.2,78.02000000000001,20.700000000000003,8.48,3.32
9755,381,10.14,8,678.5,70.11,36.4,28.52,6.26
9756,373,2.99,2,381.2,79.08,10.68,2.58,3.32
9757,454,9.53,7,676.44,90.35,29.189999999999998,20.349999999999998,5.29
9758,548,14.67,6,693.24,80.4,36.58,24.04,5.32
9759,547,13.84,4,1015.4,101.27,54.86,43.65,7.0
976,515,14.759999999999998,4,779.5,83.53999999999999,38.76,32.04,5.22
9760,455,11.620000000000001,6,744.0,91.06,32.290000000000006,27.02,5.470000000000001
9761,452,10.91,6,699.5699999999999,71.42,40.269999999999996,28.13,4.7299999999999995
9762,283,8.99,5,634.5,61.83,27.540000000000003,29.290000000000003,6.07
9763,449,14.32,8,755.2,70.54,41.37,34.74,8.75
9764,422,10.620000000000001,5,374.75,55.68,28.590000000000003,3.06,3.13
9765,326,4.53,4,413.75,54.989999999999995,19.21,13.34,4.19
9766,309,6.18,6,387.4,51.83,19.57,10.81,3.52
9767,545,14.379999999999999,6,956.1800000000001,95.64,59.489999999999995,37.56,7.05
9768,423,11.91,5,584.75,61.45,34.58,20.88,4.720000000000001
9769,442,10.25,8,622.81,76.41,36.480000000000004,18.5,4.71
977,421,9.600000000000001,4,516.9000000000001,62.5,28.5,18.569999999999997,5.04
9770,486,14.4,5,839.4,92.31,43.79,30.46,5.99
9771,295,9.05,4,358.49,37.730000000000004,29.659999999999997,8.33,1.6
9772,628,14.25,4,554.74,90.03,40.43,2.26,4.03
9773,431,16.79,5,388.86,20.71,47.53,13.58,4.37
9774,426,7.550000000000001,4,879.8,101.44999999999999,34.16,34.57,6.83
9775,482,7.07,5,586.0799999999999,84.98,27.12,14.23,4.18
9776,549,12.5,8,811.8900000000001,101.39999999999999,36.760000000000005,27.39,5.29
9777,497,7.24,5,664.34,93.60000000000001,28.78,18.51,4.09
9778,734,13.53,5,917.4100000000001,139.75,34.75,21.95,6.21
9779,470,7.569999999999999,4,669.6,90.55,27.65,20.46,6.22
978,400,8.75,4,427.91999999999996,59.67,16.37,13.17,5.58
9780,298,7.62,7,474.15,44.35,24.24,23.02,4.33
9781,371,7.52,5,568.5,56.4,33.92,23.87,3.55
9782,492,9.89,6,808.12,94.49000000000001,41.06,29.99,5.93
9783,334,8.42,8,480.2,52.9,30.92,16.04,3.3
9784,652,11.75,4,730.97,110.67999999999999,35.63,14.92,5.220000000000001
9785,465,10.0,10,728.35,92.15,33.3,25.07,6.640000000000001
9786,520,13.15,8,695.95,75.05000000000001,39.3,27.470000000000002,6.48
9787,747,14.469999999999999,8,1051.94,129.04999999999998,47.93,38.199999999999996,9.55
9788,388,12.28,8,508.2,55.83,35.0,15.950000000000001,4.8
9789,624,10.75,8,920.84,122.00999999999999,42.75,28.37,7.12
979,536,14.61,4,704.0999999999999,78.73,29.28,28.290000000000003,11.389999999999999
9790,435,10.19,6,577.19,67.67,34.92,20.39,6.93
9791,416,12.48,5,740.4,67.93,38.76,32.38,3.92
9792,554,10.22,8,755.5,91.1,36.980000000000004,25.95,7.1899999999999995
9793,347,7.58,6,475.59999999999997,52.58,26.57,16.94,4.44
9794,527,8.94,4,741.44,95.09,39.25,21.029999999999998,3.65
9795,604,14.77,4,826.0,94.05000000000001,45.7,28.779999999999998,4.55
9796,358,7.72,8,456.09,59.06,22.16,14.33,4.43
9797,271,7.27,7,358.53999999999996,34.769999999999996,23.240000000000002,14.15,3.4000000000000004
9798,301,8.99,6,444.07,49.07,28.3,14.77,5.3
9799,307,7.39,7,442.01,42.96,20.59,19.17,3.94
980,798,9.15,4,1279.0700000000002,159.07999999999998,65.04,38.47,7.859999999999999
9800,437,8.8,4,584.35,82.78,26.97,14.579999999999998,4.48
9801,427,12.42,6,621.5799999999999,63.1,45.03,21.85,6.01
9802,388,8.75,4,542.46,52.31,32.31,23.67,3.21
9803,359,10.540000000000001,7,633.32,58.71,37.34,25.98,5.53
9804,477,8.76,5,576.25,69.39,32.31,18.19,4.64
9805,317,8.18,7,473.04,55.22,30.439999999999998,14.15,2.85
9806,750,15.8,5,1179.93,113.85,68.98,48.83,4.19
9807,277,10.85,3,182.9,11.18,27.78,3.32,3.74
9808,571,13.040000000000001,5,955.4,108.53999999999999,46.18,36.48,6.55
9809,554,12.4,5,1177.3,103.00999999999999,55.82,56.84,10.85
981,451,6.72,4,533.4,96.77000000000001,20.22,9.53,9.709999999999999
9810,748,11.02,7,822.22,125.11000000000001,35.459999999999994,19.86,10.03
9811,393,10.91,8,457.72,47.56,32.24,15.02,3.41
9812,482,7.87,4,366.8,65.93,12.93,4.680000000000001,5.58
9813,397,7.37,5,505.55,68.42,23.71,14.66,3.94
9814,569,17.45,10,1079.1,86.49,63.84,51.38,7.93
9815,472,10.27,6,880.5,96.97999999999999,40.97,34.61,5.75
9816,506,10.870000000000001,4,787.96,99.44,33.300000000000004,25.66,5.12
9817,403,8.24,5,489.62,72.93,30.16,7.89,2.6
9818,353,9.43,6,436.89,40.17,27.09,17.68,3.87
9819,493,13.57,5,709.26,77.54,40.03,26.66,4.32
982,360,6.52,3,649.2,79.61,33.14,21.779999999999998,5.7
9820,362,8.02,4,724.1,76.6,32.28,32.46,6.14
9821,244,6.5600000000000005,4,539.6,45.67,24.97,25.14,3.6
9822,389,9.08,8,580.4,61.739999999999995,29.6,23.35,4.15
9823,216,8.67,5,266.48,10.33,26.33,13.559999999999999,2.54
9824,280,10.42,5,438.44,22.04,31.0,22.840000000000003,5.1
9825,468,9.030000000000001,6,580.5,71.67,28.630000000000003,18.740000000000002,3.75
9826,314,8.07,3,349.25,43.43,13.95,11.540000000000001,2.39
9827,535,7.78,7,777.9,110.6,32.620000000000005,21.1,4.63
9828,278,9.81,4,354.03,26.09,21.37,17.669999999999998,3.22
9829,412,9.78,7,658.67,67.77,37.72,25.630000000000003,4.98
983,605,9.18,4,1084.0,127.09,49.56,40.87,7.97
9830,595,13.09,5,749.9200000000001,99.05,36.84,21.81,5.43
9831,601,8.58,4,969.74,126.16,44.040000000000006,32.44,9.379999999999999
9832,532,11.379999999999999,5,582.54,77.56,33.36,15.18,5.04
9833,293,9.83,6,591.63,37.43,35.37,29.5,2.5
9834,688,14.19,5,1018.04,122.25,53.32,35.08,6.24
9835,617,15.7,12,977.29,90.03999999999999,58.72,40.39,7.13
9836,383,7.359999999999999,5,488.59000000000003,55.0,31.23,15.51,2.45
9837,441,13.44,9,880.21,62.82,51.72,44.27,5.38
9838,193,9.13,3,358.5,13.3,30.509999999999998,19.51,2.36
9839,555,13.11,12,818.1899999999999,84.03,44.93,33.910000000000004,8.99
984,464,8.6,6,685.0600000000001,90.72,37.53,19.36,10.45
9840,1193,44.6,10,2029.26,76.67,188.79000000000002,106.31,6.859999999999999
9841,262,9.93,4,457.91999999999996,35.2,24.64,22.8,3.29
9842,310,10.8,4,639.1,54.57,31.78,30.68,4.79
9843,414,9.59,5,529.46,58.480000000000004,32.31,17.62,4.619999999999999
9844,384,7.35,5,546.98,65.87,29.45,18.89,4.54
9845,400,10.25,4,739.72,79.28999999999999,31.41,32.01,6.21
9846,547,9.780000000000001,9,823.79,97.63,38.92,30.38,6.2
9847,622,11.950000000000001,6,933.35,123.66,39.06,29.75,6.62
9848,321,7.24,5,450.03,45.2,25.41,18.099999999999998,2.63
9849,353,11.290000000000001,5,584.85,33.65,43.510000000000005,30.56,2.7199999999999998
985,460,6.87,4,710.49,78.26,32.87,27.819999999999997,4.9799999999999995
9850,713,14.9,6,1170.0,130.46,60.54,43.98,9.84
9851,505,13.99,5,839.35,66.5,54.410000000000004,37.839999999999996,3.44
9852,924,16.98,7,1624.12,199.29,74.08,56.12,11.629999999999999
9853,661,20.49,7,835.23,87.27000000000001,49.44,34.06,11.61
9854,587,10.86,6,803.6,103.88,40.589999999999996,24.09,6.0
9855,544,9.190000000000001,4,613.93,87.77000000000001,26.89,15.84,5.82
9856,603,13.69,7,565.83,67.28,29.520000000000003,19.19,6.04
9857,529,9.99,6,795.02,99.19999999999999,38.75,27.290000000000003,5.05
9858,499,11.86,6,703.95,60.47,37.22,31.73,4.54
9859,558,14.91,6,989.6500000000001,93.6,48.04,43.43000000000001,7.07
986,298,5.7299999999999995,5,586.04,48.25,32.6,27.279999999999998,4.74
9860,226,10.74,1,542.4,6.78,45.2,38.42,0.0
9861,541,11.96,4,554.8000000000001,74.42,23.4,17.11,5.29
9862,593,7.88,7,977.25,130.2,39.33,30.220000000000002,6.24
9863,470,15.62,5,898.83,70.67,64.02,40.15,8.51
9864,542,12.49,3,555.35,84.03,27.82,11.49,7.45
9865,400,11.97,6,725.4200000000001,56.6,50.95,33.45,5.82
9866,392,7.96,4,612.8199999999999,72.49000000000001,37.2,19.15,4.48
9867,928,17.81,5,1387.55,177.1,77.66,40.739999999999995,12.52
9868,235,4.4,5,251.05,38.52,11.3,5.5200000000000005,2.24
9869,384,7.88,3,467.85,71.39,20.05,10.129999999999999,5.18
987,358,6.140000000000001,6,656.1,76.69,36.12,21.09,6.32
9870,559,12.9,4,917.7,105.44,54.89,30.32,8.53
9871,673,17.29,5,1230.5,128.4,58.09,48.71,10.63
9872,583,17.34,5,865.54,93.21000000000001,50.39,32.18,8.05
9873,675,19.69,6,1216.7,118.37,75.56,50.760000000000005,8.96
9874,502,11.120000000000001,3,1073.08,92.8,43.629999999999995,51.73,6.68
9875,311,5.45,5,285.82,39.22,16.52,7.68,3.69
9876,498,15.19,7,897.6,65.16,49.87,44.94,6.03
9877,695,17.27,6,1024.15,124.38000000000001,46.370000000000005,34.400000000000006,6.62
9878,350,7.17,4,403.19,55.26,22.18,9.94,3.0
9879,537,16.67,4,972.9,82.26,59.49,43.2,4.96
988,641,11.8,9,1133.31,118.72,61.04,44.95,10.3
9880,338,5.42,4,533.86,71.29,23.08,15.53,2.63
9881,567,15.0,6,1020.55,103.18,59.14,40.25,8.99
9882,363,12.55,6,554.36,44.0,35.23,25.759999999999998,4.97
9883,554,14.64,4,1019.7,98.17,63.5,41.26,5.95
9884,788,22.78,5,1261.58,101.64,57.15,61.81,11.790000000000001
9885,68,1.78,4,54.8,5.7,3.46,2.21,1.51
9886,46,1.6,4,114.43,9.0,7.27,5.5200000000000005,1.3
9887,602,10.15,4,906.6,125.96000000000001,43.15,24.02,6.59
9888,1047,18.08,4,1663.1,193.03,76.8,64.21,16.35
9889,473,8.450000000000001,5,868.85,100.71,43.129999999999995,32.22,8.290000000000001
989,480,9.48,8,873.3199999999999,90.82,49.81,33.39,8.799999999999999
9890,587,9.86,5,936.7,136.51,41.86,23.21,5.64
9891,703,16.23,5,1133.31,123.72999999999999,71.87,37.38,7.629999999999999
9892,674,14.870000000000001,6,1066.94,122.65,65.83,33.14,7.21
9893,424,10.13,7,651.3199999999999,71.67,35.02,24.26,6.1
9894,476,11.32,8,716.9000000000001,82.5,44.45,22.470000000000002,6.359999999999999
9895,555,10.56,5,964.96,121.19,49.52,30.41,6.83
9896,644,9.450000000000001,4,1197.6,173.35,46.4,33.73,7.3
9897,517,13.629999999999999,7,944.72,77.18,64.66,41.97,9.0
9898,527,9.54,4,774.59,102.59,35.480000000000004,22.21,5.24
9899,230,10.21,2,475.5,5.53,46.0,28.53,0.0
990,341,6.34,5,487.65,57.48,26.439999999999998,17.89,5.340000000000001
9900,599,12.1,4,969.05,111.81,49.3,33.76,5.8100000000000005
9901,695,11.98,7,962.45,150.37,40.7,20.98,6.390000000000001
9902,523,7.5,5,785.41,107.94,34.57,22.31,5.38
9903,462,12.77,4,618.31,70.73,42.44,16.43,3.99
9904,537,8.82,5,722.54,107.97,32.18,18.45,7.79
9905,668,15.239999999999998,5,950.5799999999999,114.32,53.98,27.5,3.3099999999999996
9906,417,11.61,8,649.21,76.52000000000001,36.940000000000005,21.62,5.45
9907,581,7.8100000000000005,4,605.04,107.06,24.41,7.55,5.16
9908,508,11.62,8,751.38,94.94,45.14,20.49,7.8
9909,503,10.03,4,714.7,124.52,23.86,12.97,8.57
991,710,10.47,7,1040.12,147.36,45.08,30.87,12.57
9910,566,14.43,6,1098.35,121.57,58.57,41.09,9.74
9911,536,11.290000000000001,4,971.4,111.2,51.47,34.77,6.19
9912,411,8.93,7,757.52,80.83,45.8,27.5,5.58
9913,424,8.49,5,768.72,81.65,35.21,33.22,6.01
9914,285,7.45,8,582.52,53.120000000000005,32.29,26.62,4.51
9915,653,14.81,8,1034.52,113.57000000000002,61.15,37.47,10.5
9916,253,4.92,7,448.98,49.33,23.4,17.400000000000002,3.16
9917,393,8.72,8,608.95,66.43,34.65,22.7,5.46
9918,487,7.6,5,800.9,110.86,37.36,22.67,8.58
9919,403,8.95,4,665.89,111.5,23.12,14.6,5.9399999999999995
992,741,14.49,8,1388.9,146.04000000000002,72.85,55.089999999999996,14.46
9920,698,12.53,4,1114.4,158.31,48.74,32.2,12.33
9921,475,11.879999999999999,7,775.03,86.03999999999999,50.370000000000005,24.96,5.609999999999999
9922,606,14.99,6,982.35,108.92,51.28,35.4,5.9
9923,651,15.97,6,1320.74,124.47999999999999,84.73,54.61,13.959999999999999
9924,493,11.5,8,749.0799999999999,84.12,45.46,25.77,8.26
9925,1287,8.54,4,2037.9,347.47999999999996,67.61,38.4,11.82
9926,220,6.1,7,295.56,39.03,19.35,7.34,3.24
9927,422,9.67,6,683.29,71.4,40.519999999999996,25.37,6.41
9928,280,6.51,5,392.41,50.94,22.71,9.269999999999998,1.88
9929,346,9.48,9,663.26,70.14,33.82,27.72,6.38
993,674,13.1,8,1146.02,120.38,57.650000000000006,47.72,12.690000000000001
9930,495,14.62,9,1007.21,88.97,57.54,47.74,11.860000000000001
9931,724,13.75,4,1438.1799999999998,156.96,79.72,55.269999999999996,15.1
9932,305,7.94,4,628.5799999999999,57.0,33.92,30.99,8.780000000000001
9933,387,9.66,5,769.76,73.66,44.73,31.62,6.4
9934,373,3.74,4,559.21,94.18,17.51,12.0,4.33
9935,387,7.74,5,626.35,64.19,35.65,24.34,3.73
9936,859,23.08,7,1275.3899999999999,125.84,84.28,47.53,9.92
9937,532,11.81,6,983.26,125.22,48.86,32.52,8.89
9938,753,12.969999999999999,5,1313.8,157.71,62.58,46.51,7.2299999999999995
9939,637,15.930000000000001,6,1012.22,84.12,70.89,43.25,8.42
994,288,6.23,8,628.84,53.099999999999994,39.28,27.56,5.0600000000000005
9940,406,7.42,5,676.0,85.12,34.02,22.25,6.08
9941,347,7.0600000000000005,8,443.84000000000003,59.17,21.76,13.459999999999999,6.4
9942,268,5.15,5,396.09000000000003,51.81,20.19,11.61,4.54
9943,541,12.73,6,911.25,109.53999999999999,47.26,29.23,5.71
9944,737,14.6,5,1226.3,152.04999999999998,65.55,38.730000000000004,12.87
9945,584,9.51,4,1215.3,145.82,48.370000000000005,47.6,8.91
9946,599,13.24,5,1082.1200000000001,111.74000000000001,61.269999999999996,42.83,11.3
9947,552,10.49,4,796.79,100.84,34.71,27.63,6.35
9948,384,7.32,6,590.62,83.85,27.63,15.85,5.539999999999999
9949,576,13.67,5,1023.4,91.62,66.42,43.86,10.559999999999999
995,472,7.6899999999999995,6,626.92,83.38,27.400000000000002,20.16,8.42
9950,277,9.700000000000001,6,460.43,42.43,29.74,20.06,5.49
9951,794,15.81,9,1168.92,151.88,61.68,33.72,10.26
9952,707,15.06,6,1175.07,122.36999999999999,71.12,44.42,9.12
9953,383,13.47,6,799.51,53.730000000000004,63.1,36.29,6.03
9954,288,10.27,7,445.56,40.94,34.79,15.4,3.33
9955,453,17.04,6,986.29,60.46,79.72,46.82,7.569999999999999
9956,525,11.02,6,807.7,87.55,46.66,28.61,4.62
9957,525,10.15,7,810.06,85.16,44.42,31.21,5.87
9958,400,8.88,7,633.52,64.76,35.72,25.54,5.45
9959,447,9.1,7,909.85,91.89,47.89,38.55,8.459999999999999
996,572,6.6899999999999995,5,804.27,111.64000000000001,39.91,20.75,6.58
9960,532,10.03,5,866.65,111.47999999999999,43.44,27.330000000000002,11.23
9961,368,8.719999999999999,6,586.39,80.84,27.310000000000002,17.54,5.15
9962,412,12.110000000000001,5,1005.5,77.72,62.03,48.45,8.11
9963,556,11.67,4,1089.7,129.42000000000002,56.949999999999996,37.97,7.68
9964,435,11.58,6,857.76,80.22,57.26,34.75,9.65
9965,486,10.49,8,695.99,74.34,43.230000000000004,24.400000000000002,5.0
9966,403,7.9799999999999995,4,928.2,83.78,47.83,44.96,9.65
9967,459,9.19,8,773.69,84.24000000000001,39.82,30.09,7.41
9968,313,8.16,5,652.76,56.03,42.879999999999995,28.42,6.02
9969,460,10.9,7,658.9300000000001,78.32,38.17,20.82,6.07
997,607,8.49,4,1295.5,142.76,68.36,45.25,7.29
9970,488,10.1,6,716.01,88.33,38.53,22.84,6.75
9971,444,9.559999999999999,7,792.56,76.74,47.15,33.239999999999995,8.64
9972,480,9.31,11,679.5,93.19,33.27,18.77,6.5600000000000005
9973,350,7.94,6,674.85,66.34,38.620000000000005,28.58,7.53
9974,419,10.879999999999999,4,539.8,54.879999999999995,36.26,19.540000000000003,3.25
9975,383,10.81,7,646.15,58.67,44.15,25.01,5.23
9976,476,9.35,5,1007.1,94.27,54.72,45.21,7.63
9977,625,15.530000000000001,5,1010.05,118.42,57.54,34.79,8.200000000000001
9978,465,11.59,7,789.4300000000001,95.28999999999999,49.08,23.03,6.57
9979,643,16.48,10,944.97,100.85,59.48,32.85,7.89
998,918,17.939999999999998,5,1967.1,175.98000000000002,97.91,92.85000000000001,14.61
9980,359,6.05,3,642.5,82.39,31.55,21.4,5.720000000000001
9981,384,9.41,5,584.03,64.24000000000001,34.74,21.06,6.33
9982,367,8.09,8,613.55,67.08,31.75,24.21,6.8999999999999995
9983,378,9.91,5,776.0,65.87,50.34,33.4,4.86
9984,448,13.41,5,661.2,63.620000000000005,51.58,21.849999999999998,5.180000000000001
9985,586,14.49,4,1105.35,132.02,67.61,34.68,9.83
9986,581,9.72,4,802.01,105.09,40.7,23.89,7.68
9987,300,10.25,5,276.21,21.08,27.47,9.15,3.5300000000000002
9988,410,9.53,6,598.39,63.010000000000005,36.84,22.39,5.66
9989,606,10.26,8,998.0,117.60000000000001,49.31,36.0,9.559999999999999
999,401,6.51,5,518.11,66.9,25.09,17.36,6.3
9990,456,10.5,6,604.3299999999999,72.14,39.69,17.06,6.31
9991,639,12.74,7,1063.63,114.93,62.71,39.08,9.870000000000001
9992,383,9.129999999999999,5,556.15,61.21,40.88,16.169999999999998,3.6300000000000003
9993,597,12.01,6,993.4499999999999,116.12,50.12,36.019999999999996,9.08
9994,535,12.64,4,862.21,89.14,54.08,30.32,6.16
9995,285,4.109999999999999,2,573.0,69.3,28.35,20.7,6.0
9996,402,3.71,3,721.6700000000001,103.84,25.130000000000003,22.17,5.42
9997,368,7.71,4,679.56,78.98,36.269999999999996,24.09,8.459999999999999
9998,658,12.37,5,1049.37,129.75,55.69,33.37,7.87
9999,509,10.33,4,1011.5,115.96000000000001,51.97,38.449999999999996,8.09
